
 /----------------------------------------------------------------------------\
 |  yosys -- Yosys Open SYnthesis Suite                                       |
 |  Copyright (C) 2012 - 2026  Claire Xenia Wolf <claire@yosyshq.com>         |
 |  Distributed under an ISC-like license, type "license" to see terms        |
 \----------------------------------------------------------------------------/
 Yosys 0.67+111 (git sha1 4821ed17b-dirty, Release, Clang /usr/bin/clang++ 21.1.8)

-- Running command `verilog_defaults -push; verilog_defaults -add -defer; read_verilog -formal SOC.v cores/bram/bram.v cores/cpu/femtorv32_quark_V2.v cores/uart/perip_uart.v cores/uart/uart.v cores/Encoder/Encoder.v cores/Encoder/perip_Encoder.v cores/Encoder/Control/Control.v cores/Encoder/Cordic/Cordic.v cores/Encoder/Derivador/Derivator.v cores/Encoder/Sampler/Sampler.v; verilog_defaults -pop; attrmap -tocase keep -imap keep="true" keep=1 -imap keep="false" keep=0 -remove keep=0; synth_ecp5 -top SOC; write_json build/SOC_i9.json' --

1. Executing Verilog-2005 frontend: SOC.v
Parsing formal Verilog input from `SOC.v' to AST representation.
Storing AST representation for module `$abstract\SOC'.
Successfully finished Verilog frontend.

2. Executing Verilog-2005 frontend: cores/bram/bram.v
Parsing formal Verilog input from `cores/bram/bram.v' to AST representation.
Storing AST representation for module `$abstract\bram'.
Successfully finished Verilog frontend.

3. Executing Verilog-2005 frontend: cores/cpu/femtorv32_quark_V2.v
Parsing formal Verilog input from `cores/cpu/femtorv32_quark_V2.v' to AST representation.
Storing AST representation for module `$abstract\FemtoRV32'.
Successfully finished Verilog frontend.

4. Executing Verilog-2005 frontend: cores/uart/perip_uart.v
Parsing formal Verilog input from `cores/uart/perip_uart.v' to AST representation.
Storing AST representation for module `$abstract\peripheral_uart'.
Successfully finished Verilog frontend.

5. Executing Verilog-2005 frontend: cores/uart/uart.v
Parsing formal Verilog input from `cores/uart/uart.v' to AST representation.
Storing AST representation for module `$abstract\uart'.
Successfully finished Verilog frontend.

6. Executing Verilog-2005 frontend: cores/Encoder/Encoder.v
Parsing formal Verilog input from `cores/Encoder/Encoder.v' to AST representation.
Storing AST representation for module `$abstract\Encoder'.
Successfully finished Verilog frontend.

7. Executing Verilog-2005 frontend: cores/Encoder/perip_Encoder.v
Parsing formal Verilog input from `cores/Encoder/perip_Encoder.v' to AST representation.
Storing AST representation for module `$abstract\peripheral_Encoder'.
Successfully finished Verilog frontend.

8. Executing Verilog-2005 frontend: cores/Encoder/Control/Control.v
Parsing formal Verilog input from `cores/Encoder/Control/Control.v' to AST representation.
Storing AST representation for module `$abstract\Control'.
Successfully finished Verilog frontend.

9. Executing Verilog-2005 frontend: cores/Encoder/Cordic/Cordic.v
Parsing formal Verilog input from `cores/Encoder/Cordic/Cordic.v' to AST representation.
Storing AST representation for module `$abstract\Cordic'.
Storing AST representation for module `$abstract\Cordic_iteration'.
Storing AST representation for module `$abstract\first_Cordic_iteration'.
Storing AST representation for module `$abstract\escale_magnitude'.
Successfully finished Verilog frontend.

10. Executing Verilog-2005 frontend: cores/Encoder/Derivador/Derivator.v
Parsing formal Verilog input from `cores/Encoder/Derivador/Derivator.v' to AST representation.
Storing AST representation for module `$abstract\Derivator'.
Storing AST representation for module `$abstract\Angular_speed_calc'.
Storing AST representation for module `$abstract\unwrap'.
Successfully finished Verilog frontend.

11. Executing Verilog-2005 frontend: cores/Encoder/Sampler/Sampler.v
Parsing formal Verilog input from `cores/Encoder/Sampler/Sampler.v' to AST representation.
Storing AST representation for module `$abstract\Sampler'.
Successfully finished Verilog frontend.

12. Executing ATTRMAP pass (move or copy attributes).

13. Executing SYNTH_LATTICE pass.

13.1. Executing Verilog-2005 frontend: /home/leonardoa29/Downloads/oss-cad-suite/lib/../share/yosys/lattice/cells_sim_ecp5.v
Parsing Verilog input from `/home/leonardoa29/Downloads/oss-cad-suite/lib/../share/yosys/lattice/cells_sim_ecp5.v' to AST representation.
Generating RTLIL representation for module `\LUT4'.
Generating RTLIL representation for module `\$__ABC9_LUT5'.
Generating RTLIL representation for module `\$__ABC9_LUT6'.
Generating RTLIL representation for module `\$__ABC9_LUT7'.
Generating RTLIL representation for module `\L6MUX21'.
Generating RTLIL representation for module `\TRELLIS_RAM16X2'.
Generating RTLIL representation for module `\PFUMX'.
Generating RTLIL representation for module `\TRELLIS_DPR16X4'.
Generating RTLIL representation for module `\DPR16X4C'.
Generating RTLIL representation for module `\LUT2'.
Generating RTLIL representation for module `\TRELLIS_FF'.
Generating RTLIL representation for module `\TRELLIS_IO'.
Generating RTLIL representation for module `\INV'.
Generating RTLIL representation for module `\TRELLIS_COMB'.
Generating RTLIL representation for module `\VLO'.
Generating RTLIL representation for module `\VHI'.
Generating RTLIL representation for module `\FD1P3AX'.
Generating RTLIL representation for module `\FD1P3AY'.
Generating RTLIL representation for module `\FD1P3BX'.
Generating RTLIL representation for module `\FD1P3DX'.
Generating RTLIL representation for module `\FD1P3IX'.
Generating RTLIL representation for module `\FD1P3JX'.
Generating RTLIL representation for module `\FD1S3AX'.
Generating RTLIL representation for module `\FD1S3AY'.
Generating RTLIL representation for module `\FD1S3BX'.
Generating RTLIL representation for module `\FD1S3DX'.
Generating RTLIL representation for module `\FD1S3IX'.
Generating RTLIL representation for module `\FD1S3JX'.
Generating RTLIL representation for module `\IFS1P3BX'.
Generating RTLIL representation for module `\IFS1P3DX'.
Generating RTLIL representation for module `\IFS1P3IX'.
Generating RTLIL representation for module `\IFS1P3JX'.
Generating RTLIL representation for module `\OFS1P3BX'.
Generating RTLIL representation for module `\OFS1P3DX'.
Generating RTLIL representation for module `\OFS1P3IX'.
Generating RTLIL representation for module `\OFS1P3JX'.
Generating RTLIL representation for module `\IB'.
Generating RTLIL representation for module `\IBPU'.
Generating RTLIL representation for module `\IBPD'.
Generating RTLIL representation for module `\OB'.
Generating RTLIL representation for module `\OBZ'.
Generating RTLIL representation for module `\OBZPU'.
Generating RTLIL representation for module `\OBZPD'.
Generating RTLIL representation for module `\OBCO'.
Generating RTLIL representation for module `\BB'.
Generating RTLIL representation for module `\BBPU'.
Generating RTLIL representation for module `\BBPD'.
Generating RTLIL representation for module `\ILVDS'.
Generating RTLIL representation for module `\OLVDS'.
Generating RTLIL representation for module `\CCU2C'.
Generating RTLIL representation for module `\DP16KD'.
Replacing existing blackbox module `\FD1P3AX' at cells_ff.vh:2.1-2.261.
Generating RTLIL representation for module `\FD1P3AX'.
Replacing existing blackbox module `\FD1P3AY' at cells_ff.vh:3.1-3.261.
Generating RTLIL representation for module `\FD1P3AY'.
Replacing existing blackbox module `\FD1P3BX' at cells_ff.vh:4.1-4.261.
Generating RTLIL representation for module `\FD1P3BX'.
Replacing existing blackbox module `\FD1P3DX' at cells_ff.vh:5.1-5.261.
Generating RTLIL representation for module `\FD1P3DX'.
Replacing existing blackbox module `\FD1P3IX' at cells_ff.vh:6.1-6.261.
Generating RTLIL representation for module `\FD1P3IX'.
Replacing existing blackbox module `\FD1P3JX' at cells_ff.vh:7.1-7.261.
Generating RTLIL representation for module `\FD1P3JX'.
Replacing existing blackbox module `\FD1S3AX' at cells_ff.vh:8.1-8.261.
Generating RTLIL representation for module `\FD1S3AX'.
Replacing existing blackbox module `\FD1S3AY' at cells_ff.vh:9.1-9.261.
Generating RTLIL representation for module `\FD1S3AY'.
Replacing existing blackbox module `\FD1S3BX' at cells_ff.vh:10.1-10.261.
Generating RTLIL representation for module `\FD1S3BX'.
Replacing existing blackbox module `\FD1S3DX' at cells_ff.vh:11.1-11.261.
Generating RTLIL representation for module `\FD1S3DX'.
Replacing existing blackbox module `\FD1S3IX' at cells_ff.vh:12.1-12.261.
Generating RTLIL representation for module `\FD1S3IX'.
Replacing existing blackbox module `\FD1S3JX' at cells_ff.vh:13.1-13.261.
Generating RTLIL representation for module `\FD1S3JX'.
Replacing existing blackbox module `\IFS1P3BX' at cells_ff.vh:26.1-26.301.
Generating RTLIL representation for module `\IFS1P3BX'.
Replacing existing blackbox module `\IFS1P3DX' at cells_ff.vh:27.1-27.301.
Generating RTLIL representation for module `\IFS1P3DX'.
Replacing existing blackbox module `\IFS1P3IX' at cells_ff.vh:28.1-28.301.
Generating RTLIL representation for module `\IFS1P3IX'.
Replacing existing blackbox module `\IFS1P3JX' at cells_ff.vh:29.1-29.301.
Generating RTLIL representation for module `\IFS1P3JX'.
Replacing existing blackbox module `\OFS1P3BX' at cells_ff.vh:31.1-31.302.
Generating RTLIL representation for module `\OFS1P3BX'.
Replacing existing blackbox module `\OFS1P3DX' at cells_ff.vh:32.1-32.302.
Generating RTLIL representation for module `\OFS1P3DX'.
Replacing existing blackbox module `\OFS1P3IX' at cells_ff.vh:33.1-33.302.
Generating RTLIL representation for module `\OFS1P3IX'.
Replacing existing blackbox module `\OFS1P3JX' at cells_ff.vh:34.1-34.302.
Generating RTLIL representation for module `\OFS1P3JX'.
Replacing existing blackbox module `\IB' at cells_io.vh:2.1-2.132.
Generating RTLIL representation for module `\IB'.
Replacing existing blackbox module `\IBPU' at cells_io.vh:3.1-3.132.
Generating RTLIL representation for module `\IBPU'.
Replacing existing blackbox module `\IBPD' at cells_io.vh:4.1-4.132.
Generating RTLIL representation for module `\IBPD'.
Replacing existing blackbox module `\OB' at cells_io.vh:5.1-5.132.
Generating RTLIL representation for module `\OB'.
Replacing existing blackbox module `\OBZ' at cells_io.vh:6.1-6.139.
Generating RTLIL representation for module `\OBZ'.
Replacing existing blackbox module `\OBZPU' at cells_io.vh:7.1-7.139.
Generating RTLIL representation for module `\OBZPU'.
Replacing existing blackbox module `\OBZPD' at cells_io.vh:8.1-8.139.
Generating RTLIL representation for module `\OBZPD'.
Replacing existing blackbox module `\OBCO' at cells_io.vh:9.1-9.90.
Generating RTLIL representation for module `\OBCO'.
Replacing existing blackbox module `\BB' at cells_io.vh:10.1-10.154.
Generating RTLIL representation for module `\BB'.
Replacing existing blackbox module `\BBPU' at cells_io.vh:11.1-11.154.
Generating RTLIL representation for module `\BBPU'.
Replacing existing blackbox module `\BBPD' at cells_io.vh:12.1-12.154.
Generating RTLIL representation for module `\BBPD'.
Replacing existing blackbox module `\ILVDS' at cells_io.vh:13.1-13.114.
Generating RTLIL representation for module `\ILVDS'.
Replacing existing blackbox module `\OLVDS' at cells_io.vh:14.1-14.114.
Generating RTLIL representation for module `\OLVDS'.
Successfully finished Verilog frontend.

13.2. Executing Verilog-2005 frontend: /home/leonardoa29/Downloads/oss-cad-suite/lib/../share/yosys/lattice/cells_bb_ecp5.v
Parsing Verilog input from `/home/leonardoa29/Downloads/oss-cad-suite/lib/../share/yosys/lattice/cells_bb_ecp5.v' to AST representation.
Generating RTLIL representation for module `\GSR'.
Generating RTLIL representation for module `\PUR'.
Generating RTLIL representation for module `\SGSR'.
Generating RTLIL representation for module `\PDPW16KD'.
Generating RTLIL representation for module `\MULT18X18D'.
Generating RTLIL representation for module `\ALU54B'.
Generating RTLIL representation for module `\CLKDIVF'.
Generating RTLIL representation for module `\PCSCLKDIV'.
Generating RTLIL representation for module `\DCSC'.
Generating RTLIL representation for module `\DCCA'.
Generating RTLIL representation for module `\ECLKSYNCB'.
Generating RTLIL representation for module `\ECLKBRIDGECS'.
Generating RTLIL representation for module `\DELAYF'.
Generating RTLIL representation for module `\DELAYG'.
Generating RTLIL representation for module `\USRMCLK'.
Generating RTLIL representation for module `\DQSBUFM'.
Generating RTLIL representation for module `\DDRDLLA'.
Generating RTLIL representation for module `\DLLDELD'.
Generating RTLIL representation for module `\IDDRX1F'.
Generating RTLIL representation for module `\IDDRX2F'.
Generating RTLIL representation for module `\IDDR71B'.
Generating RTLIL representation for module `\IDDRX2DQA'.
Generating RTLIL representation for module `\ODDRX1F'.
Generating RTLIL representation for module `\ODDRX2F'.
Generating RTLIL representation for module `\ODDR71B'.
Generating RTLIL representation for module `\OSHX2A'.
Generating RTLIL representation for module `\TSHX2DQA'.
Generating RTLIL representation for module `\TSHX2DQSA'.
Generating RTLIL representation for module `\ODDRX2DQA'.
Generating RTLIL representation for module `\ODDRX2DQSB'.
Generating RTLIL representation for module `\EHXPLLL'.
Generating RTLIL representation for module `\DTR'.
Generating RTLIL representation for module `\OSCG'.
Generating RTLIL representation for module `\EXTREFB'.
Generating RTLIL representation for module `\JTAGG'.
Generating RTLIL representation for module `\DCUA'.
Successfully finished Verilog frontend.

13.3. Executing HIERARCHY pass (managing design hierarchy).

13.4. Executing AST frontend in derive mode using pre-parsed AST for module `\SOC'.
Generating RTLIL representation for module `\SOC'.

13.4.1. Analyzing design hierarchy..
Top module:  \SOC

13.4.2. Executing AST frontend in derive mode using pre-parsed AST for module `\peripheral_Encoder'.
Generating RTLIL representation for module `\peripheral_Encoder'.
Parameter \clk_freq = 26000000
Parameter \baud = 115200

13.4.3. Executing AST frontend in derive mode using pre-parsed AST for module `\peripheral_uart'.
Parameter \clk_freq = 26000000
Parameter \baud = 115200
Generating RTLIL representation for module `$paramod$e6d04b969bf2e003005da0092106b7e60df8a87d\peripheral_uart'.

13.4.4. Executing AST frontend in derive mode using pre-parsed AST for module `\bram'.
Generating RTLIL representation for module `\bram'.

13.4.5. Executing AST frontend in derive mode using pre-parsed AST for module `\FemtoRV32'.
Generating RTLIL representation for module `\FemtoRV32'.

13.4.6. Analyzing design hierarchy..
Top module:  \SOC
Used module:     \peripheral_Encoder
Used module:     $paramod$e6d04b969bf2e003005da0092106b7e60df8a87d\peripheral_uart
Used module:     \bram
Used module:     \FemtoRV32

13.4.7. Executing AST frontend in derive mode using pre-parsed AST for module `\Encoder'.
Generating RTLIL representation for module `\Encoder'.
cores/Encoder/Encoder.v:49: Warning: Identifier `\clk_adc' is implicitly declared.
Parameter \freq_hz = 26000000
Parameter \baud = 115200

13.4.8. Executing AST frontend in derive mode using pre-parsed AST for module `\uart'.
Parameter \freq_hz = 26000000
Parameter \baud = 115200
Generating RTLIL representation for module `$paramod$3e616a0e06e4648ce82d4c7cdb2269fbdad4d203\uart'.

13.4.9. Analyzing design hierarchy..
Top module:  \SOC
Used module:     \peripheral_Encoder
Used module:         \Encoder
Used module:     $paramod$e6d04b969bf2e003005da0092106b7e60df8a87d\peripheral_uart
Used module:         $paramod$3e616a0e06e4648ce82d4c7cdb2269fbdad4d203\uart
Used module:     \bram
Used module:     \FemtoRV32

13.4.10. Executing AST frontend in derive mode using pre-parsed AST for module `\Sampler'.
Generating RTLIL representation for module `\Sampler'.

13.4.11. Executing AST frontend in derive mode using pre-parsed AST for module `\Control'.
Generating RTLIL representation for module `\Control'.

13.4.12. Executing AST frontend in derive mode using pre-parsed AST for module `\Derivator'.
Generating RTLIL representation for module `\Derivator'.

13.4.13. Executing AST frontend in derive mode using pre-parsed AST for module `\Cordic'.
Generating RTLIL representation for module `\Cordic'.

13.4.14. Analyzing design hierarchy..
Top module:  \SOC
Used module:     \peripheral_Encoder
Used module:         \Encoder
Used module:             \Sampler
Used module:             \Control
Used module:             \Derivator
Used module:             \Cordic
Used module:     $paramod$e6d04b969bf2e003005da0092106b7e60df8a87d\peripheral_uart
Used module:         $paramod$3e616a0e06e4648ce82d4c7cdb2269fbdad4d203\uart
Used module:     \bram
Used module:     \FemtoRV32

13.4.15. Executing AST frontend in derive mode using pre-parsed AST for module `\escale_magnitude'.
Generating RTLIL representation for module `\escale_magnitude'.
Parameter \tan_value = 12'000000000001
Parameter \N_iteration = 9

13.4.16. Executing AST frontend in derive mode using pre-parsed AST for module `\Cordic_iteration'.
Parameter \tan_value = 12'000000000001
Parameter \N_iteration = 9
Generating RTLIL representation for module `$paramod$32835f46e10bf028ecbb74d89b68287a79f3d5c0\Cordic_iteration'.
Parameter \tan_value = 12'000000000010
Parameter \N_iteration = 8

13.4.17. Executing AST frontend in derive mode using pre-parsed AST for module `\Cordic_iteration'.
Parameter \tan_value = 12'000000000010
Parameter \N_iteration = 8
Generating RTLIL representation for module `$paramod$46541639c9f0760b5073c13506a5a2164b7caf45\Cordic_iteration'.
Parameter \tan_value = 12'000000000100
Parameter \N_iteration = 7

13.4.18. Executing AST frontend in derive mode using pre-parsed AST for module `\Cordic_iteration'.
Parameter \tan_value = 12'000000000100
Parameter \N_iteration = 7
Generating RTLIL representation for module `$paramod$9df73fc2f316a73a40adc2c1613c15890da18a9f\Cordic_iteration'.
Parameter \tan_value = 12'000000000111
Parameter \N_iteration = 6

13.4.19. Executing AST frontend in derive mode using pre-parsed AST for module `\Cordic_iteration'.
Parameter \tan_value = 12'000000000111
Parameter \N_iteration = 6
Generating RTLIL representation for module `$paramod$f0e02e5c1bda642b318e418e605a3778196c8835\Cordic_iteration'.
Parameter \tan_value = 12'000000001110
Parameter \N_iteration = 5

13.4.20. Executing AST frontend in derive mode using pre-parsed AST for module `\Cordic_iteration'.
Parameter \tan_value = 12'000000001110
Parameter \N_iteration = 5
Generating RTLIL representation for module `$paramod$b86dd94fab75ce8223615dfbc1f9891d43dc0948\Cordic_iteration'.
Parameter \tan_value = 12'000000011101
Parameter \N_iteration = 4

13.4.21. Executing AST frontend in derive mode using pre-parsed AST for module `\Cordic_iteration'.
Parameter \tan_value = 12'000000011101
Parameter \N_iteration = 4
Generating RTLIL representation for module `$paramod$4dd87f7da0c59bf6dc17c485889418c7718fac44\Cordic_iteration'.
Parameter \tan_value = 12'000000111001
Parameter \N_iteration = 3

13.4.22. Executing AST frontend in derive mode using pre-parsed AST for module `\Cordic_iteration'.
Parameter \tan_value = 12'000000111001
Parameter \N_iteration = 3
Generating RTLIL representation for module `$paramod$b56bc5d7be092e81119cbcb20114e0ea037752d2\Cordic_iteration'.
Parameter \tan_value = 12'000001110000
Parameter \N_iteration = 2

13.4.23. Executing AST frontend in derive mode using pre-parsed AST for module `\Cordic_iteration'.
Parameter \tan_value = 12'000001110000
Parameter \N_iteration = 2
Generating RTLIL representation for module `$paramod$0446fdd797e627022e549d3ad5e8c6a77f844e5f\Cordic_iteration'.
Parameter \tan_value = 12'000011010101
Parameter \N_iteration = 1

13.4.24. Executing AST frontend in derive mode using pre-parsed AST for module `\Cordic_iteration'.
Parameter \tan_value = 12'000011010101
Parameter \N_iteration = 1
Generating RTLIL representation for module `$paramod$49027eaa83d720b3275365365dcbb78725bc51b7\Cordic_iteration'.
Parameter \tan_value = 12'000101101000
Parameter \N_iteration = 0

13.4.25. Executing AST frontend in derive mode using pre-parsed AST for module `\Cordic_iteration'.
Parameter \tan_value = 12'000101101000
Parameter \N_iteration = 0
Generating RTLIL representation for module `$paramod$04616e89781cd6db49957a5f99b515d8f685856b\Cordic_iteration'.

13.4.26. Executing AST frontend in derive mode using pre-parsed AST for module `\first_Cordic_iteration'.
Generating RTLIL representation for module `\first_Cordic_iteration'.

13.4.27. Executing AST frontend in derive mode using pre-parsed AST for module `\unwrap'.
Generating RTLIL representation for module `\unwrap'.

13.4.28. Executing AST frontend in derive mode using pre-parsed AST for module `\Angular_speed_calc'.
Generating RTLIL representation for module `\Angular_speed_calc'.

13.4.29. Analyzing design hierarchy..
Top module:  \SOC
Used module:     \peripheral_Encoder
Used module:         \Encoder
Used module:             \Sampler
Used module:             \Control
Used module:             \Derivator
Used module:                 \unwrap
Used module:                 \Angular_speed_calc
Used module:             \Cordic
Used module:                 \escale_magnitude
Used module:                 $paramod$32835f46e10bf028ecbb74d89b68287a79f3d5c0\Cordic_iteration
Used module:                 $paramod$46541639c9f0760b5073c13506a5a2164b7caf45\Cordic_iteration
Used module:                 $paramod$9df73fc2f316a73a40adc2c1613c15890da18a9f\Cordic_iteration
Used module:                 $paramod$f0e02e5c1bda642b318e418e605a3778196c8835\Cordic_iteration
Used module:                 $paramod$b86dd94fab75ce8223615dfbc1f9891d43dc0948\Cordic_iteration
Used module:                 $paramod$4dd87f7da0c59bf6dc17c485889418c7718fac44\Cordic_iteration
Used module:                 $paramod$b56bc5d7be092e81119cbcb20114e0ea037752d2\Cordic_iteration
Used module:                 $paramod$0446fdd797e627022e549d3ad5e8c6a77f844e5f\Cordic_iteration
Used module:                 $paramod$49027eaa83d720b3275365365dcbb78725bc51b7\Cordic_iteration
Used module:                 $paramod$04616e89781cd6db49957a5f99b515d8f685856b\Cordic_iteration
Used module:                 \first_Cordic_iteration
Used module:     $paramod$e6d04b969bf2e003005da0092106b7e60df8a87d\peripheral_uart
Used module:         $paramod$3e616a0e06e4648ce82d4c7cdb2269fbdad4d203\uart
Used module:     \bram
Used module:     \FemtoRV32

13.4.30. Analyzing design hierarchy..
Top module:  \SOC
Used module:     \peripheral_Encoder
Used module:         \Encoder
Used module:             \Sampler
Used module:             \Control
Used module:             \Derivator
Used module:                 \unwrap
Used module:                 \Angular_speed_calc
Used module:             \Cordic
Used module:                 \escale_magnitude
Used module:                 $paramod$32835f46e10bf028ecbb74d89b68287a79f3d5c0\Cordic_iteration
Used module:                 $paramod$46541639c9f0760b5073c13506a5a2164b7caf45\Cordic_iteration
Used module:                 $paramod$9df73fc2f316a73a40adc2c1613c15890da18a9f\Cordic_iteration
Used module:                 $paramod$f0e02e5c1bda642b318e418e605a3778196c8835\Cordic_iteration
Used module:                 $paramod$b86dd94fab75ce8223615dfbc1f9891d43dc0948\Cordic_iteration
Used module:                 $paramod$4dd87f7da0c59bf6dc17c485889418c7718fac44\Cordic_iteration
Used module:                 $paramod$b56bc5d7be092e81119cbcb20114e0ea037752d2\Cordic_iteration
Used module:                 $paramod$0446fdd797e627022e549d3ad5e8c6a77f844e5f\Cordic_iteration
Used module:                 $paramod$49027eaa83d720b3275365365dcbb78725bc51b7\Cordic_iteration
Used module:                 $paramod$04616e89781cd6db49957a5f99b515d8f685856b\Cordic_iteration
Used module:                 \first_Cordic_iteration
Used module:     $paramod$e6d04b969bf2e003005da0092106b7e60df8a87d\peripheral_uart
Used module:         $paramod$3e616a0e06e4648ce82d4c7cdb2269fbdad4d203\uart
Used module:     \bram
Used module:     \FemtoRV32
Removing unused module `$abstract\Sampler'.
Removing unused module `$abstract\unwrap'.
Removing unused module `$abstract\Angular_speed_calc'.
Removing unused module `$abstract\Derivator'.
Removing unused module `$abstract\escale_magnitude'.
Removing unused module `$abstract\first_Cordic_iteration'.
Removing unused module `$abstract\Cordic_iteration'.
Removing unused module `$abstract\Cordic'.
Removing unused module `$abstract\Control'.
Removing unused module `$abstract\peripheral_Encoder'.
Removing unused module `$abstract\Encoder'.
Removing unused module `$abstract\uart'.
Removing unused module `$abstract\peripheral_uart'.
Removing unused module `$abstract\FemtoRV32'.
Removing unused module `$abstract\bram'.
Removing unused module `$abstract\SOC'.
Removed 16 unused modules.
Warning: Resizing cell port SOC.Enc0.addr from 5 bits to 7 bits.
Warning: Resizing cell port SOC.Enc0.d_in from 1 bits to 32 bits.

13.5. Executing PROC pass (convert processes to netlists).

13.5.1. Executing PROC_CLEAN pass (remove empty switches from decision trees).
Removing empty process `bram.$proc$cores/bram/bram.v:14$288'.
Cleaned up 0 empty switches.

13.5.2. Executing PROC_RMDEAD pass (remove dead branches from decision trees).
Marked 1 switch rules as full_case in process $proc$cores/Encoder/Control/Control.v:40$474 in module Control.
Marked 3 switch rules as full_case in process $proc$cores/Encoder/Control/Control.v:15$473 in module Control.
Marked 1 switch rules as full_case in process $proc$cores/Encoder/Sampler/Sampler.v:59$472 in module Sampler.
Marked 3 switch rules as full_case in process $proc$cores/Encoder/Sampler/Sampler.v:18$470 in module Sampler.
Marked 4 switch rules as full_case in process $proc$cores/uart/uart.v:122$460 in module $paramod$3e616a0e06e4648ce82d4c7cdb2269fbdad4d203\uart.
Marked 5 switch rules as full_case in process $proc$cores/uart/uart.v:66$452 in module $paramod$3e616a0e06e4648ce82d4c7cdb2269fbdad4d203\uart.
Marked 1 switch rules as full_case in process $proc$cores/uart/uart.v:34$448 in module $paramod$3e616a0e06e4648ce82d4c7cdb2269fbdad4d203\uart.
Marked 2 switch rules as full_case in process $proc$cores/Encoder/Encoder.v:68$443 in module Encoder.
Marked 1 switch rules as full_case in process $proc$cores/cpu/femtorv32_quark_V2.v:290$437 in module FemtoRV32.
Marked 2 switch rules as full_case in process $proc$cores/cpu/femtorv32_quark_V2.v:249$424 in module FemtoRV32.
Marked 1 switch rules as full_case in process $proc$cores/cpu/femtorv32_quark_V2.v:188$387 in module FemtoRV32.
Marked 3 switch rules as full_case in process $proc$cores/cpu/femtorv32_quark_V2.v:179$370 in module FemtoRV32.
Marked 4 switch rules as full_case in process $proc$cores/bram/bram.v:20$261 in module bram.
Marked 1 switch rules as full_case in process $proc$cores/uart/perip_uart.v:45$253 in module $paramod$e6d04b969bf2e003005da0092106b7e60df8a87d\peripheral_uart.
Marked 1 switch rules as full_case in process $proc$cores/uart/perip_uart.v:29$245 in module $paramod$e6d04b969bf2e003005da0092106b7e60df8a87d\peripheral_uart.
Marked 1 switch rules as full_case in process $proc$cores/Encoder/perip_Encoder.v:77$244 in module peripheral_Encoder.
Marked 1 switch rules as full_case in process $proc$cores/Encoder/perip_Encoder.v:59$233 in module peripheral_Encoder.
Marked 1 switch rules as full_case in process $proc$SOC.v:284$232 in module SOC.
Marked 1 switch rules as full_case in process $proc$SOC.v:268$231 in module SOC.
Marked 1 switch rules as full_case in process $proc$cores/Encoder/Derivador/Derivator.v:62$643 in module Angular_speed_calc.
Marked 4 switch rules as full_case in process $proc$cores/Encoder/Derivador/Derivator.v:117$640 in module unwrap.
Marked 4 switch rules as full_case in process $proc$cores/Encoder/Cordic/Cordic.v:328$631 in module first_Cordic_iteration.
Marked 3 switch rules as full_case in process $proc$cores/Encoder/Cordic/Cordic.v:279$612 in module $paramod$04616e89781cd6db49957a5f99b515d8f685856b\Cordic_iteration.
Marked 3 switch rules as full_case in process $proc$cores/Encoder/Cordic/Cordic.v:279$597 in module $paramod$49027eaa83d720b3275365365dcbb78725bc51b7\Cordic_iteration.
Marked 3 switch rules as full_case in process $proc$cores/Encoder/Cordic/Cordic.v:279$582 in module $paramod$0446fdd797e627022e549d3ad5e8c6a77f844e5f\Cordic_iteration.
Marked 3 switch rules as full_case in process $proc$cores/Encoder/Cordic/Cordic.v:279$567 in module $paramod$b56bc5d7be092e81119cbcb20114e0ea037752d2\Cordic_iteration.
Marked 3 switch rules as full_case in process $proc$cores/Encoder/Cordic/Cordic.v:279$552 in module $paramod$4dd87f7da0c59bf6dc17c485889418c7718fac44\Cordic_iteration.
Marked 3 switch rules as full_case in process $proc$cores/Encoder/Cordic/Cordic.v:279$537 in module $paramod$b86dd94fab75ce8223615dfbc1f9891d43dc0948\Cordic_iteration.
Marked 3 switch rules as full_case in process $proc$cores/Encoder/Cordic/Cordic.v:279$522 in module $paramod$f0e02e5c1bda642b318e418e605a3778196c8835\Cordic_iteration.
Marked 3 switch rules as full_case in process $proc$cores/Encoder/Cordic/Cordic.v:279$507 in module $paramod$9df73fc2f316a73a40adc2c1613c15890da18a9f\Cordic_iteration.
Marked 3 switch rules as full_case in process $proc$cores/Encoder/Cordic/Cordic.v:279$492 in module $paramod$46541639c9f0760b5073c13506a5a2164b7caf45\Cordic_iteration.
Marked 3 switch rules as full_case in process $proc$cores/Encoder/Cordic/Cordic.v:279$477 in module $paramod$32835f46e10bf028ecbb74d89b68287a79f3d5c0\Cordic_iteration.
Removed a total of 0 dead cases.

13.5.3. Executing PROC_PRUNE pass (remove redundant assignments in processes).
Removed 5 redundant assignments.
Promoted 51 assignments to connections.

13.5.4. Executing PROC_INIT pass (extract init attributes).
Found init rule in `\FemtoRV32.$proc$cores/cpu/femtorv32_quark_V2.v:298$441'.
  Set init value: \cycles = 0
  Set init value: \aluShamt = 5'00000
Found init rule in `$paramod$e6d04b969bf2e003005da0092106b7e60df8a87d\peripheral_uart.$proc$cores/uart/perip_uart.v:21$256'.
  Set init value: \uart_ctrl = 8'00000000
Found init rule in `$paramod$e6d04b969bf2e003005da0092106b7e60df8a87d\peripheral_uart.$proc$cores/uart/perip_uart.v:20$255'.
  Set init value: \d_in_uart = 8'00000000
Found init rule in `$paramod$e6d04b969bf2e003005da0092106b7e60df8a87d\peripheral_uart.$proc$cores/uart/perip_uart.v:15$254'.
  Set init value: \ledout = 1'0

13.5.5. Executing PROC_ARST pass (detect async resets in processes).
Found async reset \reset in `\Control.$proc$cores/Encoder/Control/Control.v:15$473'.
Found async reset \reset in `\Sampler.$proc$cores/Encoder/Sampler/Sampler.v:18$470'.
Found async reset \reset in `\Encoder.$proc$cores/Encoder/Encoder.v:68$443'.
Found async reset \reset in `\Angular_speed_calc.$proc$cores/Encoder/Derivador/Derivator.v:62$643'.
Found async reset \reset in `\unwrap.$proc$cores/Encoder/Derivador/Derivator.v:117$640'.
Found async reset \reset in `\first_Cordic_iteration.$proc$cores/Encoder/Cordic/Cordic.v:328$631'.
Found async reset \reset in `$paramod$04616e89781cd6db49957a5f99b515d8f685856b\Cordic_iteration.$proc$cores/Encoder/Cordic/Cordic.v:279$612'.
Found async reset \reset in `$paramod$49027eaa83d720b3275365365dcbb78725bc51b7\Cordic_iteration.$proc$cores/Encoder/Cordic/Cordic.v:279$597'.
Found async reset \reset in `$paramod$0446fdd797e627022e549d3ad5e8c6a77f844e5f\Cordic_iteration.$proc$cores/Encoder/Cordic/Cordic.v:279$582'.
Found async reset \reset in `$paramod$b56bc5d7be092e81119cbcb20114e0ea037752d2\Cordic_iteration.$proc$cores/Encoder/Cordic/Cordic.v:279$567'.
Found async reset \reset in `$paramod$4dd87f7da0c59bf6dc17c485889418c7718fac44\Cordic_iteration.$proc$cores/Encoder/Cordic/Cordic.v:279$552'.
Found async reset \reset in `$paramod$b86dd94fab75ce8223615dfbc1f9891d43dc0948\Cordic_iteration.$proc$cores/Encoder/Cordic/Cordic.v:279$537'.
Found async reset \reset in `$paramod$f0e02e5c1bda642b318e418e605a3778196c8835\Cordic_iteration.$proc$cores/Encoder/Cordic/Cordic.v:279$522'.
Found async reset \reset in `$paramod$9df73fc2f316a73a40adc2c1613c15890da18a9f\Cordic_iteration.$proc$cores/Encoder/Cordic/Cordic.v:279$507'.
Found async reset \reset in `$paramod$46541639c9f0760b5073c13506a5a2164b7caf45\Cordic_iteration.$proc$cores/Encoder/Cordic/Cordic.v:279$492'.
Found async reset \reset in `$paramod$32835f46e10bf028ecbb74d89b68287a79f3d5c0\Cordic_iteration.$proc$cores/Encoder/Cordic/Cordic.v:279$477'.

13.5.6. Executing PROC_ROM pass (convert switches to ROMs).
Converted 0 switches.
<suppressed ~90 debug messages>

13.5.7. Executing PROC_MUX pass (convert decision trees to multiplexers).
Creating decoders for process `\Control.$proc$cores/Encoder/Control/Control.v:40$474'.
     1/2: $1\sh[0:0]
     2/2: $1\calc[0:0]
Creating decoders for process `\Control.$proc$cores/Encoder/Control/Control.v:15$473'.
     1/2: $0\clk_adc[0:0]
     2/2: $0\state[1:0]
Creating decoders for process `\Sampler.$proc$cores/Encoder/Sampler/Sampler.v:59$472'.
     1/1: $1\done[0:0]
Creating decoders for process `\Sampler.$proc$cores/Encoder/Sampler/Sampler.v:18$470'.
     1/5: $0\init_ff2[0:0]
     2/5: $0\init_ff1[0:0]
     3/5: $0\state[1:0]
     4/5: $0\Speed_out[15:0]
     5/5: $0\angle_out[13:0]
Creating decoders for process `$paramod$3e616a0e06e4648ce82d4c7cdb2269fbdad4d203\uart.$proc$cores/uart/uart.v:122$460'.
     1/5: $0\txd_reg[7:0]
     2/5: $0\tx_count16[3:0]
     3/5: $0\tx_bitcount[3:0]
     4/5: $0\uart_txd[0:0]
     5/5: $0\tx_busy[0:0]
Creating decoders for process `$paramod$3e616a0e06e4648ce82d4c7cdb2269fbdad4d203\uart.$proc$cores/uart/uart.v:66$452'.
     1/7: $0\rxd_reg[7:0]
     2/7: $0\rx_bitcount[3:0]
     3/7: $0\rx_count16[3:0]
     4/7: $0\rx_busy[0:0]
     5/7: $0\rx_avail[0:0]
     6/7: $0\rx_error[0:0]
     7/7: $0\rx_data[7:0]
Creating decoders for process `$paramod$3e616a0e06e4648ce82d4c7cdb2269fbdad4d203\uart.$proc$cores/uart/uart.v:52$451'.
Creating decoders for process `$paramod$3e616a0e06e4648ce82d4c7cdb2269fbdad4d203\uart.$proc$cores/uart/uart.v:34$448'.
     1/1: $0\enable16_counter[15:0]
Creating decoders for process `\Encoder.$proc$cores/Encoder/Encoder.v:68$443'.
     1/4: $2\Cnt_div[7:0]
     2/4: $2\clk_div[0:0]
     3/4: $1\Cnt_div[7:0]
     4/4: $1\clk_div[0:0]
Creating decoders for process `\FemtoRV32.$proc$cores/cpu/femtorv32_quark_V2.v:298$441'.
Creating decoders for process `\FemtoRV32.$proc$cores/cpu/femtorv32_quark_V2.v:290$437'.
     1/1: $0\cycles[31:0]
Creating decoders for process `\FemtoRV32.$proc$cores/cpu/femtorv32_quark_V2.v:249$424'.
     1/5: $0\rs2[31:0]
     2/5: $0\rs1[31:0]
     3/5: $0\state[3:0]
     4/5: $0\instr[29:0]
     5/5: $0\PC[23:0]
Creating decoders for process `\FemtoRV32.$proc$cores/cpu/femtorv32_quark_V2.v:188$387'.
     1/2: $0\aluShamt[4:0]
     2/2: $0\aluReg[31:0]
Creating decoders for process `\FemtoRV32.$proc$cores/cpu/femtorv32_quark_V2.v:179$370'.
     1/10: $3$memwr$\registerFile$cores/cpu/femtorv32_quark_V2.v:185$290_EN[31:0]$386
     2/10: $3$memwr$\registerFile$cores/cpu/femtorv32_quark_V2.v:185$290_DATA[31:0]$385
     3/10: $3$memwr$\registerFile$cores/cpu/femtorv32_quark_V2.v:185$290_ADDR[4:0]$384
     4/10: $2$memwr$\registerFile$cores/cpu/femtorv32_quark_V2.v:185$290_EN[31:0]$382
     5/10: $2$memwr$\registerFile$cores/cpu/femtorv32_quark_V2.v:185$290_DATA[31:0]$381
     6/10: $2$memwr$\registerFile$cores/cpu/femtorv32_quark_V2.v:185$290_ADDR[4:0]$380
     7/10: $1$memwr$\registerFile$cores/cpu/femtorv32_quark_V2.v:181$289_EN[31:0]$376
     8/10: $1$memwr$\registerFile$cores/cpu/femtorv32_quark_V2.v:185$290_EN[31:0]$379
     9/10: $1$memwr$\registerFile$cores/cpu/femtorv32_quark_V2.v:185$290_DATA[31:0]$378
    10/10: $1$memwr$\registerFile$cores/cpu/femtorv32_quark_V2.v:185$290_ADDR[4:0]$377
Creating decoders for process `\bram.$proc$cores/bram/bram.v:20$261'.
     1/13: $1$memwr$\MEM$cores/bram/bram.v:27$260_EN[31:0]$286
     2/13: $1$memwr$\MEM$cores/bram/bram.v:27$260_DATA[31:0]$285
     3/13: $1$memwr$\MEM$cores/bram/bram.v:27$260_ADDR[29:0]$284
     4/13: $1$memwr$\MEM$cores/bram/bram.v:26$259_EN[31:0]$283
     5/13: $1$memwr$\MEM$cores/bram/bram.v:26$259_DATA[31:0]$282
     6/13: $1$memwr$\MEM$cores/bram/bram.v:26$259_ADDR[29:0]$281
     7/13: $1$memwr$\MEM$cores/bram/bram.v:25$258_EN[31:0]$280
     8/13: $1$memwr$\MEM$cores/bram/bram.v:25$258_DATA[31:0]$279
     9/13: $1$memwr$\MEM$cores/bram/bram.v:25$258_ADDR[29:0]$278
    10/13: $1$memwr$\MEM$cores/bram/bram.v:24$257_EN[31:0]$277
    11/13: $1$memwr$\MEM$cores/bram/bram.v:24$257_DATA[31:0]$276
    12/13: $1$memwr$\MEM$cores/bram/bram.v:24$257_ADDR[29:0]$275
    13/13: $0\mem_rdata[31:0]
Creating decoders for process `$paramod$e6d04b969bf2e003005da0092106b7e60df8a87d\peripheral_uart.$proc$cores/uart/perip_uart.v:21$256'.
Creating decoders for process `$paramod$e6d04b969bf2e003005da0092106b7e60df8a87d\peripheral_uart.$proc$cores/uart/perip_uart.v:20$255'.
Creating decoders for process `$paramod$e6d04b969bf2e003005da0092106b7e60df8a87d\peripheral_uart.$proc$cores/uart/perip_uart.v:15$254'.
Creating decoders for process `$paramod$e6d04b969bf2e003005da0092106b7e60df8a87d\peripheral_uart.$proc$cores/uart/perip_uart.v:45$253'.
     1/1: $1\d_out[31:0]
Creating decoders for process `$paramod$e6d04b969bf2e003005da0092106b7e60df8a87d\peripheral_uart.$proc$cores/uart/perip_uart.v:38$248'.
Creating decoders for process `$paramod$e6d04b969bf2e003005da0092106b7e60df8a87d\peripheral_uart.$proc$cores/uart/perip_uart.v:29$245'.
     1/1: $1\s[1:0]
Creating decoders for process `\peripheral_Encoder.$proc$cores/Encoder/perip_Encoder.v:77$244'.
     1/1: $0\d_out[31:0]
Creating decoders for process `\peripheral_Encoder.$proc$cores/Encoder/perip_Encoder.v:71$239'.
Creating decoders for process `\peripheral_Encoder.$proc$cores/Encoder/perip_Encoder.v:59$233'.
     1/1: $1\s[4:0]
Creating decoders for process `\SOC.$proc$SOC.v:284$232'.
     1/1: $1\mem_rdata[31:0]
Creating decoders for process `\SOC.$proc$SOC.v:268$231'.
     1/1: $1\cs[8:0]
Creating decoders for process `\Angular_speed_calc.$proc$cores/Encoder/Derivador/Derivator.v:62$643'.
     1/4: $0\diff2[15:0]
     2/4: $0\diff1[15:0]
     3/4: $0\Speed_out_reg[15:0]
     4/4: $0\Speed_out[15:0]
Creating decoders for process `\unwrap.$proc$cores/Encoder/Derivador/Derivator.v:117$640'.
     1/6: $0\angle_reg5[13:0]
     2/6: $0\angle_reg4[13:0]
     3/6: $0\angle_reg3[13:0]
     4/6: $0\angle_reg2[13:0]
     5/6: $0\angle_reg1[13:0]
     6/6: $0\offset[13:0]
Creating decoders for process `\first_Cordic_iteration.$proc$cores/Encoder/Cordic/Cordic.v:328$631'.
     1/3: $0\Y_out[12:0]
     2/3: $0\X_out[12:0]
     3/3: $0\angle_out[13:0]
Creating decoders for process `$paramod$04616e89781cd6db49957a5f99b515d8f685856b\Cordic_iteration.$proc$cores/Encoder/Cordic/Cordic.v:305$624'.
Creating decoders for process `$paramod$04616e89781cd6db49957a5f99b515d8f685856b\Cordic_iteration.$proc$cores/Encoder/Cordic/Cordic.v:279$612'.
     1/6: $0\angle_in_reg[13:0]
     2/6: $0\Y_in_reg[12:0]
     3/6: $0\X_in_reg[12:0]
     4/6: $0\Y_out[12:0]
     5/6: $0\X_out[12:0]
     6/6: $0\angle_out[13:0]
Creating decoders for process `$paramod$49027eaa83d720b3275365365dcbb78725bc51b7\Cordic_iteration.$proc$cores/Encoder/Cordic/Cordic.v:305$609'.
Creating decoders for process `$paramod$49027eaa83d720b3275365365dcbb78725bc51b7\Cordic_iteration.$proc$cores/Encoder/Cordic/Cordic.v:279$597'.
     1/6: $0\angle_in_reg[13:0]
     2/6: $0\Y_in_reg[12:0]
     3/6: $0\X_in_reg[12:0]
     4/6: $0\Y_out[12:0]
     5/6: $0\X_out[12:0]
     6/6: $0\angle_out[13:0]
Creating decoders for process `$paramod$0446fdd797e627022e549d3ad5e8c6a77f844e5f\Cordic_iteration.$proc$cores/Encoder/Cordic/Cordic.v:305$594'.
Creating decoders for process `$paramod$0446fdd797e627022e549d3ad5e8c6a77f844e5f\Cordic_iteration.$proc$cores/Encoder/Cordic/Cordic.v:279$582'.
     1/6: $0\angle_in_reg[13:0]
     2/6: $0\Y_in_reg[12:0]
     3/6: $0\X_in_reg[12:0]
     4/6: $0\Y_out[12:0]
     5/6: $0\X_out[12:0]
     6/6: $0\angle_out[13:0]
Creating decoders for process `$paramod$b56bc5d7be092e81119cbcb20114e0ea037752d2\Cordic_iteration.$proc$cores/Encoder/Cordic/Cordic.v:305$579'.
Creating decoders for process `$paramod$b56bc5d7be092e81119cbcb20114e0ea037752d2\Cordic_iteration.$proc$cores/Encoder/Cordic/Cordic.v:279$567'.
     1/6: $0\angle_in_reg[13:0]
     2/6: $0\Y_in_reg[12:0]
     3/6: $0\X_in_reg[12:0]
     4/6: $0\Y_out[12:0]
     5/6: $0\X_out[12:0]
     6/6: $0\angle_out[13:0]
Creating decoders for process `$paramod$4dd87f7da0c59bf6dc17c485889418c7718fac44\Cordic_iteration.$proc$cores/Encoder/Cordic/Cordic.v:305$564'.
Creating decoders for process `$paramod$4dd87f7da0c59bf6dc17c485889418c7718fac44\Cordic_iteration.$proc$cores/Encoder/Cordic/Cordic.v:279$552'.
     1/6: $0\angle_in_reg[13:0]
     2/6: $0\Y_in_reg[12:0]
     3/6: $0\X_in_reg[12:0]
     4/6: $0\Y_out[12:0]
     5/6: $0\X_out[12:0]
     6/6: $0\angle_out[13:0]
Creating decoders for process `$paramod$b86dd94fab75ce8223615dfbc1f9891d43dc0948\Cordic_iteration.$proc$cores/Encoder/Cordic/Cordic.v:305$549'.
Creating decoders for process `$paramod$b86dd94fab75ce8223615dfbc1f9891d43dc0948\Cordic_iteration.$proc$cores/Encoder/Cordic/Cordic.v:279$537'.
     1/6: $0\angle_in_reg[13:0]
     2/6: $0\Y_in_reg[12:0]
     3/6: $0\X_in_reg[12:0]
     4/6: $0\Y_out[12:0]
     5/6: $0\X_out[12:0]
     6/6: $0\angle_out[13:0]
Creating decoders for process `$paramod$f0e02e5c1bda642b318e418e605a3778196c8835\Cordic_iteration.$proc$cores/Encoder/Cordic/Cordic.v:305$534'.
Creating decoders for process `$paramod$f0e02e5c1bda642b318e418e605a3778196c8835\Cordic_iteration.$proc$cores/Encoder/Cordic/Cordic.v:279$522'.
     1/6: $0\angle_in_reg[13:0]
     2/6: $0\Y_in_reg[12:0]
     3/6: $0\X_in_reg[12:0]
     4/6: $0\Y_out[12:0]
     5/6: $0\X_out[12:0]
     6/6: $0\angle_out[13:0]
Creating decoders for process `$paramod$9df73fc2f316a73a40adc2c1613c15890da18a9f\Cordic_iteration.$proc$cores/Encoder/Cordic/Cordic.v:305$519'.
Creating decoders for process `$paramod$9df73fc2f316a73a40adc2c1613c15890da18a9f\Cordic_iteration.$proc$cores/Encoder/Cordic/Cordic.v:279$507'.
     1/6: $0\angle_in_reg[13:0]
     2/6: $0\Y_in_reg[12:0]
     3/6: $0\X_in_reg[12:0]
     4/6: $0\Y_out[12:0]
     5/6: $0\X_out[12:0]
     6/6: $0\angle_out[13:0]
Creating decoders for process `$paramod$46541639c9f0760b5073c13506a5a2164b7caf45\Cordic_iteration.$proc$cores/Encoder/Cordic/Cordic.v:305$504'.
Creating decoders for process `$paramod$46541639c9f0760b5073c13506a5a2164b7caf45\Cordic_iteration.$proc$cores/Encoder/Cordic/Cordic.v:279$492'.
     1/6: $0\angle_in_reg[13:0]
     2/6: $0\Y_in_reg[12:0]
     3/6: $0\X_in_reg[12:0]
     4/6: $0\Y_out[12:0]
     5/6: $0\X_out[12:0]
     6/6: $0\angle_out[13:0]
Creating decoders for process `$paramod$32835f46e10bf028ecbb74d89b68287a79f3d5c0\Cordic_iteration.$proc$cores/Encoder/Cordic/Cordic.v:305$489'.
Creating decoders for process `$paramod$32835f46e10bf028ecbb74d89b68287a79f3d5c0\Cordic_iteration.$proc$cores/Encoder/Cordic/Cordic.v:279$477'.
     1/6: $0\angle_in_reg[13:0]
     2/6: $0\Y_in_reg[12:0]
     3/6: $0\X_in_reg[12:0]
     4/6: $0\Y_out[12:0]
     5/6: $0\X_out[12:0]
     6/6: $0\angle_out[13:0]
Creating decoders for process `\escale_magnitude.$proc$cores/Encoder/Cordic/Cordic.v:388$475'.

13.5.8. Executing PROC_DLATCH pass (convert process syncs to latches).
No latch inferred for signal `\Control.\calc' from process `\Control.$proc$cores/Encoder/Control/Control.v:40$474'.
No latch inferred for signal `\Control.\sh' from process `\Control.$proc$cores/Encoder/Control/Control.v:40$474'.
No latch inferred for signal `\Sampler.\done' from process `\Sampler.$proc$cores/Encoder/Sampler/Sampler.v:59$472'.
No latch inferred for signal `\FemtoRV32.$memwr$\registerFile$cores/cpu/femtorv32_quark_V2.v:301$291_EN' from process `\FemtoRV32.$proc$cores/cpu/femtorv32_quark_V2.v:298$441'.
No latch inferred for signal `$paramod$e6d04b969bf2e003005da0092106b7e60df8a87d\peripheral_uart.\s' from process `$paramod$e6d04b969bf2e003005da0092106b7e60df8a87d\peripheral_uart.$proc$cores/uart/perip_uart.v:29$245'.
No latch inferred for signal `\peripheral_Encoder.\s' from process `\peripheral_Encoder.$proc$cores/Encoder/perip_Encoder.v:59$233'.
Warning: Latch inferred for signal `\SOC.\mem_rdata' from process `\SOC.$proc$SOC.v:284$232': $auto$proc_dlatch.cc:547:proc_dlatch$1508
No latch inferred for signal `\SOC.\cs' from process `\SOC.$proc$SOC.v:268$231'.
No latch inferred for signal `$paramod$04616e89781cd6db49957a5f99b515d8f685856b\Cordic_iteration.\d' from process `$paramod$04616e89781cd6db49957a5f99b515d8f685856b\Cordic_iteration.$proc$cores/Encoder/Cordic/Cordic.v:305$624'.
No latch inferred for signal `$paramod$49027eaa83d720b3275365365dcbb78725bc51b7\Cordic_iteration.\d' from process `$paramod$49027eaa83d720b3275365365dcbb78725bc51b7\Cordic_iteration.$proc$cores/Encoder/Cordic/Cordic.v:305$609'.
No latch inferred for signal `$paramod$0446fdd797e627022e549d3ad5e8c6a77f844e5f\Cordic_iteration.\d' from process `$paramod$0446fdd797e627022e549d3ad5e8c6a77f844e5f\Cordic_iteration.$proc$cores/Encoder/Cordic/Cordic.v:305$594'.
No latch inferred for signal `$paramod$b56bc5d7be092e81119cbcb20114e0ea037752d2\Cordic_iteration.\d' from process `$paramod$b56bc5d7be092e81119cbcb20114e0ea037752d2\Cordic_iteration.$proc$cores/Encoder/Cordic/Cordic.v:305$579'.
No latch inferred for signal `$paramod$4dd87f7da0c59bf6dc17c485889418c7718fac44\Cordic_iteration.\d' from process `$paramod$4dd87f7da0c59bf6dc17c485889418c7718fac44\Cordic_iteration.$proc$cores/Encoder/Cordic/Cordic.v:305$564'.
No latch inferred for signal `$paramod$b86dd94fab75ce8223615dfbc1f9891d43dc0948\Cordic_iteration.\d' from process `$paramod$b86dd94fab75ce8223615dfbc1f9891d43dc0948\Cordic_iteration.$proc$cores/Encoder/Cordic/Cordic.v:305$549'.
No latch inferred for signal `$paramod$f0e02e5c1bda642b318e418e605a3778196c8835\Cordic_iteration.\d' from process `$paramod$f0e02e5c1bda642b318e418e605a3778196c8835\Cordic_iteration.$proc$cores/Encoder/Cordic/Cordic.v:305$534'.
No latch inferred for signal `$paramod$9df73fc2f316a73a40adc2c1613c15890da18a9f\Cordic_iteration.\d' from process `$paramod$9df73fc2f316a73a40adc2c1613c15890da18a9f\Cordic_iteration.$proc$cores/Encoder/Cordic/Cordic.v:305$519'.
No latch inferred for signal `$paramod$46541639c9f0760b5073c13506a5a2164b7caf45\Cordic_iteration.\d' from process `$paramod$46541639c9f0760b5073c13506a5a2164b7caf45\Cordic_iteration.$proc$cores/Encoder/Cordic/Cordic.v:305$504'.
No latch inferred for signal `$paramod$32835f46e10bf028ecbb74d89b68287a79f3d5c0\Cordic_iteration.\d' from process `$paramod$32835f46e10bf028ecbb74d89b68287a79f3d5c0\Cordic_iteration.$proc$cores/Encoder/Cordic/Cordic.v:305$489'.
No latch inferred for signal `\escale_magnitude.\mag_out_reg' from process `\escale_magnitude.$proc$cores/Encoder/Cordic/Cordic.v:388$475'.
No latch inferred for signal `\escale_magnitude.\product' from process `\escale_magnitude.$proc$cores/Encoder/Cordic/Cordic.v:388$475'.

13.5.9. Executing PROC_DFF pass (convert process syncs to FFs).
Creating register for signal `\Control.\state' using process `\Control.$proc$cores/Encoder/Control/Control.v:15$473'.
  created $adff cell `$procdff$1511' with positive edge clock and positive level reset.
Creating register for signal `\Control.\clk_adc' using process `\Control.$proc$cores/Encoder/Control/Control.v:15$473'.
  created $adff cell `$procdff$1514' with positive edge clock and positive level reset.
Creating register for signal `\Sampler.\angle_out' using process `\Sampler.$proc$cores/Encoder/Sampler/Sampler.v:18$470'.
  created $adff cell `$procdff$1517' with positive edge clock and positive level reset.
Creating register for signal `\Sampler.\Speed_out' using process `\Sampler.$proc$cores/Encoder/Sampler/Sampler.v:18$470'.
  created $adff cell `$procdff$1520' with positive edge clock and positive level reset.
Creating register for signal `\Sampler.\state' using process `\Sampler.$proc$cores/Encoder/Sampler/Sampler.v:18$470'.
  created $adff cell `$procdff$1523' with positive edge clock and positive level reset.
Creating register for signal `\Sampler.\init_ff1' using process `\Sampler.$proc$cores/Encoder/Sampler/Sampler.v:18$470'.
  created $adff cell `$procdff$1526' with positive edge clock and positive level reset.
Creating register for signal `\Sampler.\init_ff2' using process `\Sampler.$proc$cores/Encoder/Sampler/Sampler.v:18$470'.
  created $adff cell `$procdff$1529' with positive edge clock and positive level reset.
Creating register for signal `$paramod$3e616a0e06e4648ce82d4c7cdb2269fbdad4d203\uart.\tx_busy' using process `$paramod$3e616a0e06e4648ce82d4c7cdb2269fbdad4d203\uart.$proc$cores/uart/uart.v:122$460'.
  created $dff cell `$procdff$1530' with positive edge clock.
Creating register for signal `$paramod$3e616a0e06e4648ce82d4c7cdb2269fbdad4d203\uart.\uart_txd' using process `$paramod$3e616a0e06e4648ce82d4c7cdb2269fbdad4d203\uart.$proc$cores/uart/uart.v:122$460'.
  created $dff cell `$procdff$1531' with positive edge clock.
Creating register for signal `$paramod$3e616a0e06e4648ce82d4c7cdb2269fbdad4d203\uart.\tx_bitcount' using process `$paramod$3e616a0e06e4648ce82d4c7cdb2269fbdad4d203\uart.$proc$cores/uart/uart.v:122$460'.
  created $dff cell `$procdff$1532' with positive edge clock.
Creating register for signal `$paramod$3e616a0e06e4648ce82d4c7cdb2269fbdad4d203\uart.\tx_count16' using process `$paramod$3e616a0e06e4648ce82d4c7cdb2269fbdad4d203\uart.$proc$cores/uart/uart.v:122$460'.
  created $dff cell `$procdff$1533' with positive edge clock.
Creating register for signal `$paramod$3e616a0e06e4648ce82d4c7cdb2269fbdad4d203\uart.\txd_reg' using process `$paramod$3e616a0e06e4648ce82d4c7cdb2269fbdad4d203\uart.$proc$cores/uart/uart.v:122$460'.
  created $dff cell `$procdff$1534' with positive edge clock.
Creating register for signal `$paramod$3e616a0e06e4648ce82d4c7cdb2269fbdad4d203\uart.\rx_data' using process `$paramod$3e616a0e06e4648ce82d4c7cdb2269fbdad4d203\uart.$proc$cores/uart/uart.v:66$452'.
  created $dff cell `$procdff$1535' with positive edge clock.
Creating register for signal `$paramod$3e616a0e06e4648ce82d4c7cdb2269fbdad4d203\uart.\rx_error' using process `$paramod$3e616a0e06e4648ce82d4c7cdb2269fbdad4d203\uart.$proc$cores/uart/uart.v:66$452'.
  created $dff cell `$procdff$1536' with positive edge clock.
Creating register for signal `$paramod$3e616a0e06e4648ce82d4c7cdb2269fbdad4d203\uart.\rx_avail' using process `$paramod$3e616a0e06e4648ce82d4c7cdb2269fbdad4d203\uart.$proc$cores/uart/uart.v:66$452'.
  created $dff cell `$procdff$1537' with positive edge clock.
Creating register for signal `$paramod$3e616a0e06e4648ce82d4c7cdb2269fbdad4d203\uart.\rx_busy' using process `$paramod$3e616a0e06e4648ce82d4c7cdb2269fbdad4d203\uart.$proc$cores/uart/uart.v:66$452'.
  created $dff cell `$procdff$1538' with positive edge clock.
Creating register for signal `$paramod$3e616a0e06e4648ce82d4c7cdb2269fbdad4d203\uart.\rx_count16' using process `$paramod$3e616a0e06e4648ce82d4c7cdb2269fbdad4d203\uart.$proc$cores/uart/uart.v:66$452'.
  created $dff cell `$procdff$1539' with positive edge clock.
Creating register for signal `$paramod$3e616a0e06e4648ce82d4c7cdb2269fbdad4d203\uart.\rx_bitcount' using process `$paramod$3e616a0e06e4648ce82d4c7cdb2269fbdad4d203\uart.$proc$cores/uart/uart.v:66$452'.
  created $dff cell `$procdff$1540' with positive edge clock.
Creating register for signal `$paramod$3e616a0e06e4648ce82d4c7cdb2269fbdad4d203\uart.\rxd_reg' using process `$paramod$3e616a0e06e4648ce82d4c7cdb2269fbdad4d203\uart.$proc$cores/uart/uart.v:66$452'.
  created $dff cell `$procdff$1541' with positive edge clock.
Creating register for signal `$paramod$3e616a0e06e4648ce82d4c7cdb2269fbdad4d203\uart.\uart_rxd1' using process `$paramod$3e616a0e06e4648ce82d4c7cdb2269fbdad4d203\uart.$proc$cores/uart/uart.v:52$451'.
  created $dff cell `$procdff$1542' with positive edge clock.
Creating register for signal `$paramod$3e616a0e06e4648ce82d4c7cdb2269fbdad4d203\uart.\uart_rxd2' using process `$paramod$3e616a0e06e4648ce82d4c7cdb2269fbdad4d203\uart.$proc$cores/uart/uart.v:52$451'.
  created $dff cell `$procdff$1543' with positive edge clock.
Creating register for signal `$paramod$3e616a0e06e4648ce82d4c7cdb2269fbdad4d203\uart.\enable16_counter' using process `$paramod$3e616a0e06e4648ce82d4c7cdb2269fbdad4d203\uart.$proc$cores/uart/uart.v:34$448'.
  created $dff cell `$procdff$1544' with positive edge clock.
Creating register for signal `\Encoder.\clk_div' using process `\Encoder.$proc$cores/Encoder/Encoder.v:68$443'.
  created $adff cell `$procdff$1547' with positive edge clock and positive level reset.
Creating register for signal `\Encoder.\Cnt_div' using process `\Encoder.$proc$cores/Encoder/Encoder.v:68$443'.
  created $adff cell `$procdff$1550' with positive edge clock and positive level reset.
Creating register for signal `\FemtoRV32.\cycles' using process `\FemtoRV32.$proc$cores/cpu/femtorv32_quark_V2.v:290$437'.
  created $dff cell `$procdff$1551' with positive edge clock.
Creating register for signal `\FemtoRV32.\PC' using process `\FemtoRV32.$proc$cores/cpu/femtorv32_quark_V2.v:249$424'.
  created $dff cell `$procdff$1552' with positive edge clock.
Creating register for signal `\FemtoRV32.\instr' using process `\FemtoRV32.$proc$cores/cpu/femtorv32_quark_V2.v:249$424'.
  created $dff cell `$procdff$1553' with positive edge clock.
Creating register for signal `\FemtoRV32.\state' using process `\FemtoRV32.$proc$cores/cpu/femtorv32_quark_V2.v:249$424'.
  created $dff cell `$procdff$1554' with positive edge clock.
Creating register for signal `\FemtoRV32.\rs1' using process `\FemtoRV32.$proc$cores/cpu/femtorv32_quark_V2.v:249$424'.
  created $dff cell `$procdff$1555' with positive edge clock.
Creating register for signal `\FemtoRV32.\rs2' using process `\FemtoRV32.$proc$cores/cpu/femtorv32_quark_V2.v:249$424'.
  created $dff cell `$procdff$1556' with positive edge clock.
Creating register for signal `\FemtoRV32.\aluReg' using process `\FemtoRV32.$proc$cores/cpu/femtorv32_quark_V2.v:188$387'.
  created $dff cell `$procdff$1557' with positive edge clock.
Creating register for signal `\FemtoRV32.\aluShamt' using process `\FemtoRV32.$proc$cores/cpu/femtorv32_quark_V2.v:188$387'.
  created $dff cell `$procdff$1558' with positive edge clock.
Creating register for signal `\FemtoRV32.$memwr$\registerFile$cores/cpu/femtorv32_quark_V2.v:181$289_EN' using process `\FemtoRV32.$proc$cores/cpu/femtorv32_quark_V2.v:179$370'.
  created $dff cell `$procdff$1559' with positive edge clock.
Creating register for signal `\FemtoRV32.$memwr$\registerFile$cores/cpu/femtorv32_quark_V2.v:185$290_ADDR' using process `\FemtoRV32.$proc$cores/cpu/femtorv32_quark_V2.v:179$370'.
  created $dff cell `$procdff$1560' with positive edge clock.
Creating register for signal `\FemtoRV32.$memwr$\registerFile$cores/cpu/femtorv32_quark_V2.v:185$290_DATA' using process `\FemtoRV32.$proc$cores/cpu/femtorv32_quark_V2.v:179$370'.
  created $dff cell `$procdff$1561' with positive edge clock.
Creating register for signal `\FemtoRV32.$memwr$\registerFile$cores/cpu/femtorv32_quark_V2.v:185$290_EN' using process `\FemtoRV32.$proc$cores/cpu/femtorv32_quark_V2.v:179$370'.
  created $dff cell `$procdff$1562' with positive edge clock.
Creating register for signal `\bram.\mem_rdata' using process `\bram.$proc$cores/bram/bram.v:20$261'.
  created $dff cell `$procdff$1563' with positive edge clock.
Creating register for signal `\bram.$memwr$\MEM$cores/bram/bram.v:24$257_ADDR' using process `\bram.$proc$cores/bram/bram.v:20$261'.
  created $dff cell `$procdff$1564' with positive edge clock.
Creating register for signal `\bram.$memwr$\MEM$cores/bram/bram.v:24$257_DATA' using process `\bram.$proc$cores/bram/bram.v:20$261'.
  created $dff cell `$procdff$1565' with positive edge clock.
Creating register for signal `\bram.$memwr$\MEM$cores/bram/bram.v:24$257_EN' using process `\bram.$proc$cores/bram/bram.v:20$261'.
  created $dff cell `$procdff$1566' with positive edge clock.
Creating register for signal `\bram.$memwr$\MEM$cores/bram/bram.v:25$258_ADDR' using process `\bram.$proc$cores/bram/bram.v:20$261'.
  created $dff cell `$procdff$1567' with positive edge clock.
Creating register for signal `\bram.$memwr$\MEM$cores/bram/bram.v:25$258_DATA' using process `\bram.$proc$cores/bram/bram.v:20$261'.
  created $dff cell `$procdff$1568' with positive edge clock.
Creating register for signal `\bram.$memwr$\MEM$cores/bram/bram.v:25$258_EN' using process `\bram.$proc$cores/bram/bram.v:20$261'.
  created $dff cell `$procdff$1569' with positive edge clock.
Creating register for signal `\bram.$memwr$\MEM$cores/bram/bram.v:26$259_ADDR' using process `\bram.$proc$cores/bram/bram.v:20$261'.
  created $dff cell `$procdff$1570' with positive edge clock.
Creating register for signal `\bram.$memwr$\MEM$cores/bram/bram.v:26$259_DATA' using process `\bram.$proc$cores/bram/bram.v:20$261'.
  created $dff cell `$procdff$1571' with positive edge clock.
Creating register for signal `\bram.$memwr$\MEM$cores/bram/bram.v:26$259_EN' using process `\bram.$proc$cores/bram/bram.v:20$261'.
  created $dff cell `$procdff$1572' with positive edge clock.
Creating register for signal `\bram.$memwr$\MEM$cores/bram/bram.v:27$260_ADDR' using process `\bram.$proc$cores/bram/bram.v:20$261'.
  created $dff cell `$procdff$1573' with positive edge clock.
Creating register for signal `\bram.$memwr$\MEM$cores/bram/bram.v:27$260_DATA' using process `\bram.$proc$cores/bram/bram.v:20$261'.
  created $dff cell `$procdff$1574' with positive edge clock.
Creating register for signal `\bram.$memwr$\MEM$cores/bram/bram.v:27$260_EN' using process `\bram.$proc$cores/bram/bram.v:20$261'.
  created $dff cell `$procdff$1575' with positive edge clock.
Creating register for signal `$paramod$e6d04b969bf2e003005da0092106b7e60df8a87d\peripheral_uart.\d_out' using process `$paramod$e6d04b969bf2e003005da0092106b7e60df8a87d\peripheral_uart.$proc$cores/uart/perip_uart.v:45$253'.
  created $dff cell `$procdff$1576' with positive edge clock.
Creating register for signal `$paramod$e6d04b969bf2e003005da0092106b7e60df8a87d\peripheral_uart.\ledout' using process `$paramod$e6d04b969bf2e003005da0092106b7e60df8a87d\peripheral_uart.$proc$cores/uart/perip_uart.v:38$248'.
  created $dff cell `$procdff$1577' with positive edge clock.
Creating register for signal `$paramod$e6d04b969bf2e003005da0092106b7e60df8a87d\peripheral_uart.\d_in_uart' using process `$paramod$e6d04b969bf2e003005da0092106b7e60df8a87d\peripheral_uart.$proc$cores/uart/perip_uart.v:38$248'.
  created $dff cell `$procdff$1578' with positive edge clock.
Creating register for signal `$paramod$e6d04b969bf2e003005da0092106b7e60df8a87d\peripheral_uart.\uart_ctrl' using process `$paramod$e6d04b969bf2e003005da0092106b7e60df8a87d\peripheral_uart.$proc$cores/uart/perip_uart.v:38$248'.
  created $dff cell `$procdff$1579' with positive edge clock.
Creating register for signal `\peripheral_Encoder.\d_out' using process `\peripheral_Encoder.$proc$cores/Encoder/perip_Encoder.v:77$244'.
  created $dff cell `$procdff$1580' with positive edge clock.
Creating register for signal `\peripheral_Encoder.\sampler_init' using process `\peripheral_Encoder.$proc$cores/Encoder/perip_Encoder.v:71$239'.
  created $dff cell `$procdff$1581' with positive edge clock.
Creating register for signal `\peripheral_Encoder.\module_init' using process `\peripheral_Encoder.$proc$cores/Encoder/perip_Encoder.v:71$239'.
  created $dff cell `$procdff$1582' with positive edge clock.
Creating register for signal `\Angular_speed_calc.\Speed_out' using process `\Angular_speed_calc.$proc$cores/Encoder/Derivador/Derivator.v:62$643'.
  created $adff cell `$procdff$1585' with negative edge clock and positive level reset.
Creating register for signal `\Angular_speed_calc.\Speed_out_reg' using process `\Angular_speed_calc.$proc$cores/Encoder/Derivador/Derivator.v:62$643'.
  created $adff cell `$procdff$1588' with negative edge clock and positive level reset.
Creating register for signal `\Angular_speed_calc.\diff1' using process `\Angular_speed_calc.$proc$cores/Encoder/Derivador/Derivator.v:62$643'.
  created $adff cell `$procdff$1591' with negative edge clock and positive level reset.
Creating register for signal `\Angular_speed_calc.\diff2' using process `\Angular_speed_calc.$proc$cores/Encoder/Derivador/Derivator.v:62$643'.
  created $adff cell `$procdff$1594' with negative edge clock and positive level reset.
Creating register for signal `\unwrap.\offset' using process `\unwrap.$proc$cores/Encoder/Derivador/Derivator.v:117$640'.
  created $adff cell `$procdff$1597' with negative edge clock and positive level reset.
Creating register for signal `\unwrap.\angle_reg1' using process `\unwrap.$proc$cores/Encoder/Derivador/Derivator.v:117$640'.
  created $adff cell `$procdff$1600' with negative edge clock and positive level reset.
Creating register for signal `\unwrap.\angle_reg2' using process `\unwrap.$proc$cores/Encoder/Derivador/Derivator.v:117$640'.
  created $adff cell `$procdff$1603' with negative edge clock and positive level reset.
Creating register for signal `\unwrap.\angle_reg3' using process `\unwrap.$proc$cores/Encoder/Derivador/Derivator.v:117$640'.
  created $adff cell `$procdff$1606' with negative edge clock and positive level reset.
Creating register for signal `\unwrap.\angle_reg4' using process `\unwrap.$proc$cores/Encoder/Derivador/Derivator.v:117$640'.
  created $adff cell `$procdff$1609' with negative edge clock and positive level reset.
Creating register for signal `\unwrap.\angle_reg5' using process `\unwrap.$proc$cores/Encoder/Derivador/Derivator.v:117$640'.
  created $adff cell `$procdff$1612' with negative edge clock and positive level reset.
Creating register for signal `\first_Cordic_iteration.\angle_out' using process `\first_Cordic_iteration.$proc$cores/Encoder/Cordic/Cordic.v:328$631'.
  created $adff cell `$procdff$1615' with negative edge clock and positive level reset.
Creating register for signal `\first_Cordic_iteration.\X_out' using process `\first_Cordic_iteration.$proc$cores/Encoder/Cordic/Cordic.v:328$631'.
  created $adff cell `$procdff$1618' with negative edge clock and positive level reset.
Creating register for signal `\first_Cordic_iteration.\Y_out' using process `\first_Cordic_iteration.$proc$cores/Encoder/Cordic/Cordic.v:328$631'.
  created $adff cell `$procdff$1621' with negative edge clock and positive level reset.
Creating register for signal `$paramod$04616e89781cd6db49957a5f99b515d8f685856b\Cordic_iteration.\angle_out' using process `$paramod$04616e89781cd6db49957a5f99b515d8f685856b\Cordic_iteration.$proc$cores/Encoder/Cordic/Cordic.v:279$612'.
  created $adff cell `$procdff$1624' with negative edge clock and positive level reset.
Creating register for signal `$paramod$04616e89781cd6db49957a5f99b515d8f685856b\Cordic_iteration.\X_out' using process `$paramod$04616e89781cd6db49957a5f99b515d8f685856b\Cordic_iteration.$proc$cores/Encoder/Cordic/Cordic.v:279$612'.
  created $adff cell `$procdff$1627' with negative edge clock and positive level reset.
Creating register for signal `$paramod$04616e89781cd6db49957a5f99b515d8f685856b\Cordic_iteration.\Y_out' using process `$paramod$04616e89781cd6db49957a5f99b515d8f685856b\Cordic_iteration.$proc$cores/Encoder/Cordic/Cordic.v:279$612'.
  created $adff cell `$procdff$1630' with negative edge clock and positive level reset.
Creating register for signal `$paramod$04616e89781cd6db49957a5f99b515d8f685856b\Cordic_iteration.\X_in_reg' using process `$paramod$04616e89781cd6db49957a5f99b515d8f685856b\Cordic_iteration.$proc$cores/Encoder/Cordic/Cordic.v:279$612'.
  created $adff cell `$procdff$1633' with negative edge clock and positive level reset.
Creating register for signal `$paramod$04616e89781cd6db49957a5f99b515d8f685856b\Cordic_iteration.\Y_in_reg' using process `$paramod$04616e89781cd6db49957a5f99b515d8f685856b\Cordic_iteration.$proc$cores/Encoder/Cordic/Cordic.v:279$612'.
  created $adff cell `$procdff$1636' with negative edge clock and positive level reset.
Creating register for signal `$paramod$04616e89781cd6db49957a5f99b515d8f685856b\Cordic_iteration.\angle_in_reg' using process `$paramod$04616e89781cd6db49957a5f99b515d8f685856b\Cordic_iteration.$proc$cores/Encoder/Cordic/Cordic.v:279$612'.
  created $adff cell `$procdff$1639' with negative edge clock and positive level reset.
Creating register for signal `$paramod$49027eaa83d720b3275365365dcbb78725bc51b7\Cordic_iteration.\angle_out' using process `$paramod$49027eaa83d720b3275365365dcbb78725bc51b7\Cordic_iteration.$proc$cores/Encoder/Cordic/Cordic.v:279$597'.
  created $adff cell `$procdff$1642' with negative edge clock and positive level reset.
Creating register for signal `$paramod$49027eaa83d720b3275365365dcbb78725bc51b7\Cordic_iteration.\X_out' using process `$paramod$49027eaa83d720b3275365365dcbb78725bc51b7\Cordic_iteration.$proc$cores/Encoder/Cordic/Cordic.v:279$597'.
  created $adff cell `$procdff$1645' with negative edge clock and positive level reset.
Creating register for signal `$paramod$49027eaa83d720b3275365365dcbb78725bc51b7\Cordic_iteration.\Y_out' using process `$paramod$49027eaa83d720b3275365365dcbb78725bc51b7\Cordic_iteration.$proc$cores/Encoder/Cordic/Cordic.v:279$597'.
  created $adff cell `$procdff$1648' with negative edge clock and positive level reset.
Creating register for signal `$paramod$49027eaa83d720b3275365365dcbb78725bc51b7\Cordic_iteration.\X_in_reg' using process `$paramod$49027eaa83d720b3275365365dcbb78725bc51b7\Cordic_iteration.$proc$cores/Encoder/Cordic/Cordic.v:279$597'.
  created $adff cell `$procdff$1651' with negative edge clock and positive level reset.
Creating register for signal `$paramod$49027eaa83d720b3275365365dcbb78725bc51b7\Cordic_iteration.\Y_in_reg' using process `$paramod$49027eaa83d720b3275365365dcbb78725bc51b7\Cordic_iteration.$proc$cores/Encoder/Cordic/Cordic.v:279$597'.
  created $adff cell `$procdff$1654' with negative edge clock and positive level reset.
Creating register for signal `$paramod$49027eaa83d720b3275365365dcbb78725bc51b7\Cordic_iteration.\angle_in_reg' using process `$paramod$49027eaa83d720b3275365365dcbb78725bc51b7\Cordic_iteration.$proc$cores/Encoder/Cordic/Cordic.v:279$597'.
  created $adff cell `$procdff$1657' with negative edge clock and positive level reset.
Creating register for signal `$paramod$0446fdd797e627022e549d3ad5e8c6a77f844e5f\Cordic_iteration.\angle_out' using process `$paramod$0446fdd797e627022e549d3ad5e8c6a77f844e5f\Cordic_iteration.$proc$cores/Encoder/Cordic/Cordic.v:279$582'.
  created $adff cell `$procdff$1660' with negative edge clock and positive level reset.
Creating register for signal `$paramod$0446fdd797e627022e549d3ad5e8c6a77f844e5f\Cordic_iteration.\X_out' using process `$paramod$0446fdd797e627022e549d3ad5e8c6a77f844e5f\Cordic_iteration.$proc$cores/Encoder/Cordic/Cordic.v:279$582'.
  created $adff cell `$procdff$1663' with negative edge clock and positive level reset.
Creating register for signal `$paramod$0446fdd797e627022e549d3ad5e8c6a77f844e5f\Cordic_iteration.\Y_out' using process `$paramod$0446fdd797e627022e549d3ad5e8c6a77f844e5f\Cordic_iteration.$proc$cores/Encoder/Cordic/Cordic.v:279$582'.
  created $adff cell `$procdff$1666' with negative edge clock and positive level reset.
Creating register for signal `$paramod$0446fdd797e627022e549d3ad5e8c6a77f844e5f\Cordic_iteration.\X_in_reg' using process `$paramod$0446fdd797e627022e549d3ad5e8c6a77f844e5f\Cordic_iteration.$proc$cores/Encoder/Cordic/Cordic.v:279$582'.
  created $adff cell `$procdff$1669' with negative edge clock and positive level reset.
Creating register for signal `$paramod$0446fdd797e627022e549d3ad5e8c6a77f844e5f\Cordic_iteration.\Y_in_reg' using process `$paramod$0446fdd797e627022e549d3ad5e8c6a77f844e5f\Cordic_iteration.$proc$cores/Encoder/Cordic/Cordic.v:279$582'.
  created $adff cell `$procdff$1672' with negative edge clock and positive level reset.
Creating register for signal `$paramod$0446fdd797e627022e549d3ad5e8c6a77f844e5f\Cordic_iteration.\angle_in_reg' using process `$paramod$0446fdd797e627022e549d3ad5e8c6a77f844e5f\Cordic_iteration.$proc$cores/Encoder/Cordic/Cordic.v:279$582'.
  created $adff cell `$procdff$1675' with negative edge clock and positive level reset.
Creating register for signal `$paramod$b56bc5d7be092e81119cbcb20114e0ea037752d2\Cordic_iteration.\angle_out' using process `$paramod$b56bc5d7be092e81119cbcb20114e0ea037752d2\Cordic_iteration.$proc$cores/Encoder/Cordic/Cordic.v:279$567'.
  created $adff cell `$procdff$1678' with negative edge clock and positive level reset.
Creating register for signal `$paramod$b56bc5d7be092e81119cbcb20114e0ea037752d2\Cordic_iteration.\X_out' using process `$paramod$b56bc5d7be092e81119cbcb20114e0ea037752d2\Cordic_iteration.$proc$cores/Encoder/Cordic/Cordic.v:279$567'.
  created $adff cell `$procdff$1681' with negative edge clock and positive level reset.
Creating register for signal `$paramod$b56bc5d7be092e81119cbcb20114e0ea037752d2\Cordic_iteration.\Y_out' using process `$paramod$b56bc5d7be092e81119cbcb20114e0ea037752d2\Cordic_iteration.$proc$cores/Encoder/Cordic/Cordic.v:279$567'.
  created $adff cell `$procdff$1684' with negative edge clock and positive level reset.
Creating register for signal `$paramod$b56bc5d7be092e81119cbcb20114e0ea037752d2\Cordic_iteration.\X_in_reg' using process `$paramod$b56bc5d7be092e81119cbcb20114e0ea037752d2\Cordic_iteration.$proc$cores/Encoder/Cordic/Cordic.v:279$567'.
  created $adff cell `$procdff$1687' with negative edge clock and positive level reset.
Creating register for signal `$paramod$b56bc5d7be092e81119cbcb20114e0ea037752d2\Cordic_iteration.\Y_in_reg' using process `$paramod$b56bc5d7be092e81119cbcb20114e0ea037752d2\Cordic_iteration.$proc$cores/Encoder/Cordic/Cordic.v:279$567'.
  created $adff cell `$procdff$1690' with negative edge clock and positive level reset.
Creating register for signal `$paramod$b56bc5d7be092e81119cbcb20114e0ea037752d2\Cordic_iteration.\angle_in_reg' using process `$paramod$b56bc5d7be092e81119cbcb20114e0ea037752d2\Cordic_iteration.$proc$cores/Encoder/Cordic/Cordic.v:279$567'.
  created $adff cell `$procdff$1693' with negative edge clock and positive level reset.
Creating register for signal `$paramod$4dd87f7da0c59bf6dc17c485889418c7718fac44\Cordic_iteration.\angle_out' using process `$paramod$4dd87f7da0c59bf6dc17c485889418c7718fac44\Cordic_iteration.$proc$cores/Encoder/Cordic/Cordic.v:279$552'.
  created $adff cell `$procdff$1696' with negative edge clock and positive level reset.
Creating register for signal `$paramod$4dd87f7da0c59bf6dc17c485889418c7718fac44\Cordic_iteration.\X_out' using process `$paramod$4dd87f7da0c59bf6dc17c485889418c7718fac44\Cordic_iteration.$proc$cores/Encoder/Cordic/Cordic.v:279$552'.
  created $adff cell `$procdff$1699' with negative edge clock and positive level reset.
Creating register for signal `$paramod$4dd87f7da0c59bf6dc17c485889418c7718fac44\Cordic_iteration.\Y_out' using process `$paramod$4dd87f7da0c59bf6dc17c485889418c7718fac44\Cordic_iteration.$proc$cores/Encoder/Cordic/Cordic.v:279$552'.
  created $adff cell `$procdff$1702' with negative edge clock and positive level reset.
Creating register for signal `$paramod$4dd87f7da0c59bf6dc17c485889418c7718fac44\Cordic_iteration.\X_in_reg' using process `$paramod$4dd87f7da0c59bf6dc17c485889418c7718fac44\Cordic_iteration.$proc$cores/Encoder/Cordic/Cordic.v:279$552'.
  created $adff cell `$procdff$1705' with negative edge clock and positive level reset.
Creating register for signal `$paramod$4dd87f7da0c59bf6dc17c485889418c7718fac44\Cordic_iteration.\Y_in_reg' using process `$paramod$4dd87f7da0c59bf6dc17c485889418c7718fac44\Cordic_iteration.$proc$cores/Encoder/Cordic/Cordic.v:279$552'.
  created $adff cell `$procdff$1708' with negative edge clock and positive level reset.
Creating register for signal `$paramod$4dd87f7da0c59bf6dc17c485889418c7718fac44\Cordic_iteration.\angle_in_reg' using process `$paramod$4dd87f7da0c59bf6dc17c485889418c7718fac44\Cordic_iteration.$proc$cores/Encoder/Cordic/Cordic.v:279$552'.
  created $adff cell `$procdff$1711' with negative edge clock and positive level reset.
Creating register for signal `$paramod$b86dd94fab75ce8223615dfbc1f9891d43dc0948\Cordic_iteration.\angle_out' using process `$paramod$b86dd94fab75ce8223615dfbc1f9891d43dc0948\Cordic_iteration.$proc$cores/Encoder/Cordic/Cordic.v:279$537'.
  created $adff cell `$procdff$1714' with negative edge clock and positive level reset.
Creating register for signal `$paramod$b86dd94fab75ce8223615dfbc1f9891d43dc0948\Cordic_iteration.\X_out' using process `$paramod$b86dd94fab75ce8223615dfbc1f9891d43dc0948\Cordic_iteration.$proc$cores/Encoder/Cordic/Cordic.v:279$537'.
  created $adff cell `$procdff$1717' with negative edge clock and positive level reset.
Creating register for signal `$paramod$b86dd94fab75ce8223615dfbc1f9891d43dc0948\Cordic_iteration.\Y_out' using process `$paramod$b86dd94fab75ce8223615dfbc1f9891d43dc0948\Cordic_iteration.$proc$cores/Encoder/Cordic/Cordic.v:279$537'.
  created $adff cell `$procdff$1720' with negative edge clock and positive level reset.
Creating register for signal `$paramod$b86dd94fab75ce8223615dfbc1f9891d43dc0948\Cordic_iteration.\X_in_reg' using process `$paramod$b86dd94fab75ce8223615dfbc1f9891d43dc0948\Cordic_iteration.$proc$cores/Encoder/Cordic/Cordic.v:279$537'.
  created $adff cell `$procdff$1723' with negative edge clock and positive level reset.
Creating register for signal `$paramod$b86dd94fab75ce8223615dfbc1f9891d43dc0948\Cordic_iteration.\Y_in_reg' using process `$paramod$b86dd94fab75ce8223615dfbc1f9891d43dc0948\Cordic_iteration.$proc$cores/Encoder/Cordic/Cordic.v:279$537'.
  created $adff cell `$procdff$1726' with negative edge clock and positive level reset.
Creating register for signal `$paramod$b86dd94fab75ce8223615dfbc1f9891d43dc0948\Cordic_iteration.\angle_in_reg' using process `$paramod$b86dd94fab75ce8223615dfbc1f9891d43dc0948\Cordic_iteration.$proc$cores/Encoder/Cordic/Cordic.v:279$537'.
  created $adff cell `$procdff$1729' with negative edge clock and positive level reset.
Creating register for signal `$paramod$f0e02e5c1bda642b318e418e605a3778196c8835\Cordic_iteration.\angle_out' using process `$paramod$f0e02e5c1bda642b318e418e605a3778196c8835\Cordic_iteration.$proc$cores/Encoder/Cordic/Cordic.v:279$522'.
  created $adff cell `$procdff$1732' with negative edge clock and positive level reset.
Creating register for signal `$paramod$f0e02e5c1bda642b318e418e605a3778196c8835\Cordic_iteration.\X_out' using process `$paramod$f0e02e5c1bda642b318e418e605a3778196c8835\Cordic_iteration.$proc$cores/Encoder/Cordic/Cordic.v:279$522'.
  created $adff cell `$procdff$1735' with negative edge clock and positive level reset.
Creating register for signal `$paramod$f0e02e5c1bda642b318e418e605a3778196c8835\Cordic_iteration.\Y_out' using process `$paramod$f0e02e5c1bda642b318e418e605a3778196c8835\Cordic_iteration.$proc$cores/Encoder/Cordic/Cordic.v:279$522'.
  created $adff cell `$procdff$1738' with negative edge clock and positive level reset.
Creating register for signal `$paramod$f0e02e5c1bda642b318e418e605a3778196c8835\Cordic_iteration.\X_in_reg' using process `$paramod$f0e02e5c1bda642b318e418e605a3778196c8835\Cordic_iteration.$proc$cores/Encoder/Cordic/Cordic.v:279$522'.
  created $adff cell `$procdff$1741' with negative edge clock and positive level reset.
Creating register for signal `$paramod$f0e02e5c1bda642b318e418e605a3778196c8835\Cordic_iteration.\Y_in_reg' using process `$paramod$f0e02e5c1bda642b318e418e605a3778196c8835\Cordic_iteration.$proc$cores/Encoder/Cordic/Cordic.v:279$522'.
  created $adff cell `$procdff$1744' with negative edge clock and positive level reset.
Creating register for signal `$paramod$f0e02e5c1bda642b318e418e605a3778196c8835\Cordic_iteration.\angle_in_reg' using process `$paramod$f0e02e5c1bda642b318e418e605a3778196c8835\Cordic_iteration.$proc$cores/Encoder/Cordic/Cordic.v:279$522'.
  created $adff cell `$procdff$1747' with negative edge clock and positive level reset.
Creating register for signal `$paramod$9df73fc2f316a73a40adc2c1613c15890da18a9f\Cordic_iteration.\angle_out' using process `$paramod$9df73fc2f316a73a40adc2c1613c15890da18a9f\Cordic_iteration.$proc$cores/Encoder/Cordic/Cordic.v:279$507'.
  created $adff cell `$procdff$1750' with negative edge clock and positive level reset.
Creating register for signal `$paramod$9df73fc2f316a73a40adc2c1613c15890da18a9f\Cordic_iteration.\X_out' using process `$paramod$9df73fc2f316a73a40adc2c1613c15890da18a9f\Cordic_iteration.$proc$cores/Encoder/Cordic/Cordic.v:279$507'.
  created $adff cell `$procdff$1753' with negative edge clock and positive level reset.
Creating register for signal `$paramod$9df73fc2f316a73a40adc2c1613c15890da18a9f\Cordic_iteration.\Y_out' using process `$paramod$9df73fc2f316a73a40adc2c1613c15890da18a9f\Cordic_iteration.$proc$cores/Encoder/Cordic/Cordic.v:279$507'.
  created $adff cell `$procdff$1756' with negative edge clock and positive level reset.
Creating register for signal `$paramod$9df73fc2f316a73a40adc2c1613c15890da18a9f\Cordic_iteration.\X_in_reg' using process `$paramod$9df73fc2f316a73a40adc2c1613c15890da18a9f\Cordic_iteration.$proc$cores/Encoder/Cordic/Cordic.v:279$507'.
  created $adff cell `$procdff$1759' with negative edge clock and positive level reset.
Creating register for signal `$paramod$9df73fc2f316a73a40adc2c1613c15890da18a9f\Cordic_iteration.\Y_in_reg' using process `$paramod$9df73fc2f316a73a40adc2c1613c15890da18a9f\Cordic_iteration.$proc$cores/Encoder/Cordic/Cordic.v:279$507'.
  created $adff cell `$procdff$1762' with negative edge clock and positive level reset.
Creating register for signal `$paramod$9df73fc2f316a73a40adc2c1613c15890da18a9f\Cordic_iteration.\angle_in_reg' using process `$paramod$9df73fc2f316a73a40adc2c1613c15890da18a9f\Cordic_iteration.$proc$cores/Encoder/Cordic/Cordic.v:279$507'.
  created $adff cell `$procdff$1765' with negative edge clock and positive level reset.
Creating register for signal `$paramod$46541639c9f0760b5073c13506a5a2164b7caf45\Cordic_iteration.\angle_out' using process `$paramod$46541639c9f0760b5073c13506a5a2164b7caf45\Cordic_iteration.$proc$cores/Encoder/Cordic/Cordic.v:279$492'.
  created $adff cell `$procdff$1768' with negative edge clock and positive level reset.
Creating register for signal `$paramod$46541639c9f0760b5073c13506a5a2164b7caf45\Cordic_iteration.\X_out' using process `$paramod$46541639c9f0760b5073c13506a5a2164b7caf45\Cordic_iteration.$proc$cores/Encoder/Cordic/Cordic.v:279$492'.
  created $adff cell `$procdff$1771' with negative edge clock and positive level reset.
Creating register for signal `$paramod$46541639c9f0760b5073c13506a5a2164b7caf45\Cordic_iteration.\Y_out' using process `$paramod$46541639c9f0760b5073c13506a5a2164b7caf45\Cordic_iteration.$proc$cores/Encoder/Cordic/Cordic.v:279$492'.
  created $adff cell `$procdff$1774' with negative edge clock and positive level reset.
Creating register for signal `$paramod$46541639c9f0760b5073c13506a5a2164b7caf45\Cordic_iteration.\X_in_reg' using process `$paramod$46541639c9f0760b5073c13506a5a2164b7caf45\Cordic_iteration.$proc$cores/Encoder/Cordic/Cordic.v:279$492'.
  created $adff cell `$procdff$1777' with negative edge clock and positive level reset.
Creating register for signal `$paramod$46541639c9f0760b5073c13506a5a2164b7caf45\Cordic_iteration.\Y_in_reg' using process `$paramod$46541639c9f0760b5073c13506a5a2164b7caf45\Cordic_iteration.$proc$cores/Encoder/Cordic/Cordic.v:279$492'.
  created $adff cell `$procdff$1780' with negative edge clock and positive level reset.
Creating register for signal `$paramod$46541639c9f0760b5073c13506a5a2164b7caf45\Cordic_iteration.\angle_in_reg' using process `$paramod$46541639c9f0760b5073c13506a5a2164b7caf45\Cordic_iteration.$proc$cores/Encoder/Cordic/Cordic.v:279$492'.
  created $adff cell `$procdff$1783' with negative edge clock and positive level reset.
Creating register for signal `$paramod$32835f46e10bf028ecbb74d89b68287a79f3d5c0\Cordic_iteration.\angle_out' using process `$paramod$32835f46e10bf028ecbb74d89b68287a79f3d5c0\Cordic_iteration.$proc$cores/Encoder/Cordic/Cordic.v:279$477'.
  created $adff cell `$procdff$1786' with negative edge clock and positive level reset.
Creating register for signal `$paramod$32835f46e10bf028ecbb74d89b68287a79f3d5c0\Cordic_iteration.\X_out' using process `$paramod$32835f46e10bf028ecbb74d89b68287a79f3d5c0\Cordic_iteration.$proc$cores/Encoder/Cordic/Cordic.v:279$477'.
  created $adff cell `$procdff$1789' with negative edge clock and positive level reset.
Creating register for signal `$paramod$32835f46e10bf028ecbb74d89b68287a79f3d5c0\Cordic_iteration.\Y_out' using process `$paramod$32835f46e10bf028ecbb74d89b68287a79f3d5c0\Cordic_iteration.$proc$cores/Encoder/Cordic/Cordic.v:279$477'.
  created $adff cell `$procdff$1792' with negative edge clock and positive level reset.
Creating register for signal `$paramod$32835f46e10bf028ecbb74d89b68287a79f3d5c0\Cordic_iteration.\X_in_reg' using process `$paramod$32835f46e10bf028ecbb74d89b68287a79f3d5c0\Cordic_iteration.$proc$cores/Encoder/Cordic/Cordic.v:279$477'.
  created $adff cell `$procdff$1795' with negative edge clock and positive level reset.
Creating register for signal `$paramod$32835f46e10bf028ecbb74d89b68287a79f3d5c0\Cordic_iteration.\Y_in_reg' using process `$paramod$32835f46e10bf028ecbb74d89b68287a79f3d5c0\Cordic_iteration.$proc$cores/Encoder/Cordic/Cordic.v:279$477'.
  created $adff cell `$procdff$1798' with negative edge clock and positive level reset.
Creating register for signal `$paramod$32835f46e10bf028ecbb74d89b68287a79f3d5c0\Cordic_iteration.\angle_in_reg' using process `$paramod$32835f46e10bf028ecbb74d89b68287a79f3d5c0\Cordic_iteration.$proc$cores/Encoder/Cordic/Cordic.v:279$477'.
  created $adff cell `$procdff$1801' with negative edge clock and positive level reset.

13.5.10. Executing PROC_MEMWR pass (convert process memory writes to cells).

13.5.11. Executing PROC_CLEAN pass (remove empty switches from decision trees).
Found and cleaned up 1 empty switch in `\Control.$proc$cores/Encoder/Control/Control.v:40$474'.
Removing empty process `Control.$proc$cores/Encoder/Control/Control.v:40$474'.
Found and cleaned up 3 empty switches in `\Control.$proc$cores/Encoder/Control/Control.v:15$473'.
Removing empty process `Control.$proc$cores/Encoder/Control/Control.v:15$473'.
Found and cleaned up 1 empty switch in `\Sampler.$proc$cores/Encoder/Sampler/Sampler.v:59$472'.
Removing empty process `Sampler.$proc$cores/Encoder/Sampler/Sampler.v:59$472'.
Found and cleaned up 3 empty switches in `\Sampler.$proc$cores/Encoder/Sampler/Sampler.v:18$470'.
Removing empty process `Sampler.$proc$cores/Encoder/Sampler/Sampler.v:18$470'.
Found and cleaned up 7 empty switches in `$paramod$3e616a0e06e4648ce82d4c7cdb2269fbdad4d203\uart.$proc$cores/uart/uart.v:122$460'.
Removing empty process `$paramod$3e616a0e06e4648ce82d4c7cdb2269fbdad4d203\uart.$proc$cores/uart/uart.v:122$460'.
Found and cleaned up 10 empty switches in `$paramod$3e616a0e06e4648ce82d4c7cdb2269fbdad4d203\uart.$proc$cores/uart/uart.v:66$452'.
Removing empty process `$paramod$3e616a0e06e4648ce82d4c7cdb2269fbdad4d203\uart.$proc$cores/uart/uart.v:66$452'.
Removing empty process `$paramod$3e616a0e06e4648ce82d4c7cdb2269fbdad4d203\uart.$proc$cores/uart/uart.v:52$451'.
Found and cleaned up 2 empty switches in `$paramod$3e616a0e06e4648ce82d4c7cdb2269fbdad4d203\uart.$proc$cores/uart/uart.v:34$448'.
Removing empty process `$paramod$3e616a0e06e4648ce82d4c7cdb2269fbdad4d203\uart.$proc$cores/uart/uart.v:34$448'.
Found and cleaned up 1 empty switch in `\Encoder.$proc$cores/Encoder/Encoder.v:68$443'.
Removing empty process `Encoder.$proc$cores/Encoder/Encoder.v:68$443'.
Removing empty process `FemtoRV32.$proc$cores/cpu/femtorv32_quark_V2.v:298$441'.
Found and cleaned up 1 empty switch in `\FemtoRV32.$proc$cores/cpu/femtorv32_quark_V2.v:290$437'.
Removing empty process `FemtoRV32.$proc$cores/cpu/femtorv32_quark_V2.v:290$437'.
Found and cleaned up 4 empty switches in `\FemtoRV32.$proc$cores/cpu/femtorv32_quark_V2.v:249$424'.
Removing empty process `FemtoRV32.$proc$cores/cpu/femtorv32_quark_V2.v:249$424'.
Found and cleaned up 4 empty switches in `\FemtoRV32.$proc$cores/cpu/femtorv32_quark_V2.v:188$387'.
Removing empty process `FemtoRV32.$proc$cores/cpu/femtorv32_quark_V2.v:188$387'.
Found and cleaned up 3 empty switches in `\FemtoRV32.$proc$cores/cpu/femtorv32_quark_V2.v:179$370'.
Removing empty process `FemtoRV32.$proc$cores/cpu/femtorv32_quark_V2.v:179$370'.
Found and cleaned up 5 empty switches in `\bram.$proc$cores/bram/bram.v:20$261'.
Removing empty process `bram.$proc$cores/bram/bram.v:20$261'.
Removing empty process `$paramod$e6d04b969bf2e003005da0092106b7e60df8a87d\peripheral_uart.$proc$cores/uart/perip_uart.v:21$256'.
Removing empty process `$paramod$e6d04b969bf2e003005da0092106b7e60df8a87d\peripheral_uart.$proc$cores/uart/perip_uart.v:20$255'.
Removing empty process `$paramod$e6d04b969bf2e003005da0092106b7e60df8a87d\peripheral_uart.$proc$cores/uart/perip_uart.v:15$254'.
Found and cleaned up 1 empty switch in `$paramod$e6d04b969bf2e003005da0092106b7e60df8a87d\peripheral_uart.$proc$cores/uart/perip_uart.v:45$253'.
Removing empty process `$paramod$e6d04b969bf2e003005da0092106b7e60df8a87d\peripheral_uart.$proc$cores/uart/perip_uart.v:45$253'.
Removing empty process `$paramod$e6d04b969bf2e003005da0092106b7e60df8a87d\peripheral_uart.$proc$cores/uart/perip_uart.v:38$248'.
Found and cleaned up 1 empty switch in `$paramod$e6d04b969bf2e003005da0092106b7e60df8a87d\peripheral_uart.$proc$cores/uart/perip_uart.v:29$245'.
Removing empty process `$paramod$e6d04b969bf2e003005da0092106b7e60df8a87d\peripheral_uart.$proc$cores/uart/perip_uart.v:29$245'.
Found and cleaned up 1 empty switch in `\peripheral_Encoder.$proc$cores/Encoder/perip_Encoder.v:77$244'.
Removing empty process `peripheral_Encoder.$proc$cores/Encoder/perip_Encoder.v:77$244'.
Removing empty process `peripheral_Encoder.$proc$cores/Encoder/perip_Encoder.v:71$239'.
Found and cleaned up 1 empty switch in `\peripheral_Encoder.$proc$cores/Encoder/perip_Encoder.v:59$233'.
Removing empty process `peripheral_Encoder.$proc$cores/Encoder/perip_Encoder.v:59$233'.
Found and cleaned up 1 empty switch in `\SOC.$proc$SOC.v:284$232'.
Removing empty process `SOC.$proc$SOC.v:284$232'.
Found and cleaned up 1 empty switch in `\SOC.$proc$SOC.v:268$231'.
Removing empty process `SOC.$proc$SOC.v:268$231'.
Found and cleaned up 1 empty switch in `\Angular_speed_calc.$proc$cores/Encoder/Derivador/Derivator.v:62$643'.
Removing empty process `Angular_speed_calc.$proc$cores/Encoder/Derivador/Derivator.v:62$643'.
Found and cleaned up 4 empty switches in `\unwrap.$proc$cores/Encoder/Derivador/Derivator.v:117$640'.
Removing empty process `unwrap.$proc$cores/Encoder/Derivador/Derivator.v:117$640'.
Found and cleaned up 4 empty switches in `\first_Cordic_iteration.$proc$cores/Encoder/Cordic/Cordic.v:328$631'.
Removing empty process `first_Cordic_iteration.$proc$cores/Encoder/Cordic/Cordic.v:328$631'.
Removing empty process `$paramod$04616e89781cd6db49957a5f99b515d8f685856b\Cordic_iteration.$proc$cores/Encoder/Cordic/Cordic.v:305$624'.
Found and cleaned up 3 empty switches in `$paramod$04616e89781cd6db49957a5f99b515d8f685856b\Cordic_iteration.$proc$cores/Encoder/Cordic/Cordic.v:279$612'.
Removing empty process `$paramod$04616e89781cd6db49957a5f99b515d8f685856b\Cordic_iteration.$proc$cores/Encoder/Cordic/Cordic.v:279$612'.
Removing empty process `$paramod$49027eaa83d720b3275365365dcbb78725bc51b7\Cordic_iteration.$proc$cores/Encoder/Cordic/Cordic.v:305$609'.
Found and cleaned up 3 empty switches in `$paramod$49027eaa83d720b3275365365dcbb78725bc51b7\Cordic_iteration.$proc$cores/Encoder/Cordic/Cordic.v:279$597'.
Removing empty process `$paramod$49027eaa83d720b3275365365dcbb78725bc51b7\Cordic_iteration.$proc$cores/Encoder/Cordic/Cordic.v:279$597'.
Removing empty process `$paramod$0446fdd797e627022e549d3ad5e8c6a77f844e5f\Cordic_iteration.$proc$cores/Encoder/Cordic/Cordic.v:305$594'.
Found and cleaned up 3 empty switches in `$paramod$0446fdd797e627022e549d3ad5e8c6a77f844e5f\Cordic_iteration.$proc$cores/Encoder/Cordic/Cordic.v:279$582'.
Removing empty process `$paramod$0446fdd797e627022e549d3ad5e8c6a77f844e5f\Cordic_iteration.$proc$cores/Encoder/Cordic/Cordic.v:279$582'.
Removing empty process `$paramod$b56bc5d7be092e81119cbcb20114e0ea037752d2\Cordic_iteration.$proc$cores/Encoder/Cordic/Cordic.v:305$579'.
Found and cleaned up 3 empty switches in `$paramod$b56bc5d7be092e81119cbcb20114e0ea037752d2\Cordic_iteration.$proc$cores/Encoder/Cordic/Cordic.v:279$567'.
Removing empty process `$paramod$b56bc5d7be092e81119cbcb20114e0ea037752d2\Cordic_iteration.$proc$cores/Encoder/Cordic/Cordic.v:279$567'.
Removing empty process `$paramod$4dd87f7da0c59bf6dc17c485889418c7718fac44\Cordic_iteration.$proc$cores/Encoder/Cordic/Cordic.v:305$564'.
Found and cleaned up 3 empty switches in `$paramod$4dd87f7da0c59bf6dc17c485889418c7718fac44\Cordic_iteration.$proc$cores/Encoder/Cordic/Cordic.v:279$552'.
Removing empty process `$paramod$4dd87f7da0c59bf6dc17c485889418c7718fac44\Cordic_iteration.$proc$cores/Encoder/Cordic/Cordic.v:279$552'.
Removing empty process `$paramod$b86dd94fab75ce8223615dfbc1f9891d43dc0948\Cordic_iteration.$proc$cores/Encoder/Cordic/Cordic.v:305$549'.
Found and cleaned up 3 empty switches in `$paramod$b86dd94fab75ce8223615dfbc1f9891d43dc0948\Cordic_iteration.$proc$cores/Encoder/Cordic/Cordic.v:279$537'.
Removing empty process `$paramod$b86dd94fab75ce8223615dfbc1f9891d43dc0948\Cordic_iteration.$proc$cores/Encoder/Cordic/Cordic.v:279$537'.
Removing empty process `$paramod$f0e02e5c1bda642b318e418e605a3778196c8835\Cordic_iteration.$proc$cores/Encoder/Cordic/Cordic.v:305$534'.
Found and cleaned up 3 empty switches in `$paramod$f0e02e5c1bda642b318e418e605a3778196c8835\Cordic_iteration.$proc$cores/Encoder/Cordic/Cordic.v:279$522'.
Removing empty process `$paramod$f0e02e5c1bda642b318e418e605a3778196c8835\Cordic_iteration.$proc$cores/Encoder/Cordic/Cordic.v:279$522'.
Removing empty process `$paramod$9df73fc2f316a73a40adc2c1613c15890da18a9f\Cordic_iteration.$proc$cores/Encoder/Cordic/Cordic.v:305$519'.
Found and cleaned up 3 empty switches in `$paramod$9df73fc2f316a73a40adc2c1613c15890da18a9f\Cordic_iteration.$proc$cores/Encoder/Cordic/Cordic.v:279$507'.
Removing empty process `$paramod$9df73fc2f316a73a40adc2c1613c15890da18a9f\Cordic_iteration.$proc$cores/Encoder/Cordic/Cordic.v:279$507'.
Removing empty process `$paramod$46541639c9f0760b5073c13506a5a2164b7caf45\Cordic_iteration.$proc$cores/Encoder/Cordic/Cordic.v:305$504'.
Found and cleaned up 3 empty switches in `$paramod$46541639c9f0760b5073c13506a5a2164b7caf45\Cordic_iteration.$proc$cores/Encoder/Cordic/Cordic.v:279$492'.
Removing empty process `$paramod$46541639c9f0760b5073c13506a5a2164b7caf45\Cordic_iteration.$proc$cores/Encoder/Cordic/Cordic.v:279$492'.
Removing empty process `$paramod$32835f46e10bf028ecbb74d89b68287a79f3d5c0\Cordic_iteration.$proc$cores/Encoder/Cordic/Cordic.v:305$489'.
Found and cleaned up 3 empty switches in `$paramod$32835f46e10bf028ecbb74d89b68287a79f3d5c0\Cordic_iteration.$proc$cores/Encoder/Cordic/Cordic.v:279$477'.
Removing empty process `$paramod$32835f46e10bf028ecbb74d89b68287a79f3d5c0\Cordic_iteration.$proc$cores/Encoder/Cordic/Cordic.v:279$477'.
Removing empty process `escale_magnitude.$proc$cores/Encoder/Cordic/Cordic.v:388$475'.
Cleaned up 90 empty switches.

13.5.12. Executing OPT_EXPR pass (perform const folding).
Optimizing module Control.
<suppressed ~4 debug messages>
Optimizing module Sampler.
<suppressed ~7 debug messages>
Optimizing module $paramod$3e616a0e06e4648ce82d4c7cdb2269fbdad4d203\uart.
<suppressed ~16 debug messages>
Optimizing module Encoder.
<suppressed ~2 debug messages>
Optimizing module FemtoRV32.
<suppressed ~34 debug messages>
Optimizing module bram.
Optimizing module $paramod$e6d04b969bf2e003005da0092106b7e60df8a87d\peripheral_uart.
Optimizing module peripheral_Encoder.
Optimizing module SOC.
<suppressed ~6 debug messages>
Optimizing module Angular_speed_calc.
<suppressed ~6 debug messages>
Optimizing module unwrap.
<suppressed ~6 debug messages>
Optimizing module first_Cordic_iteration.
<suppressed ~12 debug messages>
Optimizing module $paramod$04616e89781cd6db49957a5f99b515d8f685856b\Cordic_iteration.
<suppressed ~15 debug messages>
Optimizing module $paramod$49027eaa83d720b3275365365dcbb78725bc51b7\Cordic_iteration.
<suppressed ~15 debug messages>
Optimizing module $paramod$0446fdd797e627022e549d3ad5e8c6a77f844e5f\Cordic_iteration.
<suppressed ~15 debug messages>
Optimizing module $paramod$b56bc5d7be092e81119cbcb20114e0ea037752d2\Cordic_iteration.
<suppressed ~15 debug messages>
Optimizing module $paramod$4dd87f7da0c59bf6dc17c485889418c7718fac44\Cordic_iteration.
<suppressed ~15 debug messages>
Optimizing module $paramod$b86dd94fab75ce8223615dfbc1f9891d43dc0948\Cordic_iteration.
<suppressed ~15 debug messages>
Optimizing module $paramod$f0e02e5c1bda642b318e418e605a3778196c8835\Cordic_iteration.
<suppressed ~15 debug messages>
Optimizing module $paramod$9df73fc2f316a73a40adc2c1613c15890da18a9f\Cordic_iteration.
<suppressed ~15 debug messages>
Optimizing module $paramod$46541639c9f0760b5073c13506a5a2164b7caf45\Cordic_iteration.
<suppressed ~15 debug messages>
Optimizing module $paramod$32835f46e10bf028ecbb74d89b68287a79f3d5c0\Cordic_iteration.
<suppressed ~15 debug messages>
Optimizing module escale_magnitude.
Optimizing module Cordic.
Optimizing module Derivator.

13.6. Executing CHECK pass (checking for obvious problems).
Checking module Control...
Checking module Sampler...
Checking module $paramod$3e616a0e06e4648ce82d4c7cdb2269fbdad4d203\uart...
Checking module Encoder...
Checking module FemtoRV32...
Checking module bram...
Checking module $paramod$e6d04b969bf2e003005da0092106b7e60df8a87d\peripheral_uart...
Checking module peripheral_Encoder...
Checking module SOC...
Checking module Angular_speed_calc...
Checking module unwrap...
Checking module first_Cordic_iteration...
Checking module $paramod$04616e89781cd6db49957a5f99b515d8f685856b\Cordic_iteration...
Checking module $paramod$49027eaa83d720b3275365365dcbb78725bc51b7\Cordic_iteration...
Checking module $paramod$0446fdd797e627022e549d3ad5e8c6a77f844e5f\Cordic_iteration...
Checking module $paramod$b56bc5d7be092e81119cbcb20114e0ea037752d2\Cordic_iteration...
Checking module $paramod$4dd87f7da0c59bf6dc17c485889418c7718fac44\Cordic_iteration...
Checking module $paramod$b86dd94fab75ce8223615dfbc1f9891d43dc0948\Cordic_iteration...
Checking module $paramod$f0e02e5c1bda642b318e418e605a3778196c8835\Cordic_iteration...
Checking module $paramod$9df73fc2f316a73a40adc2c1613c15890da18a9f\Cordic_iteration...
Checking module $paramod$46541639c9f0760b5073c13506a5a2164b7caf45\Cordic_iteration...
Checking module $paramod$32835f46e10bf028ecbb74d89b68287a79f3d5c0\Cordic_iteration...
Checking module escale_magnitude...
Checking module Cordic...
Checking module Derivator...
Found and reported 0 problems.

13.7. Executing FLATTEN pass (flatten design).
Deleting now unused module Control.
Deleting now unused module Sampler.
Deleting now unused module $paramod$3e616a0e06e4648ce82d4c7cdb2269fbdad4d203\uart.
Deleting now unused module Encoder.
Deleting now unused module FemtoRV32.
Deleting now unused module bram.
Deleting now unused module $paramod$e6d04b969bf2e003005da0092106b7e60df8a87d\peripheral_uart.
Deleting now unused module peripheral_Encoder.
Deleting now unused module Angular_speed_calc.
Deleting now unused module unwrap.
Deleting now unused module first_Cordic_iteration.
Deleting now unused module $paramod$04616e89781cd6db49957a5f99b515d8f685856b\Cordic_iteration.
Deleting now unused module $paramod$49027eaa83d720b3275365365dcbb78725bc51b7\Cordic_iteration.
Deleting now unused module $paramod$0446fdd797e627022e549d3ad5e8c6a77f844e5f\Cordic_iteration.
Deleting now unused module $paramod$b56bc5d7be092e81119cbcb20114e0ea037752d2\Cordic_iteration.
Deleting now unused module $paramod$4dd87f7da0c59bf6dc17c485889418c7718fac44\Cordic_iteration.
Deleting now unused module $paramod$b86dd94fab75ce8223615dfbc1f9891d43dc0948\Cordic_iteration.
Deleting now unused module $paramod$f0e02e5c1bda642b318e418e605a3778196c8835\Cordic_iteration.
Deleting now unused module $paramod$9df73fc2f316a73a40adc2c1613c15890da18a9f\Cordic_iteration.
Deleting now unused module $paramod$46541639c9f0760b5073c13506a5a2164b7caf45\Cordic_iteration.
Deleting now unused module $paramod$32835f46e10bf028ecbb74d89b68287a79f3d5c0\Cordic_iteration.
Deleting now unused module escale_magnitude.
Deleting now unused module Cordic.
Deleting now unused module Derivator.
<suppressed ~24 debug messages>

13.8. Executing TRIBUF pass.

13.9. Executing DEMINOUT pass (demote inout ports to input or output).

13.10. Executing OPT_EXPR pass (perform const folding).
Optimizing module SOC.
<suppressed ~106 debug messages>

13.11. Executing OPT_CLEAN pass (remove unused cells and wires).
Finding unused cells or wires in module \SOC..
Removed 66 unused cells and 791 unused wires.
<suppressed ~113 debug messages>

13.12. Executing CHECK pass (checking for obvious problems).
Checking module SOC...
Found and reported 0 problems.

13.13. Executing OPT pass (performing simple optimizations).

13.13.1. Executing OPT_EXPR pass (perform const folding).
Optimizing module SOC.

13.13.2. Executing OPT_MERGE pass (detect identical cells).
Finding identical cells in module `\SOC'.
Computing hashes of 703 cells of `\SOC'.
Finding duplicate cells in `\SOC'.
Computing hashes of 683 cells of `\SOC'.
Finding duplicate cells in `\SOC'.
<suppressed ~60 debug messages>
Removed a total of 20 cells.

13.13.3. Executing OPT_MUXTREE pass (detect dead branches in mux trees).
Running muxtree optimizer on module \SOC..
  Creating internal representation of mux trees.
  Evaluating internal representation of mux trees.
      Replacing known input bits on port B of cell $flatten\Enc0.\Enc0.\Cordic0.\first_iter.$procmux$1139: { \x_in_11 \x_in_11 \x_in_10 \x_in_9 \x_in_8 \x_in_7 \x_in_6 \x_in_5 \x_in_4 \x_in_3 \x_in_2 \x_in_1 \x_in_0 \y_in_11 \y_in_11 \y_in_10 \y_in_9 \y_in_8 \y_in_7 \y_in_6 \y_in_5 \y_in_4 \y_in_3 \y_in_2 \y_in_1 \y_in_0 } -> { 2'00 \x_in_10 \x_in_9 \x_in_8 \x_in_7 \x_in_6 \x_in_5 \x_in_4 \x_in_3 \x_in_2 \x_in_1 \x_in_0 2'00 \y_in_10 \y_in_9 \y_in_8 \y_in_7 \y_in_6 \y_in_5 \y_in_4 \y_in_3 \y_in_2 \y_in_1 \y_in_0 }
      Replacing known input bits on port B of cell $flatten\Enc0.\Enc0.\Cordic0.\first_iter.$procmux$1123: { \x_in_11 \x_in_11 \x_in_10 \x_in_9 \x_in_8 \x_in_7 \x_in_6 \x_in_5 \x_in_4 \x_in_3 \x_in_2 \x_in_1 \x_in_0 \Enc0.Enc0.Cordic0.first_iter.y_neg } -> { 2'00 \x_in_10 \x_in_9 \x_in_8 \x_in_7 \x_in_6 \x_in_5 \x_in_4 \x_in_3 \x_in_2 \x_in_1 \x_in_0 \Enc0.Enc0.Cordic0.first_iter.y_neg }
      Replacing known input bits on port B of cell $flatten\Enc0.\Enc0.\Cordic0.\first_iter.$procmux$1128: { \y_in_11 \y_in_11 \y_in_10 \y_in_9 \y_in_8 \y_in_7 \y_in_6 \y_in_5 \y_in_4 \y_in_3 \y_in_2 \y_in_1 \y_in_0 \Enc0.Enc0.Cordic0.first_iter.x_neg } -> { 2'00 \y_in_10 \y_in_9 \y_in_8 \y_in_7 \y_in_6 \y_in_5 \y_in_4 \y_in_3 \y_in_2 \y_in_1 \y_in_0 \Enc0.Enc0.Cordic0.first_iter.x_neg }
      Replacing known input bits on port A of cell $flatten\per_uart.\uart0.$procmux$815: \per_uart.uart0.rx_busy -> 1'1
      Replacing known input bits on port A of cell $flatten\per_uart.\uart0.$procmux$811: \per_uart.uart0.rx_busy -> 1'1
      Replacing known input bits on port A of cell $flatten\per_uart.\uart0.$procmux$808: \per_uart.uart0.rx_busy -> 1'1
      Replacing known input bits on port B of cell $flatten\per_uart.\uart0.$procmux$818: \per_uart.uart0.rx_busy -> 1'0
      Replacing known input bits on port A of cell $flatten\Enc0.\Enc0.\Derivator0.\unwrap0.$ternary$cores/Encoder/Derivador/Derivator.v:108$635: \Enc0.Enc0.Derivator0.unwrap0.delta -> { 1'0 \Enc0.Enc0.Derivator0.unwrap0.delta [12:0] }
      Replacing known input bits on port B of cell $flatten\CPU.$procmux$923: \CPU.state -> { 3'100 \CPU.state [0] }
  Analyzing evaluation results.
    dead port 2/2 on $mux $flatten\CPU.$procmux$973.
    dead port 2/2 on $mux $flatten\CPU.$procmux$976.
    dead port 2/2 on $mux $flatten\CPU.$procmux$982.
    dead port 2/2 on $mux $flatten\CPU.$procmux$985.
    dead port 2/2 on $mux $flatten\CPU.$procmux$991.
    dead port 2/2 on $mux $flatten\CPU.$procmux$994.
    dead port 2/2 on $mux $flatten\CPU.$procmux$1000.
    dead port 2/2 on $mux $flatten\CPU.$procmux$1006.
    dead port 2/2 on $mux $flatten\CPU.$procmux$1012.
Removed 9 multiplexer ports.
<suppressed ~525 debug messages>

13.13.4. Executing OPT_REDUCE pass (consolidate $*mux and $reduce_* inputs).
  Optimizing cells in module \SOC.
    New ctrl vector for $pmux cell $flatten\Enc0.\Enc0.\Control0.$procmux$657: { $flatten\Enc0.\Enc0.\Control0.$procmux$666_CMP $auto$opt_reduce.cc:137:opt_pmux$1833 }
    Consolidated identical input bits for $mux cell $flatten\RAM.$procmux$1027:
      Old ports: A=0, B=32'11111111000000000000000000000000, Y=$flatten\RAM.$0$memwr$\MEM$cores/bram/bram.v:27$260_EN[31:0]$273
      New ports: A=1'0, B=1'1, Y=$flatten\RAM.$0$memwr$\MEM$cores/bram/bram.v:27$260_EN[31:0]$273 [24]
      New connections: { $flatten\RAM.$0$memwr$\MEM$cores/bram/bram.v:27$260_EN[31:0]$273 [31:25] $flatten\RAM.$0$memwr$\MEM$cores/bram/bram.v:27$260_EN[31:0]$273 [23:0] } = { $flatten\RAM.$0$memwr$\MEM$cores/bram/bram.v:27$260_EN[31:0]$273 [24] $flatten\RAM.$0$memwr$\MEM$cores/bram/bram.v:27$260_EN[31:0]$273 [24] $flatten\RAM.$0$memwr$\MEM$cores/bram/bram.v:27$260_EN[31:0]$273 [24] $flatten\RAM.$0$memwr$\MEM$cores/bram/bram.v:27$260_EN[31:0]$273 [24] $flatten\RAM.$0$memwr$\MEM$cores/bram/bram.v:27$260_EN[31:0]$273 [24] $flatten\RAM.$0$memwr$\MEM$cores/bram/bram.v:27$260_EN[31:0]$273 [24] $flatten\RAM.$0$memwr$\MEM$cores/bram/bram.v:27$260_EN[31:0]$273 [24] 24'000000000000000000000000 }
    Consolidated identical input bits for $mux cell $flatten\RAM.$procmux$1036:
      Old ports: A=0, B=16711680, Y=$flatten\RAM.$0$memwr$\MEM$cores/bram/bram.v:26$259_EN[31:0]$270
      New ports: A=1'0, B=1'1, Y=$flatten\RAM.$0$memwr$\MEM$cores/bram/bram.v:26$259_EN[31:0]$270 [16]
      New connections: { $flatten\RAM.$0$memwr$\MEM$cores/bram/bram.v:26$259_EN[31:0]$270 [31:17] $flatten\RAM.$0$memwr$\MEM$cores/bram/bram.v:26$259_EN[31:0]$270 [15:0] } = { 8'00000000 $flatten\RAM.$0$memwr$\MEM$cores/bram/bram.v:26$259_EN[31:0]$270 [16] $flatten\RAM.$0$memwr$\MEM$cores/bram/bram.v:26$259_EN[31:0]$270 [16] $flatten\RAM.$0$memwr$\MEM$cores/bram/bram.v:26$259_EN[31:0]$270 [16] $flatten\RAM.$0$memwr$\MEM$cores/bram/bram.v:26$259_EN[31:0]$270 [16] $flatten\RAM.$0$memwr$\MEM$cores/bram/bram.v:26$259_EN[31:0]$270 [16] $flatten\RAM.$0$memwr$\MEM$cores/bram/bram.v:26$259_EN[31:0]$270 [16] $flatten\RAM.$0$memwr$\MEM$cores/bram/bram.v:26$259_EN[31:0]$270 [16] 16'0000000000000000 }
    Consolidated identical input bits for $mux cell $flatten\RAM.$procmux$1045:
      Old ports: A=0, B=65280, Y=$flatten\RAM.$0$memwr$\MEM$cores/bram/bram.v:25$258_EN[31:0]$267
      New ports: A=1'0, B=1'1, Y=$flatten\RAM.$0$memwr$\MEM$cores/bram/bram.v:25$258_EN[31:0]$267 [8]
      New connections: { $flatten\RAM.$0$memwr$\MEM$cores/bram/bram.v:25$258_EN[31:0]$267 [31:9] $flatten\RAM.$0$memwr$\MEM$cores/bram/bram.v:25$258_EN[31:0]$267 [7:0] } = { 16'0000000000000000 $flatten\RAM.$0$memwr$\MEM$cores/bram/bram.v:25$258_EN[31:0]$267 [8] $flatten\RAM.$0$memwr$\MEM$cores/bram/bram.v:25$258_EN[31:0]$267 [8] $flatten\RAM.$0$memwr$\MEM$cores/bram/bram.v:25$258_EN[31:0]$267 [8] $flatten\RAM.$0$memwr$\MEM$cores/bram/bram.v:25$258_EN[31:0]$267 [8] $flatten\RAM.$0$memwr$\MEM$cores/bram/bram.v:25$258_EN[31:0]$267 [8] $flatten\RAM.$0$memwr$\MEM$cores/bram/bram.v:25$258_EN[31:0]$267 [8] $flatten\RAM.$0$memwr$\MEM$cores/bram/bram.v:25$258_EN[31:0]$267 [8] 8'00000000 }
    Consolidated identical input bits for $mux cell $flatten\RAM.$procmux$1054:
      Old ports: A=0, B=255, Y=$flatten\RAM.$0$memwr$\MEM$cores/bram/bram.v:24$257_EN[31:0]$264
      New ports: A=1'0, B=1'1, Y=$flatten\RAM.$0$memwr$\MEM$cores/bram/bram.v:24$257_EN[31:0]$264 [0]
      New connections: $flatten\RAM.$0$memwr$\MEM$cores/bram/bram.v:24$257_EN[31:0]$264 [31:1] = { 24'000000000000000000000000 $flatten\RAM.$0$memwr$\MEM$cores/bram/bram.v:24$257_EN[31:0]$264 [0] $flatten\RAM.$0$memwr$\MEM$cores/bram/bram.v:24$257_EN[31:0]$264 [0] $flatten\RAM.$0$memwr$\MEM$cores/bram/bram.v:24$257_EN[31:0]$264 [0] $flatten\RAM.$0$memwr$\MEM$cores/bram/bram.v:24$257_EN[31:0]$264 [0] $flatten\RAM.$0$memwr$\MEM$cores/bram/bram.v:24$257_EN[31:0]$264 [0] $flatten\RAM.$0$memwr$\MEM$cores/bram/bram.v:24$257_EN[31:0]$264 [0] $flatten\RAM.$0$memwr$\MEM$cores/bram/bram.v:24$257_EN[31:0]$264 [0] }
    Consolidated identical input bits for $mux cell $flatten\CPU.$procmux$971:
      Old ports: A=0, B=32'11111111111111111111111111111111, Y=$flatten\CPU.$procmux$971_Y
      New ports: A=1'0, B=1'1, Y=$flatten\CPU.$procmux$971_Y [0]
      New connections: $flatten\CPU.$procmux$971_Y [31:1] = { $flatten\CPU.$procmux$971_Y [0] $flatten\CPU.$procmux$971_Y [0] $flatten\CPU.$procmux$971_Y [0] $flatten\CPU.$procmux$971_Y [0] $flatten\CPU.$procmux$971_Y [0] $flatten\CPU.$procmux$971_Y [0] $flatten\CPU.$procmux$971_Y [0] $flatten\CPU.$procmux$971_Y [0] $flatten\CPU.$procmux$971_Y [0] $flatten\CPU.$procmux$971_Y [0] $flatten\CPU.$procmux$971_Y [0] $flatten\CPU.$procmux$971_Y [0] $flatten\CPU.$procmux$971_Y [0] $flatten\CPU.$procmux$971_Y [0] $flatten\CPU.$procmux$971_Y [0] $flatten\CPU.$procmux$971_Y [0] $flatten\CPU.$procmux$971_Y [0] $flatten\CPU.$procmux$971_Y [0] $flatten\CPU.$procmux$971_Y [0] $flatten\CPU.$procmux$971_Y [0] $flatten\CPU.$procmux$971_Y [0] $flatten\CPU.$procmux$971_Y [0] $flatten\CPU.$procmux$971_Y [0] $flatten\CPU.$procmux$971_Y [0] $flatten\CPU.$procmux$971_Y [0] $flatten\CPU.$procmux$971_Y [0] $flatten\CPU.$procmux$971_Y [0] $flatten\CPU.$procmux$971_Y [0] $flatten\CPU.$procmux$971_Y [0] $flatten\CPU.$procmux$971_Y [0] $flatten\CPU.$procmux$971_Y [0] }
    Consolidated identical input bits for $mux cell $flatten\CPU.$procmux$1015:
      Old ports: A=32'11111111111111111111111111111111, B=0, Y=$flatten\CPU.$0$memwr$\registerFile$cores/cpu/femtorv32_quark_V2.v:181$289_EN[31:0]$371
      New ports: A=1'1, B=1'0, Y=$flatten\CPU.$0$memwr$\registerFile$cores/cpu/femtorv32_quark_V2.v:181$289_EN[31:0]$371 [0]
      New connections: $flatten\CPU.$0$memwr$\registerFile$cores/cpu/femtorv32_quark_V2.v:181$289_EN[31:0]$371 [31:1] = { $flatten\CPU.$0$memwr$\registerFile$cores/cpu/femtorv32_quark_V2.v:181$289_EN[31:0]$371 [0] $flatten\CPU.$0$memwr$\registerFile$cores/cpu/femtorv32_quark_V2.v:181$289_EN[31:0]$371 [0] $flatten\CPU.$0$memwr$\registerFile$cores/cpu/femtorv32_quark_V2.v:181$289_EN[31:0]$371 [0] $flatten\CPU.$0$memwr$\registerFile$cores/cpu/femtorv32_quark_V2.v:181$289_EN[31:0]$371 [0] $flatten\CPU.$0$memwr$\registerFile$cores/cpu/femtorv32_quark_V2.v:181$289_EN[31:0]$371 [0] $flatten\CPU.$0$memwr$\registerFile$cores/cpu/femtorv32_quark_V2.v:181$289_EN[31:0]$371 [0] $flatten\CPU.$0$memwr$\registerFile$cores/cpu/femtorv32_quark_V2.v:181$289_EN[31:0]$371 [0] $flatten\CPU.$0$memwr$\registerFile$cores/cpu/femtorv32_quark_V2.v:181$289_EN[31:0]$371 [0] $flatten\CPU.$0$memwr$\registerFile$cores/cpu/femtorv32_quark_V2.v:181$289_EN[31:0]$371 [0] $flatten\CPU.$0$memwr$\registerFile$cores/cpu/femtorv32_quark_V2.v:181$289_EN[31:0]$371 [0] $flatten\CPU.$0$memwr$\registerFile$cores/cpu/femtorv32_quark_V2.v:181$289_EN[31:0]$371 [0] $flatten\CPU.$0$memwr$\registerFile$cores/cpu/femtorv32_quark_V2.v:181$289_EN[31:0]$371 [0] $flatten\CPU.$0$memwr$\registerFile$cores/cpu/femtorv32_quark_V2.v:181$289_EN[31:0]$371 [0] $flatten\CPU.$0$memwr$\registerFile$cores/cpu/femtorv32_quark_V2.v:181$289_EN[31:0]$371 [0] $flatten\CPU.$0$memwr$\registerFile$cores/cpu/femtorv32_quark_V2.v:181$289_EN[31:0]$371 [0] $flatten\CPU.$0$memwr$\registerFile$cores/cpu/femtorv32_quark_V2.v:181$289_EN[31:0]$371 [0] $flatten\CPU.$0$memwr$\registerFile$cores/cpu/femtorv32_quark_V2.v:181$289_EN[31:0]$371 [0] $flatten\CPU.$0$memwr$\registerFile$cores/cpu/femtorv32_quark_V2.v:181$289_EN[31:0]$371 [0] $flatten\CPU.$0$memwr$\registerFile$cores/cpu/femtorv32_quark_V2.v:181$289_EN[31:0]$371 [0] $flatten\CPU.$0$memwr$\registerFile$cores/cpu/femtorv32_quark_V2.v:181$289_EN[31:0]$371 [0] $flatten\CPU.$0$memwr$\registerFile$cores/cpu/femtorv32_quark_V2.v:181$289_EN[31:0]$371 [0] $flatten\CPU.$0$memwr$\registerFile$cores/cpu/femtorv32_quark_V2.v:181$289_EN[31:0]$371 [0] $flatten\CPU.$0$memwr$\registerFile$cores/cpu/femtorv32_quark_V2.v:181$289_EN[31:0]$371 [0] $flatten\CPU.$0$memwr$\registerFile$cores/cpu/femtorv32_quark_V2.v:181$289_EN[31:0]$371 [0] $flatten\CPU.$0$memwr$\registerFile$cores/cpu/femtorv32_quark_V2.v:181$289_EN[31:0]$371 [0] $flatten\CPU.$0$memwr$\registerFile$cores/cpu/femtorv32_quark_V2.v:181$289_EN[31:0]$371 [0] $flatten\CPU.$0$memwr$\registerFile$cores/cpu/femtorv32_quark_V2.v:181$289_EN[31:0]$371 [0] $flatten\CPU.$0$memwr$\registerFile$cores/cpu/femtorv32_quark_V2.v:181$289_EN[31:0]$371 [0] $flatten\CPU.$0$memwr$\registerFile$cores/cpu/femtorv32_quark_V2.v:181$289_EN[31:0]$371 [0] $flatten\CPU.$0$memwr$\registerFile$cores/cpu/femtorv32_quark_V2.v:181$289_EN[31:0]$371 [0] $flatten\CPU.$0$memwr$\registerFile$cores/cpu/femtorv32_quark_V2.v:181$289_EN[31:0]$371 [0] }
    New ctrl vector for $pmux cell $procmux$1085: { $procmux$1086_CMP $procmux$1087_CMP }
  Optimizing cells in module \SOC.
    Consolidated identical input bits for $mux cell $flatten\CPU.$procmux$997:
      Old ports: A=0, B=$flatten\CPU.$3$memwr$\registerFile$cores/cpu/femtorv32_quark_V2.v:185$290_EN[31:0]$386, Y=$flatten\CPU.$procmux$997_Y
      New ports: A=1'0, B=$flatten\CPU.$procmux$971_Y [0], Y=$flatten\CPU.$procmux$997_Y [0]
      New connections: $flatten\CPU.$procmux$997_Y [31:1] = { $flatten\CPU.$procmux$997_Y [0] $flatten\CPU.$procmux$997_Y [0] $flatten\CPU.$procmux$997_Y [0] $flatten\CPU.$procmux$997_Y [0] $flatten\CPU.$procmux$997_Y [0] $flatten\CPU.$procmux$997_Y [0] $flatten\CPU.$procmux$997_Y [0] $flatten\CPU.$procmux$997_Y [0] $flatten\CPU.$procmux$997_Y [0] $flatten\CPU.$procmux$997_Y [0] $flatten\CPU.$procmux$997_Y [0] $flatten\CPU.$procmux$997_Y [0] $flatten\CPU.$procmux$997_Y [0] $flatten\CPU.$procmux$997_Y [0] $flatten\CPU.$procmux$997_Y [0] $flatten\CPU.$procmux$997_Y [0] $flatten\CPU.$procmux$997_Y [0] $flatten\CPU.$procmux$997_Y [0] $flatten\CPU.$procmux$997_Y [0] $flatten\CPU.$procmux$997_Y [0] $flatten\CPU.$procmux$997_Y [0] $flatten\CPU.$procmux$997_Y [0] $flatten\CPU.$procmux$997_Y [0] $flatten\CPU.$procmux$997_Y [0] $flatten\CPU.$procmux$997_Y [0] $flatten\CPU.$procmux$997_Y [0] $flatten\CPU.$procmux$997_Y [0] $flatten\CPU.$procmux$997_Y [0] $flatten\CPU.$procmux$997_Y [0] $flatten\CPU.$procmux$997_Y [0] $flatten\CPU.$procmux$997_Y [0] }
  Optimizing cells in module \SOC.
    Consolidated identical input bits for $mux cell $flatten\CPU.$procmux$1018:
      Old ports: A=0, B=$flatten\CPU.$2$memwr$\registerFile$cores/cpu/femtorv32_quark_V2.v:185$290_EN[31:0]$382, Y=$flatten\CPU.$0$memwr$\registerFile$cores/cpu/femtorv32_quark_V2.v:185$290_EN[31:0]$374
      New ports: A=1'0, B=$flatten\CPU.$procmux$997_Y [0], Y=$flatten\CPU.$0$memwr$\registerFile$cores/cpu/femtorv32_quark_V2.v:185$290_EN[31:0]$374 [0]
      New connections: $flatten\CPU.$0$memwr$\registerFile$cores/cpu/femtorv32_quark_V2.v:185$290_EN[31:0]$374 [31:1] = { $flatten\CPU.$0$memwr$\registerFile$cores/cpu/femtorv32_quark_V2.v:185$290_EN[31:0]$374 [0] $flatten\CPU.$0$memwr$\registerFile$cores/cpu/femtorv32_quark_V2.v:185$290_EN[31:0]$374 [0] $flatten\CPU.$0$memwr$\registerFile$cores/cpu/femtorv32_quark_V2.v:185$290_EN[31:0]$374 [0] $flatten\CPU.$0$memwr$\registerFile$cores/cpu/femtorv32_quark_V2.v:185$290_EN[31:0]$374 [0] $flatten\CPU.$0$memwr$\registerFile$cores/cpu/femtorv32_quark_V2.v:185$290_EN[31:0]$374 [0] $flatten\CPU.$0$memwr$\registerFile$cores/cpu/femtorv32_quark_V2.v:185$290_EN[31:0]$374 [0] $flatten\CPU.$0$memwr$\registerFile$cores/cpu/femtorv32_quark_V2.v:185$290_EN[31:0]$374 [0] $flatten\CPU.$0$memwr$\registerFile$cores/cpu/femtorv32_quark_V2.v:185$290_EN[31:0]$374 [0] $flatten\CPU.$0$memwr$\registerFile$cores/cpu/femtorv32_quark_V2.v:185$290_EN[31:0]$374 [0] $flatten\CPU.$0$memwr$\registerFile$cores/cpu/femtorv32_quark_V2.v:185$290_EN[31:0]$374 [0] $flatten\CPU.$0$memwr$\registerFile$cores/cpu/femtorv32_quark_V2.v:185$290_EN[31:0]$374 [0] $flatten\CPU.$0$memwr$\registerFile$cores/cpu/femtorv32_quark_V2.v:185$290_EN[31:0]$374 [0] $flatten\CPU.$0$memwr$\registerFile$cores/cpu/femtorv32_quark_V2.v:185$290_EN[31:0]$374 [0] $flatten\CPU.$0$memwr$\registerFile$cores/cpu/femtorv32_quark_V2.v:185$290_EN[31:0]$374 [0] $flatten\CPU.$0$memwr$\registerFile$cores/cpu/femtorv32_quark_V2.v:185$290_EN[31:0]$374 [0] $flatten\CPU.$0$memwr$\registerFile$cores/cpu/femtorv32_quark_V2.v:185$290_EN[31:0]$374 [0] $flatten\CPU.$0$memwr$\registerFile$cores/cpu/femtorv32_quark_V2.v:185$290_EN[31:0]$374 [0] $flatten\CPU.$0$memwr$\registerFile$cores/cpu/femtorv32_quark_V2.v:185$290_EN[31:0]$374 [0] $flatten\CPU.$0$memwr$\registerFile$cores/cpu/femtorv32_quark_V2.v:185$290_EN[31:0]$374 [0] $flatten\CPU.$0$memwr$\registerFile$cores/cpu/femtorv32_quark_V2.v:185$290_EN[31:0]$374 [0] $flatten\CPU.$0$memwr$\registerFile$cores/cpu/femtorv32_quark_V2.v:185$290_EN[31:0]$374 [0] $flatten\CPU.$0$memwr$\registerFile$cores/cpu/femtorv32_quark_V2.v:185$290_EN[31:0]$374 [0] $flatten\CPU.$0$memwr$\registerFile$cores/cpu/femtorv32_quark_V2.v:185$290_EN[31:0]$374 [0] $flatten\CPU.$0$memwr$\registerFile$cores/cpu/femtorv32_quark_V2.v:185$290_EN[31:0]$374 [0] $flatten\CPU.$0$memwr$\registerFile$cores/cpu/femtorv32_quark_V2.v:185$290_EN[31:0]$374 [0] $flatten\CPU.$0$memwr$\registerFile$cores/cpu/femtorv32_quark_V2.v:185$290_EN[31:0]$374 [0] $flatten\CPU.$0$memwr$\registerFile$cores/cpu/femtorv32_quark_V2.v:185$290_EN[31:0]$374 [0] $flatten\CPU.$0$memwr$\registerFile$cores/cpu/femtorv32_quark_V2.v:185$290_EN[31:0]$374 [0] $flatten\CPU.$0$memwr$\registerFile$cores/cpu/femtorv32_quark_V2.v:185$290_EN[31:0]$374 [0] $flatten\CPU.$0$memwr$\registerFile$cores/cpu/femtorv32_quark_V2.v:185$290_EN[31:0]$374 [0] $flatten\CPU.$0$memwr$\registerFile$cores/cpu/femtorv32_quark_V2.v:185$290_EN[31:0]$374 [0] }
  Optimizing cells in module \SOC.
Performed a total of 10 changes.

13.13.5. Executing OPT_MERGE pass (detect identical cells).
Finding identical cells in module `\SOC'.
Computing hashes of 675 cells of `\SOC'.
Finding duplicate cells in `\SOC'.
Computing hashes of 673 cells of `\SOC'.
Finding duplicate cells in `\SOC'.
<suppressed ~6 debug messages>
Removed a total of 2 cells.

13.13.6. Executing OPT_DFF pass (perform DFF optimizations).

13.13.7. Executing OPT_CLEAN pass (remove unused cells and wires).
Finding unused cells or wires in module \SOC..
Removed 0 unused cells and 31 unused wires.
<suppressed ~1 debug messages>

13.13.8. Executing OPT_EXPR pass (perform const folding).
Optimizing module SOC.

13.13.9. Rerunning OPT passes. (Maybe there is more to do..)

13.13.10. Executing OPT_MUXTREE pass (detect dead branches in mux trees).
Running muxtree optimizer on module \SOC..
  Creating internal representation of mux trees.
  Evaluating internal representation of mux trees.
  Analyzing evaluation results.
Removed 0 multiplexer ports.
<suppressed ~518 debug messages>

13.13.11. Executing OPT_REDUCE pass (consolidate $*mux and $reduce_* inputs).
  Optimizing cells in module \SOC.
Performed a total of 0 changes.

13.13.12. Executing OPT_MERGE pass (detect identical cells).
Finding identical cells in module `\SOC'.
Computing hashes of 673 cells of `\SOC'.
Finding duplicate cells in `\SOC'.
Removed a total of 0 cells.

13.13.13. Executing OPT_DFF pass (perform DFF optimizations).

13.13.14. Executing OPT_CLEAN pass (remove unused cells and wires).
Finding unused cells or wires in module \SOC..

13.13.15. Executing OPT_EXPR pass (perform const folding).
Optimizing module SOC.

13.13.16. Finished fast OPT passes. (There is nothing left to do.)

13.14. Executing FSM pass (extract and optimize FSM).

13.14.1. Executing FSM_DETECT pass (finding FSMs in design).
Not marking SOC.Enc0.Enc0.Cordic0.first_iter.angle_out as FSM state register:
    Users of register don't seem to benefit from recoding.
Not marking SOC.Enc0.Enc0.Derivator0.unwrap0.offset as FSM state register:
    Users of register don't seem to benefit from recoding.
Found FSM state register SOC.Enc0.Enc0.Control0.state.
Found FSM state register SOC.Enc0.Enc0.Sampler0.state.

13.14.2. Executing FSM_EXTRACT pass (extracting FSM from design).
Extracting FSM `\Enc0.Enc0.Control0.state' from module `\SOC'.
  found $adff cell for state register: $flatten\Enc0.\Enc0.\Control0.$procdff$1511
  root of input selection tree: $flatten\Enc0.\Enc0.\Control0.$0\state[1:0]
  found reset state: 2'00 (from async reset)
  found ctrl input: $flatten\Enc0.\Enc0.\Control0.$procmux$651_CMP
  found ctrl input: $flatten\Enc0.\Enc0.\Control0.$procmux$655_CMP
  found ctrl input: $flatten\Enc0.\Enc0.\Control0.$procmux$660_CMP
  found ctrl input: \Enc0.module_init
  found state code: 2'10
  found state code: 2'01
  found ctrl output: $flatten\Enc0.\Enc0.\Control0.$procmux$660_CMP
  found ctrl output: $flatten\Enc0.\Enc0.\Control0.$procmux$655_CMP
  found ctrl output: $flatten\Enc0.\Enc0.\Control0.$procmux$651_CMP
  ctrl inputs: \Enc0.module_init
  ctrl outputs: { $flatten\Enc0.\Enc0.\Control0.$0\state[1:0] $flatten\Enc0.\Enc0.\Control0.$procmux$651_CMP $flatten\Enc0.\Enc0.\Control0.$procmux$655_CMP $flatten\Enc0.\Enc0.\Control0.$procmux$660_CMP }
  transition:       2'00 1'0 ->       2'00 5'00001
  transition:       2'00 1'1 ->       2'10 5'10001
  transition:       2'10 1'- ->       2'01 5'01010
  transition:       2'01 1'0 ->       2'00 5'00100
  transition:       2'01 1'1 ->       2'10 5'10100
Extracting FSM `\Enc0.Enc0.Sampler0.state' from module `\SOC'.
  found $adff cell for state register: $flatten\Enc0.\Enc0.\Sampler0.$procdff$1523
  root of input selection tree: $flatten\Enc0.\Enc0.\Sampler0.$0\state[1:0]
  found reset state: 2'00 (from async reset)
  found ctrl input: $flatten\Enc0.\Enc0.\Sampler0.$procmux$673_CMP
  found ctrl input: $flatten\Enc0.\Enc0.\Sampler0.$procmux$680_CMP
  found ctrl input: $flatten\Enc0.\Enc0.\Sampler0.$procmux$683_CMP
  found ctrl input: \Enc0.Enc0.Sampler0.init_ff2
  found state code: 2'01
  found state code: 2'10
  found ctrl output: $flatten\Enc0.\Enc0.\Sampler0.$procmux$680_CMP
  found ctrl output: $flatten\Enc0.\Enc0.\Sampler0.$procmux$683_CMP
  found ctrl output: $flatten\Enc0.\Enc0.\Sampler0.$procmux$673_CMP
  ctrl inputs: \Enc0.Enc0.Sampler0.init_ff2
  ctrl outputs: { $flatten\Enc0.\Enc0.\Sampler0.$0\state[1:0] $flatten\Enc0.\Enc0.\Sampler0.$procmux$673_CMP $flatten\Enc0.\Enc0.\Sampler0.$procmux$680_CMP $flatten\Enc0.\Enc0.\Sampler0.$procmux$683_CMP }
  transition:       2'00 1'0 ->       2'00 5'00001
  transition:       2'00 1'1 ->       2'10 5'10001
  transition:       2'10 1'- ->       2'01 5'01010
  transition:       2'01 1'0 ->       2'00 5'00100
  transition:       2'01 1'1 ->       2'01 5'01100

13.14.3. Executing FSM_OPT pass (simple optimizations of FSMs).
Optimizing FSM `$fsm$\Enc0.Enc0.Sampler0.state$1839' from module `\SOC'.
Optimizing FSM `$fsm$\Enc0.Enc0.Control0.state$1834' from module `\SOC'.

13.14.4. Executing OPT_CLEAN pass (remove unused cells and wires).
Finding unused cells or wires in module \SOC..
Removed 14 unused cells and 14 unused wires.
<suppressed ~15 debug messages>

13.14.5. Executing FSM_OPT pass (simple optimizations of FSMs).
Optimizing FSM `$fsm$\Enc0.Enc0.Sampler0.state$1839' from module `\SOC'.
  Removing unused output signal $flatten\Enc0.\Enc0.\Sampler0.$procmux$683_CMP.
  Removing unused output signal $flatten\Enc0.\Enc0.\Sampler0.$0\state[1:0] [0].
  Removing unused output signal $flatten\Enc0.\Enc0.\Sampler0.$0\state[1:0] [1].
Optimizing FSM `$fsm$\Enc0.Enc0.Control0.state$1834' from module `\SOC'.
  Removing unused output signal $flatten\Enc0.\Enc0.\Control0.$0\state[1:0] [0].
  Removing unused output signal $flatten\Enc0.\Enc0.\Control0.$0\state[1:0] [1].

13.14.6. Executing FSM_RECODE pass (re-assigning FSM state encoding).
Recoding FSM `$fsm$\Enc0.Enc0.Sampler0.state$1839' from module `\SOC' using `auto' encoding:
  mapping auto encoding to `one-hot` for this FSM.
  00 -> --1
  10 -> -1-
  01 -> 1--
Recoding FSM `$fsm$\Enc0.Enc0.Control0.state$1834' from module `\SOC' using `auto' encoding:
  mapping auto encoding to `one-hot` for this FSM.
  00 -> --1
  10 -> -1-
  01 -> 1--

13.14.7. Executing FSM_INFO pass (dumping all available information on FSM cells).

FSM `$fsm$\Enc0.Enc0.Sampler0.state$1839' from module `SOC':
-------------------------------------

  Information on FSM $fsm$\Enc0.Enc0.Sampler0.state$1839 (\Enc0.Enc0.Sampler0.state):

  Number of input signals:    1
  Number of output signals:   2
  Number of state bits:       3

  Input signals:
    0: \Enc0.Enc0.Sampler0.init_ff2

  Output signals:
    0: $flatten\Enc0.\Enc0.\Sampler0.$procmux$680_CMP
    1: $flatten\Enc0.\Enc0.\Sampler0.$procmux$673_CMP

  State encoding:
    0:      3'--1  <RESET STATE>
    1:      3'-1-
    2:      3'1--

  Transition Table (state_in, ctrl_in, state_out, ctrl_out):
      0:     0 1'0   ->     0 2'00
      1:     0 1'1   ->     1 2'00
      2:     1 1'-   ->     2 2'01
      3:     2 1'0   ->     0 2'10
      4:     2 1'1   ->     2 2'10

-------------------------------------

FSM `$fsm$\Enc0.Enc0.Control0.state$1834' from module `SOC':
-------------------------------------

  Information on FSM $fsm$\Enc0.Enc0.Control0.state$1834 (\Enc0.Enc0.Control0.state):

  Number of input signals:    1
  Number of output signals:   3
  Number of state bits:       3

  Input signals:
    0: \Enc0.module_init

  Output signals:
    0: $flatten\Enc0.\Enc0.\Control0.$procmux$660_CMP
    1: $flatten\Enc0.\Enc0.\Control0.$procmux$655_CMP
    2: $flatten\Enc0.\Enc0.\Control0.$procmux$651_CMP

  State encoding:
    0:      3'--1  <RESET STATE>
    1:      3'-1-
    2:      3'1--

  Transition Table (state_in, ctrl_in, state_out, ctrl_out):
      0:     0 1'0   ->     0 3'001
      1:     0 1'1   ->     1 3'001
      2:     1 1'-   ->     2 3'010
      3:     2 1'0   ->     0 3'100
      4:     2 1'1   ->     1 3'100

-------------------------------------

13.14.8. Executing FSM_MAP pass (mapping FSMs to basic logic).
Mapping FSM `$fsm$\Enc0.Enc0.Sampler0.state$1839' from module `\SOC'.
Mapping FSM `$fsm$\Enc0.Enc0.Control0.state$1834' from module `\SOC'.

13.15. Executing OPT pass (performing simple optimizations).

13.15.1. Executing OPT_EXPR pass (perform const folding).
Optimizing module SOC.
<suppressed ~5 debug messages>

13.15.2. Executing OPT_MERGE pass (detect identical cells).
Finding identical cells in module `\SOC'.
Computing hashes of 672 cells of `\SOC'.
Finding duplicate cells in `\SOC'.
Computing hashes of 671 cells of `\SOC'.
Finding duplicate cells in `\SOC'.
<suppressed ~3 debug messages>
Removed a total of 1 cells.

13.15.3. Executing OPT_MUXTREE pass (detect dead branches in mux trees).
Running muxtree optimizer on module \SOC..
  Creating internal representation of mux trees.
  Evaluating internal representation of mux trees.
  Analyzing evaluation results.
Removed 0 multiplexer ports.
<suppressed ~510 debug messages>

13.15.4. Executing OPT_REDUCE pass (consolidate $*mux and $reduce_* inputs).
  Optimizing cells in module \SOC.
Performed a total of 0 changes.

13.15.5. Executing OPT_MERGE pass (detect identical cells).
Finding identical cells in module `\SOC'.
Computing hashes of 671 cells of `\SOC'.
Finding duplicate cells in `\SOC'.
Removed a total of 0 cells.

13.15.6. Executing OPT_DFF pass (perform DFF optimizations).
Adding SRST signal on $flatten\CPU.$procdff$1556 ($dff) from module SOC (D = $flatten\CPU.$procmux$907_Y, Q = \CPU.rs2, rval = 0).
Adding EN signal on $auto$ff.cc:337:slice$1879 ($sdff) from module SOC (D = $flatten\CPU.$memrd$\registerFile$cores/cpu/femtorv32_quark_V2.v:264$428_DATA, Q = \CPU.rs2).
Adding SRST signal on $flatten\CPU.$procdff$1555 ($dff) from module SOC (D = $flatten\CPU.$procmux$917_Y, Q = \CPU.rs1, rval = 0).
Adding EN signal on $auto$ff.cc:337:slice$1881 ($sdff) from module SOC (D = $flatten\CPU.$memrd$\registerFile$cores/cpu/femtorv32_quark_V2.v:263$427_DATA, Q = \CPU.rs1).
Adding SRST signal on $flatten\CPU.$procdff$1554 ($dff) from module SOC (D = $flatten\CPU.$procmux$925_Y, Q = \CPU.state, rval = 4'1000).
Adding EN signal on $auto$ff.cc:337:slice$1883 ($sdff) from module SOC (D = $flatten\CPU.$procmux$925_Y [0], Q = \CPU.state [0]).
Adding EN signal on $flatten\CPU.$procdff$1553 ($dff) from module SOC (D = \mem_rdata [31:2], Q = \CPU.instr).
Adding SRST signal on $flatten\CPU.$procdff$1552 ($dff) from module SOC (D = $flatten\CPU.$procmux$946_Y, Q = \CPU.PC, rval = 24'000000000000000000000000).
Adding EN signal on $auto$ff.cc:337:slice$1891 ($sdff) from module SOC (D = $flatten\CPU.$ternary$cores/cpu/femtorv32_quark_V2.v:271$430_Y, Q = \CPU.PC).
Adding SRST signal on $flatten\CPU.$procdff$1551 ($dff) from module SOC (D = $flatten\CPU.$add$cores/cpu/femtorv32_quark_V2.v:294$439_Y, Q = \CPU.cycles, rval = 0).
Adding EN signal on $flatten\Enc0.\Enc0.\Cordic0.\iter8.$procdff$1756 ($adff) from module SOC (D = $flatten\Enc0.\Enc0.\Cordic0.\iter8.$procmux$1404_Y, Q = \Enc0.Enc0.Cordic0.iter8.Y_out).
Adding EN signal on $flatten\Enc0.\Enc0.\Cordic0.\iter7.$procdff$1738 ($adff) from module SOC (D = $flatten\Enc0.\Enc0.\Cordic0.\iter7.$procmux$1371_Y, Q = \Enc0.Enc0.Cordic0.iter7.Y_out).
Adding EN signal on $flatten\Enc0.\Enc0.\Cordic0.\iter6.$procdff$1720 ($adff) from module SOC (D = $flatten\Enc0.\Enc0.\Cordic0.\iter6.$procmux$1338_Y, Q = \Enc0.Enc0.Cordic0.iter6.Y_out).
Adding EN signal on $flatten\Enc0.\Enc0.\Cordic0.\iter5.$procdff$1702 ($adff) from module SOC (D = $flatten\Enc0.\Enc0.\Cordic0.\iter5.$procmux$1305_Y, Q = \Enc0.Enc0.Cordic0.iter5.Y_out).
Adding EN signal on $flatten\Enc0.\Enc0.\Cordic0.\iter4.$procdff$1684 ($adff) from module SOC (D = $flatten\Enc0.\Enc0.\Cordic0.\iter4.$procmux$1272_Y, Q = \Enc0.Enc0.Cordic0.iter4.Y_out).
Adding EN signal on $flatten\Enc0.\Enc0.\Cordic0.\iter3.$procdff$1666 ($adff) from module SOC (D = $flatten\Enc0.\Enc0.\Cordic0.\iter3.$procmux$1239_Y, Q = \Enc0.Enc0.Cordic0.iter3.Y_out).
Adding EN signal on $flatten\Enc0.\Enc0.\Cordic0.\iter2.$procdff$1648 ($adff) from module SOC (D = $flatten\Enc0.\Enc0.\Cordic0.\iter2.$procmux$1206_Y, Q = \Enc0.Enc0.Cordic0.iter2.Y_out).
Adding EN signal on $flatten\Enc0.\Enc0.\Cordic0.\iter1.$procdff$1630 ($adff) from module SOC (D = $flatten\Enc0.\Enc0.\Cordic0.\iter1.$procmux$1173_Y, Q = \Enc0.Enc0.Cordic0.iter1.Y_out).
Adding EN signal on $flatten\CPU.$procdff$1557 ($dff) from module SOC (D = $flatten\CPU.$0\aluReg[31:0], Q = \CPU.aluReg).
Adding EN signal on $flatten\CPU.$procdff$1558 ($dff) from module SOC (D = $flatten\CPU.$0\aluShamt[4:0], Q = \CPU.aluShamt).
Adding EN signal on $flatten\Enc0.$procdff$1581 ($dff) from module SOC (D = \CPU.rs2 [0], Q = \Enc0.sampler_init).
Adding EN signal on $flatten\Enc0.$procdff$1582 ($dff) from module SOC (D = \CPU.rs2 [0], Q = \Enc0.module_init).
Adding EN signal on $flatten\Enc0.\Enc0.\Derivator0.\unwrap0.$procdff$1609 ($adff) from module SOC (D = \Enc0.Enc0.Derivator0.Angle_t3_wire, Q = \Enc0.Enc0.Derivator0.unwrap0.angle_reg4).
Adding EN signal on $flatten\RAM.$procdff$1563 ($dff) from module SOC (D = $flatten\RAM.$memrd$\MEM$cores/bram/bram.v:22$274_DATA, Q = \RAM.mem_rdata).
Adding EN signal on $flatten\Enc0.\Enc0.\Cordic0.\iter9.$procdff$1774 ($adff) from module SOC (D = $flatten\Enc0.\Enc0.\Cordic0.\iter9.$procmux$1437_Y, Q = \Enc0.Enc0.Cordic0.iter9.Y_out).
Adding SRST signal on $flatten\per_uart.\uart0.$procdff$1530 ($dff) from module SOC (D = $flatten\per_uart.\uart0.$procmux$764_Y, Q = \per_uart.uart0.tx_busy, rval = 1'0).
Adding SRST signal on $flatten\per_uart.\uart0.$procdff$1531 ($dff) from module SOC (D = $flatten\per_uart.\uart0.$procmux$746_Y, Q = \per_uart.uart0.uart_txd, rval = 1'1).
Adding EN signal on $auto$ff.cc:337:slice$1924 ($sdff) from module SOC (D = $flatten\per_uart.\uart0.$procmux$742_Y, Q = \per_uart.uart0.uart_txd).
Adding EN signal on $flatten\per_uart.\uart0.$procdff$1532 ($dff) from module SOC (D = $flatten\per_uart.\uart0.$procmux$730_Y, Q = \per_uart.uart0.tx_bitcount).
Adding SRST signal on $flatten\per_uart.\uart0.$procdff$1533 ($dff) from module SOC (D = $flatten\per_uart.\uart0.$procmux$712_Y, Q = \per_uart.uart0.tx_count16, rval = 4'0000).
Adding EN signal on $auto$ff.cc:337:slice$1931 ($sdff) from module SOC (D = $flatten\per_uart.\uart0.$procmux$712_Y, Q = \per_uart.uart0.tx_count16).
Adding EN signal on $flatten\per_uart.\uart0.$procdff$1534 ($dff) from module SOC (D = $flatten\per_uart.\uart0.$procmux$705_Y, Q = \per_uart.uart0.txd_reg).
Adding EN signal on $flatten\per_uart.\uart0.$procdff$1535 ($dff) from module SOC (D = \per_uart.uart0.rxd_reg, Q = \per_uart.uart0.rx_data).
Adding SRST signal on $flatten\per_uart.\uart0.$procdff$1536 ($dff) from module SOC (D = $flatten\per_uart.\uart0.$procmux$864_Y, Q = \per_uart.uart0.rx_error, rval = 1'0).
Adding SRST signal on $flatten\per_uart.\uart0.$procdff$1537 ($dff) from module SOC (D = $flatten\per_uart.\uart0.$procmux$843_Y, Q = \per_uart.uart0.rx_avail, rval = 1'0).
Adding SRST signal on $flatten\per_uart.\uart0.$procdff$1538 ($dff) from module SOC (D = $flatten\per_uart.\uart0.$procmux$822_Y, Q = \per_uart.uart0.rx_busy, rval = 1'0).
Adding EN signal on $auto$ff.cc:337:slice$1943 ($sdff) from module SOC (D = $flatten\per_uart.\uart0.$procmux$820_Y, Q = \per_uart.uart0.rx_busy).
Adding SRST signal on $flatten\per_uart.\uart0.$procdff$1539 ($dff) from module SOC (D = $flatten\per_uart.\uart0.$procmux$802_Y, Q = \per_uart.uart0.rx_count16, rval = 4'0000).
Adding EN signal on $auto$ff.cc:337:slice$1945 ($sdff) from module SOC (D = $flatten\per_uart.\uart0.$procmux$800_Y, Q = \per_uart.uart0.rx_count16).
Adding SRST signal on $flatten\per_uart.\uart0.$procdff$1540 ($dff) from module SOC (D = $flatten\per_uart.\uart0.$procmux$792_Y, Q = \per_uart.uart0.rx_bitcount, rval = 4'0000).
Adding EN signal on $auto$ff.cc:337:slice$1951 ($sdff) from module SOC (D = $flatten\per_uart.\uart0.$procmux$790_Y, Q = \per_uart.uart0.rx_bitcount).
Adding EN signal on $flatten\per_uart.\uart0.$procdff$1541 ($dff) from module SOC (D = { \per_uart.uart0.uart_rxd2 \per_uart.uart0.rxd_reg [7:1] }, Q = \per_uart.uart0.rxd_reg).
Adding SRST signal on $flatten\per_uart.\uart0.$procdff$1544 ($dff) from module SOC (D = $flatten\per_uart.\uart0.$sub$cores/uart/uart.v:39$449_Y [15:0], Q = \per_uart.uart0.enable16_counter, rval = 16'0000000000001101).
Adding EN signal on $flatten\per_uart.$procdff$1579 ($dff) from module SOC (D = { \CPU.rs2 [7:3] \CPU.rs2 [1:0] }, Q = { \per_uart.uart_ctrl [7:3] \per_uart.uart_ctrl [1:0] }).
Adding EN signal on $flatten\per_uart.$procdff$1578 ($dff) from module SOC (D = \CPU.rs2 [7:0], Q = \per_uart.d_in_uart).
Adding EN signal on $flatten\Enc0.\Enc0.$procdff$1547 ($adff) from module SOC (D = $flatten\Enc0.\Enc0.$not$cores/Encoder/Encoder.v:75$445_Y, Q = \Enc0.Enc0.clk_div).
Adding EN signal on $flatten\Enc0.\Enc0.\Cordic0.\iter10.$procdff$1801 ($adff) from module SOC (D = \Enc0.Enc0.Cordic0.iter9.angle_out, Q = \Enc0.Enc0.Cordic0.iter10.angle_in_reg).
Adding EN signal on $flatten\Enc0.\Enc0.\Sampler0.$procdff$1517 ($adff) from module SOC (D = \Enc0.Enc0.Cordic0.iter10.angle_out, Q = \Enc0.Enc0.Sampler0.angle_out).
Adding EN signal on $flatten\Enc0.\Enc0.\Sampler0.$procdff$1520 ($adff) from module SOC (D = \Enc0.Enc0.Derivator0.Angular_speed_calc0.Speed_out, Q = \Enc0.Enc0.Sampler0.Speed_out).
Adding EN signal on $flatten\Enc0.\Enc0.\Cordic0.\iter10.$procdff$1786 ($adff) from module SOC (D = $flatten\Enc0.\Enc0.\Cordic0.\iter10.$procmux$1482_Y, Q = \Enc0.Enc0.Cordic0.iter10.angle_out).
Adding EN signal on $flatten\Enc0.\Enc0.\Cordic0.\first_iter.$procdff$1618 ($adff) from module SOC (D = $flatten\Enc0.\Enc0.\Cordic0.\first_iter.$procmux$1137_Y, Q = \Enc0.Enc0.Cordic0.first_iter.X_out).
Adding EN signal on $flatten\Enc0.\Enc0.\Cordic0.\iter10.$procdff$1798 ($adff) from module SOC (D = \Enc0.Enc0.Cordic0.iter9.Y_out, Q = \Enc0.Enc0.Cordic0.iter10.Y_in_reg).
Adding EN signal on $flatten\Enc0.\Enc0.\Cordic0.\iter9.$procdff$1783 ($adff) from module SOC (D = \Enc0.Enc0.Cordic0.iter8.angle_out, Q = \Enc0.Enc0.Cordic0.iter9.angle_in_reg).
Adding EN signal on $flatten\Enc0.\Enc0.\Cordic0.\first_iter.$procdff$1615 ($adff) from module SOC (D = $flatten\Enc0.\Enc0.\Cordic0.\first_iter.$procmux$1148_Y, Q = \Enc0.Enc0.Cordic0.first_iter.angle_out).
Adding EN signal on $flatten\Enc0.\Enc0.\Cordic0.\first_iter.$procdff$1621 ($adff) from module SOC (D = $flatten\Enc0.\Enc0.\Cordic0.\first_iter.$procmux$1126_Y, Q = \Enc0.Enc0.Cordic0.first_iter.Y_out).
Adding EN signal on $flatten\Enc0.\Enc0.\Cordic0.\iter9.$procdff$1777 ($adff) from module SOC (D = \Enc0.Enc0.Cordic0.iter8.X_out, Q = \Enc0.Enc0.Cordic0.iter9.X_in_reg).
Adding EN signal on $flatten\Enc0.\Enc0.\Derivator0.\unwrap0.$procdff$1606 ($adff) from module SOC (D = \Enc0.Enc0.Derivator0.Angular_speed_calc0.Angle_t2, Q = \Enc0.Enc0.Derivator0.unwrap0.angle_reg3).
Adding EN signal on $flatten\Enc0.\Enc0.\Cordic0.\iter9.$procdff$1768 ($adff) from module SOC (D = $flatten\Enc0.\Enc0.\Cordic0.\iter9.$procmux$1449_Y, Q = \Enc0.Enc0.Cordic0.iter9.angle_out).
Adding EN signal on $flatten\Enc0.\Enc0.\Derivator0.\unwrap0.$procdff$1597 ($adff) from module SOC (D = $flatten\Enc0.\Enc0.\Derivator0.\unwrap0.$procmux$1119_Y, Q = \Enc0.Enc0.Derivator0.unwrap0.offset).
Adding EN signal on $flatten\Enc0.\Enc0.\Control0.$procdff$1514 ($adff) from module SOC (D = $flatten\Enc0.\Enc0.\Control0.$0\clk_adc[0:0], Q = \Enc0.Enc0.Control0.clk_adc).
Adding EN signal on $flatten\Enc0.\Enc0.\Cordic0.\iter9.$procdff$1780 ($adff) from module SOC (D = \Enc0.Enc0.Cordic0.iter8.Y_out, Q = \Enc0.Enc0.Cordic0.iter9.Y_in_reg).
Adding EN signal on $flatten\Enc0.\Enc0.\Cordic0.\iter8.$procdff$1765 ($adff) from module SOC (D = \Enc0.Enc0.Cordic0.iter7.angle_out, Q = \Enc0.Enc0.Cordic0.iter8.angle_in_reg).
Adding EN signal on $flatten\Enc0.\Enc0.\Cordic0.\iter8.$procdff$1753 ($adff) from module SOC (D = $flatten\Enc0.\Enc0.\Cordic0.\iter8.$procmux$1410_Y, Q = \Enc0.Enc0.Cordic0.iter8.X_out).
Adding EN signal on $flatten\Enc0.\Enc0.\Cordic0.\iter8.$procdff$1759 ($adff) from module SOC (D = \Enc0.Enc0.Cordic0.iter7.X_out, Q = \Enc0.Enc0.Cordic0.iter8.X_in_reg).
Adding EN signal on $flatten\Enc0.\Enc0.\Cordic0.\iter8.$procdff$1750 ($adff) from module SOC (D = $flatten\Enc0.\Enc0.\Cordic0.\iter8.$procmux$1416_Y, Q = \Enc0.Enc0.Cordic0.iter8.angle_out).
Adding EN signal on $flatten\Enc0.\Enc0.\Cordic0.\iter8.$procdff$1762 ($adff) from module SOC (D = \Enc0.Enc0.Cordic0.iter7.Y_out, Q = \Enc0.Enc0.Cordic0.iter8.Y_in_reg).
Adding EN signal on $flatten\Enc0.\Enc0.\Cordic0.\iter7.$procdff$1747 ($adff) from module SOC (D = \Enc0.Enc0.Cordic0.iter6.angle_out, Q = \Enc0.Enc0.Cordic0.iter7.angle_in_reg).
Adding EN signal on $flatten\Enc0.\Enc0.\Cordic0.\iter7.$procdff$1735 ($adff) from module SOC (D = $flatten\Enc0.\Enc0.\Cordic0.\iter7.$procmux$1377_Y, Q = \Enc0.Enc0.Cordic0.iter7.X_out).
Adding EN signal on $flatten\Enc0.\Enc0.\Cordic0.\iter7.$procdff$1741 ($adff) from module SOC (D = \Enc0.Enc0.Cordic0.iter6.X_out, Q = \Enc0.Enc0.Cordic0.iter7.X_in_reg).
Adding EN signal on $flatten\Enc0.\Enc0.\Cordic0.\iter7.$procdff$1732 ($adff) from module SOC (D = $flatten\Enc0.\Enc0.\Cordic0.\iter7.$procmux$1383_Y, Q = \Enc0.Enc0.Cordic0.iter7.angle_out).
Adding EN signal on $flatten\Enc0.\Enc0.\Derivator0.\Angular_speed_calc0.$procdff$1585 ($adff) from module SOC (D = \Enc0.Enc0.Derivator0.Angular_speed_calc0.Speed_out_reg, Q = \Enc0.Enc0.Derivator0.Angular_speed_calc0.Speed_out).
Adding EN signal on $flatten\Enc0.\Enc0.\Derivator0.\Angular_speed_calc0.$procdff$1594 ($adff) from module SOC (D = $flatten\Enc0.\Enc0.\Derivator0.\Angular_speed_calc0.$sub$cores/Encoder/Derivador/Derivator.v:71$645_Y, Q = \Enc0.Enc0.Derivator0.Angular_speed_calc0.diff2).
Adding EN signal on $flatten\Enc0.\Enc0.\Cordic0.\iter7.$procdff$1744 ($adff) from module SOC (D = \Enc0.Enc0.Cordic0.iter6.Y_out, Q = \Enc0.Enc0.Cordic0.iter7.Y_in_reg).
Adding EN signal on $flatten\Enc0.\Enc0.\Cordic0.\iter6.$procdff$1729 ($adff) from module SOC (D = \Enc0.Enc0.Cordic0.iter5.angle_out, Q = \Enc0.Enc0.Cordic0.iter6.angle_in_reg).
Adding EN signal on $flatten\Enc0.\Enc0.\Cordic0.\iter6.$procdff$1717 ($adff) from module SOC (D = $flatten\Enc0.\Enc0.\Cordic0.\iter6.$procmux$1344_Y, Q = \Enc0.Enc0.Cordic0.iter6.X_out).
Adding EN signal on $flatten\Enc0.\Enc0.\Cordic0.\iter6.$procdff$1723 ($adff) from module SOC (D = \Enc0.Enc0.Cordic0.iter5.X_out, Q = \Enc0.Enc0.Cordic0.iter6.X_in_reg).
Adding EN signal on $flatten\Enc0.\Enc0.\Cordic0.\iter6.$procdff$1714 ($adff) from module SOC (D = $flatten\Enc0.\Enc0.\Cordic0.\iter6.$procmux$1350_Y, Q = \Enc0.Enc0.Cordic0.iter6.angle_out).
Adding EN signal on $flatten\Enc0.\Enc0.\Cordic0.\iter6.$procdff$1726 ($adff) from module SOC (D = \Enc0.Enc0.Cordic0.iter5.Y_out, Q = \Enc0.Enc0.Cordic0.iter6.Y_in_reg).
Adding EN signal on $flatten\Enc0.\Enc0.\Cordic0.\iter5.$procdff$1711 ($adff) from module SOC (D = \Enc0.Enc0.Cordic0.iter4.angle_out, Q = \Enc0.Enc0.Cordic0.iter5.angle_in_reg).
Adding EN signal on $flatten\Enc0.\Enc0.\Cordic0.\iter5.$procdff$1699 ($adff) from module SOC (D = $flatten\Enc0.\Enc0.\Cordic0.\iter5.$procmux$1311_Y, Q = \Enc0.Enc0.Cordic0.iter5.X_out).
Adding EN signal on $flatten\Enc0.\Enc0.\Cordic0.\iter5.$procdff$1705 ($adff) from module SOC (D = \Enc0.Enc0.Cordic0.iter4.X_out, Q = \Enc0.Enc0.Cordic0.iter5.X_in_reg).
Adding EN signal on $flatten\Enc0.\Enc0.\Cordic0.\iter5.$procdff$1696 ($adff) from module SOC (D = $flatten\Enc0.\Enc0.\Cordic0.\iter5.$procmux$1317_Y, Q = \Enc0.Enc0.Cordic0.iter5.angle_out).
Adding EN signal on $flatten\Enc0.\Enc0.\Cordic0.\iter5.$procdff$1708 ($adff) from module SOC (D = \Enc0.Enc0.Cordic0.iter4.Y_out, Q = \Enc0.Enc0.Cordic0.iter5.Y_in_reg).
Adding EN signal on $flatten\Enc0.\Enc0.\Cordic0.\iter4.$procdff$1693 ($adff) from module SOC (D = \Enc0.Enc0.Cordic0.iter3.angle_out, Q = \Enc0.Enc0.Cordic0.iter4.angle_in_reg).
Adding EN signal on $flatten\Enc0.\Enc0.\Cordic0.\iter4.$procdff$1681 ($adff) from module SOC (D = $flatten\Enc0.\Enc0.\Cordic0.\iter4.$procmux$1278_Y, Q = \Enc0.Enc0.Cordic0.iter4.X_out).
Adding EN signal on $flatten\Enc0.\Enc0.\Cordic0.\iter4.$procdff$1687 ($adff) from module SOC (D = \Enc0.Enc0.Cordic0.iter3.X_out, Q = \Enc0.Enc0.Cordic0.iter4.X_in_reg).
Adding EN signal on $flatten\Enc0.\Enc0.\Cordic0.\iter4.$procdff$1678 ($adff) from module SOC (D = $flatten\Enc0.\Enc0.\Cordic0.\iter4.$procmux$1284_Y, Q = \Enc0.Enc0.Cordic0.iter4.angle_out).
Adding EN signal on $flatten\Enc0.\Enc0.\Derivator0.\Angular_speed_calc0.$procdff$1591 ($adff) from module SOC (D = $flatten\Enc0.\Enc0.\Derivator0.\Angular_speed_calc0.$sub$cores/Encoder/Derivador/Derivator.v:70$644_Y, Q = \Enc0.Enc0.Derivator0.Angular_speed_calc0.diff1).
Adding EN signal on $flatten\Enc0.\Enc0.\Cordic0.\iter4.$procdff$1690 ($adff) from module SOC (D = \Enc0.Enc0.Cordic0.iter3.Y_out, Q = \Enc0.Enc0.Cordic0.iter4.Y_in_reg).
Adding EN signal on $flatten\Enc0.\Enc0.\Cordic0.\iter3.$procdff$1675 ($adff) from module SOC (D = \Enc0.Enc0.Cordic0.iter2.angle_out, Q = \Enc0.Enc0.Cordic0.iter3.angle_in_reg).
Adding EN signal on $flatten\Enc0.\Enc0.\Cordic0.\iter3.$procdff$1663 ($adff) from module SOC (D = $flatten\Enc0.\Enc0.\Cordic0.\iter3.$procmux$1245_Y, Q = \Enc0.Enc0.Cordic0.iter3.X_out).
Adding EN signal on $flatten\Enc0.\Enc0.\Cordic0.\iter3.$procdff$1669 ($adff) from module SOC (D = \Enc0.Enc0.Cordic0.iter2.X_out, Q = \Enc0.Enc0.Cordic0.iter3.X_in_reg).
Adding EN signal on $flatten\Enc0.\Enc0.\Cordic0.\iter3.$procdff$1660 ($adff) from module SOC (D = $flatten\Enc0.\Enc0.\Cordic0.\iter3.$procmux$1251_Y, Q = \Enc0.Enc0.Cordic0.iter3.angle_out).
Adding EN signal on $flatten\Enc0.\Enc0.\Derivator0.\Angular_speed_calc0.$procdff$1588 ($adff) from module SOC (D = { 3'000 $flatten\Enc0.\Enc0.\Derivator0.\Angular_speed_calc0.$add$cores/Encoder/Derivador/Derivator.v:73$647_Y [15:3] }, Q = \Enc0.Enc0.Derivator0.Angular_speed_calc0.Speed_out_reg).
Adding EN signal on $flatten\Enc0.\Enc0.\Cordic0.\iter3.$procdff$1672 ($adff) from module SOC (D = \Enc0.Enc0.Cordic0.iter2.Y_out, Q = \Enc0.Enc0.Cordic0.iter3.Y_in_reg).
Adding EN signal on $flatten\Enc0.\Enc0.\Cordic0.\iter2.$procdff$1657 ($adff) from module SOC (D = \Enc0.Enc0.Cordic0.iter1.angle_out, Q = \Enc0.Enc0.Cordic0.iter2.angle_in_reg).
Adding EN signal on $flatten\Enc0.\Enc0.\Cordic0.\iter2.$procdff$1645 ($adff) from module SOC (D = $flatten\Enc0.\Enc0.\Cordic0.\iter2.$procmux$1212_Y, Q = \Enc0.Enc0.Cordic0.iter2.X_out).
Adding EN signal on $flatten\Enc0.\Enc0.\Cordic0.\iter2.$procdff$1651 ($adff) from module SOC (D = \Enc0.Enc0.Cordic0.iter1.X_out, Q = \Enc0.Enc0.Cordic0.iter2.X_in_reg).
Adding EN signal on $flatten\Enc0.\Enc0.\Cordic0.\iter2.$procdff$1642 ($adff) from module SOC (D = $flatten\Enc0.\Enc0.\Cordic0.\iter2.$procmux$1218_Y, Q = \Enc0.Enc0.Cordic0.iter2.angle_out).
Adding EN signal on $flatten\Enc0.\Enc0.\Derivator0.\unwrap0.$procdff$1603 ($adff) from module SOC (D = \Enc0.Enc0.Derivator0.unwrap0.angle_reg1, Q = \Enc0.Enc0.Derivator0.unwrap0.angle_reg2).
Adding EN signal on $flatten\Enc0.\Enc0.\Cordic0.\iter2.$procdff$1654 ($adff) from module SOC (D = \Enc0.Enc0.Cordic0.iter1.Y_out, Q = \Enc0.Enc0.Cordic0.iter2.Y_in_reg).
Adding EN signal on $flatten\Enc0.\Enc0.\Cordic0.\iter1.$procdff$1639 ($adff) from module SOC (D = \Enc0.Enc0.Cordic0.first_iter.angle_out, Q = \Enc0.Enc0.Cordic0.iter1.angle_in_reg).
Adding EN signal on $flatten\Enc0.\Enc0.\Cordic0.\iter1.$procdff$1627 ($adff) from module SOC (D = $flatten\Enc0.\Enc0.\Cordic0.\iter1.$procmux$1179_Y, Q = \Enc0.Enc0.Cordic0.iter1.X_out).
Adding EN signal on $flatten\Enc0.\Enc0.\Cordic0.\iter1.$procdff$1633 ($adff) from module SOC (D = \Enc0.Enc0.Cordic0.first_iter.X_out, Q = \Enc0.Enc0.Cordic0.iter1.X_in_reg).
Adding EN signal on $flatten\Enc0.\Enc0.\Cordic0.\iter1.$procdff$1624 ($adff) from module SOC (D = $flatten\Enc0.\Enc0.\Cordic0.\iter1.$procmux$1185_Y, Q = \Enc0.Enc0.Cordic0.iter1.angle_out).
Adding EN signal on $flatten\Enc0.\Enc0.\Derivator0.\unwrap0.$procdff$1612 ($adff) from module SOC (D = \Enc0.Enc0.Derivator0.Angular_speed_calc0.Angle_t4, Q = \Enc0.Enc0.Derivator0.unwrap0.angle_reg5).
Adding EN signal on $flatten\Enc0.\Enc0.\Derivator0.\unwrap0.$procdff$1600 ($adff) from module SOC (D = \Enc0.Enc0.Cordic0.iter10.angle_out, Q = \Enc0.Enc0.Derivator0.unwrap0.angle_reg1).
Adding EN signal on $flatten\Enc0.\Enc0.\Cordic0.\iter1.$procdff$1636 ($adff) from module SOC (D = \Enc0.Enc0.Cordic0.first_iter.Y_out, Q = \Enc0.Enc0.Cordic0.iter1.Y_in_reg).
Setting constant 0-bit at position 13 on $auto$ff.cc:337:slice$2112 ($adffe) from module SOC.
Setting constant 0-bit at position 14 on $auto$ff.cc:337:slice$2112 ($adffe) from module SOC.
Setting constant 0-bit at position 15 on $auto$ff.cc:337:slice$2112 ($adffe) from module SOC.

13.15.7. Executing OPT_CLEAN pass (remove unused cells and wires).
Finding unused cells or wires in module \SOC..
Removed 145 unused cells and 162 unused wires.
<suppressed ~146 debug messages>

13.15.8. Executing OPT_EXPR pass (perform const folding).
Optimizing module SOC.
<suppressed ~5 debug messages>

13.15.9. Rerunning OPT passes. (Maybe there is more to do..)

13.15.10. Executing OPT_MUXTREE pass (detect dead branches in mux trees).
Running muxtree optimizer on module \SOC..
  Creating internal representation of mux trees.
  Evaluating internal representation of mux trees.
  Analyzing evaluation results.
Removed 0 multiplexer ports.
<suppressed ~313 debug messages>

13.15.11. Executing OPT_REDUCE pass (consolidate $*mux and $reduce_* inputs).
  Optimizing cells in module \SOC.
Performed a total of 0 changes.

13.15.12. Executing OPT_MERGE pass (detect identical cells).
Finding identical cells in module `\SOC'.
Computing hashes of 611 cells of `\SOC'.
Finding duplicate cells in `\SOC'.
Computing hashes of 581 cells of `\SOC'.
Finding duplicate cells in `\SOC'.
Computing hashes of 553 cells of `\SOC'.
Finding duplicate cells in `\SOC'.
<suppressed ~174 debug messages>
Removed a total of 58 cells.

13.15.13. Executing OPT_DFF pass (perform DFF optimizations).
Setting constant 0-bit at position 13 on $auto$ff.cc:337:slice$2041 ($adffe) from module SOC.
Setting constant 0-bit at position 14 on $auto$ff.cc:337:slice$2041 ($adffe) from module SOC.
Setting constant 0-bit at position 15 on $auto$ff.cc:337:slice$2041 ($adffe) from module SOC.

13.15.14. Executing OPT_CLEAN pass (remove unused cells and wires).
Finding unused cells or wires in module \SOC..
Removed 0 unused cells and 58 unused wires.
<suppressed ~1 debug messages>

13.15.15. Executing OPT_EXPR pass (perform const folding).
Optimizing module SOC.

13.15.16. Rerunning OPT passes. (Maybe there is more to do..)

13.15.17. Executing OPT_MUXTREE pass (detect dead branches in mux trees).
Running muxtree optimizer on module \SOC..
  Creating internal representation of mux trees.
  Evaluating internal representation of mux trees.
  Analyzing evaluation results.
Removed 0 multiplexer ports.
<suppressed ~313 debug messages>

13.15.18. Executing OPT_REDUCE pass (consolidate $*mux and $reduce_* inputs).
  Optimizing cells in module \SOC.
Performed a total of 0 changes.

13.15.19. Executing OPT_MERGE pass (detect identical cells).
Finding identical cells in module `\SOC'.
Computing hashes of 553 cells of `\SOC'.
Finding duplicate cells in `\SOC'.
Removed a total of 0 cells.

13.15.20. Executing OPT_DFF pass (perform DFF optimizations).
Setting constant 0-bit at position 13 on $auto$ff.cc:337:slice$1981 ($adffe) from module SOC.
Setting constant 0-bit at position 14 on $auto$ff.cc:337:slice$1981 ($adffe) from module SOC.
Setting constant 0-bit at position 15 on $auto$ff.cc:337:slice$1981 ($adffe) from module SOC.

13.15.21. Executing OPT_CLEAN pass (remove unused cells and wires).
Finding unused cells or wires in module \SOC..

13.15.22. Executing OPT_EXPR pass (perform const folding).
Optimizing module SOC.

13.15.23. Rerunning OPT passes. (Maybe there is more to do..)

13.15.24. Executing OPT_MUXTREE pass (detect dead branches in mux trees).
Running muxtree optimizer on module \SOC..
  Creating internal representation of mux trees.
  Evaluating internal representation of mux trees.
  Analyzing evaluation results.
Removed 0 multiplexer ports.
<suppressed ~313 debug messages>

13.15.25. Executing OPT_REDUCE pass (consolidate $*mux and $reduce_* inputs).
  Optimizing cells in module \SOC.
Performed a total of 0 changes.

13.15.26. Executing OPT_MERGE pass (detect identical cells).
Finding identical cells in module `\SOC'.
Computing hashes of 553 cells of `\SOC'.
Finding duplicate cells in `\SOC'.
Removed a total of 0 cells.

13.15.27. Executing OPT_DFF pass (perform DFF optimizations).

13.15.28. Executing OPT_CLEAN pass (remove unused cells and wires).
Finding unused cells or wires in module \SOC..

13.15.29. Executing OPT_EXPR pass (perform const folding).
Optimizing module SOC.

13.15.30. Finished fast OPT passes. (There is nothing left to do.)

13.16. Executing WREDUCE pass (reducing word size of cells).
Removed top 20 address bits (of 32) from memory init port SOC.$flatten\RAM.$meminit$\MEM$cores/bram/bram.v:15$287 (RAM.MEM).
Removed top 18 address bits (of 30) from memory init port SOC.$flatten\RAM.$auto$proc_memwr.cc:45:proc_memwr$1804 (RAM.MEM).
Removed top 18 address bits (of 30) from memory init port SOC.$flatten\RAM.$auto$proc_memwr.cc:45:proc_memwr$1805 (RAM.MEM).
Removed top 18 address bits (of 30) from memory init port SOC.$flatten\RAM.$auto$proc_memwr.cc:45:proc_memwr$1806 (RAM.MEM).
Removed top 18 address bits (of 30) from memory init port SOC.$flatten\RAM.$auto$proc_memwr.cc:45:proc_memwr$1807 (RAM.MEM).
Removed top 27 address bits (of 32) from memory init port SOC.$flatten\CPU.$meminit$\registerFile$cores/cpu/femtorv32_quark_V2.v:301$440 (CPU.registerFile).
Removed top 27 address bits (of 32) from memory init port SOC.$flatten\CPU.$auto$proc_memwr.cc:45:proc_memwr$1802 (CPU.registerFile).
Removed top 18 address bits (of 30) from memory read port SOC.$flatten\RAM.$memrd$\MEM$cores/bram/bram.v:22$274 (RAM.MEM).
Removed top 1 bits (of 16) from FF cell SOC.$auto$ff.cc:337:slice$2042 ($adffe).
Removed top 1 bits (of 2) from port B of cell SOC.$auto$opt_dff.cc:320:make_patterns_logic$1956 ($ne).
Removed top 1 bits (of 2) from port B of cell SOC.$auto$opt_dff.cc:320:make_patterns_logic$1948 ($ne).
Removed top 2 bits (of 3) from port B of cell SOC.$auto$opt_dff.cc:320:make_patterns_logic$1915 ($ne).
Removed top 2 bits (of 3) from port B of cell SOC.$auto$opt_dff.cc:320:make_patterns_logic$1913 ($ne).
Removed top 8 bits (of 9) from port B of cell SOC.$procmux$1086_CMP0 ($eq).
Removed top 3 bits (of 9) from port B of cell SOC.$procmux$1087_CMP0 ($eq).
Removed top 1 bits (of 9) from port B of cell SOC.$procmux$1088_CMP0 ($eq).
Removed top 1 bits (of 8) from port B of cell SOC.$procmux$1092_CMP0 ($eq).
Removed top 1 bits (of 9) from mux cell SOC.$procmux$1091 ($pmux).
Removed top 1 bits (of 8) from port B of cell SOC.$procmux$1093_CMP0 ($eq).
Removed top 31 bits (of 32) from port B of cell SOC.$flatten\CPU.$add$cores/cpu/femtorv32_quark_V2.v:294$439 ($add).
Removed top 28 bits (of 32) from mux cell SOC.$flatten\CPU.$ternary$cores/cpu/femtorv32_quark_V2.v:274$431 ($mux).
Removed top 2 bits (of 4) from mux cell SOC.$flatten\CPU.$ternary$cores/cpu/femtorv32_quark_V2.v:224$409 ($mux).
Removed top 31 bits (of 32) from port B of cell SOC.$flatten\CPU.$sub$cores/cpu/femtorv32_quark_V2.v:206$390 ($sub).
Removed top 27 bits (of 32) from port Y of cell SOC.$flatten\CPU.$sub$cores/cpu/femtorv32_quark_V2.v:206$390 ($sub).
Removed top 8 bits (of 32) from mux cell SOC.$flatten\CPU.$ternary$cores/cpu/femtorv32_quark_V2.v:176$366 ($mux).
Removed top 8 bits (of 32) from mux cell SOC.$flatten\CPU.$ternary$cores/cpu/femtorv32_quark_V2.v:175$363 ($mux).
Removed top 29 bits (of 32) from port B of cell SOC.$flatten\CPU.$add$cores/cpu/femtorv32_quark_V2.v:165$353 ($add).
Removed top 8 bits (of 32) from port Y of cell SOC.$flatten\CPU.$add$cores/cpu/femtorv32_quark_V2.v:165$353 ($add).
Removed top 31 bits (of 32) from mux cell SOC.$flatten\CPU.$ternary$cores/cpu/femtorv32_quark_V2.v:154$337 ($mux).
Removed top 31 bits (of 32) from mux cell SOC.$flatten\CPU.$ternary$cores/cpu/femtorv32_quark_V2.v:153$335 ($mux).
Removed top 1 bits (of 2) from port B of cell SOC.$flatten\CPU.$eq$cores/cpu/femtorv32_quark_V2.v:135$321 ($eq).
Removed top 19 bits (of 24) from mux cell SOC.$flatten\CPU.$ternary$cores/cpu/femtorv32_quark_V2.v:124$314 ($mux).
Removed top 32 bits (of 33) from port B of cell SOC.$flatten\CPU.$add$cores/cpu/femtorv32_quark_V2.v:115$310 ($add).
Removed top 1 bits (of 33) from port B of cell SOC.$flatten\CPU.$add$cores/cpu/femtorv32_quark_V2.v:115$309 ($add).
Removed top 1 bits (of 5) from port B of cell SOC.$flatten\CPU.$eq$cores/cpu/femtorv32_quark_V2.v:86$298 ($eq).
Removed top 1 bits (of 5) from port B of cell SOC.$flatten\CPU.$eq$cores/cpu/femtorv32_quark_V2.v:85$297 ($eq).
Removed top 1 bits (of 5) from port B of cell SOC.$flatten\CPU.$eq$cores/cpu/femtorv32_quark_V2.v:84$296 ($eq).
Removed top 2 bits (of 5) from port B of cell SOC.$flatten\CPU.$eq$cores/cpu/femtorv32_quark_V2.v:83$295 ($eq).
Removed top 2 bits (of 5) from port B of cell SOC.$flatten\CPU.$eq$cores/cpu/femtorv32_quark_V2.v:82$294 ($eq).
Removed top 7 bits (of 8) from port A of cell SOC.$flatten\CPU.$shl$cores/cpu/femtorv32_quark_V2.v:69$292 ($shl).
Removed top 18 bits (of 30) from mux cell SOC.$flatten\RAM.$procmux$1060 ($mux).
Removed top 18 bits (of 30) from mux cell SOC.$flatten\RAM.$procmux$1051 ($mux).
Removed top 18 bits (of 30) from mux cell SOC.$flatten\RAM.$procmux$1042 ($mux).
Removed top 18 bits (of 30) from mux cell SOC.$flatten\RAM.$procmux$1033 ($mux).
Removed top 31 bits (of 32) from port B of cell SOC.$flatten\per_uart.\uart0.$sub$cores/uart/uart.v:39$449 ($sub).
Removed top 16 bits (of 32) from port Y of cell SOC.$flatten\per_uart.\uart0.$sub$cores/uart/uart.v:39$449 ($sub).
Removed top 31 bits (of 32) from port B of cell SOC.$flatten\per_uart.\uart0.$add$cores/uart/uart.v:88$455 ($add).
Removed top 28 bits (of 32) from port Y of cell SOC.$flatten\per_uart.\uart0.$add$cores/uart/uart.v:88$455 ($add).
Removed top 31 bits (of 32) from port B of cell SOC.$flatten\per_uart.\uart0.$add$cores/uart/uart.v:91$457 ($add).
Removed top 28 bits (of 32) from port Y of cell SOC.$flatten\per_uart.\uart0.$add$cores/uart/uart.v:91$457 ($add).
Removed top 31 bits (of 32) from port B of cell SOC.$flatten\per_uart.\uart0.$add$cores/uart/uart.v:137$463 ($add).
Removed top 28 bits (of 32) from port Y of cell SOC.$flatten\per_uart.\uart0.$add$cores/uart/uart.v:137$463 ($add).
Removed top 31 bits (of 32) from port B of cell SOC.$flatten\per_uart.\uart0.$add$cores/uart/uart.v:140$466 ($add).
Removed top 28 bits (of 32) from port Y of cell SOC.$flatten\per_uart.\uart0.$add$cores/uart/uart.v:140$466 ($add).
Removed top 1 bits (of 5) from port B of cell SOC.$flatten\per_uart.$procmux$1071_CMP0 ($eq).
Removed top 1 bits (of 2) from port B of cell SOC.$flatten\per_uart.$procmux$1067_CMP0 ($eq).
Removed top 22 bits (of 32) from mux cell SOC.$flatten\per_uart.$procmux$1065 ($pmux).
Removed top 5 bits (of 8) from mux cell SOC.$flatten\per_uart.$ternary$cores/uart/perip_uart.v:40$252 ($mux).
Removed top 1 bits (of 2) from mux cell SOC.$flatten\per_uart.$ternary$cores/uart/perip_uart.v:31$246 ($mux).
Removed top 31 bits (of 32) from port B of cell SOC.$flatten\Enc0.\Enc0.$sub$cores/Encoder/Encoder.v:78$446 ($sub).
Removed top 24 bits (of 32) from port Y of cell SOC.$flatten\Enc0.\Enc0.$sub$cores/Encoder/Encoder.v:78$446 ($sub).
Removed top 1 bits (of 16) from port Y of cell SOC.$flatten\Enc0.\Enc0.\Derivator0.\Angular_speed_calc0.$sub$cores/Encoder/Derivador/Derivator.v:70$644 ($sub).
Removed top 10 bits (of 12) from port B of cell SOC.$flatten\Enc0.\Enc0.\Cordic0.\iter10.$add$cores/Encoder/Cordic/Cordic.v:291$483 ($add).
Removed top 10 bits (of 12) from port B of cell SOC.$flatten\Enc0.\Enc0.\Cordic0.\iter10.$sub$cores/Encoder/Cordic/Cordic.v:295$488 ($sub).
Removed top 8 bits (of 13) from port B of cell SOC.$flatten\Enc0.\Enc0.\Cordic0.\iter9.$sub$cores/Encoder/Cordic/Cordic.v:290$497 ($sub).
Removed top 9 bits (of 12) from port B of cell SOC.$flatten\Enc0.\Enc0.\Cordic0.\iter9.$add$cores/Encoder/Cordic/Cordic.v:291$498 ($add).
Removed top 8 bits (of 13) from port B of cell SOC.$flatten\Enc0.\Enc0.\Cordic0.\iter9.$add$cores/Encoder/Cordic/Cordic.v:294$502 ($add).
Removed top 9 bits (of 12) from port B of cell SOC.$flatten\Enc0.\Enc0.\Cordic0.\iter9.$sub$cores/Encoder/Cordic/Cordic.v:295$503 ($sub).
Removed top 7 bits (of 13) from port B of cell SOC.$flatten\Enc0.\Enc0.\Cordic0.\iter8.$add$cores/Encoder/Cordic/Cordic.v:289$510 ($add).
Removed top 7 bits (of 13) from port B of cell SOC.$flatten\Enc0.\Enc0.\Cordic0.\iter8.$sub$cores/Encoder/Cordic/Cordic.v:290$512 ($sub).
Removed top 8 bits (of 12) from port B of cell SOC.$flatten\Enc0.\Enc0.\Cordic0.\iter8.$add$cores/Encoder/Cordic/Cordic.v:291$513 ($add).
Removed top 7 bits (of 13) from port B of cell SOC.$flatten\Enc0.\Enc0.\Cordic0.\iter8.$sub$cores/Encoder/Cordic/Cordic.v:293$515 ($sub).
Removed top 7 bits (of 13) from port B of cell SOC.$flatten\Enc0.\Enc0.\Cordic0.\iter8.$add$cores/Encoder/Cordic/Cordic.v:294$517 ($add).
Removed top 8 bits (of 12) from port B of cell SOC.$flatten\Enc0.\Enc0.\Cordic0.\iter8.$sub$cores/Encoder/Cordic/Cordic.v:295$518 ($sub).
Removed top 6 bits (of 13) from port B of cell SOC.$flatten\Enc0.\Enc0.\Cordic0.\iter7.$add$cores/Encoder/Cordic/Cordic.v:289$525 ($add).
Removed top 6 bits (of 13) from port B of cell SOC.$flatten\Enc0.\Enc0.\Cordic0.\iter7.$sub$cores/Encoder/Cordic/Cordic.v:290$527 ($sub).
Removed top 8 bits (of 12) from port B of cell SOC.$flatten\Enc0.\Enc0.\Cordic0.\iter7.$add$cores/Encoder/Cordic/Cordic.v:291$528 ($add).
Removed top 6 bits (of 13) from port B of cell SOC.$flatten\Enc0.\Enc0.\Cordic0.\iter7.$sub$cores/Encoder/Cordic/Cordic.v:293$530 ($sub).
Removed top 6 bits (of 13) from port B of cell SOC.$flatten\Enc0.\Enc0.\Cordic0.\iter7.$add$cores/Encoder/Cordic/Cordic.v:294$532 ($add).
Removed top 8 bits (of 12) from port B of cell SOC.$flatten\Enc0.\Enc0.\Cordic0.\iter7.$sub$cores/Encoder/Cordic/Cordic.v:295$533 ($sub).
Removed top 5 bits (of 13) from port B of cell SOC.$flatten\Enc0.\Enc0.\Cordic0.\iter6.$add$cores/Encoder/Cordic/Cordic.v:289$540 ($add).
Removed top 5 bits (of 13) from port B of cell SOC.$flatten\Enc0.\Enc0.\Cordic0.\iter6.$sub$cores/Encoder/Cordic/Cordic.v:290$542 ($sub).
Removed top 7 bits (of 12) from port B of cell SOC.$flatten\Enc0.\Enc0.\Cordic0.\iter6.$add$cores/Encoder/Cordic/Cordic.v:291$543 ($add).
Removed top 5 bits (of 13) from port B of cell SOC.$flatten\Enc0.\Enc0.\Cordic0.\iter6.$sub$cores/Encoder/Cordic/Cordic.v:293$545 ($sub).
Removed top 5 bits (of 13) from port B of cell SOC.$flatten\Enc0.\Enc0.\Cordic0.\iter6.$add$cores/Encoder/Cordic/Cordic.v:294$547 ($add).
Removed top 7 bits (of 12) from port B of cell SOC.$flatten\Enc0.\Enc0.\Cordic0.\iter6.$sub$cores/Encoder/Cordic/Cordic.v:295$548 ($sub).
Removed top 4 bits (of 13) from port B of cell SOC.$flatten\Enc0.\Enc0.\Cordic0.\iter5.$add$cores/Encoder/Cordic/Cordic.v:289$555 ($add).
Removed top 4 bits (of 13) from port B of cell SOC.$flatten\Enc0.\Enc0.\Cordic0.\iter5.$sub$cores/Encoder/Cordic/Cordic.v:290$557 ($sub).
Removed top 6 bits (of 12) from port B of cell SOC.$flatten\Enc0.\Enc0.\Cordic0.\iter5.$add$cores/Encoder/Cordic/Cordic.v:291$558 ($add).
Removed top 4 bits (of 13) from port B of cell SOC.$flatten\Enc0.\Enc0.\Cordic0.\iter5.$sub$cores/Encoder/Cordic/Cordic.v:293$560 ($sub).
Removed top 4 bits (of 13) from port B of cell SOC.$flatten\Enc0.\Enc0.\Cordic0.\iter5.$add$cores/Encoder/Cordic/Cordic.v:294$562 ($add).
Removed top 6 bits (of 12) from port B of cell SOC.$flatten\Enc0.\Enc0.\Cordic0.\iter5.$sub$cores/Encoder/Cordic/Cordic.v:295$563 ($sub).
Removed top 3 bits (of 13) from port B of cell SOC.$flatten\Enc0.\Enc0.\Cordic0.\iter4.$add$cores/Encoder/Cordic/Cordic.v:289$570 ($add).
Removed top 3 bits (of 13) from port B of cell SOC.$flatten\Enc0.\Enc0.\Cordic0.\iter4.$sub$cores/Encoder/Cordic/Cordic.v:290$572 ($sub).
Removed top 5 bits (of 12) from port B of cell SOC.$flatten\Enc0.\Enc0.\Cordic0.\iter4.$add$cores/Encoder/Cordic/Cordic.v:291$573 ($add).
Removed top 3 bits (of 13) from port B of cell SOC.$flatten\Enc0.\Enc0.\Cordic0.\iter4.$sub$cores/Encoder/Cordic/Cordic.v:293$575 ($sub).
Removed top 3 bits (of 13) from port B of cell SOC.$flatten\Enc0.\Enc0.\Cordic0.\iter4.$add$cores/Encoder/Cordic/Cordic.v:294$577 ($add).
Removed top 5 bits (of 12) from port B of cell SOC.$flatten\Enc0.\Enc0.\Cordic0.\iter4.$sub$cores/Encoder/Cordic/Cordic.v:295$578 ($sub).
Removed top 2 bits (of 13) from port B of cell SOC.$flatten\Enc0.\Enc0.\Cordic0.\iter3.$add$cores/Encoder/Cordic/Cordic.v:289$585 ($add).
Removed top 2 bits (of 13) from port B of cell SOC.$flatten\Enc0.\Enc0.\Cordic0.\iter3.$sub$cores/Encoder/Cordic/Cordic.v:290$587 ($sub).
Removed top 4 bits (of 12) from port B of cell SOC.$flatten\Enc0.\Enc0.\Cordic0.\iter3.$add$cores/Encoder/Cordic/Cordic.v:291$588 ($add).
Removed top 2 bits (of 13) from port B of cell SOC.$flatten\Enc0.\Enc0.\Cordic0.\iter3.$sub$cores/Encoder/Cordic/Cordic.v:293$590 ($sub).
Removed top 2 bits (of 13) from port B of cell SOC.$flatten\Enc0.\Enc0.\Cordic0.\iter3.$add$cores/Encoder/Cordic/Cordic.v:294$592 ($add).
Removed top 4 bits (of 12) from port B of cell SOC.$flatten\Enc0.\Enc0.\Cordic0.\iter3.$sub$cores/Encoder/Cordic/Cordic.v:295$593 ($sub).
Removed top 1 bits (of 13) from port B of cell SOC.$flatten\Enc0.\Enc0.\Cordic0.\iter2.$add$cores/Encoder/Cordic/Cordic.v:289$600 ($add).
Removed top 1 bits (of 13) from port B of cell SOC.$flatten\Enc0.\Enc0.\Cordic0.\iter2.$sub$cores/Encoder/Cordic/Cordic.v:290$602 ($sub).
Removed top 3 bits (of 12) from port B of cell SOC.$flatten\Enc0.\Enc0.\Cordic0.\iter2.$add$cores/Encoder/Cordic/Cordic.v:291$603 ($add).
Removed top 1 bits (of 13) from port B of cell SOC.$flatten\Enc0.\Enc0.\Cordic0.\iter2.$sub$cores/Encoder/Cordic/Cordic.v:293$605 ($sub).
Removed top 1 bits (of 13) from port B of cell SOC.$flatten\Enc0.\Enc0.\Cordic0.\iter2.$add$cores/Encoder/Cordic/Cordic.v:294$607 ($add).
Removed top 3 bits (of 12) from port B of cell SOC.$flatten\Enc0.\Enc0.\Cordic0.\iter2.$sub$cores/Encoder/Cordic/Cordic.v:295$608 ($sub).
Removed top 2 bits (of 12) from port B of cell SOC.$flatten\Enc0.\Enc0.\Cordic0.\iter1.$add$cores/Encoder/Cordic/Cordic.v:291$618 ($add).
Removed top 2 bits (of 12) from port B of cell SOC.$flatten\Enc0.\Enc0.\Cordic0.\iter1.$sub$cores/Encoder/Cordic/Cordic.v:295$623 ($sub).
Removed top 2 bits (of 13) from port B of cell SOC.$flatten\Enc0.\Enc0.\Derivator0.\unwrap0.$gt$cores/Encoder/Derivador/Derivator.v:132$641 ($gt).
Removed top 2 bits (of 13) from port B of cell SOC.$flatten\Enc0.\Enc0.\Derivator0.\unwrap0.$gt$cores/Encoder/Derivador/Derivator.v:135$642 ($gt).
Removed top 2 bits (of 14) from mux cell SOC.$flatten\Enc0.\Enc0.\Derivator0.\unwrap0.$procmux$1117 ($mux).
Removed top 1 bits (of 16) from port Y of cell SOC.$flatten\Enc0.\Enc0.\Derivator0.\Angular_speed_calc0.$sub$cores/Encoder/Derivador/Derivator.v:71$645 ($sub).
Removed top 2 bits (of 5) from port B of cell SOC.$flatten\Enc0.$procmux$1083_CMP0 ($eq).
Removed top 1 bits (of 5) from port B of cell SOC.$flatten\Enc0.$procmux$1081_CMP0 ($eq).
Removed top 2 bits (of 5) from port B of cell SOC.$flatten\Enc0.$procmux$1076_CMP0 ($eq).
Removed top 1 bits (of 5) from port B of cell SOC.$flatten\Enc0.$procmux$1075_CMP0 ($eq).
Removed top 18 bits (of 32) from mux cell SOC.$flatten\Enc0.$procmux$1073 ($pmux).
Removed top 1 bits (of 5) from mux cell SOC.$flatten\Enc0.$ternary$cores/Encoder/perip_Encoder.v:64$237 ($mux).
Removed top 2 bits (of 5) from mux cell SOC.$flatten\Enc0.$ternary$cores/Encoder/perip_Encoder.v:63$236 ($mux).
Removed top 3 bits (of 5) from mux cell SOC.$flatten\Enc0.$ternary$cores/Encoder/perip_Encoder.v:62$235 ($mux).
Removed top 4 bits (of 5) from mux cell SOC.$flatten\Enc0.$ternary$cores/Encoder/perip_Encoder.v:61$234 ($mux).
Removed top 5 bits (of 7) from FF cell SOC.$auto$ff.cc:337:slice$1971 ($dffe).
Removed top 24 bits (of 32) from wire SOC.$flatten\Enc0.\Enc0.$sub$cores/Encoder/Encoder.v:78$446_Y.
Removed top 1 bits (of 2) from wire SOC.$flatten\per_uart.$ternary$cores/uart/perip_uart.v:31$246_Y.
Removed top 5 bits (of 8) from wire SOC.$flatten\per_uart.$0\uart_ctrl[7:0].
Removed top 22 bits (of 32) from wire SOC.$flatten\per_uart.$0\d_out[31:0].
Removed top 28 bits (of 32) from wire SOC.$flatten\per_uart.\uart0.$add$cores/uart/uart.v:140$466_Y.
Removed top 28 bits (of 32) from wire SOC.$flatten\per_uart.\uart0.$add$cores/uart/uart.v:137$463_Y.
Removed top 28 bits (of 32) from wire SOC.$flatten\per_uart.\uart0.$add$cores/uart/uart.v:91$457_Y.
Removed top 28 bits (of 32) from wire SOC.$flatten\per_uart.\uart0.$add$cores/uart/uart.v:88$455_Y.
Removed top 16 bits (of 32) from wire SOC.$flatten\per_uart.\uart0.$sub$cores/uart/uart.v:39$449_Y.
Removed top 2 bits (of 14) from wire SOC.$flatten\Enc0.\Enc0.\Derivator0.\unwrap0.$procmux$1117_Y.
Removed top 18 bits (of 30) from wire SOC.$flatten\RAM.$0$memwr$\MEM$cores/bram/bram.v:24$257_ADDR[29:0]$262.
Removed top 24 bits (of 32) from wire SOC.$flatten\RAM.$0$memwr$\MEM$cores/bram/bram.v:24$257_EN[31:0]$264.
Removed top 18 bits (of 30) from wire SOC.$flatten\RAM.$0$memwr$\MEM$cores/bram/bram.v:25$258_ADDR[29:0]$265.
Removed top 16 bits (of 32) from wire SOC.$flatten\RAM.$0$memwr$\MEM$cores/bram/bram.v:25$258_EN[31:0]$267.
Removed top 18 bits (of 30) from wire SOC.$flatten\RAM.$0$memwr$\MEM$cores/bram/bram.v:26$259_ADDR[29:0]$268.
Removed top 8 bits (of 32) from wire SOC.$flatten\RAM.$0$memwr$\MEM$cores/bram/bram.v:26$259_EN[31:0]$270.
Removed top 18 bits (of 30) from wire SOC.$flatten\RAM.$0$memwr$\MEM$cores/bram/bram.v:27$260_ADDR[29:0]$271.
Removed top 1 bits (of 16) from wire SOC.$flatten\Enc0.\Enc0.\Derivator0.\Angular_speed_calc0.$sub$cores/Encoder/Derivador/Derivator.v:71$645_Y.
Removed top 31 bits (of 32) from wire SOC.$flatten\CPU.$ternary$cores/cpu/femtorv32_quark_V2.v:153$335_Y.
Removed top 31 bits (of 32) from wire SOC.$flatten\CPU.$ternary$cores/cpu/femtorv32_quark_V2.v:154$337_Y.
Removed top 8 bits (of 32) from wire SOC.$flatten\CPU.$ternary$cores/cpu/femtorv32_quark_V2.v:175$363_Y.
Removed top 8 bits (of 32) from wire SOC.$flatten\CPU.$ternary$cores/cpu/femtorv32_quark_V2.v:176$366_Y.
Removed top 27 bits (of 32) from wire SOC.$flatten\CPU.$sub$cores/cpu/femtorv32_quark_V2.v:206$390_Y.
Removed top 2 bits (of 4) from wire SOC.$flatten\CPU.$ternary$cores/cpu/femtorv32_quark_V2.v:224$409_Y.
Removed top 28 bits (of 32) from wire SOC.$flatten\CPU.$ternary$cores/cpu/femtorv32_quark_V2.v:274$431_Y.
Removed top 18 bits (of 32) from wire SOC.$flatten\Enc0.$0\d_out[31:0].
Removed top 1 bits (of 5) from wire SOC.$flatten\Enc0.$ternary$cores/Encoder/perip_Encoder.v:64$237_Y.
Removed top 2 bits (of 5) from wire SOC.$flatten\Enc0.$ternary$cores/Encoder/perip_Encoder.v:63$236_Y.
Removed top 3 bits (of 5) from wire SOC.$flatten\Enc0.$ternary$cores/Encoder/perip_Encoder.v:62$235_Y.
Removed top 4 bits (of 5) from wire SOC.$flatten\Enc0.$ternary$cores/Encoder/perip_Encoder.v:61$234_Y.
Removed top 1 bits (of 9) from wire SOC.cs.
Removed top 8 bits (of 32) from wire SOC.mem_addr.

13.17. Executing PEEPOPT pass (run peephole optimizers).

13.18. Executing OPT_CLEAN pass (remove unused cells and wires).
Finding unused cells or wires in module \SOC..
Removed 0 unused cells and 34 unused wires.
<suppressed ~1 debug messages>

13.19. Executing SHARE pass (SAT-based resource sharing).

13.20. Executing TECHMAP pass (map to technology primitives).

13.20.1. Executing Verilog-2005 frontend: /home/leonardoa29/Downloads/oss-cad-suite/lib/../share/yosys/cmp2lut.v
Parsing Verilog input from `/home/leonardoa29/Downloads/oss-cad-suite/lib/../share/yosys/cmp2lut.v' to AST representation.
Generating RTLIL representation for module `\_90_lut_cmp_'.
Successfully finished Verilog frontend.

13.20.2. Continuing TECHMAP pass.
No more expansions possible.
<suppressed ~36 debug messages>

13.21. Executing OPT_EXPR pass (perform const folding).
Optimizing module SOC.

13.22. Executing OPT_CLEAN pass (remove unused cells and wires).
Finding unused cells or wires in module \SOC..

13.23. Executing TECHMAP pass (map to technology primitives).

13.23.1. Executing Verilog-2005 frontend: /home/leonardoa29/Downloads/oss-cad-suite/lib/../share/yosys/mul2dsp.v
Parsing Verilog input from `/home/leonardoa29/Downloads/oss-cad-suite/lib/../share/yosys/mul2dsp.v' to AST representation.
Generating RTLIL representation for module `\_80_mul'.
Generating RTLIL representation for module `\_90_soft_mul'.
Successfully finished Verilog frontend.

13.23.2. Continuing TECHMAP pass.
No more expansions possible.
<suppressed ~4 debug messages>

13.24. Executing TECHMAP pass (map to technology primitives).

13.24.1. Executing Verilog-2005 frontend: /home/leonardoa29/Downloads/oss-cad-suite/lib/../share/yosys/lattice/dsp_map_18x18.v
Parsing Verilog input from `/home/leonardoa29/Downloads/oss-cad-suite/lib/../share/yosys/lattice/dsp_map_18x18.v' to AST representation.
Generating RTLIL representation for module `$__MUL18X18'.
Successfully finished Verilog frontend.

13.24.2. Continuing TECHMAP pass.
No more expansions possible.
<suppressed ~3 debug messages>

13.25. Executing ALUMACC pass (create $alu and $macc cells).
Extracting $alu and $macc cells in module SOC:
  creating $macc model for $flatten\Enc0.\Enc0.\Derivator0.\Angular_speed_calc0.$add$cores/Encoder/Derivador/Derivator.v:73$647 ($add).
  creating $macc model for $flatten\Enc0.\Enc0.\Cordic0.\iter4.$sub$cores/Encoder/Cordic/Cordic.v:295$578 ($sub).
  creating $macc model for $flatten\Enc0.\Enc0.\Cordic0.\iter4.$add$cores/Encoder/Cordic/Cordic.v:294$577 ($add).
  creating $macc model for $flatten\Enc0.\Enc0.\Cordic0.\iter4.$sub$cores/Encoder/Cordic/Cordic.v:293$575 ($sub).
  creating $macc model for $flatten\Enc0.\Enc0.\Cordic0.\iter4.$add$cores/Encoder/Cordic/Cordic.v:291$573 ($add).
  creating $macc model for $flatten\Enc0.\Enc0.\Cordic0.\iter4.$sub$cores/Encoder/Cordic/Cordic.v:290$572 ($sub).
  creating $macc model for $flatten\Enc0.\Enc0.\Cordic0.\iter4.$add$cores/Encoder/Cordic/Cordic.v:289$570 ($add).
  creating $macc model for $flatten\Enc0.\Enc0.\Cordic0.\iter5.$sub$cores/Encoder/Cordic/Cordic.v:295$563 ($sub).
  creating $macc model for $flatten\Enc0.\Enc0.\Cordic0.\iter5.$add$cores/Encoder/Cordic/Cordic.v:294$562 ($add).
  creating $macc model for $flatten\Enc0.\Enc0.\Cordic0.\iter5.$sub$cores/Encoder/Cordic/Cordic.v:293$560 ($sub).
  creating $macc model for $flatten\Enc0.\Enc0.\Cordic0.\iter5.$add$cores/Encoder/Cordic/Cordic.v:291$558 ($add).
  creating $macc model for $flatten\Enc0.\Enc0.\Cordic0.\iter5.$sub$cores/Encoder/Cordic/Cordic.v:290$557 ($sub).
  creating $macc model for $flatten\Enc0.\Enc0.\Cordic0.\iter5.$add$cores/Encoder/Cordic/Cordic.v:289$555 ($add).
  creating $macc model for $flatten\Enc0.\Enc0.\Cordic0.\iter6.$sub$cores/Encoder/Cordic/Cordic.v:295$548 ($sub).
  creating $macc model for $flatten\Enc0.\Enc0.\Cordic0.\iter6.$add$cores/Encoder/Cordic/Cordic.v:294$547 ($add).
  creating $macc model for $flatten\Enc0.\Enc0.\Cordic0.\iter6.$sub$cores/Encoder/Cordic/Cordic.v:293$545 ($sub).
  creating $macc model for $flatten\Enc0.\Enc0.\Cordic0.\iter6.$add$cores/Encoder/Cordic/Cordic.v:291$543 ($add).
  creating $macc model for $flatten\Enc0.\Enc0.\Cordic0.\iter6.$sub$cores/Encoder/Cordic/Cordic.v:290$542 ($sub).
  creating $macc model for $flatten\Enc0.\Enc0.\Cordic0.\iter6.$add$cores/Encoder/Cordic/Cordic.v:289$540 ($add).
  creating $macc model for $flatten\Enc0.\Enc0.\Cordic0.\iter7.$sub$cores/Encoder/Cordic/Cordic.v:295$533 ($sub).
  creating $macc model for $flatten\Enc0.\Enc0.\Cordic0.\iter7.$add$cores/Encoder/Cordic/Cordic.v:294$532 ($add).
  creating $macc model for $flatten\Enc0.\Enc0.\Cordic0.\iter7.$sub$cores/Encoder/Cordic/Cordic.v:293$530 ($sub).
  creating $macc model for $flatten\Enc0.\Enc0.\Cordic0.\iter7.$add$cores/Encoder/Cordic/Cordic.v:291$528 ($add).
  creating $macc model for $flatten\Enc0.\Enc0.\Cordic0.\iter7.$sub$cores/Encoder/Cordic/Cordic.v:290$527 ($sub).
  creating $macc model for $flatten\Enc0.\Enc0.\Cordic0.\iter7.$add$cores/Encoder/Cordic/Cordic.v:289$525 ($add).
  creating $macc model for $flatten\Enc0.\Enc0.\Derivator0.\unwrap0.$sub$cores/Encoder/Derivador/Derivator.v:107$632 ($sub).
  creating $macc model for $flatten\Enc0.\Enc0.\Cordic0.\iter8.$sub$cores/Encoder/Cordic/Cordic.v:295$518 ($sub).
  creating $macc model for $flatten\Enc0.\Enc0.\Cordic0.\iter8.$add$cores/Encoder/Cordic/Cordic.v:294$517 ($add).
  creating $macc model for $flatten\Enc0.\Enc0.\Cordic0.\iter8.$sub$cores/Encoder/Cordic/Cordic.v:293$515 ($sub).
  creating $macc model for $flatten\Enc0.\Enc0.\Cordic0.\iter8.$add$cores/Encoder/Cordic/Cordic.v:291$513 ($add).
  creating $macc model for $flatten\Enc0.\Enc0.\Cordic0.\iter8.$sub$cores/Encoder/Cordic/Cordic.v:290$512 ($sub).
  creating $macc model for $flatten\Enc0.\Enc0.\Cordic0.\iter8.$add$cores/Encoder/Cordic/Cordic.v:289$510 ($add).
  creating $macc model for $flatten\Enc0.\Enc0.\Cordic0.\iter1.$sub$cores/Encoder/Cordic/Cordic.v:295$623 ($sub).
  creating $macc model for $flatten\Enc0.\Enc0.\Derivator0.\Angular_speed_calc0.$sub$cores/Encoder/Derivador/Derivator.v:71$645 ($sub).
  creating $macc model for $flatten\Enc0.\Enc0.\Cordic0.\first_iter.$add$cores/Encoder/Cordic/Cordic.v:325$628 ($add).
  creating $macc model for $flatten\Enc0.\Enc0.\Cordic0.\iter9.$sub$cores/Encoder/Cordic/Cordic.v:295$503 ($sub).
  creating $macc model for $flatten\Enc0.\Enc0.\Cordic0.\iter9.$add$cores/Encoder/Cordic/Cordic.v:294$502 ($add).
  creating $macc model for $flatten\Enc0.\Enc0.\Cordic0.\iter9.$add$cores/Encoder/Cordic/Cordic.v:291$498 ($add).
  creating $macc model for $flatten\Enc0.\Enc0.\Cordic0.\iter9.$sub$cores/Encoder/Cordic/Cordic.v:290$497 ($sub).
  creating $macc model for $flatten\Enc0.\Enc0.\Cordic0.\iter1.$sub$cores/Encoder/Cordic/Cordic.v:293$620 ($sub).
  creating $macc model for $flatten\Enc0.\Enc0.\Cordic0.\iter3.$sub$cores/Encoder/Cordic/Cordic.v:295$593 ($sub).
  creating $macc model for $flatten\Enc0.\Enc0.\Cordic0.\iter3.$add$cores/Encoder/Cordic/Cordic.v:294$592 ($add).
  creating $macc model for $flatten\Enc0.\Enc0.\Cordic0.\iter10.$sub$cores/Encoder/Cordic/Cordic.v:295$488 ($sub).
  creating $macc model for $flatten\Enc0.\Enc0.\Cordic0.\iter10.$add$cores/Encoder/Cordic/Cordic.v:291$483 ($add).
  creating $macc model for $flatten\Enc0.\Enc0.\Derivator0.\unwrap0.$add$cores/Encoder/Derivador/Derivator.v:114$639 ($add).
  creating $macc model for $flatten\Enc0.\Enc0.\Derivator0.\Angular_speed_calc0.$sub$cores/Encoder/Derivador/Derivator.v:70$644 ($sub).
  creating $macc model for $flatten\Enc0.\Enc0.$sub$cores/Encoder/Encoder.v:78$446 ($sub).
  creating $macc model for $flatten\Enc0.\Enc0.\Cordic0.\iter2.$sub$cores/Encoder/Cordic/Cordic.v:295$608 ($sub).
  creating $macc model for $flatten\Enc0.\Enc0.\Cordic0.\iter3.$sub$cores/Encoder/Cordic/Cordic.v:293$590 ($sub).
  creating $macc model for $flatten\Enc0.\Enc0.\Cordic0.\iter2.$add$cores/Encoder/Cordic/Cordic.v:294$607 ($add).
  creating $macc model for $flatten\Enc0.\Enc0.\Cordic0.\iter3.$add$cores/Encoder/Cordic/Cordic.v:291$588 ($add).
  creating $macc model for $flatten\Enc0.\Enc0.\Cordic0.\iter2.$sub$cores/Encoder/Cordic/Cordic.v:293$605 ($sub).
  creating $macc model for $flatten\Enc0.\Enc0.\Cordic0.\iter3.$sub$cores/Encoder/Cordic/Cordic.v:290$587 ($sub).
  creating $macc model for $flatten\Enc0.\Enc0.\Cordic0.\iter2.$add$cores/Encoder/Cordic/Cordic.v:291$603 ($add).
  creating $macc model for $flatten\Enc0.\Enc0.\Cordic0.\iter3.$add$cores/Encoder/Cordic/Cordic.v:289$585 ($add).
  creating $macc model for $flatten\Enc0.\Enc0.\Cordic0.\iter2.$sub$cores/Encoder/Cordic/Cordic.v:290$602 ($sub).
  creating $macc model for $flatten\Enc0.\Enc0.\Cordic0.\iter2.$add$cores/Encoder/Cordic/Cordic.v:289$600 ($add).
  creating $macc model for $flatten\Enc0.\Enc0.\Cordic0.\first_iter.$add$cores/Encoder/Cordic/Cordic.v:326$630 ($add).
  creating $macc model for $flatten\per_uart.\uart0.$add$cores/uart/uart.v:140$466 ($add).
  creating $macc model for $flatten\per_uart.\uart0.$add$cores/uart/uart.v:137$463 ($add).
  creating $macc model for $flatten\per_uart.\uart0.$add$cores/uart/uart.v:91$457 ($add).
  creating $macc model for $flatten\per_uart.\uart0.$add$cores/uart/uart.v:88$455 ($add).
  creating $macc model for $flatten\Enc0.\Enc0.\Derivator0.\unwrap0.$add$cores/Encoder/Derivador/Derivator.v:113$638 ($add).
  creating $macc model for $flatten\per_uart.\uart0.$sub$cores/uart/uart.v:39$449 ($sub).
  creating $macc model for $flatten\Enc0.\Enc0.\Derivator0.\unwrap0.$add$cores/Encoder/Derivador/Derivator.v:112$637 ($add).
  creating $macc model for $flatten\Enc0.\Enc0.\Derivator0.\unwrap0.$add$cores/Encoder/Derivador/Derivator.v:111$636 ($add).
  creating $macc model for $flatten\CPU.$add$cores/cpu/femtorv32_quark_V2.v:110$307 ($add).
  creating $macc model for $flatten\CPU.$add$cores/cpu/femtorv32_quark_V2.v:115$309 ($add).
  creating $macc model for $flatten\CPU.$add$cores/cpu/femtorv32_quark_V2.v:115$310 ($add).
  creating $macc model for $flatten\CPU.$add$cores/cpu/femtorv32_quark_V2.v:123$315 ($add).
  creating $macc model for $flatten\CPU.$add$cores/cpu/femtorv32_quark_V2.v:161$352 ($add).
  creating $macc model for $flatten\CPU.$add$cores/cpu/femtorv32_quark_V2.v:165$353 ($add).
  creating $macc model for $flatten\Enc0.\Enc0.\Derivator0.\unwrap0.$add$cores/Encoder/Derivador/Derivator.v:108$634 ($add).
  creating $macc model for $flatten\CPU.$sub$cores/cpu/femtorv32_quark_V2.v:206$390 ($sub).
  creating $macc model for $flatten\CPU.$add$cores/cpu/femtorv32_quark_V2.v:294$439 ($add).
  creating $macc model for $flatten\Enc0.\Enc0.\Cordic0.\iter1.$sub$cores/Encoder/Cordic/Cordic.v:290$617 ($sub).
  creating $macc model for $flatten\Enc0.\Enc0.\Cordic0.\iter1.$add$cores/Encoder/Cordic/Cordic.v:291$618 ($add).
  creating $macc model for $flatten\Enc0.\Enc0.\Cordic0.\iter1.$add$cores/Encoder/Cordic/Cordic.v:294$622 ($add).
  merging $macc model for $flatten\CPU.$add$cores/cpu/femtorv32_quark_V2.v:115$309 into $flatten\CPU.$add$cores/cpu/femtorv32_quark_V2.v:115$310.
  creating $alu model for $macc $flatten\Enc0.\Enc0.\Cordic0.\iter1.$add$cores/Encoder/Cordic/Cordic.v:291$618.
  creating $alu model for $macc $flatten\Enc0.\Enc0.\Cordic0.\iter1.$sub$cores/Encoder/Cordic/Cordic.v:290$617.
  creating $alu model for $macc $flatten\CPU.$add$cores/cpu/femtorv32_quark_V2.v:294$439.
  creating $alu model for $macc $flatten\CPU.$sub$cores/cpu/femtorv32_quark_V2.v:206$390.
  creating $alu model for $macc $flatten\Enc0.\Enc0.\Derivator0.\unwrap0.$add$cores/Encoder/Derivador/Derivator.v:108$634.
  creating $alu model for $macc $flatten\CPU.$add$cores/cpu/femtorv32_quark_V2.v:165$353.
  creating $alu model for $macc $flatten\CPU.$add$cores/cpu/femtorv32_quark_V2.v:161$352.
  creating $alu model for $macc $flatten\CPU.$add$cores/cpu/femtorv32_quark_V2.v:123$315.
  creating $alu model for $macc $flatten\CPU.$add$cores/cpu/femtorv32_quark_V2.v:115$310.
  creating $alu model for $macc $flatten\Enc0.\Enc0.\Cordic0.\iter1.$add$cores/Encoder/Cordic/Cordic.v:294$622.
  creating $alu model for $macc $flatten\CPU.$add$cores/cpu/femtorv32_quark_V2.v:110$307.
  creating $alu model for $macc $flatten\Enc0.\Enc0.\Derivator0.\unwrap0.$add$cores/Encoder/Derivador/Derivator.v:111$636.
  creating $alu model for $macc $flatten\Enc0.\Enc0.\Derivator0.\unwrap0.$add$cores/Encoder/Derivador/Derivator.v:112$637.
  creating $alu model for $macc $flatten\per_uart.\uart0.$sub$cores/uart/uart.v:39$449.
  creating $alu model for $macc $flatten\Enc0.\Enc0.\Derivator0.\unwrap0.$add$cores/Encoder/Derivador/Derivator.v:113$638.
  creating $alu model for $macc $flatten\per_uart.\uart0.$add$cores/uart/uart.v:88$455.
  creating $alu model for $macc $flatten\per_uart.\uart0.$add$cores/uart/uart.v:91$457.
  creating $alu model for $macc $flatten\per_uart.\uart0.$add$cores/uart/uart.v:137$463.
  creating $alu model for $macc $flatten\per_uart.\uart0.$add$cores/uart/uart.v:140$466.
  creating $alu model for $macc $flatten\Enc0.\Enc0.\Cordic0.\first_iter.$add$cores/Encoder/Cordic/Cordic.v:326$630.
  creating $alu model for $macc $flatten\Enc0.\Enc0.\Cordic0.\iter2.$add$cores/Encoder/Cordic/Cordic.v:289$600.
  creating $alu model for $macc $flatten\Enc0.\Enc0.\Cordic0.\iter2.$sub$cores/Encoder/Cordic/Cordic.v:290$602.
  creating $alu model for $macc $flatten\Enc0.\Enc0.\Cordic0.\iter3.$add$cores/Encoder/Cordic/Cordic.v:289$585.
  creating $alu model for $macc $flatten\Enc0.\Enc0.\Cordic0.\iter2.$add$cores/Encoder/Cordic/Cordic.v:291$603.
  creating $alu model for $macc $flatten\Enc0.\Enc0.\Cordic0.\iter3.$sub$cores/Encoder/Cordic/Cordic.v:290$587.
  creating $alu model for $macc $flatten\Enc0.\Enc0.\Cordic0.\iter2.$sub$cores/Encoder/Cordic/Cordic.v:293$605.
  creating $alu model for $macc $flatten\Enc0.\Enc0.\Cordic0.\iter3.$add$cores/Encoder/Cordic/Cordic.v:291$588.
  creating $alu model for $macc $flatten\Enc0.\Enc0.\Cordic0.\iter2.$add$cores/Encoder/Cordic/Cordic.v:294$607.
  creating $alu model for $macc $flatten\Enc0.\Enc0.\Cordic0.\iter3.$sub$cores/Encoder/Cordic/Cordic.v:293$590.
  creating $alu model for $macc $flatten\Enc0.\Enc0.\Cordic0.\iter2.$sub$cores/Encoder/Cordic/Cordic.v:295$608.
  creating $alu model for $macc $flatten\Enc0.\Enc0.$sub$cores/Encoder/Encoder.v:78$446.
  creating $alu model for $macc $flatten\Enc0.\Enc0.\Derivator0.\Angular_speed_calc0.$sub$cores/Encoder/Derivador/Derivator.v:70$644.
  creating $alu model for $macc $flatten\Enc0.\Enc0.\Derivator0.\unwrap0.$add$cores/Encoder/Derivador/Derivator.v:114$639.
  creating $alu model for $macc $flatten\Enc0.\Enc0.\Cordic0.\iter10.$add$cores/Encoder/Cordic/Cordic.v:291$483.
  creating $alu model for $macc $flatten\Enc0.\Enc0.\Cordic0.\iter10.$sub$cores/Encoder/Cordic/Cordic.v:295$488.
  creating $alu model for $macc $flatten\Enc0.\Enc0.\Cordic0.\iter3.$add$cores/Encoder/Cordic/Cordic.v:294$592.
  creating $alu model for $macc $flatten\Enc0.\Enc0.\Cordic0.\iter3.$sub$cores/Encoder/Cordic/Cordic.v:295$593.
  creating $alu model for $macc $flatten\Enc0.\Enc0.\Cordic0.\iter1.$sub$cores/Encoder/Cordic/Cordic.v:293$620.
  creating $alu model for $macc $flatten\Enc0.\Enc0.\Cordic0.\iter9.$sub$cores/Encoder/Cordic/Cordic.v:290$497.
  creating $alu model for $macc $flatten\Enc0.\Enc0.\Cordic0.\iter9.$add$cores/Encoder/Cordic/Cordic.v:291$498.
  creating $alu model for $macc $flatten\Enc0.\Enc0.\Cordic0.\iter9.$add$cores/Encoder/Cordic/Cordic.v:294$502.
  creating $alu model for $macc $flatten\Enc0.\Enc0.\Cordic0.\iter9.$sub$cores/Encoder/Cordic/Cordic.v:295$503.
  creating $alu model for $macc $flatten\Enc0.\Enc0.\Cordic0.\first_iter.$add$cores/Encoder/Cordic/Cordic.v:325$628.
  creating $alu model for $macc $flatten\Enc0.\Enc0.\Derivator0.\Angular_speed_calc0.$sub$cores/Encoder/Derivador/Derivator.v:71$645.
  creating $alu model for $macc $flatten\Enc0.\Enc0.\Cordic0.\iter1.$sub$cores/Encoder/Cordic/Cordic.v:295$623.
  creating $alu model for $macc $flatten\Enc0.\Enc0.\Cordic0.\iter8.$add$cores/Encoder/Cordic/Cordic.v:289$510.
  creating $alu model for $macc $flatten\Enc0.\Enc0.\Cordic0.\iter8.$sub$cores/Encoder/Cordic/Cordic.v:290$512.
  creating $alu model for $macc $flatten\Enc0.\Enc0.\Cordic0.\iter8.$add$cores/Encoder/Cordic/Cordic.v:291$513.
  creating $alu model for $macc $flatten\Enc0.\Enc0.\Cordic0.\iter8.$sub$cores/Encoder/Cordic/Cordic.v:293$515.
  creating $alu model for $macc $flatten\Enc0.\Enc0.\Cordic0.\iter8.$add$cores/Encoder/Cordic/Cordic.v:294$517.
  creating $alu model for $macc $flatten\Enc0.\Enc0.\Cordic0.\iter8.$sub$cores/Encoder/Cordic/Cordic.v:295$518.
  creating $alu model for $macc $flatten\Enc0.\Enc0.\Derivator0.\unwrap0.$sub$cores/Encoder/Derivador/Derivator.v:107$632.
  creating $alu model for $macc $flatten\Enc0.\Enc0.\Cordic0.\iter7.$add$cores/Encoder/Cordic/Cordic.v:289$525.
  creating $alu model for $macc $flatten\Enc0.\Enc0.\Cordic0.\iter7.$sub$cores/Encoder/Cordic/Cordic.v:290$527.
  creating $alu model for $macc $flatten\Enc0.\Enc0.\Cordic0.\iter7.$add$cores/Encoder/Cordic/Cordic.v:291$528.
  creating $alu model for $macc $flatten\Enc0.\Enc0.\Cordic0.\iter7.$sub$cores/Encoder/Cordic/Cordic.v:293$530.
  creating $alu model for $macc $flatten\Enc0.\Enc0.\Cordic0.\iter7.$add$cores/Encoder/Cordic/Cordic.v:294$532.
  creating $alu model for $macc $flatten\Enc0.\Enc0.\Cordic0.\iter7.$sub$cores/Encoder/Cordic/Cordic.v:295$533.
  creating $alu model for $macc $flatten\Enc0.\Enc0.\Cordic0.\iter6.$add$cores/Encoder/Cordic/Cordic.v:289$540.
  creating $alu model for $macc $flatten\Enc0.\Enc0.\Cordic0.\iter6.$sub$cores/Encoder/Cordic/Cordic.v:290$542.
  creating $alu model for $macc $flatten\Enc0.\Enc0.\Cordic0.\iter6.$add$cores/Encoder/Cordic/Cordic.v:291$543.
  creating $alu model for $macc $flatten\Enc0.\Enc0.\Cordic0.\iter6.$sub$cores/Encoder/Cordic/Cordic.v:293$545.
  creating $alu model for $macc $flatten\Enc0.\Enc0.\Cordic0.\iter6.$add$cores/Encoder/Cordic/Cordic.v:294$547.
  creating $alu model for $macc $flatten\Enc0.\Enc0.\Cordic0.\iter6.$sub$cores/Encoder/Cordic/Cordic.v:295$548.
  creating $alu model for $macc $flatten\Enc0.\Enc0.\Cordic0.\iter5.$add$cores/Encoder/Cordic/Cordic.v:289$555.
  creating $alu model for $macc $flatten\Enc0.\Enc0.\Cordic0.\iter5.$sub$cores/Encoder/Cordic/Cordic.v:290$557.
  creating $alu model for $macc $flatten\Enc0.\Enc0.\Cordic0.\iter5.$add$cores/Encoder/Cordic/Cordic.v:291$558.
  creating $alu model for $macc $flatten\Enc0.\Enc0.\Cordic0.\iter5.$sub$cores/Encoder/Cordic/Cordic.v:293$560.
  creating $alu model for $macc $flatten\Enc0.\Enc0.\Cordic0.\iter5.$add$cores/Encoder/Cordic/Cordic.v:294$562.
  creating $alu model for $macc $flatten\Enc0.\Enc0.\Cordic0.\iter5.$sub$cores/Encoder/Cordic/Cordic.v:295$563.
  creating $alu model for $macc $flatten\Enc0.\Enc0.\Cordic0.\iter4.$add$cores/Encoder/Cordic/Cordic.v:289$570.
  creating $alu model for $macc $flatten\Enc0.\Enc0.\Cordic0.\iter4.$sub$cores/Encoder/Cordic/Cordic.v:290$572.
  creating $alu model for $macc $flatten\Enc0.\Enc0.\Cordic0.\iter4.$add$cores/Encoder/Cordic/Cordic.v:291$573.
  creating $alu model for $macc $flatten\Enc0.\Enc0.\Cordic0.\iter4.$sub$cores/Encoder/Cordic/Cordic.v:293$575.
  creating $alu model for $macc $flatten\Enc0.\Enc0.\Cordic0.\iter4.$add$cores/Encoder/Cordic/Cordic.v:294$577.
  creating $alu model for $macc $flatten\Enc0.\Enc0.\Cordic0.\iter4.$sub$cores/Encoder/Cordic/Cordic.v:295$578.
  creating $alu model for $macc $flatten\Enc0.\Enc0.\Derivator0.\Angular_speed_calc0.$add$cores/Encoder/Derivador/Derivator.v:73$647.
  creating $alu model for $flatten\Enc0.\Enc0.\Derivator0.\unwrap0.$gt$cores/Encoder/Derivador/Derivator.v:135$642 ($gt): new $alu
  creating $alu model for $flatten\Enc0.\Enc0.\Derivator0.\unwrap0.$gt$cores/Encoder/Derivador/Derivator.v:132$641 ($gt): new $alu
  creating $alu cell for $flatten\Enc0.\Enc0.\Derivator0.\unwrap0.$gt$cores/Encoder/Derivador/Derivator.v:132$641: $auto$alumacc.cc:512:replace_alu$2193
  creating $alu cell for $flatten\Enc0.\Enc0.\Derivator0.\unwrap0.$gt$cores/Encoder/Derivador/Derivator.v:135$642: $auto$alumacc.cc:512:replace_alu$2204
  creating $alu cell for $flatten\Enc0.\Enc0.\Derivator0.\Angular_speed_calc0.$add$cores/Encoder/Derivador/Derivator.v:73$647: $auto$alumacc.cc:512:replace_alu$2215
  creating $alu cell for $flatten\Enc0.\Enc0.\Cordic0.\iter4.$sub$cores/Encoder/Cordic/Cordic.v:295$578: $auto$alumacc.cc:512:replace_alu$2218
  creating $alu cell for $flatten\Enc0.\Enc0.\Cordic0.\iter4.$add$cores/Encoder/Cordic/Cordic.v:294$577: $auto$alumacc.cc:512:replace_alu$2221
  creating $alu cell for $flatten\Enc0.\Enc0.\Cordic0.\iter4.$sub$cores/Encoder/Cordic/Cordic.v:293$575: $auto$alumacc.cc:512:replace_alu$2224
  creating $alu cell for $flatten\Enc0.\Enc0.\Cordic0.\iter4.$add$cores/Encoder/Cordic/Cordic.v:291$573: $auto$alumacc.cc:512:replace_alu$2227
  creating $alu cell for $flatten\Enc0.\Enc0.\Cordic0.\iter4.$sub$cores/Encoder/Cordic/Cordic.v:290$572: $auto$alumacc.cc:512:replace_alu$2230
  creating $alu cell for $flatten\Enc0.\Enc0.\Cordic0.\iter4.$add$cores/Encoder/Cordic/Cordic.v:289$570: $auto$alumacc.cc:512:replace_alu$2233
  creating $alu cell for $flatten\Enc0.\Enc0.\Cordic0.\iter5.$sub$cores/Encoder/Cordic/Cordic.v:295$563: $auto$alumacc.cc:512:replace_alu$2236
  creating $alu cell for $flatten\Enc0.\Enc0.\Cordic0.\iter5.$add$cores/Encoder/Cordic/Cordic.v:294$562: $auto$alumacc.cc:512:replace_alu$2239
  creating $alu cell for $flatten\Enc0.\Enc0.\Cordic0.\iter5.$sub$cores/Encoder/Cordic/Cordic.v:293$560: $auto$alumacc.cc:512:replace_alu$2242
  creating $alu cell for $flatten\Enc0.\Enc0.\Cordic0.\iter5.$add$cores/Encoder/Cordic/Cordic.v:291$558: $auto$alumacc.cc:512:replace_alu$2245
  creating $alu cell for $flatten\Enc0.\Enc0.\Cordic0.\iter5.$sub$cores/Encoder/Cordic/Cordic.v:290$557: $auto$alumacc.cc:512:replace_alu$2248
  creating $alu cell for $flatten\Enc0.\Enc0.\Cordic0.\iter5.$add$cores/Encoder/Cordic/Cordic.v:289$555: $auto$alumacc.cc:512:replace_alu$2251
  creating $alu cell for $flatten\Enc0.\Enc0.\Cordic0.\iter6.$sub$cores/Encoder/Cordic/Cordic.v:295$548: $auto$alumacc.cc:512:replace_alu$2254
  creating $alu cell for $flatten\Enc0.\Enc0.\Cordic0.\iter6.$add$cores/Encoder/Cordic/Cordic.v:294$547: $auto$alumacc.cc:512:replace_alu$2257
  creating $alu cell for $flatten\Enc0.\Enc0.\Cordic0.\iter6.$sub$cores/Encoder/Cordic/Cordic.v:293$545: $auto$alumacc.cc:512:replace_alu$2260
  creating $alu cell for $flatten\Enc0.\Enc0.\Cordic0.\iter6.$add$cores/Encoder/Cordic/Cordic.v:291$543: $auto$alumacc.cc:512:replace_alu$2263
  creating $alu cell for $flatten\Enc0.\Enc0.\Cordic0.\iter6.$sub$cores/Encoder/Cordic/Cordic.v:290$542: $auto$alumacc.cc:512:replace_alu$2266
  creating $alu cell for $flatten\Enc0.\Enc0.\Cordic0.\iter6.$add$cores/Encoder/Cordic/Cordic.v:289$540: $auto$alumacc.cc:512:replace_alu$2269
  creating $alu cell for $flatten\Enc0.\Enc0.\Cordic0.\iter7.$sub$cores/Encoder/Cordic/Cordic.v:295$533: $auto$alumacc.cc:512:replace_alu$2272
  creating $alu cell for $flatten\Enc0.\Enc0.\Cordic0.\iter7.$add$cores/Encoder/Cordic/Cordic.v:294$532: $auto$alumacc.cc:512:replace_alu$2275
  creating $alu cell for $flatten\Enc0.\Enc0.\Cordic0.\iter7.$sub$cores/Encoder/Cordic/Cordic.v:293$530: $auto$alumacc.cc:512:replace_alu$2278
  creating $alu cell for $flatten\Enc0.\Enc0.\Cordic0.\iter7.$add$cores/Encoder/Cordic/Cordic.v:291$528: $auto$alumacc.cc:512:replace_alu$2281
  creating $alu cell for $flatten\Enc0.\Enc0.\Cordic0.\iter7.$sub$cores/Encoder/Cordic/Cordic.v:290$527: $auto$alumacc.cc:512:replace_alu$2284
  creating $alu cell for $flatten\Enc0.\Enc0.\Cordic0.\iter7.$add$cores/Encoder/Cordic/Cordic.v:289$525: $auto$alumacc.cc:512:replace_alu$2287
  creating $alu cell for $flatten\Enc0.\Enc0.\Derivator0.\unwrap0.$sub$cores/Encoder/Derivador/Derivator.v:107$632: $auto$alumacc.cc:512:replace_alu$2290
  creating $alu cell for $flatten\Enc0.\Enc0.\Cordic0.\iter8.$sub$cores/Encoder/Cordic/Cordic.v:295$518: $auto$alumacc.cc:512:replace_alu$2293
  creating $alu cell for $flatten\Enc0.\Enc0.\Cordic0.\iter8.$add$cores/Encoder/Cordic/Cordic.v:294$517: $auto$alumacc.cc:512:replace_alu$2296
  creating $alu cell for $flatten\Enc0.\Enc0.\Cordic0.\iter8.$sub$cores/Encoder/Cordic/Cordic.v:293$515: $auto$alumacc.cc:512:replace_alu$2299
  creating $alu cell for $flatten\Enc0.\Enc0.\Cordic0.\iter8.$add$cores/Encoder/Cordic/Cordic.v:291$513: $auto$alumacc.cc:512:replace_alu$2302
  creating $alu cell for $flatten\Enc0.\Enc0.\Cordic0.\iter8.$sub$cores/Encoder/Cordic/Cordic.v:290$512: $auto$alumacc.cc:512:replace_alu$2305
  creating $alu cell for $flatten\Enc0.\Enc0.\Cordic0.\iter8.$add$cores/Encoder/Cordic/Cordic.v:289$510: $auto$alumacc.cc:512:replace_alu$2308
  creating $alu cell for $flatten\Enc0.\Enc0.\Cordic0.\iter1.$sub$cores/Encoder/Cordic/Cordic.v:295$623: $auto$alumacc.cc:512:replace_alu$2311
  creating $alu cell for $flatten\Enc0.\Enc0.\Derivator0.\Angular_speed_calc0.$sub$cores/Encoder/Derivador/Derivator.v:71$645: $auto$alumacc.cc:512:replace_alu$2314
  creating $alu cell for $flatten\Enc0.\Enc0.\Cordic0.\first_iter.$add$cores/Encoder/Cordic/Cordic.v:325$628: $auto$alumacc.cc:512:replace_alu$2317
  creating $alu cell for $flatten\Enc0.\Enc0.\Cordic0.\iter9.$sub$cores/Encoder/Cordic/Cordic.v:295$503: $auto$alumacc.cc:512:replace_alu$2320
  creating $alu cell for $flatten\Enc0.\Enc0.\Cordic0.\iter9.$add$cores/Encoder/Cordic/Cordic.v:294$502: $auto$alumacc.cc:512:replace_alu$2323
  creating $alu cell for $flatten\Enc0.\Enc0.\Cordic0.\iter9.$add$cores/Encoder/Cordic/Cordic.v:291$498: $auto$alumacc.cc:512:replace_alu$2326
  creating $alu cell for $flatten\Enc0.\Enc0.\Cordic0.\iter9.$sub$cores/Encoder/Cordic/Cordic.v:290$497: $auto$alumacc.cc:512:replace_alu$2329
  creating $alu cell for $flatten\Enc0.\Enc0.\Cordic0.\iter3.$sub$cores/Encoder/Cordic/Cordic.v:295$593: $auto$alumacc.cc:512:replace_alu$2332
  creating $alu cell for $flatten\Enc0.\Enc0.\Cordic0.\iter3.$add$cores/Encoder/Cordic/Cordic.v:294$592: $auto$alumacc.cc:512:replace_alu$2335
  creating $alu cell for $flatten\Enc0.\Enc0.\Cordic0.\iter10.$sub$cores/Encoder/Cordic/Cordic.v:295$488: $auto$alumacc.cc:512:replace_alu$2338
  creating $alu cell for $flatten\Enc0.\Enc0.\Cordic0.\iter10.$add$cores/Encoder/Cordic/Cordic.v:291$483: $auto$alumacc.cc:512:replace_alu$2341
  creating $alu cell for $flatten\Enc0.\Enc0.\Derivator0.\unwrap0.$add$cores/Encoder/Derivador/Derivator.v:114$639: $auto$alumacc.cc:512:replace_alu$2344
  creating $alu cell for $flatten\Enc0.\Enc0.\Derivator0.\Angular_speed_calc0.$sub$cores/Encoder/Derivador/Derivator.v:70$644: $auto$alumacc.cc:512:replace_alu$2347
  creating $alu cell for $flatten\Enc0.\Enc0.$sub$cores/Encoder/Encoder.v:78$446: $auto$alumacc.cc:512:replace_alu$2350
  creating $alu cell for $flatten\Enc0.\Enc0.\Cordic0.\iter2.$sub$cores/Encoder/Cordic/Cordic.v:295$608: $auto$alumacc.cc:512:replace_alu$2353
  creating $alu cell for $flatten\Enc0.\Enc0.\Cordic0.\iter3.$sub$cores/Encoder/Cordic/Cordic.v:293$590: $auto$alumacc.cc:512:replace_alu$2356
  creating $alu cell for $flatten\Enc0.\Enc0.\Cordic0.\iter2.$add$cores/Encoder/Cordic/Cordic.v:294$607: $auto$alumacc.cc:512:replace_alu$2359
  creating $alu cell for $flatten\Enc0.\Enc0.\Cordic0.\iter3.$add$cores/Encoder/Cordic/Cordic.v:291$588: $auto$alumacc.cc:512:replace_alu$2362
  creating $alu cell for $flatten\Enc0.\Enc0.\Cordic0.\iter2.$sub$cores/Encoder/Cordic/Cordic.v:293$605: $auto$alumacc.cc:512:replace_alu$2365
  creating $alu cell for $flatten\Enc0.\Enc0.\Cordic0.\iter3.$sub$cores/Encoder/Cordic/Cordic.v:290$587: $auto$alumacc.cc:512:replace_alu$2368
  creating $alu cell for $flatten\Enc0.\Enc0.\Cordic0.\iter2.$add$cores/Encoder/Cordic/Cordic.v:291$603: $auto$alumacc.cc:512:replace_alu$2371
  creating $alu cell for $flatten\Enc0.\Enc0.\Cordic0.\iter3.$add$cores/Encoder/Cordic/Cordic.v:289$585: $auto$alumacc.cc:512:replace_alu$2374
  creating $alu cell for $flatten\Enc0.\Enc0.\Cordic0.\iter2.$sub$cores/Encoder/Cordic/Cordic.v:290$602: $auto$alumacc.cc:512:replace_alu$2377
  creating $alu cell for $flatten\Enc0.\Enc0.\Cordic0.\iter2.$add$cores/Encoder/Cordic/Cordic.v:289$600: $auto$alumacc.cc:512:replace_alu$2380
  creating $alu cell for $flatten\Enc0.\Enc0.\Cordic0.\first_iter.$add$cores/Encoder/Cordic/Cordic.v:326$630: $auto$alumacc.cc:512:replace_alu$2383
  creating $alu cell for $flatten\per_uart.\uart0.$add$cores/uart/uart.v:140$466: $auto$alumacc.cc:512:replace_alu$2386
  creating $alu cell for $flatten\per_uart.\uart0.$add$cores/uart/uart.v:137$463: $auto$alumacc.cc:512:replace_alu$2389
  creating $alu cell for $flatten\per_uart.\uart0.$add$cores/uart/uart.v:91$457: $auto$alumacc.cc:512:replace_alu$2392
  creating $alu cell for $flatten\per_uart.\uart0.$add$cores/uart/uart.v:88$455: $auto$alumacc.cc:512:replace_alu$2395
  creating $alu cell for $flatten\Enc0.\Enc0.\Derivator0.\unwrap0.$add$cores/Encoder/Derivador/Derivator.v:113$638: $auto$alumacc.cc:512:replace_alu$2398
  creating $alu cell for $flatten\per_uart.\uart0.$sub$cores/uart/uart.v:39$449: $auto$alumacc.cc:512:replace_alu$2401
  creating $alu cell for $flatten\Enc0.\Enc0.\Derivator0.\unwrap0.$add$cores/Encoder/Derivador/Derivator.v:112$637: $auto$alumacc.cc:512:replace_alu$2404
  creating $alu cell for $flatten\Enc0.\Enc0.\Derivator0.\unwrap0.$add$cores/Encoder/Derivador/Derivator.v:111$636: $auto$alumacc.cc:512:replace_alu$2407
  creating $alu cell for $flatten\CPU.$add$cores/cpu/femtorv32_quark_V2.v:110$307: $auto$alumacc.cc:512:replace_alu$2410
  creating $alu cell for $flatten\Enc0.\Enc0.\Cordic0.\iter1.$sub$cores/Encoder/Cordic/Cordic.v:293$620: $auto$alumacc.cc:512:replace_alu$2413
  creating $alu cell for $flatten\Enc0.\Enc0.\Cordic0.\iter1.$add$cores/Encoder/Cordic/Cordic.v:294$622: $auto$alumacc.cc:512:replace_alu$2416
  creating $alu cell for $flatten\CPU.$add$cores/cpu/femtorv32_quark_V2.v:115$310: $auto$alumacc.cc:512:replace_alu$2419
  creating $alu cell for $flatten\CPU.$add$cores/cpu/femtorv32_quark_V2.v:123$315: $auto$alumacc.cc:512:replace_alu$2422
  creating $alu cell for $flatten\CPU.$add$cores/cpu/femtorv32_quark_V2.v:161$352: $auto$alumacc.cc:512:replace_alu$2425
  creating $alu cell for $flatten\CPU.$add$cores/cpu/femtorv32_quark_V2.v:165$353: $auto$alumacc.cc:512:replace_alu$2428
  creating $alu cell for $flatten\Enc0.\Enc0.\Derivator0.\unwrap0.$add$cores/Encoder/Derivador/Derivator.v:108$634: $auto$alumacc.cc:512:replace_alu$2431
  creating $alu cell for $flatten\CPU.$sub$cores/cpu/femtorv32_quark_V2.v:206$390: $auto$alumacc.cc:512:replace_alu$2434
  creating $alu cell for $flatten\CPU.$add$cores/cpu/femtorv32_quark_V2.v:294$439: $auto$alumacc.cc:512:replace_alu$2437
  creating $alu cell for $flatten\Enc0.\Enc0.\Cordic0.\iter1.$sub$cores/Encoder/Cordic/Cordic.v:290$617: $auto$alumacc.cc:512:replace_alu$2440
  creating $alu cell for $flatten\Enc0.\Enc0.\Cordic0.\iter1.$add$cores/Encoder/Cordic/Cordic.v:291$618: $auto$alumacc.cc:512:replace_alu$2443
  created 79 $alu and 0 $macc cells.

13.26. Executing OPT pass (performing simple optimizations).

13.26.1. Executing OPT_EXPR pass (perform const folding).
Optimizing module SOC.
<suppressed ~2 debug messages>

13.26.2. Executing OPT_MERGE pass (detect identical cells).
Finding identical cells in module `\SOC'.
Computing hashes of 561 cells of `\SOC'.
Finding duplicate cells in `\SOC'.
Removed a total of 0 cells.

13.26.3. Executing OPT_MUXTREE pass (detect dead branches in mux trees).
Running muxtree optimizer on module \SOC..
  Creating internal representation of mux trees.
  Evaluating internal representation of mux trees.
  Analyzing evaluation results.
Removed 0 multiplexer ports.
<suppressed ~313 debug messages>

13.26.4. Executing OPT_REDUCE pass (consolidate $*mux and $reduce_* inputs).
  Optimizing cells in module \SOC.
Performed a total of 0 changes.

13.26.5. Executing OPT_MERGE pass (detect identical cells).
Finding identical cells in module `\SOC'.
Computing hashes of 561 cells of `\SOC'.
Finding duplicate cells in `\SOC'.
Removed a total of 0 cells.

13.26.6. Executing OPT_DFF pass (perform DFF optimizations).
Setting constant 0-bit at position 10 on $flatten\per_uart.$procdff$1576 ($dff) from module SOC.
Setting constant 0-bit at position 11 on $flatten\per_uart.$procdff$1576 ($dff) from module SOC.
Setting constant 0-bit at position 12 on $flatten\per_uart.$procdff$1576 ($dff) from module SOC.
Setting constant 0-bit at position 13 on $flatten\per_uart.$procdff$1576 ($dff) from module SOC.
Setting constant 0-bit at position 14 on $flatten\per_uart.$procdff$1576 ($dff) from module SOC.
Setting constant 0-bit at position 15 on $flatten\per_uart.$procdff$1576 ($dff) from module SOC.
Setting constant 0-bit at position 16 on $flatten\per_uart.$procdff$1576 ($dff) from module SOC.
Setting constant 0-bit at position 17 on $flatten\per_uart.$procdff$1576 ($dff) from module SOC.
Setting constant 0-bit at position 18 on $flatten\per_uart.$procdff$1576 ($dff) from module SOC.
Setting constant 0-bit at position 19 on $flatten\per_uart.$procdff$1576 ($dff) from module SOC.
Setting constant 0-bit at position 20 on $flatten\per_uart.$procdff$1576 ($dff) from module SOC.
Setting constant 0-bit at position 21 on $flatten\per_uart.$procdff$1576 ($dff) from module SOC.
Setting constant 0-bit at position 22 on $flatten\per_uart.$procdff$1576 ($dff) from module SOC.
Setting constant 0-bit at position 23 on $flatten\per_uart.$procdff$1576 ($dff) from module SOC.
Setting constant 0-bit at position 24 on $flatten\per_uart.$procdff$1576 ($dff) from module SOC.
Setting constant 0-bit at position 25 on $flatten\per_uart.$procdff$1576 ($dff) from module SOC.
Setting constant 0-bit at position 26 on $flatten\per_uart.$procdff$1576 ($dff) from module SOC.
Setting constant 0-bit at position 27 on $flatten\per_uart.$procdff$1576 ($dff) from module SOC.
Setting constant 0-bit at position 28 on $flatten\per_uart.$procdff$1576 ($dff) from module SOC.
Setting constant 0-bit at position 29 on $flatten\per_uart.$procdff$1576 ($dff) from module SOC.
Setting constant 0-bit at position 30 on $flatten\per_uart.$procdff$1576 ($dff) from module SOC.
Setting constant 0-bit at position 31 on $flatten\per_uart.$procdff$1576 ($dff) from module SOC.
Setting constant 0-bit at position 14 on $flatten\Enc0.$procdff$1580 ($dff) from module SOC.
Setting constant 0-bit at position 15 on $flatten\Enc0.$procdff$1580 ($dff) from module SOC.
Setting constant 0-bit at position 16 on $flatten\Enc0.$procdff$1580 ($dff) from module SOC.
Setting constant 0-bit at position 17 on $flatten\Enc0.$procdff$1580 ($dff) from module SOC.
Setting constant 0-bit at position 18 on $flatten\Enc0.$procdff$1580 ($dff) from module SOC.
Setting constant 0-bit at position 19 on $flatten\Enc0.$procdff$1580 ($dff) from module SOC.
Setting constant 0-bit at position 20 on $flatten\Enc0.$procdff$1580 ($dff) from module SOC.
Setting constant 0-bit at position 21 on $flatten\Enc0.$procdff$1580 ($dff) from module SOC.
Setting constant 0-bit at position 22 on $flatten\Enc0.$procdff$1580 ($dff) from module SOC.
Setting constant 0-bit at position 23 on $flatten\Enc0.$procdff$1580 ($dff) from module SOC.
Setting constant 0-bit at position 24 on $flatten\Enc0.$procdff$1580 ($dff) from module SOC.
Setting constant 0-bit at position 25 on $flatten\Enc0.$procdff$1580 ($dff) from module SOC.
Setting constant 0-bit at position 26 on $flatten\Enc0.$procdff$1580 ($dff) from module SOC.
Setting constant 0-bit at position 27 on $flatten\Enc0.$procdff$1580 ($dff) from module SOC.
Setting constant 0-bit at position 28 on $flatten\Enc0.$procdff$1580 ($dff) from module SOC.
Setting constant 0-bit at position 29 on $flatten\Enc0.$procdff$1580 ($dff) from module SOC.
Setting constant 0-bit at position 30 on $flatten\Enc0.$procdff$1580 ($dff) from module SOC.
Setting constant 0-bit at position 31 on $flatten\Enc0.$procdff$1580 ($dff) from module SOC.

13.26.7. Executing OPT_CLEAN pass (remove unused cells and wires).
Finding unused cells or wires in module \SOC..
Removed 3 unused cells and 5 unused wires.
<suppressed ~4 debug messages>

13.26.8. Executing OPT_EXPR pass (perform const folding).
Optimizing module SOC.

13.26.9. Rerunning OPT passes. (Maybe there is more to do..)

13.26.10. Executing OPT_MUXTREE pass (detect dead branches in mux trees).
Running muxtree optimizer on module \SOC..
  Creating internal representation of mux trees.
  Evaluating internal representation of mux trees.
  Analyzing evaluation results.
Removed 0 multiplexer ports.
<suppressed ~313 debug messages>

13.26.11. Executing OPT_REDUCE pass (consolidate $*mux and $reduce_* inputs).
  Optimizing cells in module \SOC.
Performed a total of 0 changes.

13.26.12. Executing OPT_MERGE pass (detect identical cells).
Finding identical cells in module `\SOC'.
Computing hashes of 558 cells of `\SOC'.
Finding duplicate cells in `\SOC'.
Removed a total of 0 cells.

13.26.13. Executing OPT_DFF pass (perform DFF optimizations).

13.26.14. Executing OPT_CLEAN pass (remove unused cells and wires).
Finding unused cells or wires in module \SOC..

13.26.15. Executing OPT_EXPR pass (perform const folding).
Optimizing module SOC.

13.26.16. Finished fast OPT passes. (There is nothing left to do.)

13.27. Executing MEMORY pass.

13.27.1. Executing OPT_MEM pass (optimize memories).
Performed a total of 96 transformations.

13.27.2. Executing OPT_MEM_PRIORITY pass (removing unnecessary memory write priority relations).
Performed a total of 6 transformations.

13.27.3. Executing OPT_MEM_FEEDBACK pass (finding memory read-to-write feedback paths).
  Analyzing SOC.RAM.MEM write port 0.
  Analyzing SOC.RAM.MEM write port 1.
  Analyzing SOC.RAM.MEM write port 2.
  Analyzing SOC.RAM.MEM write port 3.
  Analyzing SOC.CPU.registerFile write port 0.
  Analyzing SOC.CPU.registerFile write port 1.

13.27.4. Executing MEMORY_BMUX2ROM pass (converting muxes to ROMs).

13.27.5. Executing MEMORY_DFF pass (merging $dff cells to $memrd).
Checking read port `\RAM.MEM'[0] in module `\SOC': merging output FF to cell.
    Write port 0: non-transparent.
    Write port 1: non-transparent.
    Write port 2: non-transparent.
    Write port 3: non-transparent.
Checking read port `\CPU.registerFile'[0] in module `\SOC': merging output FF to cell.
    Write port 0: don't care on collision.
    Write port 1: non-transparent.
Checking read port `\CPU.registerFile'[1] in module `\SOC': merging output FF to cell.
    Write port 0: don't care on collision.
    Write port 1: non-transparent.

13.27.6. Executing OPT_CLEAN pass (remove unused cells and wires).
Finding unused cells or wires in module \SOC..
Removed 3 unused cells and 99 unused wires.
<suppressed ~4 debug messages>

13.27.7. Executing MEMORY_SHARE pass (consolidating $memrd/$memwr cells).
Consolidating write ports of memory SOC.RAM.MEM by address:
  Merging ports 0, 1 (address \mem_addr [13:2]).
  Merging ports 0, 2 (address \mem_addr [13:2]).
  Merging ports 0, 3 (address \mem_addr [13:2]).
Consolidating read ports of memory SOC.CPU.registerFile by address:
Consolidating write ports of memory SOC.CPU.registerFile by address:
Consolidating write ports of memory SOC.CPU.registerFile using sat-based resource sharing:
  Checking group clocked with posedge \clk, width 32: ports 0, 1.
  Common input cone for all EN signals: 11 cells.
  Size of unconstrained SAT problem: 87 variables, 205 clauses
  Merging port 1 into port 0.

13.27.8. Executing OPT_MEM_WIDEN pass (optimize memories where all ports are wide).
Performed a total of 0 transformations.

13.27.9. Executing OPT_CLEAN pass (remove unused cells and wires).
Finding unused cells or wires in module \SOC..
Removed 4 unused cells and 4 unused wires.
<suppressed ~5 debug messages>

13.27.10. Executing MEMORY_COLLECT pass (generating $mem cells).

13.28. Executing OPT_CLEAN pass (remove unused cells and wires).
Finding unused cells or wires in module \SOC..

13.29. Executing MEMORY_LIBMAP pass (mapping memories to cells).
mapping memory SOC.CPU.registerFile via $__TRELLIS_DPR16X4_
Extracted data FF from read port 0 of SOC.CPU.registerFile: $\CPU.registerFile$rdreg[0]
Extracted data FF from read port 1 of SOC.CPU.registerFile: $\CPU.registerFile$rdreg[1]
mapping memory SOC.RAM.MEM via $__DP16KD_
<suppressed ~2027 debug messages>

13.30. Executing TECHMAP pass (map to technology primitives).

13.30.1. Executing Verilog-2005 frontend: /home/leonardoa29/Downloads/oss-cad-suite/lib/../share/yosys/lattice/lutrams_map_trellis.v
Parsing Verilog input from `/home/leonardoa29/Downloads/oss-cad-suite/lib/../share/yosys/lattice/lutrams_map_trellis.v' to AST representation.
Generating RTLIL representation for module `$__TRELLIS_DPR16X4_'.
Successfully finished Verilog frontend.

13.30.2. Executing Verilog-2005 frontend: /home/leonardoa29/Downloads/oss-cad-suite/lib/../share/yosys/lattice/brams_map_16kd.v
Parsing Verilog input from `/home/leonardoa29/Downloads/oss-cad-suite/lib/../share/yosys/lattice/brams_map_16kd.v' to AST representation.
Generating RTLIL representation for module `$__DP16KD_'.
Generating RTLIL representation for module `$__PDPW16KD_'.
Successfully finished Verilog frontend.

13.30.3. Continuing TECHMAP pass.
Using template $paramod$514fc941ac1ae997c717a8e6a1180ed8e0cf8fa9$__TRELLIS_DPR16X4_ for cells of type $__TRELLIS_DPR16X4_.
Using template $paramod$04778961cc1285a5efea28f98f28381eb2862208$__TRELLIS_DPR16X4_ for cells of type $__TRELLIS_DPR16X4_.
Using template $paramod$4623b35d0130b4f5263f2ee276beb56ba6d711c9$__DP16KD_ for cells of type $__DP16KD_.
Using template $paramod$11aaf9b0bfd3bfdc8718833350eb99c9413fd3fa$__DP16KD_ for cells of type $__DP16KD_.
Using template $paramod$0340de9cf5d82926b3ca953dfc8bbff741fd6f74$__DP16KD_ for cells of type $__DP16KD_.
Using template $paramod$b787bb9a0c1a4c9e178d17a0647c1ee5feffa45f$__DP16KD_ for cells of type $__DP16KD_.
Using template $paramod$fea4a3b3908817614b1852e15cf5cb2ce4b4c79a$__DP16KD_ for cells of type $__DP16KD_.
Using template $paramod$4c507d966acf044cc20a617f0b55ba53ae1475f2$__DP16KD_ for cells of type $__DP16KD_.
Using template $paramod$40738de296b766247493ace552162ad3376021e0$__DP16KD_ for cells of type $__DP16KD_.
Using template $paramod$78f0f05b35b207b1a766bd33a3662d1c808fb6b0$__DP16KD_ for cells of type $__DP16KD_.
No more expansions possible.
<suppressed ~303 debug messages>

13.31. Executing OPT pass (performing simple optimizations).

13.31.1. Executing OPT_EXPR pass (perform const folding).
Optimizing module SOC.
<suppressed ~129 debug messages>

13.31.2. Executing OPT_MERGE pass (detect identical cells).
Finding identical cells in module `\SOC'.
Computing hashes of 585 cells of `\SOC'.
Finding duplicate cells in `\SOC'.
Computing hashes of 583 cells of `\SOC'.
Finding duplicate cells in `\SOC'.
<suppressed ~6 debug messages>
Removed a total of 2 cells.

13.31.3. Executing OPT_DFF pass (perform DFF optimizations).
Adding EN signal on $auto$ff.cc:337:slice$1892 ($sdffe) from module SOC (D = $flatten\CPU.$ternary$cores/cpu/femtorv32_quark_V2.v:271$430_Y [1:0], Q = \CPU.PC [1:0]).

13.31.4. Executing OPT_CLEAN pass (remove unused cells and wires).
Finding unused cells or wires in module \SOC..
Removed 14 unused cells and 478 unused wires.
<suppressed ~15 debug messages>

13.31.5. Rerunning OPT passes. (Removed registers in this run.)

13.31.6. Executing OPT_EXPR pass (perform const folding).
Optimizing module SOC.
<suppressed ~1 debug messages>

13.31.7. Executing OPT_MERGE pass (detect identical cells).
Finding identical cells in module `\SOC'.
Computing hashes of 572 cells of `\SOC'.
Finding duplicate cells in `\SOC'.
Removed a total of 0 cells.

13.31.8. Executing OPT_DFF pass (perform DFF optimizations).

13.31.9. Executing OPT_CLEAN pass (remove unused cells and wires).
Finding unused cells or wires in module \SOC..

13.31.10. Finished fast OPT passes.

13.32. Executing MEMORY_MAP pass (converting memories to logic and flip-flops).

13.33. Executing OPT pass (performing simple optimizations).

13.33.1. Executing OPT_EXPR pass (perform const folding).
Optimizing module SOC.

13.33.2. Executing OPT_MERGE pass (detect identical cells).
Finding identical cells in module `\SOC'.
Computing hashes of 572 cells of `\SOC'.
Finding duplicate cells in `\SOC'.
Removed a total of 0 cells.

13.33.3. Executing OPT_MUXTREE pass (detect dead branches in mux trees).
Running muxtree optimizer on module \SOC..
  Creating internal representation of mux trees.
  Evaluating internal representation of mux trees.
      Replacing known input bits on port B of cell $auto$memory_share.cc:454:consolidate_wr_using_sat$2558: $auto$rtlil.cc:3271:ReduceOr$2552 -> 1'1
  Analyzing evaluation results.
Removed 0 multiplexer ports.
<suppressed ~273 debug messages>

13.33.4. Executing OPT_REDUCE pass (consolidate $*mux and $reduce_* inputs).
  Optimizing cells in module \SOC.
    Consolidated identical input bits for $mux cell $flatten\Enc0.\Enc0.\Cordic0.\iter6.$procmux$1350:
      Old ports: A={ $flatten\Enc0.\Enc0.\Cordic0.\iter6.$add$cores/Encoder/Cordic/Cordic.v:291$543_Y [13:1] \Enc0.Enc0.Cordic0.iter6.angle_in_reg [0] }, B={ $flatten\Enc0.\Enc0.\Cordic0.\iter6.$sub$cores/Encoder/Cordic/Cordic.v:295$548_Y [13:1] \Enc0.Enc0.Cordic0.iter6.angle_in_reg [0] }, Y=$flatten\Enc0.\Enc0.\Cordic0.\iter6.$procmux$1350_Y
      New ports: A=$flatten\Enc0.\Enc0.\Cordic0.\iter6.$add$cores/Encoder/Cordic/Cordic.v:291$543_Y [13:1], B=$flatten\Enc0.\Enc0.\Cordic0.\iter6.$sub$cores/Encoder/Cordic/Cordic.v:295$548_Y [13:1], Y=$flatten\Enc0.\Enc0.\Cordic0.\iter6.$procmux$1350_Y [13:1]
      New connections: $flatten\Enc0.\Enc0.\Cordic0.\iter6.$procmux$1350_Y [0] = \Enc0.Enc0.Cordic0.iter6.angle_in_reg [0]
    Consolidated identical input bits for $mux cell $flatten\Enc0.\Enc0.\Cordic0.\iter1.$procmux$1185:
      Old ports: A={ $flatten\Enc0.\Enc0.\Cordic0.\iter1.$add$cores/Encoder/Cordic/Cordic.v:291$618_Y [13:3] \Enc0.Enc0.Cordic0.iter1.angle_in_reg [2:0] }, B={ $flatten\Enc0.\Enc0.\Cordic0.\iter1.$sub$cores/Encoder/Cordic/Cordic.v:295$623_Y [13:3] \Enc0.Enc0.Cordic0.iter1.angle_in_reg [2:0] }, Y=$flatten\Enc0.\Enc0.\Cordic0.\iter1.$procmux$1185_Y
      New ports: A=$flatten\Enc0.\Enc0.\Cordic0.\iter1.$add$cores/Encoder/Cordic/Cordic.v:291$618_Y [13:3], B=$flatten\Enc0.\Enc0.\Cordic0.\iter1.$sub$cores/Encoder/Cordic/Cordic.v:295$623_Y [13:3], Y=$flatten\Enc0.\Enc0.\Cordic0.\iter1.$procmux$1185_Y [13:3]
      New connections: $flatten\Enc0.\Enc0.\Cordic0.\iter1.$procmux$1185_Y [2:0] = \Enc0.Enc0.Cordic0.iter1.angle_in_reg [2:0]
    Consolidated identical input bits for $mux cell $flatten\Enc0.\Enc0.\Cordic0.\iter8.$procmux$1416:
      Old ports: A={ $flatten\Enc0.\Enc0.\Cordic0.\iter8.$add$cores/Encoder/Cordic/Cordic.v:291$513_Y [13:2] \Enc0.Enc0.Cordic0.iter8.angle_in_reg [1:0] }, B={ $flatten\Enc0.\Enc0.\Cordic0.\iter8.$sub$cores/Encoder/Cordic/Cordic.v:295$518_Y [13:2] \Enc0.Enc0.Cordic0.iter8.angle_in_reg [1:0] }, Y=$flatten\Enc0.\Enc0.\Cordic0.\iter8.$procmux$1416_Y
      New ports: A=$flatten\Enc0.\Enc0.\Cordic0.\iter8.$add$cores/Encoder/Cordic/Cordic.v:291$513_Y [13:2], B=$flatten\Enc0.\Enc0.\Cordic0.\iter8.$sub$cores/Encoder/Cordic/Cordic.v:295$518_Y [13:2], Y=$flatten\Enc0.\Enc0.\Cordic0.\iter8.$procmux$1416_Y [13:2]
      New connections: $flatten\Enc0.\Enc0.\Cordic0.\iter8.$procmux$1416_Y [1:0] = \Enc0.Enc0.Cordic0.iter8.angle_in_reg [1:0]
    Consolidated identical input bits for $mux cell $flatten\Enc0.\Enc0.\Derivator0.\unwrap0.$procmux$1113:
      Old ports: A=14'11010011000000, B=14'00000000000000, Y=$flatten\Enc0.\Enc0.\Derivator0.\unwrap0.$procmux$1113_Y
      New ports: A=1'1, B=1'0, Y=$flatten\Enc0.\Enc0.\Derivator0.\unwrap0.$procmux$1113_Y [6]
      New connections: { $flatten\Enc0.\Enc0.\Derivator0.\unwrap0.$procmux$1113_Y [13:7] $flatten\Enc0.\Enc0.\Derivator0.\unwrap0.$procmux$1113_Y [5:0] } = { $flatten\Enc0.\Enc0.\Derivator0.\unwrap0.$procmux$1113_Y [6] $flatten\Enc0.\Enc0.\Derivator0.\unwrap0.$procmux$1113_Y [6] 1'0 $flatten\Enc0.\Enc0.\Derivator0.\unwrap0.$procmux$1113_Y [6] 2'00 $flatten\Enc0.\Enc0.\Derivator0.\unwrap0.$procmux$1113_Y [6] 6'000000 }
    Consolidated identical input bits for $mux cell $flatten\Enc0.\Enc0.\Cordic0.\iter9.$procmux$1449:
      Old ports: A={ $flatten\Enc0.\Enc0.\Cordic0.\iter9.$add$cores/Encoder/Cordic/Cordic.v:291$498_Y [13:1] \Enc0.Enc0.Cordic0.iter9.angle_in_reg [0] }, B={ $flatten\Enc0.\Enc0.\Cordic0.\iter9.$sub$cores/Encoder/Cordic/Cordic.v:295$503_Y [13:1] \Enc0.Enc0.Cordic0.iter9.angle_in_reg [0] }, Y=$flatten\Enc0.\Enc0.\Cordic0.\iter9.$procmux$1449_Y
      New ports: A=$flatten\Enc0.\Enc0.\Cordic0.\iter9.$add$cores/Encoder/Cordic/Cordic.v:291$498_Y [13:1], B=$flatten\Enc0.\Enc0.\Cordic0.\iter9.$sub$cores/Encoder/Cordic/Cordic.v:295$503_Y [13:1], Y=$flatten\Enc0.\Enc0.\Cordic0.\iter9.$procmux$1449_Y [13:1]
      New connections: $flatten\Enc0.\Enc0.\Cordic0.\iter9.$procmux$1449_Y [0] = \Enc0.Enc0.Cordic0.iter9.angle_in_reg [0]
    Consolidated identical input bits for $mux cell $flatten\per_uart.$ternary$cores/uart/perip_uart.v:32$247:
      Old ports: A=2'00, B=2'10, Y=$flatten\per_uart.$ternary$cores/uart/perip_uart.v:32$247_Y
      New ports: A=1'0, B=1'1, Y=$flatten\per_uart.$ternary$cores/uart/perip_uart.v:32$247_Y [1]
      New connections: $flatten\per_uart.$ternary$cores/uart/perip_uart.v:32$247_Y [0] = 1'0
    Consolidated identical input bits for $mux cell $flatten\Enc0.\Enc0.\Derivator0.\unwrap0.$procmux$1117:
      Old ports: A=12'101101000000, B=12'000000000000, Y=$auto$wreduce.cc:514:run$2167 [11:0]
      New ports: A=1'1, B=1'0, Y=$auto$wreduce.cc:514:run$2167 [6]
      New connections: { $auto$wreduce.cc:514:run$2167 [11:7] $auto$wreduce.cc:514:run$2167 [5:0] } = { $auto$wreduce.cc:514:run$2167 [6] 1'0 $auto$wreduce.cc:514:run$2167 [6] $auto$wreduce.cc:514:run$2167 [6] 7'0000000 }
    Consolidated identical input bits for $mux cell $flatten\Enc0.\Enc0.\Cordic0.\iter3.$procmux$1251:
      Old ports: A={ $flatten\Enc0.\Enc0.\Cordic0.\iter3.$add$cores/Encoder/Cordic/Cordic.v:291$588_Y [13:4] \Enc0.Enc0.Cordic0.iter3.angle_in_reg [3:0] }, B={ $flatten\Enc0.\Enc0.\Cordic0.\iter3.$sub$cores/Encoder/Cordic/Cordic.v:295$593_Y [13:4] \Enc0.Enc0.Cordic0.iter3.angle_in_reg [3:0] }, Y=$flatten\Enc0.\Enc0.\Cordic0.\iter3.$procmux$1251_Y
      New ports: A=$flatten\Enc0.\Enc0.\Cordic0.\iter3.$add$cores/Encoder/Cordic/Cordic.v:291$588_Y [13:4], B=$flatten\Enc0.\Enc0.\Cordic0.\iter3.$sub$cores/Encoder/Cordic/Cordic.v:295$593_Y [13:4], Y=$flatten\Enc0.\Enc0.\Cordic0.\iter3.$procmux$1251_Y [13:4]
      New connections: $flatten\Enc0.\Enc0.\Cordic0.\iter3.$procmux$1251_Y [3:0] = \Enc0.Enc0.Cordic0.iter3.angle_in_reg [3:0]
    Consolidated identical input bits for $mux cell $flatten\Enc0.\Enc0.\Cordic0.\first_iter.$procmux$1139:
      Old ports: A={ 2'00 \x_in_10 \x_in_9 \x_in_8 \x_in_7 \x_in_6 \x_in_5 \x_in_4 \x_in_3 \x_in_2 \x_in_1 \x_in_0 }, B={ 2'00 \y_in_10 \y_in_9 \y_in_8 \y_in_7 \y_in_6 \y_in_5 \y_in_4 \y_in_3 \y_in_2 \y_in_1 \y_in_0 }, Y=$flatten\Enc0.\Enc0.\Cordic0.\first_iter.$procmux$1139_Y
      New ports: A={ \x_in_10 \x_in_9 \x_in_8 \x_in_7 \x_in_6 \x_in_5 \x_in_4 \x_in_3 \x_in_2 \x_in_1 \x_in_0 }, B={ \y_in_10 \y_in_9 \y_in_8 \y_in_7 \y_in_6 \y_in_5 \y_in_4 \y_in_3 \y_in_2 \y_in_1 \y_in_0 }, Y=$flatten\Enc0.\Enc0.\Cordic0.\first_iter.$procmux$1139_Y [10:0]
      New connections: $flatten\Enc0.\Enc0.\Cordic0.\first_iter.$procmux$1139_Y [12:11] = 2'00
    Consolidated identical input bits for $mux cell $flatten\Enc0.\Enc0.\Cordic0.\first_iter.$procmux$1150:
      Old ports: A=14'00000000000000, B=14'00001011010000, Y=$flatten\Enc0.\Enc0.\Cordic0.\first_iter.$procmux$1150_Y
      New ports: A=1'0, B=1'1, Y=$flatten\Enc0.\Enc0.\Cordic0.\first_iter.$procmux$1150_Y [4]
      New connections: { $flatten\Enc0.\Enc0.\Cordic0.\first_iter.$procmux$1150_Y [13:5] $flatten\Enc0.\Enc0.\Cordic0.\first_iter.$procmux$1150_Y [3:0] } = { 4'0000 $flatten\Enc0.\Enc0.\Cordic0.\first_iter.$procmux$1150_Y [4] 1'0 $flatten\Enc0.\Enc0.\Cordic0.\first_iter.$procmux$1150_Y [4] $flatten\Enc0.\Enc0.\Cordic0.\first_iter.$procmux$1150_Y [4] 5'00000 }
    Consolidated identical input bits for $mux cell $flatten\Enc0.\Enc0.\Cordic0.\first_iter.$procmux$1145:
      Old ports: A=14'00100001110000, B=14'00010110100000, Y=$flatten\Enc0.\Enc0.\Cordic0.\first_iter.$procmux$1145_Y
      New ports: A=2'01, B=2'10, Y={ $flatten\Enc0.\Enc0.\Cordic0.\first_iter.$procmux$1145_Y [7] $flatten\Enc0.\Enc0.\Cordic0.\first_iter.$procmux$1145_Y [4] }
      New connections: { $flatten\Enc0.\Enc0.\Cordic0.\first_iter.$procmux$1145_Y [13:8] $flatten\Enc0.\Enc0.\Cordic0.\first_iter.$procmux$1145_Y [6:5] $flatten\Enc0.\Enc0.\Cordic0.\first_iter.$procmux$1145_Y [3:0] } = { 2'00 $flatten\Enc0.\Enc0.\Cordic0.\first_iter.$procmux$1145_Y [4] $flatten\Enc0.\Enc0.\Cordic0.\first_iter.$procmux$1145_Y [7] 1'0 $flatten\Enc0.\Enc0.\Cordic0.\first_iter.$procmux$1145_Y [7] $flatten\Enc0.\Enc0.\Cordic0.\first_iter.$procmux$1145_Y [4] 5'10000 }
    Consolidated identical input bits for $mux cell $flatten\CPU.$ternary$cores/cpu/femtorv32_quark_V2.v:162$350:
      Old ports: A={ \CPU.instr [29] \CPU.instr [29] \CPU.instr [29] \CPU.instr [29] \CPU.instr [29] \CPU.instr [29] \CPU.instr [29] \CPU.instr [29] \CPU.instr [29] \CPU.instr [29] \CPU.instr [29] \CPU.instr [29] \CPU.instr [5] \CPU.instr [28:23] \CPU.instr [9:6] 1'0 }, B={ \CPU.instr [21:10] 12'000000000000 }, Y=$flatten\CPU.$ternary$cores/cpu/femtorv32_quark_V2.v:162$350_Y
      New ports: A={ \CPU.instr [29] \CPU.instr [29] \CPU.instr [29] \CPU.instr [29] \CPU.instr [29] \CPU.instr [29] \CPU.instr [29] \CPU.instr [29] \CPU.instr [29] \CPU.instr [29] \CPU.instr [29] \CPU.instr [29] \CPU.instr [5] \CPU.instr [28:23] \CPU.instr [9:6] }, B={ \CPU.instr [21:10] 11'00000000000 }, Y=$flatten\CPU.$ternary$cores/cpu/femtorv32_quark_V2.v:162$350_Y [23:1]
      New connections: $flatten\CPU.$ternary$cores/cpu/femtorv32_quark_V2.v:162$350_Y [0] = 1'0
    Consolidated identical input bits for $mux cell $flatten\CPU.$ternary$cores/cpu/femtorv32_quark_V2.v:173$359:
      Old ports: A=0, B={ \CPU.instr [29:10] 12'000000000000 }, Y=$flatten\CPU.$ternary$cores/cpu/femtorv32_quark_V2.v:173$359_Y
      New ports: A=20'00000000000000000000, B=\CPU.instr [29:10], Y=$flatten\CPU.$ternary$cores/cpu/femtorv32_quark_V2.v:173$359_Y [31:12]
      New connections: $flatten\CPU.$ternary$cores/cpu/femtorv32_quark_V2.v:173$359_Y [11:0] = 12'000000000000
    Consolidated identical input bits for $mux cell $flatten\CPU.$ternary$cores/cpu/femtorv32_quark_V2.v:223$408:
      Old ports: A=4'0100, B=4'1000, Y=$flatten\CPU.$ternary$cores/cpu/femtorv32_quark_V2.v:223$408_Y
      New ports: A=2'01, B=2'10, Y=$flatten\CPU.$ternary$cores/cpu/femtorv32_quark_V2.v:223$408_Y [3:2]
      New connections: $flatten\CPU.$ternary$cores/cpu/femtorv32_quark_V2.v:223$408_Y [1:0] = 2'00
    Consolidated identical input bits for $mux cell $flatten\CPU.$ternary$cores/cpu/femtorv32_quark_V2.v:227$411:
      Old ports: A=4'0011, B=4'1100, Y=$flatten\CPU.$ternary$cores/cpu/femtorv32_quark_V2.v:227$411_Y
      New ports: A=2'01, B=2'10, Y={ $flatten\CPU.$ternary$cores/cpu/femtorv32_quark_V2.v:227$411_Y [2] $flatten\CPU.$ternary$cores/cpu/femtorv32_quark_V2.v:227$411_Y [0] }
      New connections: { $flatten\CPU.$ternary$cores/cpu/femtorv32_quark_V2.v:227$411_Y [3] $flatten\CPU.$ternary$cores/cpu/femtorv32_quark_V2.v:227$411_Y [1] } = { $flatten\CPU.$ternary$cores/cpu/femtorv32_quark_V2.v:227$411_Y [2] $flatten\CPU.$ternary$cores/cpu/femtorv32_quark_V2.v:227$411_Y [0] }
    Consolidated identical input bits for $mux cell $flatten\CPU.$ternary$cores/cpu/femtorv32_quark_V2.v:274$431:
      Old ports: A=4'0001, B=4'1000, Y=$auto$wreduce.cc:514:run$2182 [3:0]
      New ports: A=2'01, B=2'10, Y={ $auto$wreduce.cc:514:run$2182 [3] $auto$wreduce.cc:514:run$2182 [0] }
      New connections: $auto$wreduce.cc:514:run$2182 [2:1] = 2'00
    Consolidated identical input bits for $mux cell $flatten\Enc0.$ternary$cores/Encoder/perip_Encoder.v:64$237:
      Old ports: A=4'0000, B=4'1000, Y=$auto$wreduce.cc:514:run$2184 [3:0]
      New ports: A=1'0, B=1'1, Y=$auto$wreduce.cc:514:run$2184 [3]
      New connections: $auto$wreduce.cc:514:run$2184 [2:0] = 3'000
    Consolidated identical input bits for $mux cell $flatten\Enc0.$ternary$cores/Encoder/perip_Encoder.v:65$238:
      Old ports: A=5'00000, B=5'10000, Y=$flatten\Enc0.$ternary$cores/Encoder/perip_Encoder.v:65$238_Y
      New ports: A=1'0, B=1'1, Y=$flatten\Enc0.$ternary$cores/Encoder/perip_Encoder.v:65$238_Y [4]
      New connections: $flatten\Enc0.$ternary$cores/Encoder/perip_Encoder.v:65$238_Y [3:0] = 4'0000
    Consolidated identical input bits for $mux cell $flatten\Enc0.$ternary$cores/Encoder/perip_Encoder.v:63$236:
      Old ports: A=3'000, B=3'100, Y=$auto$wreduce.cc:514:run$2185 [2:0]
      New ports: A=1'0, B=1'1, Y=$auto$wreduce.cc:514:run$2185 [2]
      New connections: $auto$wreduce.cc:514:run$2185 [1:0] = 2'00
    Consolidated identical input bits for $mux cell $flatten\CPU.$procmux$923:
      Old ports: A=4'0001, B=4'100x, Y=$flatten\CPU.$procmux$923_Y
      New ports: A=2'01, B=2'1x, Y={ $flatten\CPU.$procmux$923_Y [3] $flatten\CPU.$procmux$923_Y [0] }
      New connections: $flatten\CPU.$procmux$923_Y [2:1] = 2'00
    Consolidated identical input bits for $mux cell $flatten\Enc0.$ternary$cores/Encoder/perip_Encoder.v:62$235:
      Old ports: A=2'00, B=2'10, Y=$auto$wreduce.cc:514:run$2186 [1:0]
      New ports: A=1'0, B=1'1, Y=$auto$wreduce.cc:514:run$2186 [1]
      New connections: $auto$wreduce.cc:514:run$2186 [0] = 1'0
    Consolidated identical input bits for $pmux cell $procmux$1091:
      Old ports: A=8'00000001, B=16'1000000000100000, Y=\cs
      New ports: A=3'001, B=6'100010, Y={ \cs [7] \cs [5] \cs [0] }
      New connections: { \cs [6] \cs [4:1] } = 5'00000
  Optimizing cells in module \SOC.
    Consolidated identical input bits for $mux cell $flatten\Enc0.\Enc0.\Derivator0.\unwrap0.$procmux$1119:
      Old ports: A=$flatten\Enc0.\Enc0.\Derivator0.\unwrap0.$procmux$1113_Y, B={ 2'00 $auto$wreduce.cc:514:run$2167 [11:0] }, Y=$flatten\Enc0.\Enc0.\Derivator0.\unwrap0.$procmux$1119_Y
      New ports: A={ 1'0 $flatten\Enc0.\Enc0.\Derivator0.\unwrap0.$procmux$1113_Y [6] $flatten\Enc0.\Enc0.\Derivator0.\unwrap0.$procmux$1113_Y [6] }, B={ $auto$wreduce.cc:514:run$2167 [6] 1'0 $auto$wreduce.cc:514:run$2167 [6] }, Y=$flatten\Enc0.\Enc0.\Derivator0.\unwrap0.$procmux$1119_Y [8:6]
      New connections: { $flatten\Enc0.\Enc0.\Derivator0.\unwrap0.$procmux$1119_Y [13:9] $flatten\Enc0.\Enc0.\Derivator0.\unwrap0.$procmux$1119_Y [5:0] } = { $flatten\Enc0.\Enc0.\Derivator0.\unwrap0.$procmux$1119_Y [7] $flatten\Enc0.\Enc0.\Derivator0.\unwrap0.$procmux$1119_Y [7] $flatten\Enc0.\Enc0.\Derivator0.\unwrap0.$procmux$1119_Y [8:7] $flatten\Enc0.\Enc0.\Derivator0.\unwrap0.$procmux$1119_Y [8] 6'000000 }
    Consolidated identical input bits for $mux cell $flatten\Enc0.\Enc0.\Cordic0.\first_iter.$procmux$1148:
      Old ports: A=$flatten\Enc0.\Enc0.\Cordic0.\first_iter.$procmux$1150_Y, B=$flatten\Enc0.\Enc0.\Cordic0.\first_iter.$procmux$1145_Y, Y=$flatten\Enc0.\Enc0.\Cordic0.\first_iter.$procmux$1148_Y
      New ports: A={ 1'0 $flatten\Enc0.\Enc0.\Cordic0.\first_iter.$procmux$1150_Y [4] 1'0 $flatten\Enc0.\Enc0.\Cordic0.\first_iter.$procmux$1150_Y [4] 1'0 $flatten\Enc0.\Enc0.\Cordic0.\first_iter.$procmux$1150_Y [4] }, B={ $flatten\Enc0.\Enc0.\Cordic0.\first_iter.$procmux$1145_Y [4] 1'0 $flatten\Enc0.\Enc0.\Cordic0.\first_iter.$procmux$1145_Y [7] $flatten\Enc0.\Enc0.\Cordic0.\first_iter.$procmux$1145_Y [7] 1'1 $flatten\Enc0.\Enc0.\Cordic0.\first_iter.$procmux$1145_Y [4] }, Y={ $flatten\Enc0.\Enc0.\Cordic0.\first_iter.$procmux$1148_Y [11] $flatten\Enc0.\Enc0.\Cordic0.\first_iter.$procmux$1148_Y [9:7] $flatten\Enc0.\Enc0.\Cordic0.\first_iter.$procmux$1148_Y [5:4] }
      New connections: { $flatten\Enc0.\Enc0.\Cordic0.\first_iter.$procmux$1148_Y [13:12] $flatten\Enc0.\Enc0.\Cordic0.\first_iter.$procmux$1148_Y [10] $flatten\Enc0.\Enc0.\Cordic0.\first_iter.$procmux$1148_Y [6] $flatten\Enc0.\Enc0.\Cordic0.\first_iter.$procmux$1148_Y [3:0] } = { 2'00 $flatten\Enc0.\Enc0.\Cordic0.\first_iter.$procmux$1148_Y [8] $flatten\Enc0.\Enc0.\Cordic0.\first_iter.$procmux$1148_Y [4] 4'0000 }
    Consolidated identical input bits for $mux cell $flatten\CPU.$ternary$cores/cpu/femtorv32_quark_V2.v:161$351:
      Old ports: A=$flatten\CPU.$ternary$cores/cpu/femtorv32_quark_V2.v:162$350_Y, B={ \CPU.instr [29] \CPU.instr [29] \CPU.instr [29] \CPU.instr [29] \CPU.instr [17:10] \CPU.instr [18] \CPU.instr [28:19] 1'0 }, Y=$flatten\CPU.$ternary$cores/cpu/femtorv32_quark_V2.v:161$351_Y
      New ports: A=$flatten\CPU.$ternary$cores/cpu/femtorv32_quark_V2.v:162$350_Y [23:1], B={ \CPU.instr [29] \CPU.instr [29] \CPU.instr [29] \CPU.instr [29] \CPU.instr [17:10] \CPU.instr [18] \CPU.instr [28:19] }, Y=$flatten\CPU.$ternary$cores/cpu/femtorv32_quark_V2.v:161$351_Y [23:1]
      New connections: $flatten\CPU.$ternary$cores/cpu/femtorv32_quark_V2.v:161$351_Y [0] = 1'0
    Consolidated identical input bits for $mux cell $flatten\CPU.$ternary$cores/cpu/femtorv32_quark_V2.v:226$412:
      Old ports: A=4'1111, B=$flatten\CPU.$ternary$cores/cpu/femtorv32_quark_V2.v:227$411_Y, Y=$flatten\CPU.$ternary$cores/cpu/femtorv32_quark_V2.v:226$412_Y
      New ports: A=2'11, B={ $flatten\CPU.$ternary$cores/cpu/femtorv32_quark_V2.v:227$411_Y [2] $flatten\CPU.$ternary$cores/cpu/femtorv32_quark_V2.v:227$411_Y [0] }, Y={ $flatten\CPU.$ternary$cores/cpu/femtorv32_quark_V2.v:226$412_Y [2] $flatten\CPU.$ternary$cores/cpu/femtorv32_quark_V2.v:226$412_Y [0] }
      New connections: { $flatten\CPU.$ternary$cores/cpu/femtorv32_quark_V2.v:226$412_Y [3] $flatten\CPU.$ternary$cores/cpu/femtorv32_quark_V2.v:226$412_Y [1] } = { $flatten\CPU.$ternary$cores/cpu/femtorv32_quark_V2.v:226$412_Y [2] $flatten\CPU.$ternary$cores/cpu/femtorv32_quark_V2.v:226$412_Y [0] }
  Optimizing cells in module \SOC.
Performed a total of 28 changes.

13.33.5. Executing OPT_MERGE pass (detect identical cells).
Finding identical cells in module `\SOC'.
Computing hashes of 572 cells of `\SOC'.
Finding duplicate cells in `\SOC'.
Computing hashes of 568 cells of `\SOC'.
Finding duplicate cells in `\SOC'.
<suppressed ~12 debug messages>
Removed a total of 4 cells.

13.33.6. Executing OPT_DFF pass (perform DFF optimizations).

13.33.7. Executing OPT_CLEAN pass (remove unused cells and wires).
Finding unused cells or wires in module \SOC..
Removed 0 unused cells and 4 unused wires.
<suppressed ~1 debug messages>

13.33.8. Executing OPT_EXPR pass (perform const folding).
Optimizing module SOC.
<suppressed ~9 debug messages>

13.33.9. Rerunning OPT passes. (Maybe there is more to do..)

13.33.10. Executing OPT_MUXTREE pass (detect dead branches in mux trees).
Running muxtree optimizer on module \SOC..
  Creating internal representation of mux trees.
  Evaluating internal representation of mux trees.
  Analyzing evaluation results.
Removed 0 multiplexer ports.
<suppressed ~273 debug messages>

13.33.11. Executing OPT_REDUCE pass (consolidate $*mux and $reduce_* inputs).
  Optimizing cells in module \SOC.
Performed a total of 0 changes.

13.33.12. Executing OPT_MERGE pass (detect identical cells).
Finding identical cells in module `\SOC'.
Computing hashes of 565 cells of `\SOC'.
Finding duplicate cells in `\SOC'.
Removed a total of 0 cells.

13.33.13. Executing OPT_DFF pass (perform DFF optimizations).
Adding EN signal on $auto$ff.cc:337:slice$3387 ($sdffe) from module SOC (D = $flatten\CPU.$ternary$cores/cpu/femtorv32_quark_V2.v:271$430_Y [0], Q = \CPU.PC [0]).
Setting constant 0-bit at position 0 on $auto$ff.cc:337:slice$2003 ($adffe) from module SOC.
Setting constant 0-bit at position 1 on $auto$ff.cc:337:slice$2003 ($adffe) from module SOC.
Setting constant 0-bit at position 2 on $auto$ff.cc:337:slice$2003 ($adffe) from module SOC.
Setting constant 0-bit at position 3 on $auto$ff.cc:337:slice$2003 ($adffe) from module SOC.
Setting constant 0-bit at position 4 on $auto$ff.cc:337:slice$2003 ($adffe) from module SOC.
Setting constant 0-bit at position 5 on $auto$ff.cc:337:slice$2003 ($adffe) from module SOC.
Setting constant 0-bit at position 0 on $auto$ff.cc:337:slice$1994 ($adffe) from module SOC.
Setting constant 0-bit at position 1 on $auto$ff.cc:337:slice$1994 ($adffe) from module SOC.
Setting constant 0-bit at position 2 on $auto$ff.cc:337:slice$1994 ($adffe) from module SOC.
Setting constant 0-bit at position 3 on $auto$ff.cc:337:slice$1994 ($adffe) from module SOC.
Setting constant 0-bit at position 12 on $auto$ff.cc:337:slice$1994 ($adffe) from module SOC.
Setting constant 0-bit at position 13 on $auto$ff.cc:337:slice$1994 ($adffe) from module SOC.

13.33.14. Executing OPT_CLEAN pass (remove unused cells and wires).
Finding unused cells or wires in module \SOC..
Removed 0 unused cells and 4 unused wires.
<suppressed ~1 debug messages>

13.33.15. Executing OPT_EXPR pass (perform const folding).
Optimizing module SOC.
<suppressed ~4 debug messages>

13.33.16. Rerunning OPT passes. (Maybe there is more to do..)

13.33.17. Executing OPT_MUXTREE pass (detect dead branches in mux trees).
Running muxtree optimizer on module \SOC..
  Creating internal representation of mux trees.
  Evaluating internal representation of mux trees.
  Analyzing evaluation results.
Removed 0 multiplexer ports.
<suppressed ~273 debug messages>

13.33.18. Executing OPT_REDUCE pass (consolidate $*mux and $reduce_* inputs).
  Optimizing cells in module \SOC.
    New input vector for $reduce_and cell $auto$opt_dff.cc:337:make_patterns_logic$3400: { \CPU.state [2] $auto$opt_dff.cc:319:make_patterns_logic$3388 $auto$opt_dff.cc:319:make_patterns_logic$3397 }
    Consolidated identical input bits for $mux cell $flatten\CPU.$ternary$cores/cpu/femtorv32_quark_V2.v:272$429:
      Old ports: A={ \CPU.PCplus4 [23:2] 2'x }, B={ \CPU.PCplusImm [23:1] 1'x }, Y=$flatten\CPU.$ternary$cores/cpu/femtorv32_quark_V2.v:272$429_Y
      New ports: A={ \CPU.PCplus4 [23:2] 1'x }, B=\CPU.PCplusImm [23:1], Y=$flatten\CPU.$ternary$cores/cpu/femtorv32_quark_V2.v:272$429_Y [23:1]
      New connections: $flatten\CPU.$ternary$cores/cpu/femtorv32_quark_V2.v:272$429_Y [0] = 1'x
  Optimizing cells in module \SOC.
Performed a total of 2 changes.

13.33.19. Executing OPT_MERGE pass (detect identical cells).
Finding identical cells in module `\SOC'.
Computing hashes of 568 cells of `\SOC'.
Finding duplicate cells in `\SOC'.
Removed a total of 0 cells.

13.33.20. Executing OPT_DFF pass (perform DFF optimizations).
Setting constant 0-bit at position 0 on $auto$ff.cc:337:slice$2136 ($adffe) from module SOC.
Setting constant 0-bit at position 1 on $auto$ff.cc:337:slice$2136 ($adffe) from module SOC.
Setting constant 0-bit at position 2 on $auto$ff.cc:337:slice$2136 ($adffe) from module SOC.
Setting constant 0-bit at position 3 on $auto$ff.cc:337:slice$2136 ($adffe) from module SOC.
Setting constant 0-bit at position 12 on $auto$ff.cc:337:slice$2136 ($adffe) from module SOC.
Setting constant 0-bit at position 13 on $auto$ff.cc:337:slice$2136 ($adffe) from module SOC.

13.33.21. Executing OPT_CLEAN pass (remove unused cells and wires).
Finding unused cells or wires in module \SOC..

13.33.22. Executing OPT_EXPR pass (perform const folding).
Optimizing module SOC.
<suppressed ~7 debug messages>

13.33.23. Rerunning OPT passes. (Maybe there is more to do..)

13.33.24. Executing OPT_MUXTREE pass (detect dead branches in mux trees).
Running muxtree optimizer on module \SOC..
  Creating internal representation of mux trees.
  Evaluating internal representation of mux trees.
  Analyzing evaluation results.
Removed 0 multiplexer ports.
<suppressed ~273 debug messages>

13.33.25. Executing OPT_REDUCE pass (consolidate $*mux and $reduce_* inputs).
  Optimizing cells in module \SOC.
Performed a total of 0 changes.

13.33.26. Executing OPT_MERGE pass (detect identical cells).
Finding identical cells in module `\SOC'.
Computing hashes of 569 cells of `\SOC'.
Finding duplicate cells in `\SOC'.
Removed a total of 0 cells.

13.33.27. Executing OPT_DFF pass (perform DFF optimizations).
Setting constant 0-bit at position 0 on $auto$ff.cc:337:slice$2147 ($adffe) from module SOC.
Setting constant 0-bit at position 1 on $auto$ff.cc:337:slice$2147 ($adffe) from module SOC.
Setting constant 0-bit at position 2 on $auto$ff.cc:337:slice$2147 ($adffe) from module SOC.

13.33.28. Executing OPT_CLEAN pass (remove unused cells and wires).
Finding unused cells or wires in module \SOC..
Removed 0 unused cells and 1 unused wires.
<suppressed ~1 debug messages>

13.33.29. Executing OPT_EXPR pass (perform const folding).
Optimizing module SOC.

13.33.30. Rerunning OPT passes. (Maybe there is more to do..)

13.33.31. Executing OPT_MUXTREE pass (detect dead branches in mux trees).
Running muxtree optimizer on module \SOC..
  Creating internal representation of mux trees.
  Evaluating internal representation of mux trees.
  Analyzing evaluation results.
Removed 0 multiplexer ports.
<suppressed ~273 debug messages>

13.33.32. Executing OPT_REDUCE pass (consolidate $*mux and $reduce_* inputs).
  Optimizing cells in module \SOC.
Performed a total of 0 changes.

13.33.33. Executing OPT_MERGE pass (detect identical cells).
Finding identical cells in module `\SOC'.
Computing hashes of 569 cells of `\SOC'.
Finding duplicate cells in `\SOC'.
Removed a total of 0 cells.

13.33.34. Executing OPT_DFF pass (perform DFF optimizations).
Setting constant 0-bit at position 0 on $auto$ff.cc:337:slice$2118 ($adffe) from module SOC.
Setting constant 0-bit at position 1 on $auto$ff.cc:337:slice$2118 ($adffe) from module SOC.
Setting constant 0-bit at position 2 on $auto$ff.cc:337:slice$2118 ($adffe) from module SOC.

13.33.35. Executing OPT_CLEAN pass (remove unused cells and wires).
Finding unused cells or wires in module \SOC..

13.33.36. Executing OPT_EXPR pass (perform const folding).
Optimizing module SOC.
<suppressed ~6 debug messages>

13.33.37. Rerunning OPT passes. (Maybe there is more to do..)

13.33.38. Executing OPT_MUXTREE pass (detect dead branches in mux trees).
Running muxtree optimizer on module \SOC..
  Creating internal representation of mux trees.
  Evaluating internal representation of mux trees.
  Analyzing evaluation results.
Removed 0 multiplexer ports.
<suppressed ~273 debug messages>

13.33.39. Executing OPT_REDUCE pass (consolidate $*mux and $reduce_* inputs).
  Optimizing cells in module \SOC.
Performed a total of 0 changes.

13.33.40. Executing OPT_MERGE pass (detect identical cells).
Finding identical cells in module `\SOC'.
Computing hashes of 571 cells of `\SOC'.
Finding duplicate cells in `\SOC'.
Computing hashes of 570 cells of `\SOC'.
Finding duplicate cells in `\SOC'.
<suppressed ~5 debug messages>
Removed a total of 1 cells.

13.33.41. Executing OPT_DFF pass (perform DFF optimizations).

13.33.42. Executing OPT_CLEAN pass (remove unused cells and wires).
Finding unused cells or wires in module \SOC..
Removed 1 unused cells and 4 unused wires.
<suppressed ~2 debug messages>

13.33.43. Executing OPT_EXPR pass (perform const folding).
Optimizing module SOC.

13.33.44. Rerunning OPT passes. (Maybe there is more to do..)

13.33.45. Executing OPT_MUXTREE pass (detect dead branches in mux trees).
Running muxtree optimizer on module \SOC..
  Creating internal representation of mux trees.
  Evaluating internal representation of mux trees.
  Analyzing evaluation results.
Removed 0 multiplexer ports.
<suppressed ~273 debug messages>

13.33.46. Executing OPT_REDUCE pass (consolidate $*mux and $reduce_* inputs).
  Optimizing cells in module \SOC.
Performed a total of 0 changes.

13.33.47. Executing OPT_MERGE pass (detect identical cells).
Finding identical cells in module `\SOC'.
Computing hashes of 569 cells of `\SOC'.
Finding duplicate cells in `\SOC'.
Removed a total of 0 cells.

13.33.48. Executing OPT_DFF pass (perform DFF optimizations).

13.33.49. Executing OPT_CLEAN pass (remove unused cells and wires).
Finding unused cells or wires in module \SOC..

13.33.50. Executing OPT_EXPR pass (perform const folding).
Optimizing module SOC.

13.33.51. Finished fast OPT passes. (There is nothing left to do.)

13.34. Executing TECHMAP pass (map to technology primitives).

13.34.1. Executing Verilog-2005 frontend: /home/leonardoa29/Downloads/oss-cad-suite/lib/../share/yosys/techmap.v
Parsing Verilog input from `/home/leonardoa29/Downloads/oss-cad-suite/lib/../share/yosys/techmap.v' to AST representation.
Generating RTLIL representation for module `\_90_simplemap_bool_ops'.
Generating RTLIL representation for module `\_90_simplemap_reduce_ops'.
Generating RTLIL representation for module `\_90_simplemap_logic_ops'.
Generating RTLIL representation for module `\_90_simplemap_compare_ops'.
Generating RTLIL representation for module `\_90_simplemap_various'.
Generating RTLIL representation for module `\_90_simplemap_registers'.
Generating RTLIL representation for module `\_90_shift_ops_shr_shl_sshl_sshr'.
Generating RTLIL representation for module `\_90_shift_shiftx'.
Generating RTLIL representation for module `\_90_fa'.
Generating RTLIL representation for module `\_90_lcu_brent_kung'.
Generating RTLIL representation for module `\_90_alu'.
Generating RTLIL representation for module `\_90_macc'.
Generating RTLIL representation for module `\_90_alumacc'.
Generating RTLIL representation for module `$__div_mod_u'.
Generating RTLIL representation for module `$__div_mod_trunc'.
Generating RTLIL representation for module `\_90_div'.
Generating RTLIL representation for module `\_90_mod'.
Generating RTLIL representation for module `$__div_mod_floor'.
Generating RTLIL representation for module `\_90_divfloor'.
Generating RTLIL representation for module `\_90_modfloor'.
Generating RTLIL representation for module `\_90_pow'.
Generating RTLIL representation for module `\_90_demux'.
Generating RTLIL representation for module `\_90_lut'.
Generating RTLIL representation for module `$connect'.
Generating RTLIL representation for module `$input_port'.
Successfully finished Verilog frontend.

13.34.2. Executing Verilog-2005 frontend: /home/leonardoa29/Downloads/oss-cad-suite/lib/../share/yosys/lattice/arith_map_ccu2c.v
Parsing Verilog input from `/home/leonardoa29/Downloads/oss-cad-suite/lib/../share/yosys/lattice/arith_map_ccu2c.v' to AST representation.
Generating RTLIL representation for module `\_80_ccu2c_alu'.
Successfully finished Verilog frontend.

13.34.3. Continuing TECHMAP pass.
Using template $paramod$c6cac7b66cb5130862ba6df599147e943f2b57cd\_80_ccu2c_alu for cells of type $alu.
Using template $paramod$fc972a7a46956c1788f3cb5257b53c8f1df2d0cc\_90_alu for cells of type $alu.
Using extmapper simplemap for cells of type $adffe.
Using template $paramod$3d4d857737ce5ee764ebe220e87ff73b66d6d0ad\_80_ccu2c_alu for cells of type $alu.
Using template $paramod$a1bc51c02ce12ac21eb18988e83292af48ed7d72\_80_ccu2c_alu for cells of type $alu.
Using extmapper simplemap for cells of type $sdffe.
Using extmapper simplemap for cells of type $reduce_and.
Using extmapper simplemap for cells of type $ne.
Using extmapper simplemap for cells of type $or.
Using extmapper simplemap for cells of type $reduce_bool.
Using extmapper simplemap for cells of type $not.
Using extmapper simplemap for cells of type $mux.
Using extmapper simplemap for cells of type $dff.
Using template $paramod$824a2ca00d29d886599434cf8ea60471635f2955\_90_demux for cells of type $demux.
Using template $paramod$381bfac1a8d048c2a82a5e9a8ba59722228aaa1f\_80_ccu2c_alu for cells of type $alu.
Using template $paramod$6a42b6fefed750f8a1c58eab59479d960557103c\_80_ccu2c_alu for cells of type $alu.
Using template $paramod$dc04b7d98e503a7bab16fce2df70e6e2c5ca34d6\_80_ccu2c_alu for cells of type $alu.
Using template $paramod$713617589782cfade849bb573b5c36106c4b708f\_80_ccu2c_alu for cells of type $alu.
Using template $paramod$080e6a70eb8bfa1ccf22d9718e795074645029a4\_80_ccu2c_alu for cells of type $alu.
Using template $paramod$448756c9a9dfaa49080ce4b90c6cc182883e181f\_80_ccu2c_alu for cells of type $alu.
Using template $paramod$e82d3fc1811c5751348a3964470632b35a435fc7\_80_ccu2c_alu for cells of type $alu.
Using template $paramod$789c344356a154d2afc7b832b41d1067dbc946ba\_80_ccu2c_alu for cells of type $alu.
Using template $paramod$fbc7873bff55778c0b3173955b7e4bce1d9d6834\_80_ccu2c_alu for cells of type $alu.
Using template $paramod$08c2d337fba0d8fba53e35b89be96dd105931d9e\_80_ccu2c_alu for cells of type $alu.
Using template $paramod$a1665ef28c749ebcdbe9aecd466e644647b56463\_80_ccu2c_alu for cells of type $alu.
Using template $paramod$32a7b7b86c07519b7537abc18e96f0331f97914d\_90_alu for cells of type $alu.
Using template $paramod$215440792383f7884e57d9c95f84e9552d0bf4ac\_80_ccu2c_alu for cells of type $alu.
Using template $paramod$02840841180f0f2c25fa480eac550c929233ef32\_80_ccu2c_alu for cells of type $alu.
Using template $paramod$83c0606cb8010091b91783969e65197905cd08a6\_80_ccu2c_alu for cells of type $alu.
Using template $paramod$2070c097f37cdf976f397d27fccf6cef94274e43\_80_ccu2c_alu for cells of type $alu.
Using template $paramod$4bb5645a3bec8d38ed5c76f9a1cc1910c467298b\_80_ccu2c_alu for cells of type $alu.
Using template $paramod$3f7fc40abbb32aa787102d61c0bc946b2426487e\_80_ccu2c_alu for cells of type $alu.
Using template $paramod$78e6fb5ded65a35dd12806b919e0bf87334933ae\_80_ccu2c_alu for cells of type $alu.
Using template $paramod$403a3c2fa431a154c52a6a5429d7a6260b5d144f\_80_ccu2c_alu for cells of type $alu.
Using template $paramod$3ec68752b168a6dbe40be2a42cd1ba40d36898c7\_80_ccu2c_alu for cells of type $alu.
Using template $paramod$7a7d7273c900712155219d9195873e8dcead5782\_80_ccu2c_alu for cells of type $alu.
Using template $paramod$01a35bcea110eda490506f19cc51a34087d4e602\_80_ccu2c_alu for cells of type $alu.
Using template $paramod$607ce56c6d7328d831b15069a4f91e4e436e60a9\_80_ccu2c_alu for cells of type $alu.
Using template $paramod$04b727ac7bdae19b8b341ebc2642f1197c9a7d6b\_80_ccu2c_alu for cells of type $alu.
Using template $paramod$0a953ba9203bb72272c0c1b899969ec4b6afcb75\_80_ccu2c_alu for cells of type $alu.
Using template $paramod$9f2362f4666c2a0ee84db1ed9d71db3bd1eeae53\_80_ccu2c_alu for cells of type $alu.
Using template $paramod$30bed05a47c8f022acbb0cc09e843c2af1f20091\_80_ccu2c_alu for cells of type $alu.
Using template $paramod$22264c57492f0dfbb79f2fae446ae685b7f7eb3f\_80_ccu2c_alu for cells of type $alu.
Using template $paramod$5a02ab6e6c1a433f7b9cbf6b0f4b856f3de79c9a\_80_ccu2c_alu for cells of type $alu.
Using template $paramod$eea143a03ac5270b688996c3540d84e5aabf347e\_80_ccu2c_alu for cells of type $alu.
Using template $paramod$f2c02b535aa5a3ee3328d157e65221153244f56e\_80_ccu2c_alu for cells of type $alu.
Using template $paramod$0d7ff93aea395ec407d544a178a4b13ea860d212\_80_ccu2c_alu for cells of type $alu.
Using template $paramod$c721f34a245e25fea7cf9882cabfdf2277e01128\_80_ccu2c_alu for cells of type $alu.
Using template $paramod$a3fdcf089de9d80f45230b21dfc93bcc92a61142\_80_ccu2c_alu for cells of type $alu.
Using template $paramod$0f978e135a9950ac92cec4d77336a602d2f6f112\_80_ccu2c_alu for cells of type $alu.
Using template $paramod$84d0d6b09fe6ed6c2cf536a77c5325bfd6a0bdf0\_80_ccu2c_alu for cells of type $alu.
Using template $paramod$d1a260e8d3b156c388d0e30bd980678be6b7fd57\_80_ccu2c_alu for cells of type $alu.
Using template $paramod$9f0ce0adb095ff8e76915bf69b5397296ff84b42\_80_ccu2c_alu for cells of type $alu.
Using template $paramod$5218584fa28704c6612ff590a03b5118a64edf83\_80_ccu2c_alu for cells of type $alu.
Using template $paramod$0e9fa9aa3ec943580b12e7811b44f52cf1e1bc61\_80_ccu2c_alu for cells of type $alu.
Using template $paramod$1fcf194bdf871179808fd10dc15fbf03bd113643\_80_ccu2c_alu for cells of type $alu.
Using template $paramod$3254622dcf586de9384ef3d84ee0406d43aae24a\_80_ccu2c_alu for cells of type $alu.
Using template $paramod$0bb1389faaa29909142583e712e5c2ae4efc0541\_80_ccu2c_alu for cells of type $alu.
Using template $paramod$c50c3f46355bd7e5fcf4f891e589ad3d295ecdb0\_80_ccu2c_alu for cells of type $alu.
Using template $paramod$ddfdc831544324b746ff75aff8805c9be5ca9cdf\_80_ccu2c_alu for cells of type $alu.
Using template $paramod$6edc9788d3338f8b875fadb771827dc0e8506721\_80_ccu2c_alu for cells of type $alu.
Using template $paramod$a84ff40c66caac611d41aa5f0bc1f9a7a1cc8709\_80_ccu2c_alu for cells of type $alu.
Using template $paramod$93ded36d8de55e94bf19ea4f5823211580f44fbf\_80_ccu2c_alu for cells of type $alu.
Using template $paramod$67e8f4b8dba01cd3d8fc718acd02276257d102de\_80_ccu2c_alu for cells of type $alu.
Using template $paramod$5d7bf89bead63599a0c4fbe7617ae2af1a7c16a5\_80_ccu2c_alu for cells of type $alu.
Using extmapper simplemap for cells of type $dffe.
Using extmapper simplemap for cells of type $reduce_or.
Using extmapper simplemap for cells of type $sdff.
Using extmapper simplemap for cells of type $and.
Using extmapper simplemap for cells of type $adff.
Using extmapper simplemap for cells of type $dlatch.
Using extmapper simplemap for cells of type $eq.
Using extmapper simplemap for cells of type $pmux.
Using extmapper simplemap for cells of type $logic_not.
Using extmapper simplemap for cells of type $xor.
Using template $paramod$constmap:5aa045b1c701d9ff08b7ffd142f09ea3a766edbc$paramod$3b3a66a7766bf28794ddcd35314b025da1fe57c8\_90_shift_ops_shr_shl_sshl_sshr for cells of type $shl.
Using extmapper simplemap for cells of type $logic_and.
Using extmapper simplemap for cells of type $logic_or.
Using extmapper simplemap for cells of type $pos.
Using template $paramod\_90_fa\WIDTH=32'00000000000000000000000000000001 for cells of type $fa.
Using template $paramod\_90_lcu_brent_kung\WIDTH=32'00000000000000000000000000000001 for cells of type $lcu.
Using template $paramod\_90_fa\WIDTH=32'00000000000000000000000000000100 for cells of type $fa.
Using template $paramod\_90_lcu_brent_kung\WIDTH=32'00000000000000000000000000000100 for cells of type $lcu.
No more expansions possible.
<suppressed ~4786 debug messages>

13.35. Executing OPT pass (performing simple optimizations).

13.35.1. Executing OPT_EXPR pass (perform const folding).
Optimizing module SOC.
<suppressed ~3309 debug messages>

13.35.2. Executing OPT_MERGE pass (detect identical cells).
Finding identical cells in module `\SOC'.
Computing hashes of 7444 cells of `\SOC'.
Finding duplicate cells in `\SOC'.
Computing hashes of 6887 cells of `\SOC'.
Finding duplicate cells in `\SOC'.
Computing hashes of 6865 cells of `\SOC'.
Finding duplicate cells in `\SOC'.
Computing hashes of 6859 cells of `\SOC'.
Finding duplicate cells in `\SOC'.
<suppressed ~1755 debug messages>
Removed a total of 585 cells.

13.35.3. Executing OPT_DFF pass (perform DFF optimizations).
Adding SRST signal on $auto$ff.cc:337:slice$3974 ($_DFF_P_) from module SOC (D = $auto$simplemap.cc:189:logic_reduce$9114, Q = \per_uart.d_out [9], rval = 1'0).
Adding SRST signal on $auto$ff.cc:337:slice$3964 ($_DFF_P_) from module SOC (D = $auto$simplemap.cc:189:logic_reduce$9981, Q = \Enc0.d_out [13], rval = 1'0).
Adding EN signal on $auto$ff.cc:337:slice$6554 ($_DFF_P_) from module SOC (D = \CPU.rs2 [2], Q = \per_uart.uart_ctrl [2]).
Adding SRST signal on $auto$ff.cc:337:slice$3951 ($_DFF_P_) from module SOC (D = $auto$simplemap.cc:189:logic_reduce$9838, Q = \Enc0.d_out [0], rval = 1'0).
Adding SRST signal on $auto$ff.cc:337:slice$3952 ($_DFF_P_) from module SOC (D = $auto$simplemap.cc:189:logic_reduce$9849, Q = \Enc0.d_out [1], rval = 1'0).
Adding SRST signal on $auto$ff.cc:337:slice$3953 ($_DFF_P_) from module SOC (D = $auto$simplemap.cc:189:logic_reduce$9860, Q = \Enc0.d_out [2], rval = 1'0).
Adding SRST signal on $auto$ff.cc:337:slice$3954 ($_DFF_P_) from module SOC (D = $auto$simplemap.cc:189:logic_reduce$9871, Q = \Enc0.d_out [3], rval = 1'0).
Adding SRST signal on $auto$ff.cc:337:slice$3955 ($_DFF_P_) from module SOC (D = $auto$simplemap.cc:189:logic_reduce$9882, Q = \Enc0.d_out [4], rval = 1'0).
Adding SRST signal on $auto$ff.cc:337:slice$3956 ($_DFF_P_) from module SOC (D = $auto$simplemap.cc:189:logic_reduce$9893, Q = \Enc0.d_out [5], rval = 1'0).
Adding SRST signal on $auto$ff.cc:337:slice$3957 ($_DFF_P_) from module SOC (D = $auto$simplemap.cc:189:logic_reduce$9904, Q = \Enc0.d_out [6], rval = 1'0).
Adding SRST signal on $auto$ff.cc:337:slice$3958 ($_DFF_P_) from module SOC (D = $auto$simplemap.cc:189:logic_reduce$9915, Q = \Enc0.d_out [7], rval = 1'0).
Adding SRST signal on $auto$ff.cc:337:slice$3959 ($_DFF_P_) from module SOC (D = $auto$simplemap.cc:189:logic_reduce$9926, Q = \Enc0.d_out [8], rval = 1'0).
Adding SRST signal on $auto$ff.cc:337:slice$3960 ($_DFF_P_) from module SOC (D = $auto$simplemap.cc:189:logic_reduce$9937, Q = \Enc0.d_out [9], rval = 1'0).
Adding SRST signal on $auto$ff.cc:337:slice$3961 ($_DFF_P_) from module SOC (D = $auto$simplemap.cc:189:logic_reduce$9948, Q = \Enc0.d_out [10], rval = 1'0).
Adding SRST signal on $auto$ff.cc:337:slice$3962 ($_DFF_P_) from module SOC (D = $auto$simplemap.cc:189:logic_reduce$9959, Q = \Enc0.d_out [11], rval = 1'0).
Adding SRST signal on $auto$ff.cc:337:slice$3963 ($_DFF_P_) from module SOC (D = $auto$simplemap.cc:189:logic_reduce$9970, Q = \Enc0.d_out [12], rval = 1'0).
Adding SRST signal on $auto$ff.cc:337:slice$3965 ($_DFF_P_) from module SOC (D = $auto$simplemap.cc:189:logic_reduce$9051, Q = \per_uart.d_out [0], rval = 1'0).
Adding SRST signal on $auto$ff.cc:337:slice$3966 ($_DFF_P_) from module SOC (D = $auto$simplemap.cc:189:logic_reduce$9058, Q = \per_uart.d_out [1], rval = 1'0).
Adding SRST signal on $auto$ff.cc:337:slice$3967 ($_DFF_P_) from module SOC (D = $auto$simplemap.cc:189:logic_reduce$9065, Q = \per_uart.d_out [2], rval = 1'0).
Adding SRST signal on $auto$ff.cc:337:slice$3968 ($_DFF_P_) from module SOC (D = $auto$simplemap.cc:189:logic_reduce$9072, Q = \per_uart.d_out [3], rval = 1'0).
Adding SRST signal on $auto$ff.cc:337:slice$3969 ($_DFF_P_) from module SOC (D = $auto$simplemap.cc:189:logic_reduce$9079, Q = \per_uart.d_out [4], rval = 1'0).
Adding SRST signal on $auto$ff.cc:337:slice$3970 ($_DFF_P_) from module SOC (D = $auto$simplemap.cc:189:logic_reduce$9086, Q = \per_uart.d_out [5], rval = 1'0).
Adding SRST signal on $auto$ff.cc:337:slice$3971 ($_DFF_P_) from module SOC (D = $auto$simplemap.cc:189:logic_reduce$9093, Q = \per_uart.d_out [6], rval = 1'0).
Adding SRST signal on $auto$ff.cc:337:slice$3972 ($_DFF_P_) from module SOC (D = $auto$simplemap.cc:189:logic_reduce$9100, Q = \per_uart.d_out [7], rval = 1'0).
Adding SRST signal on $auto$ff.cc:337:slice$3973 ($_DFF_P_) from module SOC (D = $auto$simplemap.cc:189:logic_reduce$9107, Q = \per_uart.d_out [8], rval = 1'0).
Adding SRST signal on $auto$ff.cc:337:slice$6943 ($_SDFF_PN0_) from module SOC (D = $auto$simplemap.cc:189:logic_reduce$7436, Q = \CPU.state [2], rval = 1'0).

13.35.4. Executing OPT_CLEAN pass (remove unused cells and wires).
Finding unused cells or wires in module \SOC..
Removed 2613 unused cells and 4325 unused wires.
<suppressed ~2619 debug messages>

13.35.5. Rerunning OPT passes. (Removed registers in this run.)

13.35.6. Executing OPT_EXPR pass (perform const folding).
Optimizing module SOC.

13.35.7. Executing OPT_MERGE pass (detect identical cells).
Finding identical cells in module `\SOC'.
Computing hashes of 4247 cells of `\SOC'.
Finding duplicate cells in `\SOC'.
Removed a total of 0 cells.

13.35.8. Executing OPT_DFF pass (perform DFF optimizations).

13.35.9. Executing OPT_CLEAN pass (remove unused cells and wires).
Finding unused cells or wires in module \SOC..

13.35.10. Finished fast OPT passes.

13.36. Executing OPT_CLEAN pass (remove unused cells and wires).
Finding unused cells or wires in module \SOC..

13.37. Executing DFFLEGALIZE pass (convert FFs to types supported by the target).

13.38. Executing OPT_MERGE pass (detect identical cells).
Finding identical cells in module `\SOC'.
Computing hashes of 5309 cells of `\SOC'.
Finding duplicate cells in `\SOC'.
Computing hashes of 4250 cells of `\SOC'.
Finding duplicate cells in `\SOC'.
<suppressed ~3177 debug messages>
Removed a total of 1059 cells.

13.39. Executing TECHMAP pass (map to technology primitives).

13.39.1. Executing Verilog-2005 frontend: /home/leonardoa29/Downloads/oss-cad-suite/lib/../share/yosys/lattice/cells_map_trellis.v
Parsing Verilog input from `/home/leonardoa29/Downloads/oss-cad-suite/lib/../share/yosys/lattice/cells_map_trellis.v' to AST representation.
Generating RTLIL representation for module `$_DFF_N_'.
Generating RTLIL representation for module `$_DFF_P_'.
Generating RTLIL representation for module `$_DFFE_NN_'.
Generating RTLIL representation for module `$_DFFE_PN_'.
Generating RTLIL representation for module `$_DFFE_NP_'.
Generating RTLIL representation for module `$_DFFE_PP_'.
Generating RTLIL representation for module `$_DFF_NP0_'.
Generating RTLIL representation for module `$_DFF_NP1_'.
Generating RTLIL representation for module `$_DFF_PP0_'.
Generating RTLIL representation for module `$_DFF_PP1_'.
Generating RTLIL representation for module `$_SDFF_NP0_'.
Generating RTLIL representation for module `$_SDFF_NP1_'.
Generating RTLIL representation for module `$_SDFF_PP0_'.
Generating RTLIL representation for module `$_SDFF_PP1_'.
Generating RTLIL representation for module `$_DFFE_NP0P_'.
Generating RTLIL representation for module `$_DFFE_NP1P_'.
Generating RTLIL representation for module `$_DFFE_PP0P_'.
Generating RTLIL representation for module `$_DFFE_PP1P_'.
Generating RTLIL representation for module `$_DFFE_NP0N_'.
Generating RTLIL representation for module `$_DFFE_NP1N_'.
Generating RTLIL representation for module `$_DFFE_PP0N_'.
Generating RTLIL representation for module `$_DFFE_PP1N_'.
Generating RTLIL representation for module `$_SDFFE_NP0P_'.
Generating RTLIL representation for module `$_SDFFE_NP1P_'.
Generating RTLIL representation for module `$_SDFFE_PP0P_'.
Generating RTLIL representation for module `$_SDFFE_PP1P_'.
Generating RTLIL representation for module `$_SDFFE_NP0N_'.
Generating RTLIL representation for module `$_SDFFE_NP1N_'.
Generating RTLIL representation for module `$_SDFFE_PP0N_'.
Generating RTLIL representation for module `$_SDFFE_PP1N_'.
Generating RTLIL representation for module `$_ALDFF_NP_'.
Generating RTLIL representation for module `$_ALDFF_PP_'.
Generating RTLIL representation for module `$_ALDFFE_NPN_'.
Generating RTLIL representation for module `$_ALDFFE_NPP_'.
Generating RTLIL representation for module `$_ALDFFE_PPN_'.
Generating RTLIL representation for module `$_ALDFFE_PPP_'.
Generating RTLIL representation for module `\FD1P3AX'.
Generating RTLIL representation for module `\FD1P3AY'.
Generating RTLIL representation for module `\FD1P3BX'.
Generating RTLIL representation for module `\FD1P3DX'.
Generating RTLIL representation for module `\FD1P3IX'.
Generating RTLIL representation for module `\FD1P3JX'.
Generating RTLIL representation for module `\FD1S3AX'.
Generating RTLIL representation for module `\FD1S3AY'.
Generating RTLIL representation for module `\FD1S3BX'.
Generating RTLIL representation for module `\FD1S3DX'.
Generating RTLIL representation for module `\FD1S3IX'.
Generating RTLIL representation for module `\FD1S3JX'.
Generating RTLIL representation for module `\IFS1P3BX'.
Generating RTLIL representation for module `\IFS1P3DX'.
Generating RTLIL representation for module `\IFS1P3IX'.
Generating RTLIL representation for module `\IFS1P3JX'.
Generating RTLIL representation for module `\OFS1P3BX'.
Generating RTLIL representation for module `\OFS1P3DX'.
Generating RTLIL representation for module `\OFS1P3IX'.
Generating RTLIL representation for module `\OFS1P3JX'.
Generating RTLIL representation for module `\IB'.
Generating RTLIL representation for module `\IBPU'.
Generating RTLIL representation for module `\IBPD'.
Generating RTLIL representation for module `\OB'.
Generating RTLIL representation for module `\OBZ'.
Generating RTLIL representation for module `\OBZPU'.
Generating RTLIL representation for module `\OBZPD'.
Generating RTLIL representation for module `\OBCO'.
Generating RTLIL representation for module `\BB'.
Generating RTLIL representation for module `\BBPU'.
Generating RTLIL representation for module `\BBPD'.
Generating RTLIL representation for module `\ILVDS'.
Generating RTLIL representation for module `\OLVDS'.
Successfully finished Verilog frontend.

13.39.2. Continuing TECHMAP pass.
Using template $_SDFF_PP0_ for cells of type $_SDFF_PP0_.
Using template $_SDFFE_PP0P_ for cells of type $_SDFFE_PP0P_.
Using template $paramod$_DFFE_PP_\_TECHMAP_WIREINIT_Q_=1'0 for cells of type $_DFFE_PP_.
Using template $paramod$_DFFE_PP_\_TECHMAP_WIREINIT_Q_=1'x for cells of type $_DFFE_PP_.
Using template $_DFFE_PP0P_ for cells of type $_DFFE_PP0P_.
Using template $_DFF_PP0_ for cells of type $_DFF_PP0_.
Using template $paramod$_DFF_P_\_TECHMAP_WIREINIT_Q_=1'x for cells of type $_DFF_P_.
Using template $_DFF_PP1_ for cells of type $_DFF_PP1_.
Using template $_SDFF_PP1_ for cells of type $_SDFF_PP1_.
Using template $_DFFE_NP0P_ for cells of type $_DFFE_NP0P_.
Using template $_SDFFE_PP1P_ for cells of type $_SDFFE_PP1P_.
No more expansions possible.
<suppressed ~1325 debug messages>

13.40. Executing OPT_EXPR pass (perform const folding).
Optimizing module SOC.
<suppressed ~47 debug messages>

13.41. Executing SIMPLEMAP pass (map simple cells to gate primitives).

13.42. Executing LATTICE_GSR pass (implement FF init values).
Handling GSR in SOC.

13.43. Executing ATTRMVCP pass (move or copy attributes).

13.44. Executing OPT_CLEAN pass (remove unused cells and wires).
Finding unused cells or wires in module \SOC..
Removed 0 unused cells and 8115 unused wires.
<suppressed ~1 debug messages>

13.45. Executing CHECK pass (checking for obvious problems).
Checking module SOC...
Warning: Cell SOC.$auto$ff.cc:337:slice$7001 is a latch of type $_DLATCH_N_.
Warning: Cell SOC.$auto$ff.cc:337:slice$7002 is a latch of type $_DLATCH_N_.
Warning: Cell SOC.$auto$ff.cc:337:slice$6992 is a latch of type $_DLATCH_N_.
Warning: Cell SOC.$auto$ff.cc:337:slice$6991 is a latch of type $_DLATCH_N_.
Warning: Cell SOC.$auto$ff.cc:337:slice$6990 is a latch of type $_DLATCH_N_.
Warning: Cell SOC.$auto$ff.cc:337:slice$6989 is a latch of type $_DLATCH_N_.
Warning: Cell SOC.$auto$ff.cc:337:slice$6988 is a latch of type $_DLATCH_N_.
Warning: Cell SOC.$auto$ff.cc:337:slice$6987 is a latch of type $_DLATCH_N_.
Warning: Cell SOC.$auto$ff.cc:337:slice$6986 is a latch of type $_DLATCH_N_.
Warning: Cell SOC.$auto$ff.cc:337:slice$6985 is a latch of type $_DLATCH_N_.
Warning: Cell SOC.$auto$ff.cc:337:slice$6984 is a latch of type $_DLATCH_N_.
Warning: Cell SOC.$auto$ff.cc:337:slice$6983 is a latch of type $_DLATCH_N_.
Warning: Cell SOC.$auto$ff.cc:337:slice$6982 is a latch of type $_DLATCH_N_.
Warning: Cell SOC.$auto$ff.cc:337:slice$6981 is a latch of type $_DLATCH_N_.
Warning: Cell SOC.$auto$ff.cc:337:slice$6980 is a latch of type $_DLATCH_N_.
Warning: Cell SOC.$auto$ff.cc:337:slice$6979 is a latch of type $_DLATCH_N_.
Warning: Cell SOC.$auto$ff.cc:337:slice$6978 is a latch of type $_DLATCH_N_.
Warning: Cell SOC.$auto$ff.cc:337:slice$6977 is a latch of type $_DLATCH_N_.
Warning: Cell SOC.$auto$ff.cc:337:slice$6976 is a latch of type $_DLATCH_N_.
Warning: Cell SOC.$auto$ff.cc:337:slice$6975 is a latch of type $_DLATCH_N_.
Warning: Cell SOC.$auto$ff.cc:337:slice$7003 is a latch of type $_DLATCH_N_.
Warning: Cell SOC.$auto$ff.cc:337:slice$6995 is a latch of type $_DLATCH_N_.
Warning: Cell SOC.$auto$ff.cc:337:slice$6997 is a latch of type $_DLATCH_N_.
Warning: Cell SOC.$auto$ff.cc:337:slice$6998 is a latch of type $_DLATCH_N_.
Warning: Cell SOC.$auto$ff.cc:337:slice$6996 is a latch of type $_DLATCH_N_.
Warning: Cell SOC.$auto$ff.cc:337:slice$6994 is a latch of type $_DLATCH_N_.
Warning: Cell SOC.$auto$ff.cc:337:slice$7004 is a latch of type $_DLATCH_N_.
Warning: Cell SOC.$auto$ff.cc:337:slice$6974 is a latch of type $_DLATCH_N_.
Warning: Cell SOC.$auto$ff.cc:337:slice$7000 is a latch of type $_DLATCH_N_.
Warning: Cell SOC.$auto$ff.cc:337:slice$6999 is a latch of type $_DLATCH_N_.
Warning: Cell SOC.$auto$ff.cc:337:slice$6993 is a latch of type $_DLATCH_N_.
Warning: Cell SOC.$auto$ff.cc:337:slice$7005 is a latch of type $_DLATCH_N_.
Found and reported 32 problems.
ERROR: Found 32 problems in 'check -assert'.
