
 /----------------------------------------------------------------------------\
 |                                                                            |
 |  yosys -- Yosys Open SYnthesis Suite                                       |
 |                                                                            |
 |  Copyright (C) 2012 - 2020  Claire Xenia Wolf <claire@yosyshq.com>         |
 |                                                                            |
 |  Permission to use, copy, modify, and/or distribute this software for any  |
 |  purpose with or without fee is hereby granted, provided that the above    |
 |  copyright notice and this permission notice appear in all copies.         |
 |                                                                            |
 |  THE SOFTWARE IS PROVIDED "AS IS" AND THE AUTHOR DISCLAIMS ALL WARRANTIES  |
 |  WITH REGARD TO THIS SOFTWARE INCLUDING ALL IMPLIED WARRANTIES OF          |
 |  MERCHANTABILITY AND FITNESS. IN NO EVENT SHALL THE AUTHOR BE LIABLE FOR   |
 |  ANY SPECIAL, DIRECT, INDIRECT, OR CONSEQUENTIAL DAMAGES OR ANY DAMAGES    |
 |  WHATSOEVER RESULTING FROM LOSS OF USE, DATA OR PROFITS, WHETHER IN AN     |
 |  ACTION OF CONTRACT, NEGLIGENCE OR OTHER TORTIOUS ACTION, ARISING OUT OF   |
 |  OR IN CONNECTION WITH THE USE OR PERFORMANCE OF THIS SOFTWARE.            |
 |                                                                            |
 \----------------------------------------------------------------------------/

 Yosys 0.33+6 (git sha1 41b34a193, x86_64-conda-linux-gnu-cc 11.2.0 -fvisibility-inlines-hidden -fmessage-length=0 -march=nocona -mtune=haswell -ftree-vectorize -fPIC -fstack-protector-strong -fno-plt -O2 -ffunction-sections -fdebug-prefix-map=/root/conda-eda/conda-eda/workdir/conda-env/conda-bld/yosys_1694128612374/work=/usr/local/src/conda/yosys-0.33_7_g41b34a193 -fdebug-prefix-map=/home/leonardo/miniconda3/envs/digital=/usr/local/src/conda-prefix -fPIC -Os -fno-merge-constants)


-- Running command `verilog_defaults -push; verilog_defaults -add -defer; read_verilog -formal clk_div.v  count.v ctrl_lp128.v data_ctrl.v latch_ctrl.v led_panel_128.v mem_dir.v memory_V2.v Row_dir.v; verilog_defaults -pop; attrmap -tocase keep -imap keep="true" keep=1 -imap keep="false" keep=1 -remove keep=0; synth_ecp5 -top led_panel_128; write_json build/led_panel_128.json' --

1. Executing Verilog-2005 frontend: clk_div.v
Parsing formal Verilog input from `clk_div.v' to AST representation.
Storing AST representation for module `$abstract\clk_div'.
Successfully finished Verilog frontend.

2. Executing Verilog-2005 frontend: count.v
Parsing formal Verilog input from `count.v' to AST representation.
Storing AST representation for module `$abstract\count'.
Successfully finished Verilog frontend.

3. Executing Verilog-2005 frontend: ctrl_lp128.v
Parsing formal Verilog input from `ctrl_lp128.v' to AST representation.
Storing AST representation for module `$abstract\ctrl_lp128'.
Successfully finished Verilog frontend.

4. Executing Verilog-2005 frontend: data_ctrl.v
Parsing formal Verilog input from `data_ctrl.v' to AST representation.
Storing AST representation for module `$abstract\data_ctrl'.
Successfully finished Verilog frontend.

5. Executing Verilog-2005 frontend: latch_ctrl.v
Parsing formal Verilog input from `latch_ctrl.v' to AST representation.
Storing AST representation for module `$abstract\latch_ctrl'.
Successfully finished Verilog frontend.

6. Executing Verilog-2005 frontend: led_panel_128.v
Parsing formal Verilog input from `led_panel_128.v' to AST representation.
Storing AST representation for module `$abstract\led_panel_128'.
Successfully finished Verilog frontend.

7. Executing Verilog-2005 frontend: mem_dir.v
Parsing formal Verilog input from `mem_dir.v' to AST representation.
Storing AST representation for module `$abstract\mem_dir'.
Successfully finished Verilog frontend.

8. Executing Verilog-2005 frontend: memory_V2.v
Parsing formal Verilog input from `memory_V2.v' to AST representation.
Storing AST representation for module `$abstract\memory'.
Successfully finished Verilog frontend.

9. Executing Verilog-2005 frontend: Row_dir.v
Parsing formal Verilog input from `Row_dir.v' to AST representation.
Storing AST representation for module `$abstract\Row_dir'.
Successfully finished Verilog frontend.

10. Executing ATTRMAP pass (move or copy attributes).

11. Executing SYNTH_ECP5 pass.

11.1. Executing Verilog-2005 frontend: /home/leonardo/miniconda3/envs/digital/bin/../share/yosys/ecp5/cells_sim.v
Parsing Verilog input from `/home/leonardo/miniconda3/envs/digital/bin/../share/yosys/ecp5/cells_sim.v' to AST representation.
Generating RTLIL representation for module `\LUT4'.
Generating RTLIL representation for module `\$__ABC9_LUT5'.
Generating RTLIL representation for module `\$__ABC9_LUT6'.
Generating RTLIL representation for module `\$__ABC9_LUT7'.
Generating RTLIL representation for module `\L6MUX21'.
Generating RTLIL representation for module `\CCU2C'.
Generating RTLIL representation for module `\TRELLIS_RAM16X2'.
Generating RTLIL representation for module `\PFUMX'.
Generating RTLIL representation for module `\TRELLIS_DPR16X4'.
Generating RTLIL representation for module `\DPR16X4C'.
Generating RTLIL representation for module `\LUT2'.
Generating RTLIL representation for module `\TRELLIS_FF'.
Generating RTLIL representation for module `\TRELLIS_IO'.
Generating RTLIL representation for module `\INV'.
Generating RTLIL representation for module `\TRELLIS_COMB'.
Generating RTLIL representation for module `\DP16KD'.
Generating RTLIL representation for module `\FD1P3AX'.
Generating RTLIL representation for module `\FD1P3AY'.
Generating RTLIL representation for module `\FD1P3BX'.
Generating RTLIL representation for module `\FD1P3DX'.
Generating RTLIL representation for module `\FD1P3IX'.
Generating RTLIL representation for module `\FD1P3JX'.
Generating RTLIL representation for module `\FD1S3AX'.
Generating RTLIL representation for module `\FD1S3AY'.
Generating RTLIL representation for module `\FD1S3BX'.
Generating RTLIL representation for module `\FD1S3DX'.
Generating RTLIL representation for module `\FD1S3IX'.
Generating RTLIL representation for module `\FD1S3JX'.
Generating RTLIL representation for module `\IFS1P3BX'.
Generating RTLIL representation for module `\IFS1P3DX'.
Generating RTLIL representation for module `\IFS1P3IX'.
Generating RTLIL representation for module `\IFS1P3JX'.
Generating RTLIL representation for module `\OFS1P3BX'.
Generating RTLIL representation for module `\OFS1P3DX'.
Generating RTLIL representation for module `\OFS1P3IX'.
Generating RTLIL representation for module `\OFS1P3JX'.
Generating RTLIL representation for module `\IB'.
Generating RTLIL representation for module `\IBPU'.
Generating RTLIL representation for module `\IBPD'.
Generating RTLIL representation for module `\OB'.
Generating RTLIL representation for module `\OBZ'.
Generating RTLIL representation for module `\OBZPU'.
Generating RTLIL representation for module `\OBZPD'.
Generating RTLIL representation for module `\OBCO'.
Generating RTLIL representation for module `\BB'.
Generating RTLIL representation for module `\BBPU'.
Generating RTLIL representation for module `\BBPD'.
Generating RTLIL representation for module `\ILVDS'.
Generating RTLIL representation for module `\OLVDS'.
Successfully finished Verilog frontend.

11.2. Executing Verilog-2005 frontend: /home/leonardo/miniconda3/envs/digital/bin/../share/yosys/ecp5/cells_bb.v
Parsing Verilog input from `/home/leonardo/miniconda3/envs/digital/bin/../share/yosys/ecp5/cells_bb.v' to AST representation.
Generating RTLIL representation for module `\MULT18X18D'.
Generating RTLIL representation for module `\ALU54B'.
Generating RTLIL representation for module `\EHXPLLL'.
Generating RTLIL representation for module `\DTR'.
Generating RTLIL representation for module `\OSCG'.
Generating RTLIL representation for module `\USRMCLK'.
Generating RTLIL representation for module `\JTAGG'.
Generating RTLIL representation for module `\DELAYF'.
Generating RTLIL representation for module `\DELAYG'.
Generating RTLIL representation for module `\IDDRX1F'.
Generating RTLIL representation for module `\IDDRX2F'.
Generating RTLIL representation for module `\IDDR71B'.
Generating RTLIL representation for module `\IDDRX2DQA'.
Generating RTLIL representation for module `\ODDRX1F'.
Generating RTLIL representation for module `\ODDRX2F'.
Generating RTLIL representation for module `\ODDR71B'.
Generating RTLIL representation for module `\OSHX2A'.
Generating RTLIL representation for module `\ODDRX2DQA'.
Generating RTLIL representation for module `\ODDRX2DQSB'.
Generating RTLIL representation for module `\TSHX2DQA'.
Generating RTLIL representation for module `\TSHX2DQSA'.
Generating RTLIL representation for module `\DQSBUFM'.
Generating RTLIL representation for module `\DDRDLLA'.
Generating RTLIL representation for module `\DLLDELD'.
Generating RTLIL representation for module `\CLKDIVF'.
Generating RTLIL representation for module `\ECLKSYNCB'.
Generating RTLIL representation for module `\ECLKBRIDGECS'.
Generating RTLIL representation for module `\DCCA'.
Generating RTLIL representation for module `\DCSC'.
Generating RTLIL representation for module `\DCUA'.
Generating RTLIL representation for module `\EXTREFB'.
Generating RTLIL representation for module `\PCSCLKDIV'.
Generating RTLIL representation for module `\PUR'.
Generating RTLIL representation for module `\GSR'.
Generating RTLIL representation for module `\SGSR'.
Generating RTLIL representation for module `\PDPW16KD'.
Successfully finished Verilog frontend.

11.3. Executing HIERARCHY pass (managing design hierarchy).

11.4. Executing AST frontend in derive mode using pre-parsed AST for module `\led_panel_128'.
Generating RTLIL representation for module `\led_panel_128'.
led_panel_128.v:32: Warning: Identifier `\W_Led_clk' is implicitly declared.

11.4.1. Analyzing design hierarchy..
Top module:  \led_panel_128
Parameter \size = 4096
Parameter \width = 12
Parameter \mem_file_name = 144'011010010110110101100001011001110110010101110011001011110110100101101101011000010110011101100101010000100011000100101110011010000110010101111000

11.4.2. Executing AST frontend in derive mode using pre-parsed AST for module `\memory'.
Parameter \size = 4096
Parameter \width = 12
Parameter \mem_file_name = 144'011010010110110101100001011001110110010101110011001011110110100101101101011000010110011101100101010000100011000100101110011010000110010101111000
Generating RTLIL representation for module `$paramod$354aad427c852e39b63afdc1ccc4cb8a16a743ac\memory'.
Parameter \size = 4096
Parameter \width = 12
Parameter \mem_file_name = 144'011010010110110101100001011001110110010101110011001011110110100101101101011000010110011101100101010000100011000000101110011010000110010101111000

11.4.3. Executing AST frontend in derive mode using pre-parsed AST for module `\memory'.
Parameter \size = 4096
Parameter \width = 12
Parameter \mem_file_name = 144'011010010110110101100001011001110110010101110011001011110110100101101101011000010110011101100101010000100011000000101110011010000110010101111000
Generating RTLIL representation for module `$paramod$7073a129ee78221794b6659bf6a1183d1b6ed1dc\memory'.
Parameter \size = 4096
Parameter \width = 12
Parameter \mem_file_name = 144'011010010110110101100001011001110110010101110011001011110110100101101101011000010110011101100101010001110011000100101110011010000110010101111000

11.4.4. Executing AST frontend in derive mode using pre-parsed AST for module `\memory'.
Parameter \size = 4096
Parameter \width = 12
Parameter \mem_file_name = 144'011010010110110101100001011001110110010101110011001011110110100101101101011000010110011101100101010001110011000100101110011010000110010101111000
Generating RTLIL representation for module `$paramod$d6c5d143a20efbe40259c7be6ca7eb9b901cba20\memory'.
Parameter \size = 4096
Parameter \width = 12
Parameter \mem_file_name = 144'011010010110110101100001011001110110010101110011001011110110100101101101011000010110011101100101010001110011000000101110011010000110010101111000

11.4.5. Executing AST frontend in derive mode using pre-parsed AST for module `\memory'.
Parameter \size = 4096
Parameter \width = 12
Parameter \mem_file_name = 144'011010010110110101100001011001110110010101110011001011110110100101101101011000010110011101100101010001110011000000101110011010000110010101111000
Generating RTLIL representation for module `$paramod$68f21f8a986024ce7155bc265fb7ba37b9d93782\memory'.
Parameter \size = 4096
Parameter \width = 12
Parameter \mem_file_name = 144'011010010110110101100001011001110110010101110011001011110110100101101101011000010110011101100101010100100011000100101110011010000110010101111000

11.4.6. Executing AST frontend in derive mode using pre-parsed AST for module `\memory'.
Parameter \size = 4096
Parameter \width = 12
Parameter \mem_file_name = 144'011010010110110101100001011001110110010101110011001011110110100101101101011000010110011101100101010100100011000100101110011010000110010101111000
Generating RTLIL representation for module `$paramod$39fbea73daf20116f833d93f6bc63bf4303fb4b0\memory'.
Parameter \size = 4096
Parameter \width = 12
Parameter \mem_file_name = 144'011010010110110101100001011001110110010101110011001011110110100101101101011000010110011101100101010100100011000000101110011010000110010101111000

11.4.7. Executing AST frontend in derive mode using pre-parsed AST for module `\memory'.
Parameter \size = 4096
Parameter \width = 12
Parameter \mem_file_name = 144'011010010110110101100001011001110110010101110011001011110110100101101101011000010110011101100101010100100011000000101110011010000110010101111000
Generating RTLIL representation for module `$paramod$5dc9ef4ecbf85cc0d8f5ad537e56604fb85a7a07\memory'.
Parameter \width = 5

11.4.8. Executing AST frontend in derive mode using pre-parsed AST for module `\Row_dir'.
Parameter \width = 5
Generating RTLIL representation for module `$paramod\Row_dir\width=s32'00000000000000000000000000000101'.

11.4.9. Executing AST frontend in derive mode using pre-parsed AST for module `\mem_dir'.
Generating RTLIL representation for module `\mem_dir'.
Parameter \number_of_bits = 393216

11.4.10. Executing AST frontend in derive mode using pre-parsed AST for module `\data_ctrl'.
Parameter \number_of_bits = 393216
Generating RTLIL representation for module `$paramod\data_ctrl\number_of_bits=s32'00000000000001100000000000000000'.

11.4.11. Executing AST frontend in derive mode using pre-parsed AST for module `\latch_ctrl'.
Generating RTLIL representation for module `\latch_ctrl'.

11.4.12. Executing AST frontend in derive mode using pre-parsed AST for module `\ctrl_lp128'.
Generating RTLIL representation for module `\ctrl_lp128'.
Parameter \slowing_factor = 5

11.4.13. Executing AST frontend in derive mode using pre-parsed AST for module `\clk_div'.
Parameter \slowing_factor = 5
Generating RTLIL representation for module `$paramod\clk_div\slowing_factor=s32'00000000000000000000000000000101'.

11.4.14. Analyzing design hierarchy..
Top module:  \led_panel_128
Used module:     $paramod$354aad427c852e39b63afdc1ccc4cb8a16a743ac\memory
Used module:     $paramod$7073a129ee78221794b6659bf6a1183d1b6ed1dc\memory
Used module:     $paramod$d6c5d143a20efbe40259c7be6ca7eb9b901cba20\memory
Used module:     $paramod$68f21f8a986024ce7155bc265fb7ba37b9d93782\memory
Used module:     $paramod$39fbea73daf20116f833d93f6bc63bf4303fb4b0\memory
Used module:     $paramod$5dc9ef4ecbf85cc0d8f5ad537e56604fb85a7a07\memory
Used module:     $paramod\Row_dir\width=s32'00000000000000000000000000000101
Used module:     \mem_dir
Used module:     $paramod\data_ctrl\number_of_bits=s32'00000000000001100000000000000000
Used module:     \latch_ctrl
Used module:     \ctrl_lp128
Used module:     $paramod\clk_div\slowing_factor=s32'00000000000000000000000000000101
Parameter \width = 11

11.4.15. Executing AST frontend in derive mode using pre-parsed AST for module `\count'.
Parameter \width = 11
Generating RTLIL representation for module `$paramod\count\width=s32'00000000000000000000000000001011'.

11.4.16. Analyzing design hierarchy..
Top module:  \led_panel_128
Used module:     $paramod$354aad427c852e39b63afdc1ccc4cb8a16a743ac\memory
Used module:     $paramod$7073a129ee78221794b6659bf6a1183d1b6ed1dc\memory
Used module:     $paramod$d6c5d143a20efbe40259c7be6ca7eb9b901cba20\memory
Used module:     $paramod$68f21f8a986024ce7155bc265fb7ba37b9d93782\memory
Used module:     $paramod$39fbea73daf20116f833d93f6bc63bf4303fb4b0\memory
Used module:     $paramod$5dc9ef4ecbf85cc0d8f5ad537e56604fb85a7a07\memory
Used module:     $paramod\Row_dir\width=s32'00000000000000000000000000000101
Used module:     \mem_dir
Used module:         $paramod\count\width=s32'00000000000000000000000000001011
Used module:     $paramod\data_ctrl\number_of_bits=s32'00000000000001100000000000000000
Used module:     \latch_ctrl
Used module:     \ctrl_lp128
Used module:     $paramod\clk_div\slowing_factor=s32'00000000000000000000000000000101

11.4.17. Analyzing design hierarchy..
Top module:  \led_panel_128
Used module:     $paramod$354aad427c852e39b63afdc1ccc4cb8a16a743ac\memory
Used module:     $paramod$7073a129ee78221794b6659bf6a1183d1b6ed1dc\memory
Used module:     $paramod$d6c5d143a20efbe40259c7be6ca7eb9b901cba20\memory
Used module:     $paramod$68f21f8a986024ce7155bc265fb7ba37b9d93782\memory
Used module:     $paramod$39fbea73daf20116f833d93f6bc63bf4303fb4b0\memory
Used module:     $paramod$5dc9ef4ecbf85cc0d8f5ad537e56604fb85a7a07\memory
Used module:     $paramod\Row_dir\width=s32'00000000000000000000000000000101
Used module:     \mem_dir
Used module:         $paramod\count\width=s32'00000000000000000000000000001011
Used module:     $paramod\data_ctrl\number_of_bits=s32'00000000000001100000000000000000
Used module:     \latch_ctrl
Used module:     \ctrl_lp128
Used module:     $paramod\clk_div\slowing_factor=s32'00000000000000000000000000000101
Removing unused module `$abstract\Row_dir'.
Removing unused module `$abstract\memory'.
Removing unused module `$abstract\mem_dir'.
Removing unused module `$abstract\led_panel_128'.
Removing unused module `$abstract\latch_ctrl'.
Removing unused module `$abstract\data_ctrl'.
Removing unused module `$abstract\ctrl_lp128'.
Removing unused module `$abstract\count'.
Removing unused module `$abstract\clk_div'.
Removed 9 unused modules.
Warning: Resizing cell port led_panel_128.memoryB1.address from 12 bits to 13 bits.
Warning: Resizing cell port led_panel_128.memoryB0.address from 12 bits to 13 bits.
Warning: Resizing cell port led_panel_128.memoryG1.address from 12 bits to 13 bits.
Warning: Resizing cell port led_panel_128.memoryG0.address from 12 bits to 13 bits.
Warning: Resizing cell port led_panel_128.memoryR1.address from 12 bits to 13 bits.
Warning: Resizing cell port led_panel_128.memoryR0.address from 12 bits to 13 bits.

11.5. Executing PROC pass (convert processes to netlists).

11.5.1. Executing PROC_CLEAN pass (remove empty switches from decision trees).
Removing empty process `$paramod$68f21f8a986024ce7155bc265fb7ba37b9d93782\memory.$proc$memory_V2.v:0$288'.
Removing empty process `$paramod$d6c5d143a20efbe40259c7be6ca7eb9b901cba20\memory.$proc$memory_V2.v:0$273'.
Removing empty process `$paramod$7073a129ee78221794b6659bf6a1183d1b6ed1dc\memory.$proc$memory_V2.v:0$258'.
Removing empty process `$paramod$354aad427c852e39b63afdc1ccc4cb8a16a743ac\memory.$proc$memory_V2.v:0$243'.
Found and cleaned up 1 empty switch in `\TRELLIS_DPR16X4.$proc$/home/leonardo/miniconda3/envs/digital/bin/../share/yosys/ecp5/cells_sim.v:213$117'.
Found and cleaned up 1 empty switch in `$paramod\Row_dir\width=s32'00000000000000000000000000000101.$proc$Row_dir.v:20$319'.
Removing empty process `$paramod$5dc9ef4ecbf85cc0d8f5ad537e56604fb85a7a07\memory.$proc$memory_V2.v:0$318'.
Removing empty process `$paramod$39fbea73daf20116f833d93f6bc63bf4303fb4b0\memory.$proc$memory_V2.v:0$303'.
Cleaned up 2 empty switches.

11.5.2. Executing PROC_RMDEAD pass (remove dead branches from decision trees).
Marked 2 switch rules as full_case in process $proc$memory_V2.v:34$277 in module $paramod$68f21f8a986024ce7155bc265fb7ba37b9d93782\memory.
Marked 2 switch rules as full_case in process $proc$memory_V2.v:34$262 in module $paramod$d6c5d143a20efbe40259c7be6ca7eb9b901cba20\memory.
Marked 2 switch rules as full_case in process $proc$memory_V2.v:34$247 in module $paramod$7073a129ee78221794b6659bf6a1183d1b6ed1dc\memory.
Marked 2 switch rules as full_case in process $proc$memory_V2.v:34$232 in module $paramod$354aad427c852e39b63afdc1ccc4cb8a16a743ac\memory.
Marked 1 switch rules as full_case in process $proc$/home/leonardo/miniconda3/envs/digital/bin/../share/yosys/ecp5/cells_sim.v:350$224 in module TRELLIS_FF.
Marked 1 switch rules as full_case in process $proc$/home/leonardo/miniconda3/envs/digital/bin/../share/yosys/ecp5/cells_sim.v:285$176 in module DPR16X4C.
Marked 1 switch rules as full_case in process $proc$/home/leonardo/miniconda3/envs/digital/bin/../share/yosys/ecp5/cells_sim.v:221$118 in module TRELLIS_DPR16X4.
Marked 1 switch rules as full_case in process $proc$count.v:11$402 in module $paramod\count\width=s32'00000000000000000000000000001011.
Marked 3 switch rules as full_case in process $proc$clk_div.v:12$396 in module $paramod\clk_div\slowing_factor=s32'00000000000000000000000000000101.
Marked 1 switch rules as full_case in process $proc$ctrl_lp128.v:120$395 in module ctrl_lp128.
Marked 12 switch rules as full_case in process $proc$ctrl_lp128.v:39$387 in module ctrl_lp128.
Marked 16 switch rules as full_case in process $proc$latch_ctrl.v:29$368 in module latch_ctrl.
Marked 6 switch rules as full_case in process $proc$data_ctrl.v:43$341 in module $paramod\data_ctrl\number_of_bits=s32'00000000000001100000000000000000.
Marked 6 switch rules as full_case in process $proc$mem_dir.v:16$331 in module mem_dir.
Marked 5 switch rules as full_case in process $proc$Row_dir.v:20$319 in module $paramod\Row_dir\width=s32'00000000000000000000000000000101.
Marked 2 switch rules as full_case in process $proc$memory_V2.v:34$307 in module $paramod$5dc9ef4ecbf85cc0d8f5ad537e56604fb85a7a07\memory.
Marked 2 switch rules as full_case in process $proc$memory_V2.v:34$292 in module $paramod$39fbea73daf20116f833d93f6bc63bf4303fb4b0\memory.
Removed a total of 0 dead cases.

11.5.3. Executing PROC_PRUNE pass (remove redundant assignments in processes).
Removed 8 redundant assignments.
Promoted 79 assignments to connections.

11.5.4. Executing PROC_INIT pass (extract init attributes).
Found init rule in `\TRELLIS_FF.$proc$/home/leonardo/miniconda3/envs/digital/bin/../share/yosys/ecp5/cells_sim.v:0$225'.
  Set init value: \Q = 1'0

11.5.5. Executing PROC_ARST pass (detect async resets in processes).
Found async reset \rst in `\latch_ctrl.$proc$latch_ctrl.v:29$368'.

11.5.6. Executing PROC_ROM pass (convert switches to ROMs).
Converted 1 switch.

11.5.7. Executing PROC_MUX pass (convert decision trees to multiplexers).
Creating decoders for process `$paramod$68f21f8a986024ce7155bc265fb7ba37b9d93782\memory.$proc$memory_V2.v:34$277'.
     1/6: $2$memwr$\MEM$memory_V2.v:38$274_EN[15:0]$286
     2/6: $2$memwr$\MEM$memory_V2.v:38$274_DATA[15:0]$285
     3/6: $2$memwr$\MEM$memory_V2.v:38$274_ADDR[12:0]$284
     4/6: $1$memwr$\MEM$memory_V2.v:38$274_EN[15:0]$283
     5/6: $1$memwr$\MEM$memory_V2.v:38$274_DATA[15:0]$282
     6/6: $1$memwr$\MEM$memory_V2.v:38$274_ADDR[12:0]$281
Creating decoders for process `$paramod$68f21f8a986024ce7155bc265fb7ba37b9d93782\memory.$proc$memory_V2.v:23$275'.
     1/1: $0\rdata[15:0]
Creating decoders for process `$paramod$d6c5d143a20efbe40259c7be6ca7eb9b901cba20\memory.$proc$memory_V2.v:34$262'.
     1/6: $2$memwr$\MEM$memory_V2.v:38$259_EN[15:0]$271
     2/6: $2$memwr$\MEM$memory_V2.v:38$259_DATA[15:0]$270
     3/6: $2$memwr$\MEM$memory_V2.v:38$259_ADDR[12:0]$269
     4/6: $1$memwr$\MEM$memory_V2.v:38$259_EN[15:0]$268
     5/6: $1$memwr$\MEM$memory_V2.v:38$259_DATA[15:0]$267
     6/6: $1$memwr$\MEM$memory_V2.v:38$259_ADDR[12:0]$266
Creating decoders for process `$paramod$d6c5d143a20efbe40259c7be6ca7eb9b901cba20\memory.$proc$memory_V2.v:23$260'.
     1/1: $0\rdata[15:0]
Creating decoders for process `$paramod$7073a129ee78221794b6659bf6a1183d1b6ed1dc\memory.$proc$memory_V2.v:34$247'.
     1/6: $2$memwr$\MEM$memory_V2.v:38$244_EN[15:0]$256
     2/6: $2$memwr$\MEM$memory_V2.v:38$244_DATA[15:0]$255
     3/6: $2$memwr$\MEM$memory_V2.v:38$244_ADDR[12:0]$254
     4/6: $1$memwr$\MEM$memory_V2.v:38$244_EN[15:0]$253
     5/6: $1$memwr$\MEM$memory_V2.v:38$244_DATA[15:0]$252
     6/6: $1$memwr$\MEM$memory_V2.v:38$244_ADDR[12:0]$251
Creating decoders for process `$paramod$7073a129ee78221794b6659bf6a1183d1b6ed1dc\memory.$proc$memory_V2.v:23$245'.
     1/1: $0\rdata[15:0]
Creating decoders for process `$paramod$354aad427c852e39b63afdc1ccc4cb8a16a743ac\memory.$proc$memory_V2.v:34$232'.
     1/6: $2$memwr$\MEM$memory_V2.v:38$229_EN[15:0]$241
     2/6: $2$memwr$\MEM$memory_V2.v:38$229_DATA[15:0]$240
     3/6: $2$memwr$\MEM$memory_V2.v:38$229_ADDR[12:0]$239
     4/6: $1$memwr$\MEM$memory_V2.v:38$229_EN[15:0]$238
     5/6: $1$memwr$\MEM$memory_V2.v:38$229_DATA[15:0]$237
     6/6: $1$memwr$\MEM$memory_V2.v:38$229_ADDR[12:0]$236
Creating decoders for process `$paramod$354aad427c852e39b63afdc1ccc4cb8a16a743ac\memory.$proc$memory_V2.v:23$230'.
     1/1: $0\rdata[15:0]
Creating decoders for process `\TRELLIS_FF.$proc$/home/leonardo/miniconda3/envs/digital/bin/../share/yosys/ecp5/cells_sim.v:0$225'.
Creating decoders for process `\TRELLIS_FF.$proc$/home/leonardo/miniconda3/envs/digital/bin/../share/yosys/ecp5/cells_sim.v:350$224'.
     1/1: $0\Q[0:0]
Creating decoders for process `\DPR16X4C.$proc$/home/leonardo/miniconda3/envs/digital/bin/../share/yosys/ecp5/cells_sim.v:0$199'.
Creating decoders for process `\DPR16X4C.$proc$/home/leonardo/miniconda3/envs/digital/bin/../share/yosys/ecp5/cells_sim.v:285$176'.
     1/3: $1$memwr$\ram$/home/leonardo/miniconda3/envs/digital/bin/../share/yosys/ecp5/cells_sim.v:287$175_EN[3:0]$182
     2/3: $1$memwr$\ram$/home/leonardo/miniconda3/envs/digital/bin/../share/yosys/ecp5/cells_sim.v:287$175_DATA[3:0]$181
     3/3: $1$memwr$\ram$/home/leonardo/miniconda3/envs/digital/bin/../share/yosys/ecp5/cells_sim.v:287$175_ADDR[3:0]$180
Creating decoders for process `\TRELLIS_DPR16X4.$proc$/home/leonardo/miniconda3/envs/digital/bin/../share/yosys/ecp5/cells_sim.v:0$142'.
Creating decoders for process `\TRELLIS_DPR16X4.$proc$/home/leonardo/miniconda3/envs/digital/bin/../share/yosys/ecp5/cells_sim.v:221$118'.
     1/3: $1$memwr$\mem$/home/leonardo/miniconda3/envs/digital/bin/../share/yosys/ecp5/cells_sim.v:223$116_EN[3:0]$124
     2/3: $1$memwr$\mem$/home/leonardo/miniconda3/envs/digital/bin/../share/yosys/ecp5/cells_sim.v:223$116_DATA[3:0]$123
     3/3: $1$memwr$\mem$/home/leonardo/miniconda3/envs/digital/bin/../share/yosys/ecp5/cells_sim.v:223$116_ADDR[3:0]$122
Creating decoders for process `\TRELLIS_DPR16X4.$proc$/home/leonardo/miniconda3/envs/digital/bin/../share/yosys/ecp5/cells_sim.v:213$117'.
Creating decoders for process `$paramod\count\width=s32'00000000000000000000000000001011.$proc$count.v:11$402'.
     1/1: $0\outc[11:0]
Creating decoders for process `$paramod\clk_div\slowing_factor=s32'00000000000000000000000000000101.$proc$clk_div.v:12$396'.
     1/5: $3\flag_for_edge[0:0]
     2/5: $2\flag_for_edge[0:0]
     3/5: $0\clk_cnt[15:0]
     4/5: $1\flag_for_edge[0:0]
     5/5: $0\Led_clk[0:0]
Creating decoders for process `\ctrl_lp128.$proc$ctrl_lp128.v:120$395'.
     1/1: { $1\wt[0:0] $1\en_op[0:0] $1\dt_ld[0:0] $1\done[0:0] $1\sd_cnfg[0:0] $1\ld_cnfg[0:0] $1\vsy[0:0] $1\pract[0:0] $1\ltch[0:0] }
Creating decoders for process `\ctrl_lp128.$proc$ctrl_lp128.v:39$387'.
     1/7: $3\state[3:0]
     2/7: $2\state[3:0]
     3/7: $1\first_pract[0:0]
     4/7: $1\ready_vsync[0:0]
     5/7: $1\en_op_sended[0:0]
     6/7: $1\state[3:0]
     7/7: $0\sync_state[3:0]
Creating decoders for process `\latch_ctrl.$proc$latch_ctrl.v:99$384'.
Creating decoders for process `\latch_ctrl.$proc$latch_ctrl.v:29$368'.
     1/24: $8\bit_cnt[7:0]
     2/24: $7\bit_cnt[7:0]
     3/24: $6\bit_cnt[7:0]
     4/24: $7\config_num[3:0]
     5/24: $7\config_sended[0:0]
     6/24: $6\config_num[3:0]
     7/24: $6\config_sended[0:0]
     8/24: $5\config_num[3:0]
     9/24: $5\config_sended[0:0]
    10/24: $5\bit_cnt[7:0]
    11/24: $4\bit_cnt[7:0]
    12/24: $4\config_num[3:0]
    13/24: $4\config_sended[0:0]
    14/24: $3\config_sended[0:0]
    15/24: $3\bit_cnt[7:0]
    16/24: $3\config_num[3:0]
    17/24: $2\bit_cnt[7:0]
    18/24: $2\config_num[3:0]
    19/24: $2\config_sended[0:0]
    20/24: $1\bit_cnt[7:0]
    21/24: $1\config_num[3:0]
    22/24: $1\config_sended[0:0]
    23/24: $0\cnt_wh_latch[7:0]
    24/24: $0\latch_done[0:0]
Creating decoders for process `$paramod\data_ctrl\number_of_bits=s32'00000000000001100000000000000000.$proc$data_ctrl.v:43$341'.
     1/16: $5\bit_cnt[5:0]
     2/16: $4\bit_cnt[5:0]
     3/16: $3\bit_cnt[5:0]
     4/16: $2\bit_cnt[5:0]
     5/16: $1\bit_cnt[5:0]
     6/16: $0\config_rep[3:0]
     7/16: $0\sub_state[1:0]
     8/16: $0\pack_cnt[15:0]
     9/16: $0\in_data_B1[15:0]
    10/16: $0\in_data_G1[15:0]
    11/16: $0\in_data_R1[15:0]
    12/16: $0\in_data_B0[15:0]
    13/16: $0\in_data_G0[15:0]
    14/16: $0\in_data_R0[15:0]
    15/16: $0\RGB1[2:0]
    16/16: $0\RGB0[2:0]
Creating decoders for process `\mem_dir.$proc$mem_dir.v:16$331'.
     1/4: $0\cnt_rst[0:0]
     2/4: $0\stream_send[0:0]
     3/4: $0\inc[0:0]
     4/4: $0\cnt[5:0]
Creating decoders for process `$paramod\Row_dir\width=s32'00000000000000000000000000000101.$proc$Row_dir.v:20$319'.
     1/5: $0\start_flag[0:0]
     2/5: $0\vsy_flag[0:0]
     3/5: $0\OE_cnt[6:0]
     4/5: $0\outc[4:0]
     5/5: $0\OE[0:0]
Creating decoders for process `$paramod$5dc9ef4ecbf85cc0d8f5ad537e56604fb85a7a07\memory.$proc$memory_V2.v:34$307'.
     1/6: $2$memwr$\MEM$memory_V2.v:38$304_EN[15:0]$316
     2/6: $2$memwr$\MEM$memory_V2.v:38$304_DATA[15:0]$315
     3/6: $2$memwr$\MEM$memory_V2.v:38$304_ADDR[12:0]$314
     4/6: $1$memwr$\MEM$memory_V2.v:38$304_EN[15:0]$313
     5/6: $1$memwr$\MEM$memory_V2.v:38$304_DATA[15:0]$312
     6/6: $1$memwr$\MEM$memory_V2.v:38$304_ADDR[12:0]$311
Creating decoders for process `$paramod$5dc9ef4ecbf85cc0d8f5ad537e56604fb85a7a07\memory.$proc$memory_V2.v:23$305'.
     1/1: $0\rdata[15:0]
Creating decoders for process `$paramod$39fbea73daf20116f833d93f6bc63bf4303fb4b0\memory.$proc$memory_V2.v:34$292'.
     1/6: $2$memwr$\MEM$memory_V2.v:38$289_EN[15:0]$301
     2/6: $2$memwr$\MEM$memory_V2.v:38$289_DATA[15:0]$300
     3/6: $2$memwr$\MEM$memory_V2.v:38$289_ADDR[12:0]$299
     4/6: $1$memwr$\MEM$memory_V2.v:38$289_EN[15:0]$298
     5/6: $1$memwr$\MEM$memory_V2.v:38$289_DATA[15:0]$297
     6/6: $1$memwr$\MEM$memory_V2.v:38$289_ADDR[12:0]$296
Creating decoders for process `$paramod$39fbea73daf20116f833d93f6bc63bf4303fb4b0\memory.$proc$memory_V2.v:23$290'.
     1/1: $0\rdata[15:0]

11.5.8. Executing PROC_DLATCH pass (convert process syncs to latches).
No latch inferred for signal `\ctrl_lp128.\done' from process `\ctrl_lp128.$proc$ctrl_lp128.v:120$395'.
No latch inferred for signal `\ctrl_lp128.\ltch' from process `\ctrl_lp128.$proc$ctrl_lp128.v:120$395'.
No latch inferred for signal `\ctrl_lp128.\pract' from process `\ctrl_lp128.$proc$ctrl_lp128.v:120$395'.
No latch inferred for signal `\ctrl_lp128.\en_op' from process `\ctrl_lp128.$proc$ctrl_lp128.v:120$395'.
No latch inferred for signal `\ctrl_lp128.\vsy' from process `\ctrl_lp128.$proc$ctrl_lp128.v:120$395'.
No latch inferred for signal `\ctrl_lp128.\ld_cnfg' from process `\ctrl_lp128.$proc$ctrl_lp128.v:120$395'.
No latch inferred for signal `\ctrl_lp128.\sd_cnfg' from process `\ctrl_lp128.$proc$ctrl_lp128.v:120$395'.
No latch inferred for signal `\ctrl_lp128.\dt_ld' from process `\ctrl_lp128.$proc$ctrl_lp128.v:120$395'.
No latch inferred for signal `\ctrl_lp128.\wt' from process `\ctrl_lp128.$proc$ctrl_lp128.v:120$395'.
No latch inferred for signal `\latch_ctrl.\latch' from process `\latch_ctrl.$proc$latch_ctrl.v:99$384'.

11.5.9. Executing PROC_DFF pass (convert process syncs to FFs).
Creating register for signal `$paramod$68f21f8a986024ce7155bc265fb7ba37b9d93782\memory.$memwr$\MEM$memory_V2.v:38$274_ADDR' using process `$paramod$68f21f8a986024ce7155bc265fb7ba37b9d93782\memory.$proc$memory_V2.v:34$277'.
  created $dff cell `$procdff$1548' with negative edge clock.
Creating register for signal `$paramod$68f21f8a986024ce7155bc265fb7ba37b9d93782\memory.$memwr$\MEM$memory_V2.v:38$274_DATA' using process `$paramod$68f21f8a986024ce7155bc265fb7ba37b9d93782\memory.$proc$memory_V2.v:34$277'.
  created $dff cell `$procdff$1549' with negative edge clock.
Creating register for signal `$paramod$68f21f8a986024ce7155bc265fb7ba37b9d93782\memory.$memwr$\MEM$memory_V2.v:38$274_EN' using process `$paramod$68f21f8a986024ce7155bc265fb7ba37b9d93782\memory.$proc$memory_V2.v:34$277'.
  created $dff cell `$procdff$1550' with negative edge clock.
Creating register for signal `$paramod$68f21f8a986024ce7155bc265fb7ba37b9d93782\memory.\rdata' using process `$paramod$68f21f8a986024ce7155bc265fb7ba37b9d93782\memory.$proc$memory_V2.v:23$275'.
  created $dff cell `$procdff$1551' with negative edge clock.
Creating register for signal `$paramod$d6c5d143a20efbe40259c7be6ca7eb9b901cba20\memory.$memwr$\MEM$memory_V2.v:38$259_ADDR' using process `$paramod$d6c5d143a20efbe40259c7be6ca7eb9b901cba20\memory.$proc$memory_V2.v:34$262'.
  created $dff cell `$procdff$1552' with negative edge clock.
Creating register for signal `$paramod$d6c5d143a20efbe40259c7be6ca7eb9b901cba20\memory.$memwr$\MEM$memory_V2.v:38$259_DATA' using process `$paramod$d6c5d143a20efbe40259c7be6ca7eb9b901cba20\memory.$proc$memory_V2.v:34$262'.
  created $dff cell `$procdff$1553' with negative edge clock.
Creating register for signal `$paramod$d6c5d143a20efbe40259c7be6ca7eb9b901cba20\memory.$memwr$\MEM$memory_V2.v:38$259_EN' using process `$paramod$d6c5d143a20efbe40259c7be6ca7eb9b901cba20\memory.$proc$memory_V2.v:34$262'.
  created $dff cell `$procdff$1554' with negative edge clock.
Creating register for signal `$paramod$d6c5d143a20efbe40259c7be6ca7eb9b901cba20\memory.\rdata' using process `$paramod$d6c5d143a20efbe40259c7be6ca7eb9b901cba20\memory.$proc$memory_V2.v:23$260'.
  created $dff cell `$procdff$1555' with negative edge clock.
Creating register for signal `$paramod$7073a129ee78221794b6659bf6a1183d1b6ed1dc\memory.$memwr$\MEM$memory_V2.v:38$244_ADDR' using process `$paramod$7073a129ee78221794b6659bf6a1183d1b6ed1dc\memory.$proc$memory_V2.v:34$247'.
  created $dff cell `$procdff$1556' with negative edge clock.
Creating register for signal `$paramod$7073a129ee78221794b6659bf6a1183d1b6ed1dc\memory.$memwr$\MEM$memory_V2.v:38$244_DATA' using process `$paramod$7073a129ee78221794b6659bf6a1183d1b6ed1dc\memory.$proc$memory_V2.v:34$247'.
  created $dff cell `$procdff$1557' with negative edge clock.
Creating register for signal `$paramod$7073a129ee78221794b6659bf6a1183d1b6ed1dc\memory.$memwr$\MEM$memory_V2.v:38$244_EN' using process `$paramod$7073a129ee78221794b6659bf6a1183d1b6ed1dc\memory.$proc$memory_V2.v:34$247'.
  created $dff cell `$procdff$1558' with negative edge clock.
Creating register for signal `$paramod$7073a129ee78221794b6659bf6a1183d1b6ed1dc\memory.\rdata' using process `$paramod$7073a129ee78221794b6659bf6a1183d1b6ed1dc\memory.$proc$memory_V2.v:23$245'.
  created $dff cell `$procdff$1559' with negative edge clock.
Creating register for signal `$paramod$354aad427c852e39b63afdc1ccc4cb8a16a743ac\memory.$memwr$\MEM$memory_V2.v:38$229_ADDR' using process `$paramod$354aad427c852e39b63afdc1ccc4cb8a16a743ac\memory.$proc$memory_V2.v:34$232'.
  created $dff cell `$procdff$1560' with negative edge clock.
Creating register for signal `$paramod$354aad427c852e39b63afdc1ccc4cb8a16a743ac\memory.$memwr$\MEM$memory_V2.v:38$229_DATA' using process `$paramod$354aad427c852e39b63afdc1ccc4cb8a16a743ac\memory.$proc$memory_V2.v:34$232'.
  created $dff cell `$procdff$1561' with negative edge clock.
Creating register for signal `$paramod$354aad427c852e39b63afdc1ccc4cb8a16a743ac\memory.$memwr$\MEM$memory_V2.v:38$229_EN' using process `$paramod$354aad427c852e39b63afdc1ccc4cb8a16a743ac\memory.$proc$memory_V2.v:34$232'.
  created $dff cell `$procdff$1562' with negative edge clock.
Creating register for signal `$paramod$354aad427c852e39b63afdc1ccc4cb8a16a743ac\memory.\rdata' using process `$paramod$354aad427c852e39b63afdc1ccc4cb8a16a743ac\memory.$proc$memory_V2.v:23$230'.
  created $dff cell `$procdff$1563' with negative edge clock.
Creating register for signal `\TRELLIS_FF.\Q' using process `\TRELLIS_FF.$proc$/home/leonardo/miniconda3/envs/digital/bin/../share/yosys/ecp5/cells_sim.v:350$224'.
  created $dff cell `$procdff$1564' with positive edge clock.
Creating register for signal `\DPR16X4C.\i' using process `\DPR16X4C.$proc$/home/leonardo/miniconda3/envs/digital/bin/../share/yosys/ecp5/cells_sim.v:0$199'.
  created direct connection (no actual register cell created).
Creating register for signal `\DPR16X4C.$memwr$\ram$/home/leonardo/miniconda3/envs/digital/bin/../share/yosys/ecp5/cells_sim.v:281$160_EN' using process `\DPR16X4C.$proc$/home/leonardo/miniconda3/envs/digital/bin/../share/yosys/ecp5/cells_sim.v:0$199'.
  created direct connection (no actual register cell created).
Creating register for signal `\DPR16X4C.$memwr$\ram$/home/leonardo/miniconda3/envs/digital/bin/../share/yosys/ecp5/cells_sim.v:281$161_EN' using process `\DPR16X4C.$proc$/home/leonardo/miniconda3/envs/digital/bin/../share/yosys/ecp5/cells_sim.v:0$199'.
  created direct connection (no actual register cell created).
Creating register for signal `\DPR16X4C.$memwr$\ram$/home/leonardo/miniconda3/envs/digital/bin/../share/yosys/ecp5/cells_sim.v:281$162_EN' using process `\DPR16X4C.$proc$/home/leonardo/miniconda3/envs/digital/bin/../share/yosys/ecp5/cells_sim.v:0$199'.
  created direct connection (no actual register cell created).
Creating register for signal `\DPR16X4C.$memwr$\ram$/home/leonardo/miniconda3/envs/digital/bin/../share/yosys/ecp5/cells_sim.v:281$163_EN' using process `\DPR16X4C.$proc$/home/leonardo/miniconda3/envs/digital/bin/../share/yosys/ecp5/cells_sim.v:0$199'.
  created direct connection (no actual register cell created).
Creating register for signal `\DPR16X4C.$memwr$\ram$/home/leonardo/miniconda3/envs/digital/bin/../share/yosys/ecp5/cells_sim.v:281$164_EN' using process `\DPR16X4C.$proc$/home/leonardo/miniconda3/envs/digital/bin/../share/yosys/ecp5/cells_sim.v:0$199'.
  created direct connection (no actual register cell created).
Creating register for signal `\DPR16X4C.$memwr$\ram$/home/leonardo/miniconda3/envs/digital/bin/../share/yosys/ecp5/cells_sim.v:281$165_EN' using process `\DPR16X4C.$proc$/home/leonardo/miniconda3/envs/digital/bin/../share/yosys/ecp5/cells_sim.v:0$199'.
  created direct connection (no actual register cell created).
Creating register for signal `\DPR16X4C.$memwr$\ram$/home/leonardo/miniconda3/envs/digital/bin/../share/yosys/ecp5/cells_sim.v:281$166_EN' using process `\DPR16X4C.$proc$/home/leonardo/miniconda3/envs/digital/bin/../share/yosys/ecp5/cells_sim.v:0$199'.
  created direct connection (no actual register cell created).
Creating register for signal `\DPR16X4C.$memwr$\ram$/home/leonardo/miniconda3/envs/digital/bin/../share/yosys/ecp5/cells_sim.v:281$167_EN' using process `\DPR16X4C.$proc$/home/leonardo/miniconda3/envs/digital/bin/../share/yosys/ecp5/cells_sim.v:0$199'.
  created direct connection (no actual register cell created).
Creating register for signal `\DPR16X4C.$memwr$\ram$/home/leonardo/miniconda3/envs/digital/bin/../share/yosys/ecp5/cells_sim.v:281$168_EN' using process `\DPR16X4C.$proc$/home/leonardo/miniconda3/envs/digital/bin/../share/yosys/ecp5/cells_sim.v:0$199'.
  created direct connection (no actual register cell created).
Creating register for signal `\DPR16X4C.$memwr$\ram$/home/leonardo/miniconda3/envs/digital/bin/../share/yosys/ecp5/cells_sim.v:281$169_EN' using process `\DPR16X4C.$proc$/home/leonardo/miniconda3/envs/digital/bin/../share/yosys/ecp5/cells_sim.v:0$199'.
  created direct connection (no actual register cell created).
Creating register for signal `\DPR16X4C.$memwr$\ram$/home/leonardo/miniconda3/envs/digital/bin/../share/yosys/ecp5/cells_sim.v:281$170_EN' using process `\DPR16X4C.$proc$/home/leonardo/miniconda3/envs/digital/bin/../share/yosys/ecp5/cells_sim.v:0$199'.
  created direct connection (no actual register cell created).
Creating register for signal `\DPR16X4C.$memwr$\ram$/home/leonardo/miniconda3/envs/digital/bin/../share/yosys/ecp5/cells_sim.v:281$171_EN' using process `\DPR16X4C.$proc$/home/leonardo/miniconda3/envs/digital/bin/../share/yosys/ecp5/cells_sim.v:0$199'.
  created direct connection (no actual register cell created).
Creating register for signal `\DPR16X4C.$memwr$\ram$/home/leonardo/miniconda3/envs/digital/bin/../share/yosys/ecp5/cells_sim.v:281$172_EN' using process `\DPR16X4C.$proc$/home/leonardo/miniconda3/envs/digital/bin/../share/yosys/ecp5/cells_sim.v:0$199'.
  created direct connection (no actual register cell created).
Creating register for signal `\DPR16X4C.$memwr$\ram$/home/leonardo/miniconda3/envs/digital/bin/../share/yosys/ecp5/cells_sim.v:281$173_EN' using process `\DPR16X4C.$proc$/home/leonardo/miniconda3/envs/digital/bin/../share/yosys/ecp5/cells_sim.v:0$199'.
  created direct connection (no actual register cell created).
Creating register for signal `\DPR16X4C.$memwr$\ram$/home/leonardo/miniconda3/envs/digital/bin/../share/yosys/ecp5/cells_sim.v:281$174_EN' using process `\DPR16X4C.$proc$/home/leonardo/miniconda3/envs/digital/bin/../share/yosys/ecp5/cells_sim.v:0$199'.
  created direct connection (no actual register cell created).
Creating register for signal `\DPR16X4C.$memwr$\ram$/home/leonardo/miniconda3/envs/digital/bin/../share/yosys/ecp5/cells_sim.v:287$175_ADDR' using process `\DPR16X4C.$proc$/home/leonardo/miniconda3/envs/digital/bin/../share/yosys/ecp5/cells_sim.v:285$176'.
  created $dff cell `$procdff$1565' with positive edge clock.
Creating register for signal `\DPR16X4C.$memwr$\ram$/home/leonardo/miniconda3/envs/digital/bin/../share/yosys/ecp5/cells_sim.v:287$175_DATA' using process `\DPR16X4C.$proc$/home/leonardo/miniconda3/envs/digital/bin/../share/yosys/ecp5/cells_sim.v:285$176'.
  created $dff cell `$procdff$1566' with positive edge clock.
Creating register for signal `\DPR16X4C.$memwr$\ram$/home/leonardo/miniconda3/envs/digital/bin/../share/yosys/ecp5/cells_sim.v:287$175_EN' using process `\DPR16X4C.$proc$/home/leonardo/miniconda3/envs/digital/bin/../share/yosys/ecp5/cells_sim.v:285$176'.
  created $dff cell `$procdff$1567' with positive edge clock.
Creating register for signal `\TRELLIS_DPR16X4.\i' using process `\TRELLIS_DPR16X4.$proc$/home/leonardo/miniconda3/envs/digital/bin/../share/yosys/ecp5/cells_sim.v:0$142'.
  created direct connection (no actual register cell created).
Creating register for signal `\TRELLIS_DPR16X4.$memwr$\mem$/home/leonardo/miniconda3/envs/digital/bin/../share/yosys/ecp5/cells_sim.v:207$100_EN' using process `\TRELLIS_DPR16X4.$proc$/home/leonardo/miniconda3/envs/digital/bin/../share/yosys/ecp5/cells_sim.v:0$142'.
  created direct connection (no actual register cell created).
Creating register for signal `\TRELLIS_DPR16X4.$memwr$\mem$/home/leonardo/miniconda3/envs/digital/bin/../share/yosys/ecp5/cells_sim.v:207$101_EN' using process `\TRELLIS_DPR16X4.$proc$/home/leonardo/miniconda3/envs/digital/bin/../share/yosys/ecp5/cells_sim.v:0$142'.
  created direct connection (no actual register cell created).
Creating register for signal `\TRELLIS_DPR16X4.$memwr$\mem$/home/leonardo/miniconda3/envs/digital/bin/../share/yosys/ecp5/cells_sim.v:207$102_EN' using process `\TRELLIS_DPR16X4.$proc$/home/leonardo/miniconda3/envs/digital/bin/../share/yosys/ecp5/cells_sim.v:0$142'.
  created direct connection (no actual register cell created).
Creating register for signal `\TRELLIS_DPR16X4.$memwr$\mem$/home/leonardo/miniconda3/envs/digital/bin/../share/yosys/ecp5/cells_sim.v:207$103_EN' using process `\TRELLIS_DPR16X4.$proc$/home/leonardo/miniconda3/envs/digital/bin/../share/yosys/ecp5/cells_sim.v:0$142'.
  created direct connection (no actual register cell created).
Creating register for signal `\TRELLIS_DPR16X4.$memwr$\mem$/home/leonardo/miniconda3/envs/digital/bin/../share/yosys/ecp5/cells_sim.v:207$104_EN' using process `\TRELLIS_DPR16X4.$proc$/home/leonardo/miniconda3/envs/digital/bin/../share/yosys/ecp5/cells_sim.v:0$142'.
  created direct connection (no actual register cell created).
Creating register for signal `\TRELLIS_DPR16X4.$memwr$\mem$/home/leonardo/miniconda3/envs/digital/bin/../share/yosys/ecp5/cells_sim.v:207$105_EN' using process `\TRELLIS_DPR16X4.$proc$/home/leonardo/miniconda3/envs/digital/bin/../share/yosys/ecp5/cells_sim.v:0$142'.
  created direct connection (no actual register cell created).
Creating register for signal `\TRELLIS_DPR16X4.$memwr$\mem$/home/leonardo/miniconda3/envs/digital/bin/../share/yosys/ecp5/cells_sim.v:207$106_EN' using process `\TRELLIS_DPR16X4.$proc$/home/leonardo/miniconda3/envs/digital/bin/../share/yosys/ecp5/cells_sim.v:0$142'.
  created direct connection (no actual register cell created).
Creating register for signal `\TRELLIS_DPR16X4.$memwr$\mem$/home/leonardo/miniconda3/envs/digital/bin/../share/yosys/ecp5/cells_sim.v:207$107_EN' using process `\TRELLIS_DPR16X4.$proc$/home/leonardo/miniconda3/envs/digital/bin/../share/yosys/ecp5/cells_sim.v:0$142'.
  created direct connection (no actual register cell created).
Creating register for signal `\TRELLIS_DPR16X4.$memwr$\mem$/home/leonardo/miniconda3/envs/digital/bin/../share/yosys/ecp5/cells_sim.v:207$108_EN' using process `\TRELLIS_DPR16X4.$proc$/home/leonardo/miniconda3/envs/digital/bin/../share/yosys/ecp5/cells_sim.v:0$142'.
  created direct connection (no actual register cell created).
Creating register for signal `\TRELLIS_DPR16X4.$memwr$\mem$/home/leonardo/miniconda3/envs/digital/bin/../share/yosys/ecp5/cells_sim.v:207$109_EN' using process `\TRELLIS_DPR16X4.$proc$/home/leonardo/miniconda3/envs/digital/bin/../share/yosys/ecp5/cells_sim.v:0$142'.
  created direct connection (no actual register cell created).
Creating register for signal `\TRELLIS_DPR16X4.$memwr$\mem$/home/leonardo/miniconda3/envs/digital/bin/../share/yosys/ecp5/cells_sim.v:207$110_EN' using process `\TRELLIS_DPR16X4.$proc$/home/leonardo/miniconda3/envs/digital/bin/../share/yosys/ecp5/cells_sim.v:0$142'.
  created direct connection (no actual register cell created).
Creating register for signal `\TRELLIS_DPR16X4.$memwr$\mem$/home/leonardo/miniconda3/envs/digital/bin/../share/yosys/ecp5/cells_sim.v:207$111_EN' using process `\TRELLIS_DPR16X4.$proc$/home/leonardo/miniconda3/envs/digital/bin/../share/yosys/ecp5/cells_sim.v:0$142'.
  created direct connection (no actual register cell created).
Creating register for signal `\TRELLIS_DPR16X4.$memwr$\mem$/home/leonardo/miniconda3/envs/digital/bin/../share/yosys/ecp5/cells_sim.v:207$112_EN' using process `\TRELLIS_DPR16X4.$proc$/home/leonardo/miniconda3/envs/digital/bin/../share/yosys/ecp5/cells_sim.v:0$142'.
  created direct connection (no actual register cell created).
Creating register for signal `\TRELLIS_DPR16X4.$memwr$\mem$/home/leonardo/miniconda3/envs/digital/bin/../share/yosys/ecp5/cells_sim.v:207$113_EN' using process `\TRELLIS_DPR16X4.$proc$/home/leonardo/miniconda3/envs/digital/bin/../share/yosys/ecp5/cells_sim.v:0$142'.
  created direct connection (no actual register cell created).
Creating register for signal `\TRELLIS_DPR16X4.$memwr$\mem$/home/leonardo/miniconda3/envs/digital/bin/../share/yosys/ecp5/cells_sim.v:207$114_EN' using process `\TRELLIS_DPR16X4.$proc$/home/leonardo/miniconda3/envs/digital/bin/../share/yosys/ecp5/cells_sim.v:0$142'.
  created direct connection (no actual register cell created).
Creating register for signal `\TRELLIS_DPR16X4.$memwr$\mem$/home/leonardo/miniconda3/envs/digital/bin/../share/yosys/ecp5/cells_sim.v:207$115_EN' using process `\TRELLIS_DPR16X4.$proc$/home/leonardo/miniconda3/envs/digital/bin/../share/yosys/ecp5/cells_sim.v:0$142'.
  created direct connection (no actual register cell created).
Creating register for signal `\TRELLIS_DPR16X4.$memwr$\mem$/home/leonardo/miniconda3/envs/digital/bin/../share/yosys/ecp5/cells_sim.v:223$116_ADDR' using process `\TRELLIS_DPR16X4.$proc$/home/leonardo/miniconda3/envs/digital/bin/../share/yosys/ecp5/cells_sim.v:221$118'.
  created $dff cell `$procdff$1568' with positive edge clock.
Creating register for signal `\TRELLIS_DPR16X4.$memwr$\mem$/home/leonardo/miniconda3/envs/digital/bin/../share/yosys/ecp5/cells_sim.v:223$116_DATA' using process `\TRELLIS_DPR16X4.$proc$/home/leonardo/miniconda3/envs/digital/bin/../share/yosys/ecp5/cells_sim.v:221$118'.
  created $dff cell `$procdff$1569' with positive edge clock.
Creating register for signal `\TRELLIS_DPR16X4.$memwr$\mem$/home/leonardo/miniconda3/envs/digital/bin/../share/yosys/ecp5/cells_sim.v:223$116_EN' using process `\TRELLIS_DPR16X4.$proc$/home/leonardo/miniconda3/envs/digital/bin/../share/yosys/ecp5/cells_sim.v:221$118'.
  created $dff cell `$procdff$1570' with positive edge clock.
Creating register for signal `\TRELLIS_DPR16X4.\muxwre' using process `\TRELLIS_DPR16X4.$proc$/home/leonardo/miniconda3/envs/digital/bin/../share/yosys/ecp5/cells_sim.v:213$117'.
  created direct connection (no actual register cell created).
Creating register for signal `$paramod\count\width=s32'00000000000000000000000000001011.\outc' using process `$paramod\count\width=s32'00000000000000000000000000001011.$proc$count.v:11$402'.
  created $dff cell `$procdff$1571' with negative edge clock.
Creating register for signal `$paramod\clk_div\slowing_factor=s32'00000000000000000000000000000101.\Led_clk' using process `$paramod\clk_div\slowing_factor=s32'00000000000000000000000000000101.$proc$clk_div.v:12$396'.
  created $dff cell `$procdff$1572' with positive edge clock.
Creating register for signal `$paramod\clk_div\slowing_factor=s32'00000000000000000000000000000101.\flag_for_edge' using process `$paramod\clk_div\slowing_factor=s32'00000000000000000000000000000101.$proc$clk_div.v:12$396'.
  created $dff cell `$procdff$1573' with positive edge clock.
Creating register for signal `$paramod\clk_div\slowing_factor=s32'00000000000000000000000000000101.\clk_cnt' using process `$paramod\clk_div\slowing_factor=s32'00000000000000000000000000000101.$proc$clk_div.v:12$396'.
  created $dff cell `$procdff$1574' with positive edge clock.
Creating register for signal `\ctrl_lp128.\state' using process `\ctrl_lp128.$proc$ctrl_lp128.v:39$387'.
  created $dff cell `$procdff$1575' with positive edge clock.
Creating register for signal `\ctrl_lp128.\sync_state' using process `\ctrl_lp128.$proc$ctrl_lp128.v:39$387'.
  created $dff cell `$procdff$1576' with positive edge clock.
Creating register for signal `\ctrl_lp128.\en_op_sended' using process `\ctrl_lp128.$proc$ctrl_lp128.v:39$387'.
  created $dff cell `$procdff$1577' with positive edge clock.
Creating register for signal `\ctrl_lp128.\ready_vsync' using process `\ctrl_lp128.$proc$ctrl_lp128.v:39$387'.
  created $dff cell `$procdff$1578' with positive edge clock.
Creating register for signal `\ctrl_lp128.\first_pract' using process `\ctrl_lp128.$proc$ctrl_lp128.v:39$387'.
  created $dff cell `$procdff$1579' with positive edge clock.
Creating register for signal `\latch_ctrl.\config_sended' using process `\latch_ctrl.$proc$latch_ctrl.v:29$368'.
  created $dff cell `$procdff$1582' with negative edge clock.
Creating register for signal `\latch_ctrl.\latch_done' using process `\latch_ctrl.$proc$latch_ctrl.v:29$368'.
  created $adff cell `$procdff$1583' with negative edge clock and positive level reset.
Creating register for signal `\latch_ctrl.\config_num' using process `\latch_ctrl.$proc$latch_ctrl.v:29$368'.
  created $adff cell `$procdff$1584' with negative edge clock and positive level reset.
Creating register for signal `\latch_ctrl.\bit_cnt' using process `\latch_ctrl.$proc$latch_ctrl.v:29$368'.
  created $adff cell `$procdff$1585' with negative edge clock and positive level reset.
Creating register for signal `\latch_ctrl.\cnt_wh_latch' using process `\latch_ctrl.$proc$latch_ctrl.v:29$368'.
  created $adff cell `$procdff$1586' with negative edge clock and positive level reset.
Creating register for signal `$paramod\data_ctrl\number_of_bits=s32'00000000000001100000000000000000.\RGB0' using process `$paramod\data_ctrl\number_of_bits=s32'00000000000001100000000000000000.$proc$data_ctrl.v:43$341'.
  created $dff cell `$procdff$1587' with negative edge clock.
Creating register for signal `$paramod\data_ctrl\number_of_bits=s32'00000000000001100000000000000000.\RGB1' using process `$paramod\data_ctrl\number_of_bits=s32'00000000000001100000000000000000.$proc$data_ctrl.v:43$341'.
  created $dff cell `$procdff$1588' with negative edge clock.
Creating register for signal `$paramod\data_ctrl\number_of_bits=s32'00000000000001100000000000000000.\in_data_R0' using process `$paramod\data_ctrl\number_of_bits=s32'00000000000001100000000000000000.$proc$data_ctrl.v:43$341'.
  created $dff cell `$procdff$1589' with negative edge clock.
Creating register for signal `$paramod\data_ctrl\number_of_bits=s32'00000000000001100000000000000000.\in_data_G0' using process `$paramod\data_ctrl\number_of_bits=s32'00000000000001100000000000000000.$proc$data_ctrl.v:43$341'.
  created $dff cell `$procdff$1590' with negative edge clock.
Creating register for signal `$paramod\data_ctrl\number_of_bits=s32'00000000000001100000000000000000.\in_data_B0' using process `$paramod\data_ctrl\number_of_bits=s32'00000000000001100000000000000000.$proc$data_ctrl.v:43$341'.
  created $dff cell `$procdff$1591' with negative edge clock.
Creating register for signal `$paramod\data_ctrl\number_of_bits=s32'00000000000001100000000000000000.\in_data_R1' using process `$paramod\data_ctrl\number_of_bits=s32'00000000000001100000000000000000.$proc$data_ctrl.v:43$341'.
  created $dff cell `$procdff$1592' with negative edge clock.
Creating register for signal `$paramod\data_ctrl\number_of_bits=s32'00000000000001100000000000000000.\in_data_G1' using process `$paramod\data_ctrl\number_of_bits=s32'00000000000001100000000000000000.$proc$data_ctrl.v:43$341'.
  created $dff cell `$procdff$1593' with negative edge clock.
Creating register for signal `$paramod\data_ctrl\number_of_bits=s32'00000000000001100000000000000000.\in_data_B1' using process `$paramod\data_ctrl\number_of_bits=s32'00000000000001100000000000000000.$proc$data_ctrl.v:43$341'.
  created $dff cell `$procdff$1594' with negative edge clock.
Creating register for signal `$paramod\data_ctrl\number_of_bits=s32'00000000000001100000000000000000.\bit_cnt' using process `$paramod\data_ctrl\number_of_bits=s32'00000000000001100000000000000000.$proc$data_ctrl.v:43$341'.
  created $dff cell `$procdff$1595' with negative edge clock.
Creating register for signal `$paramod\data_ctrl\number_of_bits=s32'00000000000001100000000000000000.\pack_cnt' using process `$paramod\data_ctrl\number_of_bits=s32'00000000000001100000000000000000.$proc$data_ctrl.v:43$341'.
  created $dff cell `$procdff$1596' with negative edge clock.
Creating register for signal `$paramod\data_ctrl\number_of_bits=s32'00000000000001100000000000000000.\sub_state' using process `$paramod\data_ctrl\number_of_bits=s32'00000000000001100000000000000000.$proc$data_ctrl.v:43$341'.
  created $dff cell `$procdff$1597' with negative edge clock.
Creating register for signal `$paramod\data_ctrl\number_of_bits=s32'00000000000001100000000000000000.\config_rep' using process `$paramod\data_ctrl\number_of_bits=s32'00000000000001100000000000000000.$proc$data_ctrl.v:43$341'.
  created $dff cell `$procdff$1598' with negative edge clock.
Creating register for signal `\mem_dir.\cnt' using process `\mem_dir.$proc$mem_dir.v:16$331'.
  created $dff cell `$procdff$1599' with negative edge clock.
Creating register for signal `\mem_dir.\inc' using process `\mem_dir.$proc$mem_dir.v:16$331'.
  created $dff cell `$procdff$1600' with negative edge clock.
Creating register for signal `\mem_dir.\cnt_rst' using process `\mem_dir.$proc$mem_dir.v:16$331'.
  created $dff cell `$procdff$1601' with negative edge clock.
Creating register for signal `\mem_dir.\stream_send' using process `\mem_dir.$proc$mem_dir.v:16$331'.
  created $dff cell `$procdff$1602' with negative edge clock.
Creating register for signal `$paramod\Row_dir\width=s32'00000000000000000000000000000101.\OE' using process `$paramod\Row_dir\width=s32'00000000000000000000000000000101.$proc$Row_dir.v:20$319'.
  created $dff cell `$procdff$1603' with negative edge clock.
Creating register for signal `$paramod\Row_dir\width=s32'00000000000000000000000000000101.\outc' using process `$paramod\Row_dir\width=s32'00000000000000000000000000000101.$proc$Row_dir.v:20$319'.
  created $dff cell `$procdff$1604' with negative edge clock.
Creating register for signal `$paramod\Row_dir\width=s32'00000000000000000000000000000101.\OE_cnt' using process `$paramod\Row_dir\width=s32'00000000000000000000000000000101.$proc$Row_dir.v:20$319'.
  created $dff cell `$procdff$1605' with negative edge clock.
Creating register for signal `$paramod\Row_dir\width=s32'00000000000000000000000000000101.\vsy_flag' using process `$paramod\Row_dir\width=s32'00000000000000000000000000000101.$proc$Row_dir.v:20$319'.
  created $dff cell `$procdff$1606' with negative edge clock.
Creating register for signal `$paramod\Row_dir\width=s32'00000000000000000000000000000101.\start_flag' using process `$paramod\Row_dir\width=s32'00000000000000000000000000000101.$proc$Row_dir.v:20$319'.
  created $dff cell `$procdff$1607' with negative edge clock.
Creating register for signal `$paramod$5dc9ef4ecbf85cc0d8f5ad537e56604fb85a7a07\memory.$memwr$\MEM$memory_V2.v:38$304_ADDR' using process `$paramod$5dc9ef4ecbf85cc0d8f5ad537e56604fb85a7a07\memory.$proc$memory_V2.v:34$307'.
  created $dff cell `$procdff$1608' with negative edge clock.
Creating register for signal `$paramod$5dc9ef4ecbf85cc0d8f5ad537e56604fb85a7a07\memory.$memwr$\MEM$memory_V2.v:38$304_DATA' using process `$paramod$5dc9ef4ecbf85cc0d8f5ad537e56604fb85a7a07\memory.$proc$memory_V2.v:34$307'.
  created $dff cell `$procdff$1609' with negative edge clock.
Creating register for signal `$paramod$5dc9ef4ecbf85cc0d8f5ad537e56604fb85a7a07\memory.$memwr$\MEM$memory_V2.v:38$304_EN' using process `$paramod$5dc9ef4ecbf85cc0d8f5ad537e56604fb85a7a07\memory.$proc$memory_V2.v:34$307'.
  created $dff cell `$procdff$1610' with negative edge clock.
Creating register for signal `$paramod$5dc9ef4ecbf85cc0d8f5ad537e56604fb85a7a07\memory.\rdata' using process `$paramod$5dc9ef4ecbf85cc0d8f5ad537e56604fb85a7a07\memory.$proc$memory_V2.v:23$305'.
  created $dff cell `$procdff$1611' with negative edge clock.
Creating register for signal `$paramod$39fbea73daf20116f833d93f6bc63bf4303fb4b0\memory.$memwr$\MEM$memory_V2.v:38$289_ADDR' using process `$paramod$39fbea73daf20116f833d93f6bc63bf4303fb4b0\memory.$proc$memory_V2.v:34$292'.
  created $dff cell `$procdff$1612' with negative edge clock.
Creating register for signal `$paramod$39fbea73daf20116f833d93f6bc63bf4303fb4b0\memory.$memwr$\MEM$memory_V2.v:38$289_DATA' using process `$paramod$39fbea73daf20116f833d93f6bc63bf4303fb4b0\memory.$proc$memory_V2.v:34$292'.
  created $dff cell `$procdff$1613' with negative edge clock.
Creating register for signal `$paramod$39fbea73daf20116f833d93f6bc63bf4303fb4b0\memory.$memwr$\MEM$memory_V2.v:38$289_EN' using process `$paramod$39fbea73daf20116f833d93f6bc63bf4303fb4b0\memory.$proc$memory_V2.v:34$292'.
  created $dff cell `$procdff$1614' with negative edge clock.
Creating register for signal `$paramod$39fbea73daf20116f833d93f6bc63bf4303fb4b0\memory.\rdata' using process `$paramod$39fbea73daf20116f833d93f6bc63bf4303fb4b0\memory.$proc$memory_V2.v:23$290'.
  created $dff cell `$procdff$1615' with negative edge clock.

11.5.10. Executing PROC_MEMWR pass (convert process memory writes to cells).

11.5.11. Executing PROC_CLEAN pass (remove empty switches from decision trees).
Found and cleaned up 2 empty switches in `$paramod$68f21f8a986024ce7155bc265fb7ba37b9d93782\memory.$proc$memory_V2.v:34$277'.
Removing empty process `$paramod$68f21f8a986024ce7155bc265fb7ba37b9d93782\memory.$proc$memory_V2.v:34$277'.
Found and cleaned up 1 empty switch in `$paramod$68f21f8a986024ce7155bc265fb7ba37b9d93782\memory.$proc$memory_V2.v:23$275'.
Removing empty process `$paramod$68f21f8a986024ce7155bc265fb7ba37b9d93782\memory.$proc$memory_V2.v:23$275'.
Found and cleaned up 2 empty switches in `$paramod$d6c5d143a20efbe40259c7be6ca7eb9b901cba20\memory.$proc$memory_V2.v:34$262'.
Removing empty process `$paramod$d6c5d143a20efbe40259c7be6ca7eb9b901cba20\memory.$proc$memory_V2.v:34$262'.
Found and cleaned up 1 empty switch in `$paramod$d6c5d143a20efbe40259c7be6ca7eb9b901cba20\memory.$proc$memory_V2.v:23$260'.
Removing empty process `$paramod$d6c5d143a20efbe40259c7be6ca7eb9b901cba20\memory.$proc$memory_V2.v:23$260'.
Found and cleaned up 2 empty switches in `$paramod$7073a129ee78221794b6659bf6a1183d1b6ed1dc\memory.$proc$memory_V2.v:34$247'.
Removing empty process `$paramod$7073a129ee78221794b6659bf6a1183d1b6ed1dc\memory.$proc$memory_V2.v:34$247'.
Found and cleaned up 1 empty switch in `$paramod$7073a129ee78221794b6659bf6a1183d1b6ed1dc\memory.$proc$memory_V2.v:23$245'.
Removing empty process `$paramod$7073a129ee78221794b6659bf6a1183d1b6ed1dc\memory.$proc$memory_V2.v:23$245'.
Found and cleaned up 2 empty switches in `$paramod$354aad427c852e39b63afdc1ccc4cb8a16a743ac\memory.$proc$memory_V2.v:34$232'.
Removing empty process `$paramod$354aad427c852e39b63afdc1ccc4cb8a16a743ac\memory.$proc$memory_V2.v:34$232'.
Found and cleaned up 1 empty switch in `$paramod$354aad427c852e39b63afdc1ccc4cb8a16a743ac\memory.$proc$memory_V2.v:23$230'.
Removing empty process `$paramod$354aad427c852e39b63afdc1ccc4cb8a16a743ac\memory.$proc$memory_V2.v:23$230'.
Removing empty process `TRELLIS_FF.$proc$/home/leonardo/miniconda3/envs/digital/bin/../share/yosys/ecp5/cells_sim.v:0$225'.
Found and cleaned up 2 empty switches in `\TRELLIS_FF.$proc$/home/leonardo/miniconda3/envs/digital/bin/../share/yosys/ecp5/cells_sim.v:350$224'.
Removing empty process `TRELLIS_FF.$proc$/home/leonardo/miniconda3/envs/digital/bin/../share/yosys/ecp5/cells_sim.v:350$224'.
Removing empty process `DPR16X4C.$proc$/home/leonardo/miniconda3/envs/digital/bin/../share/yosys/ecp5/cells_sim.v:0$199'.
Found and cleaned up 1 empty switch in `\DPR16X4C.$proc$/home/leonardo/miniconda3/envs/digital/bin/../share/yosys/ecp5/cells_sim.v:285$176'.
Removing empty process `TRELLIS_DPR16X4.$proc$/home/leonardo/miniconda3/envs/digital/bin/../share/yosys/ecp5/cells_sim.v:0$142'.
Found and cleaned up 1 empty switch in `\TRELLIS_DPR16X4.$proc$/home/leonardo/miniconda3/envs/digital/bin/../share/yosys/ecp5/cells_sim.v:221$118'.
Removing empty process `TRELLIS_DPR16X4.$proc$/home/leonardo/miniconda3/envs/digital/bin/../share/yosys/ecp5/cells_sim.v:213$117'.
Found and cleaned up 2 empty switches in `$paramod\count\width=s32'00000000000000000000000000001011.$proc$count.v:11$402'.
Removing empty process `$paramod\count\width=s32'00000000000000000000000000001011.$proc$count.v:11$402'.
Found and cleaned up 3 empty switches in `$paramod\clk_div\slowing_factor=s32'00000000000000000000000000000101.$proc$clk_div.v:12$396'.
Removing empty process `$paramod\clk_div\slowing_factor=s32'00000000000000000000000000000101.$proc$clk_div.v:12$396'.
Found and cleaned up 1 empty switch in `\ctrl_lp128.$proc$ctrl_lp128.v:120$395'.
Removing empty process `ctrl_lp128.$proc$ctrl_lp128.v:120$395'.
Found and cleaned up 12 empty switches in `\ctrl_lp128.$proc$ctrl_lp128.v:39$387'.
Removing empty process `ctrl_lp128.$proc$ctrl_lp128.v:39$387'.
Removing empty process `latch_ctrl.$proc$latch_ctrl.v:99$384'.
Found and cleaned up 16 empty switches in `\latch_ctrl.$proc$latch_ctrl.v:29$368'.
Removing empty process `latch_ctrl.$proc$latch_ctrl.v:29$368'.
Found and cleaned up 11 empty switches in `$paramod\data_ctrl\number_of_bits=s32'00000000000001100000000000000000.$proc$data_ctrl.v:43$341'.
Removing empty process `$paramod\data_ctrl\number_of_bits=s32'00000000000001100000000000000000.$proc$data_ctrl.v:43$341'.
Found and cleaned up 6 empty switches in `\mem_dir.$proc$mem_dir.v:16$331'.
Removing empty process `mem_dir.$proc$mem_dir.v:16$331'.
Found and cleaned up 7 empty switches in `$paramod\Row_dir\width=s32'00000000000000000000000000000101.$proc$Row_dir.v:20$319'.
Removing empty process `$paramod\Row_dir\width=s32'00000000000000000000000000000101.$proc$Row_dir.v:20$319'.
Found and cleaned up 2 empty switches in `$paramod$5dc9ef4ecbf85cc0d8f5ad537e56604fb85a7a07\memory.$proc$memory_V2.v:34$307'.
Removing empty process `$paramod$5dc9ef4ecbf85cc0d8f5ad537e56604fb85a7a07\memory.$proc$memory_V2.v:34$307'.
Found and cleaned up 1 empty switch in `$paramod$5dc9ef4ecbf85cc0d8f5ad537e56604fb85a7a07\memory.$proc$memory_V2.v:23$305'.
Removing empty process `$paramod$5dc9ef4ecbf85cc0d8f5ad537e56604fb85a7a07\memory.$proc$memory_V2.v:23$305'.
Found and cleaned up 2 empty switches in `$paramod$39fbea73daf20116f833d93f6bc63bf4303fb4b0\memory.$proc$memory_V2.v:34$292'.
Removing empty process `$paramod$39fbea73daf20116f833d93f6bc63bf4303fb4b0\memory.$proc$memory_V2.v:34$292'.
Found and cleaned up 1 empty switch in `$paramod$39fbea73daf20116f833d93f6bc63bf4303fb4b0\memory.$proc$memory_V2.v:23$290'.
Removing empty process `$paramod$39fbea73daf20116f833d93f6bc63bf4303fb4b0\memory.$proc$memory_V2.v:23$290'.
Cleaned up 80 empty switches.

11.5.12. Executing OPT_EXPR pass (perform const folding).
Optimizing module $paramod$68f21f8a986024ce7155bc265fb7ba37b9d93782\memory.
Optimizing module $paramod$d6c5d143a20efbe40259c7be6ca7eb9b901cba20\memory.
Optimizing module $paramod$7073a129ee78221794b6659bf6a1183d1b6ed1dc\memory.
Optimizing module $paramod$354aad427c852e39b63afdc1ccc4cb8a16a743ac\memory.
Optimizing module led_panel_128.
Optimizing module $paramod\count\width=s32'00000000000000000000000000001011.
Optimizing module $paramod\clk_div\slowing_factor=s32'00000000000000000000000000000101.
Optimizing module ctrl_lp128.
Optimizing module latch_ctrl.
Optimizing module $paramod\data_ctrl\number_of_bits=s32'00000000000001100000000000000000.
Optimizing module mem_dir.
Optimizing module $paramod\Row_dir\width=s32'00000000000000000000000000000101.
Optimizing module $paramod$5dc9ef4ecbf85cc0d8f5ad537e56604fb85a7a07\memory.
Optimizing module $paramod$39fbea73daf20116f833d93f6bc63bf4303fb4b0\memory.

11.6. Executing FLATTEN pass (flatten design).
Deleting now unused module $paramod$68f21f8a986024ce7155bc265fb7ba37b9d93782\memory.
Deleting now unused module $paramod$d6c5d143a20efbe40259c7be6ca7eb9b901cba20\memory.
Deleting now unused module $paramod$7073a129ee78221794b6659bf6a1183d1b6ed1dc\memory.
Deleting now unused module $paramod$354aad427c852e39b63afdc1ccc4cb8a16a743ac\memory.
Deleting now unused module $paramod\count\width=s32'00000000000000000000000000001011.
Deleting now unused module $paramod\clk_div\slowing_factor=s32'00000000000000000000000000000101.
Deleting now unused module ctrl_lp128.
Deleting now unused module latch_ctrl.
Deleting now unused module $paramod\data_ctrl\number_of_bits=s32'00000000000001100000000000000000.
Deleting now unused module mem_dir.
Deleting now unused module $paramod\Row_dir\width=s32'00000000000000000000000000000101.
Deleting now unused module $paramod$5dc9ef4ecbf85cc0d8f5ad537e56604fb85a7a07\memory.
Deleting now unused module $paramod$39fbea73daf20116f833d93f6bc63bf4303fb4b0\memory.

11.7. Executing TRIBUF pass.

11.8. Executing DEMINOUT pass (demote inout ports to input or output).

11.9. Executing OPT_EXPR pass (perform const folding).
Optimizing module led_panel_128.

11.10. Executing OPT_CLEAN pass (remove unused cells and wires).
Finding unused cells or wires in module \led_panel_128..
Removed 26 unused cells and 535 unused wires.

11.11. Executing CHECK pass (checking for obvious problems).
Checking module led_panel_128...
Found and reported 0 problems.

11.12. Executing OPT pass (performing simple optimizations).

11.12.1. Executing OPT_EXPR pass (perform const folding).
Optimizing module led_panel_128.

11.12.2. Executing OPT_MERGE pass (detect identical cells).
Finding identical cells in module `\led_panel_128'.
Removed a total of 91 cells.

11.12.3. Executing OPT_MUXTREE pass (detect dead branches in mux trees).
Running muxtree optimizer on module \led_panel_128..
  Creating internal representation of mux trees.
  Evaluating internal representation of mux trees.
  Analyzing evaluation results.
    dead port 2/2 on $mux $flatten\data_ctrl0.$procmux$1011.
    dead port 2/2 on $mux $flatten\data_ctrl0.$procmux$1013.
    dead port 2/2 on $mux $flatten\data_ctrl0.$procmux$1015.
    dead port 1/2 on $mux $flatten\data_ctrl0.$procmux$1018.
    dead port 2/2 on $mux $flatten\data_ctrl0.$procmux$1027.
    dead port 2/2 on $mux $flatten\data_ctrl0.$procmux$1029.
    dead port 1/2 on $mux $flatten\data_ctrl0.$procmux$1032.
    dead port 2/2 on $mux $flatten\data_ctrl0.$procmux$1038.
    dead port 1/2 on $mux $flatten\data_ctrl0.$procmux$1041.
    dead port 1/2 on $mux $flatten\data_ctrl0.$procmux$1047.
    dead port 1/2 on $mux $flatten\clk_div0.$procmux$558.
    dead port 1/2 on $mux $flatten\clk_div0.$procmux$561.
    dead port 1/2 on $mux $flatten\clk_div0.$procmux$567.
    dead port 2/2 on $mux $flatten\ctrl_lp0.$procmux$607.
    dead port 1/2 on $mux $flatten\ctrl_lp0.$procmux$610.
    dead port 1/2 on $mux $flatten\ctrl_lp0.$procmux$640.
    dead port 2/2 on $mux $flatten\latch_ctrl0.$procmux$717.
    dead port 2/2 on $mux $flatten\latch_ctrl0.$procmux$719.
    dead port 1/2 on $mux $flatten\latch_ctrl0.$procmux$722.
    dead port 1/2 on $mux $flatten\latch_ctrl0.$procmux$725.
    dead port 1/2 on $mux $flatten\latch_ctrl0.$procmux$728.
    dead port 1/2 on $mux $flatten\latch_ctrl0.$procmux$731.
    dead port 2/2 on $mux $flatten\latch_ctrl0.$procmux$737.
    dead port 1/2 on $mux $flatten\latch_ctrl0.$procmux$740.
    dead port 1/2 on $mux $flatten\latch_ctrl0.$procmux$743.
    dead port 1/2 on $mux $flatten\latch_ctrl0.$procmux$746.
    dead port 1/2 on $mux $flatten\latch_ctrl0.$procmux$749.
    dead port 1/2 on $mux $flatten\latch_ctrl0.$procmux$770.
    dead port 1/2 on $mux $flatten\latch_ctrl0.$procmux$773.
    dead port 1/2 on $mux $flatten\latch_ctrl0.$procmux$776.
    dead port 1/2 on $mux $flatten\latch_ctrl0.$procmux$779.
    dead port 2/2 on $mux $flatten\latch_ctrl0.$procmux$786.
    dead port 2/2 on $mux $flatten\latch_ctrl0.$procmux$788.
    dead port 1/2 on $mux $flatten\latch_ctrl0.$procmux$791.
    dead port 1/2 on $mux $flatten\latch_ctrl0.$procmux$794.
    dead port 1/2 on $mux $flatten\latch_ctrl0.$procmux$797.
    dead port 2/2 on $mux $flatten\latch_ctrl0.$procmux$804.
    dead port 2/2 on $mux $flatten\latch_ctrl0.$procmux$806.
    dead port 1/2 on $mux $flatten\latch_ctrl0.$procmux$809.
    dead port 1/2 on $mux $flatten\latch_ctrl0.$procmux$812.
    dead port 1/2 on $mux $flatten\latch_ctrl0.$procmux$815.
    dead port 2/2 on $mux $flatten\latch_ctrl0.$procmux$821.
    dead port 1/2 on $mux $flatten\latch_ctrl0.$procmux$824.
    dead port 1/2 on $mux $flatten\latch_ctrl0.$procmux$827.
    dead port 1/2 on $mux $flatten\latch_ctrl0.$procmux$830.
    dead port 2/2 on $mux $flatten\latch_ctrl0.$procmux$836.
    dead port 1/2 on $mux $flatten\latch_ctrl0.$procmux$839.
    dead port 1/2 on $mux $flatten\latch_ctrl0.$procmux$842.
    dead port 1/2 on $mux $flatten\latch_ctrl0.$procmux$845.
    dead port 1/2 on $mux $flatten\latch_ctrl0.$procmux$851.
    dead port 1/2 on $mux $flatten\latch_ctrl0.$procmux$854.
    dead port 1/2 on $mux $flatten\latch_ctrl0.$procmux$857.
    dead port 1/2 on $mux $flatten\latch_ctrl0.$procmux$863.
    dead port 1/2 on $mux $flatten\latch_ctrl0.$procmux$866.
    dead port 1/2 on $mux $flatten\latch_ctrl0.$procmux$869.
    dead port 1/2 on $mux $flatten\latch_ctrl0.$procmux$881.
    dead port 1/2 on $mux $flatten\latch_ctrl0.$procmux$884.
    dead port 1/2 on $mux $flatten\latch_ctrl0.$procmux$887.
    dead port 1/2 on $mux $flatten\latch_ctrl0.$procmux$893.
    dead port 1/2 on $mux $flatten\latch_ctrl0.$procmux$896.
    dead port 1/2 on $mux $flatten\latch_ctrl0.$procmux$902.
    dead port 1/2 on $mux $flatten\latch_ctrl0.$procmux$905.
    dead port 1/2 on $mux $flatten\latch_ctrl0.$procmux$911.
    dead port 1/2 on $mux $flatten\latch_ctrl0.$procmux$914.
    dead port 1/2 on $mux $flatten\latch_ctrl0.$procmux$920.
    dead port 1/2 on $mux $flatten\latch_ctrl0.$procmux$926.
    dead port 1/2 on $mux $flatten\latch_ctrl0.$procmux$932.
    dead port 2/2 on $mux $flatten\memoryB0.$procmux$472.
    dead port 2/2 on $mux $flatten\memoryB0.$procmux$478.
    dead port 2/2 on $mux $flatten\memoryB0.$procmux$484.
    dead port 2/2 on $mux $flatten\memoryB1.$procmux$501.
    dead port 2/2 on $mux $flatten\memoryB1.$procmux$507.
    dead port 2/2 on $mux $flatten\memoryB1.$procmux$513.
    dead port 2/2 on $mux $flatten\memoryG0.$procmux$414.
    dead port 2/2 on $mux $flatten\memoryG0.$procmux$420.
    dead port 2/2 on $mux $flatten\memoryG0.$procmux$426.
    dead port 2/2 on $mux $flatten\memoryG1.$procmux$443.
    dead port 2/2 on $mux $flatten\memoryG1.$procmux$449.
    dead port 2/2 on $mux $flatten\memoryG1.$procmux$455.
    dead port 2/2 on $mux $flatten\memoryR0.$procmux$1494.
    dead port 2/2 on $mux $flatten\memoryR0.$procmux$1500.
    dead port 2/2 on $mux $flatten\memoryR0.$procmux$1506.
    dead port 2/2 on $mux $flatten\memoryR1.$procmux$1523.
    dead port 2/2 on $mux $flatten\memoryR1.$procmux$1529.
    dead port 2/2 on $mux $flatten\memoryR1.$procmux$1535.
Removed 85 multiplexer ports.

11.12.4. Executing OPT_REDUCE pass (consolidate $*mux and $reduce_* inputs).
  Optimizing cells in module \led_panel_128.
    New ctrl vector for $pmux cell $flatten\data_ctrl0.$procmux$1316: { $flatten\data_ctrl0.$procmux$1124_CMP $auto$opt_reduce.cc:134:opt_pmux$1623 }
    New ctrl vector for $pmux cell $flatten\data_ctrl0.$procmux$1332: { $flatten\data_ctrl0.$procmux$1124_CMP $auto$opt_reduce.cc:134:opt_pmux$1625 }
    New ctrl vector for $pmux cell $flatten\ctrl_lp0.$procmux$613: { $flatten\ctrl_lp0.$procmux$638_CMP $flatten\ctrl_lp0.$procmux$634_CMP $flatten\ctrl_lp0.$procmux$630_CMP $flatten\ctrl_lp0.$procmux$627_CMP $flatten\ctrl_lp0.$procmux$608_CMP $flatten\ctrl_lp0.$procmux$619_CMP $flatten\ctrl_lp0.$procmux$618_CMP $auto$opt_reduce.cc:134:opt_pmux$1627 }
    New ctrl vector for $pmux cell $flatten\data_ctrl0.$procmux$1347: { $flatten\data_ctrl0.$procmux$1124_CMP $auto$opt_reduce.cc:134:opt_pmux$1629 }
    New ctrl vector for $pmux cell $flatten\data_ctrl0.$procmux$1363: { $flatten\data_ctrl0.$procmux$1124_CMP $auto$opt_reduce.cc:134:opt_pmux$1631 }
    Consolidated identical input bits for $mux cell $flatten\memoryB0.$procmux$470:
      Old ports: A=16'1111111111111111, B=16'0000000000000000, Y=$flatten\memoryB0.$procmux$470_Y
      New ports: A=1'1, B=1'0, Y=$flatten\memoryB0.$procmux$470_Y [0]
      New connections: $flatten\memoryB0.$procmux$470_Y [15:1] = { $flatten\memoryB0.$procmux$470_Y [0] $flatten\memoryB0.$procmux$470_Y [0] $flatten\memoryB0.$procmux$470_Y [0] $flatten\memoryB0.$procmux$470_Y [0] $flatten\memoryB0.$procmux$470_Y [0] $flatten\memoryB0.$procmux$470_Y [0] $flatten\memoryB0.$procmux$470_Y [0] $flatten\memoryB0.$procmux$470_Y [0] $flatten\memoryB0.$procmux$470_Y [0] $flatten\memoryB0.$procmux$470_Y [0] $flatten\memoryB0.$procmux$470_Y [0] $flatten\memoryB0.$procmux$470_Y [0] $flatten\memoryB0.$procmux$470_Y [0] $flatten\memoryB0.$procmux$470_Y [0] $flatten\memoryB0.$procmux$470_Y [0] }
    Consolidated identical input bits for $mux cell $flatten\memoryB1.$procmux$499:
      Old ports: A=16'0000000000000000, B=16'1111111111111111, Y=$flatten\memoryB1.$procmux$499_Y
      New ports: A=1'0, B=1'1, Y=$flatten\memoryB1.$procmux$499_Y [0]
      New connections: $flatten\memoryB1.$procmux$499_Y [15:1] = { $flatten\memoryB1.$procmux$499_Y [0] $flatten\memoryB1.$procmux$499_Y [0] $flatten\memoryB1.$procmux$499_Y [0] $flatten\memoryB1.$procmux$499_Y [0] $flatten\memoryB1.$procmux$499_Y [0] $flatten\memoryB1.$procmux$499_Y [0] $flatten\memoryB1.$procmux$499_Y [0] $flatten\memoryB1.$procmux$499_Y [0] $flatten\memoryB1.$procmux$499_Y [0] $flatten\memoryB1.$procmux$499_Y [0] $flatten\memoryB1.$procmux$499_Y [0] $flatten\memoryB1.$procmux$499_Y [0] $flatten\memoryB1.$procmux$499_Y [0] $flatten\memoryB1.$procmux$499_Y [0] $flatten\memoryB1.$procmux$499_Y [0] }
    Consolidated identical input bits for $mux cell $flatten\memoryG0.$procmux$412:
      Old ports: A=16'1111111111111111, B=16'0000000000000000, Y=$flatten\memoryG0.$procmux$412_Y
      New ports: A=1'1, B=1'0, Y=$flatten\memoryG0.$procmux$412_Y [0]
      New connections: $flatten\memoryG0.$procmux$412_Y [15:1] = { $flatten\memoryG0.$procmux$412_Y [0] $flatten\memoryG0.$procmux$412_Y [0] $flatten\memoryG0.$procmux$412_Y [0] $flatten\memoryG0.$procmux$412_Y [0] $flatten\memoryG0.$procmux$412_Y [0] $flatten\memoryG0.$procmux$412_Y [0] $flatten\memoryG0.$procmux$412_Y [0] $flatten\memoryG0.$procmux$412_Y [0] $flatten\memoryG0.$procmux$412_Y [0] $flatten\memoryG0.$procmux$412_Y [0] $flatten\memoryG0.$procmux$412_Y [0] $flatten\memoryG0.$procmux$412_Y [0] $flatten\memoryG0.$procmux$412_Y [0] $flatten\memoryG0.$procmux$412_Y [0] $flatten\memoryG0.$procmux$412_Y [0] }
    Consolidated identical input bits for $mux cell $flatten\memoryG1.$procmux$441:
      Old ports: A=16'0000000000000000, B=16'1111111111111111, Y=$flatten\memoryG1.$procmux$441_Y
      New ports: A=1'0, B=1'1, Y=$flatten\memoryG1.$procmux$441_Y [0]
      New connections: $flatten\memoryG1.$procmux$441_Y [15:1] = { $flatten\memoryG1.$procmux$441_Y [0] $flatten\memoryG1.$procmux$441_Y [0] $flatten\memoryG1.$procmux$441_Y [0] $flatten\memoryG1.$procmux$441_Y [0] $flatten\memoryG1.$procmux$441_Y [0] $flatten\memoryG1.$procmux$441_Y [0] $flatten\memoryG1.$procmux$441_Y [0] $flatten\memoryG1.$procmux$441_Y [0] $flatten\memoryG1.$procmux$441_Y [0] $flatten\memoryG1.$procmux$441_Y [0] $flatten\memoryG1.$procmux$441_Y [0] $flatten\memoryG1.$procmux$441_Y [0] $flatten\memoryG1.$procmux$441_Y [0] $flatten\memoryG1.$procmux$441_Y [0] $flatten\memoryG1.$procmux$441_Y [0] }
    Consolidated identical input bits for $mux cell $flatten\memoryR0.$procmux$1492:
      Old ports: A=16'1111111111111111, B=16'0000000000000000, Y=$flatten\memoryR0.$procmux$1492_Y
      New ports: A=1'1, B=1'0, Y=$flatten\memoryR0.$procmux$1492_Y [0]
      New connections: $flatten\memoryR0.$procmux$1492_Y [15:1] = { $flatten\memoryR0.$procmux$1492_Y [0] $flatten\memoryR0.$procmux$1492_Y [0] $flatten\memoryR0.$procmux$1492_Y [0] $flatten\memoryR0.$procmux$1492_Y [0] $flatten\memoryR0.$procmux$1492_Y [0] $flatten\memoryR0.$procmux$1492_Y [0] $flatten\memoryR0.$procmux$1492_Y [0] $flatten\memoryR0.$procmux$1492_Y [0] $flatten\memoryR0.$procmux$1492_Y [0] $flatten\memoryR0.$procmux$1492_Y [0] $flatten\memoryR0.$procmux$1492_Y [0] $flatten\memoryR0.$procmux$1492_Y [0] $flatten\memoryR0.$procmux$1492_Y [0] $flatten\memoryR0.$procmux$1492_Y [0] $flatten\memoryR0.$procmux$1492_Y [0] }
    Consolidated identical input bits for $mux cell $flatten\memoryR1.$procmux$1521:
      Old ports: A=16'0000000000000000, B=16'1111111111111111, Y=$flatten\memoryR1.$procmux$1521_Y
      New ports: A=1'0, B=1'1, Y=$flatten\memoryR1.$procmux$1521_Y [0]
      New connections: $flatten\memoryR1.$procmux$1521_Y [15:1] = { $flatten\memoryR1.$procmux$1521_Y [0] $flatten\memoryR1.$procmux$1521_Y [0] $flatten\memoryR1.$procmux$1521_Y [0] $flatten\memoryR1.$procmux$1521_Y [0] $flatten\memoryR1.$procmux$1521_Y [0] $flatten\memoryR1.$procmux$1521_Y [0] $flatten\memoryR1.$procmux$1521_Y [0] $flatten\memoryR1.$procmux$1521_Y [0] $flatten\memoryR1.$procmux$1521_Y [0] $flatten\memoryR1.$procmux$1521_Y [0] $flatten\memoryR1.$procmux$1521_Y [0] $flatten\memoryR1.$procmux$1521_Y [0] $flatten\memoryR1.$procmux$1521_Y [0] $flatten\memoryR1.$procmux$1521_Y [0] $flatten\memoryR1.$procmux$1521_Y [0] }
  Optimizing cells in module \led_panel_128.
    Consolidated identical input bits for $mux cell $flatten\memoryB0.$procmux$487:
      Old ports: A=16'0000000000000000, B=$flatten\memoryB0.$2$memwr$\MEM$memory_V2.v:38$244_EN[15:0]$256, Y=$flatten\memoryB0.$0$memwr$\MEM$memory_V2.v:38$244_EN[15:0]$250
      New ports: A=1'0, B=$flatten\memoryB0.$procmux$470_Y [0], Y=$flatten\memoryB0.$0$memwr$\MEM$memory_V2.v:38$244_EN[15:0]$250 [0]
      New connections: $flatten\memoryB0.$0$memwr$\MEM$memory_V2.v:38$244_EN[15:0]$250 [15:1] = { $flatten\memoryB0.$0$memwr$\MEM$memory_V2.v:38$244_EN[15:0]$250 [0] $flatten\memoryB0.$0$memwr$\MEM$memory_V2.v:38$244_EN[15:0]$250 [0] $flatten\memoryB0.$0$memwr$\MEM$memory_V2.v:38$244_EN[15:0]$250 [0] $flatten\memoryB0.$0$memwr$\MEM$memory_V2.v:38$244_EN[15:0]$250 [0] $flatten\memoryB0.$0$memwr$\MEM$memory_V2.v:38$244_EN[15:0]$250 [0] $flatten\memoryB0.$0$memwr$\MEM$memory_V2.v:38$244_EN[15:0]$250 [0] $flatten\memoryB0.$0$memwr$\MEM$memory_V2.v:38$244_EN[15:0]$250 [0] $flatten\memoryB0.$0$memwr$\MEM$memory_V2.v:38$244_EN[15:0]$250 [0] $flatten\memoryB0.$0$memwr$\MEM$memory_V2.v:38$244_EN[15:0]$250 [0] $flatten\memoryB0.$0$memwr$\MEM$memory_V2.v:38$244_EN[15:0]$250 [0] $flatten\memoryB0.$0$memwr$\MEM$memory_V2.v:38$244_EN[15:0]$250 [0] $flatten\memoryB0.$0$memwr$\MEM$memory_V2.v:38$244_EN[15:0]$250 [0] $flatten\memoryB0.$0$memwr$\MEM$memory_V2.v:38$244_EN[15:0]$250 [0] $flatten\memoryB0.$0$memwr$\MEM$memory_V2.v:38$244_EN[15:0]$250 [0] $flatten\memoryB0.$0$memwr$\MEM$memory_V2.v:38$244_EN[15:0]$250 [0] }
    Consolidated identical input bits for $mux cell $flatten\memoryB1.$procmux$516:
      Old ports: A=16'0000000000000000, B=$flatten\memoryB1.$2$memwr$\MEM$memory_V2.v:38$229_EN[15:0]$241, Y=$flatten\memoryB1.$0$memwr$\MEM$memory_V2.v:38$229_EN[15:0]$235
      New ports: A=1'0, B=$flatten\memoryB1.$procmux$499_Y [0], Y=$flatten\memoryB1.$0$memwr$\MEM$memory_V2.v:38$229_EN[15:0]$235 [0]
      New connections: $flatten\memoryB1.$0$memwr$\MEM$memory_V2.v:38$229_EN[15:0]$235 [15:1] = { $flatten\memoryB1.$0$memwr$\MEM$memory_V2.v:38$229_EN[15:0]$235 [0] $flatten\memoryB1.$0$memwr$\MEM$memory_V2.v:38$229_EN[15:0]$235 [0] $flatten\memoryB1.$0$memwr$\MEM$memory_V2.v:38$229_EN[15:0]$235 [0] $flatten\memoryB1.$0$memwr$\MEM$memory_V2.v:38$229_EN[15:0]$235 [0] $flatten\memoryB1.$0$memwr$\MEM$memory_V2.v:38$229_EN[15:0]$235 [0] $flatten\memoryB1.$0$memwr$\MEM$memory_V2.v:38$229_EN[15:0]$235 [0] $flatten\memoryB1.$0$memwr$\MEM$memory_V2.v:38$229_EN[15:0]$235 [0] $flatten\memoryB1.$0$memwr$\MEM$memory_V2.v:38$229_EN[15:0]$235 [0] $flatten\memoryB1.$0$memwr$\MEM$memory_V2.v:38$229_EN[15:0]$235 [0] $flatten\memoryB1.$0$memwr$\MEM$memory_V2.v:38$229_EN[15:0]$235 [0] $flatten\memoryB1.$0$memwr$\MEM$memory_V2.v:38$229_EN[15:0]$235 [0] $flatten\memoryB1.$0$memwr$\MEM$memory_V2.v:38$229_EN[15:0]$235 [0] $flatten\memoryB1.$0$memwr$\MEM$memory_V2.v:38$229_EN[15:0]$235 [0] $flatten\memoryB1.$0$memwr$\MEM$memory_V2.v:38$229_EN[15:0]$235 [0] $flatten\memoryB1.$0$memwr$\MEM$memory_V2.v:38$229_EN[15:0]$235 [0] }
    Consolidated identical input bits for $mux cell $flatten\memoryG0.$procmux$429:
      Old ports: A=16'0000000000000000, B=$flatten\memoryG0.$2$memwr$\MEM$memory_V2.v:38$274_EN[15:0]$286, Y=$flatten\memoryG0.$0$memwr$\MEM$memory_V2.v:38$274_EN[15:0]$280
      New ports: A=1'0, B=$flatten\memoryG0.$procmux$412_Y [0], Y=$flatten\memoryG0.$0$memwr$\MEM$memory_V2.v:38$274_EN[15:0]$280 [0]
      New connections: $flatten\memoryG0.$0$memwr$\MEM$memory_V2.v:38$274_EN[15:0]$280 [15:1] = { $flatten\memoryG0.$0$memwr$\MEM$memory_V2.v:38$274_EN[15:0]$280 [0] $flatten\memoryG0.$0$memwr$\MEM$memory_V2.v:38$274_EN[15:0]$280 [0] $flatten\memoryG0.$0$memwr$\MEM$memory_V2.v:38$274_EN[15:0]$280 [0] $flatten\memoryG0.$0$memwr$\MEM$memory_V2.v:38$274_EN[15:0]$280 [0] $flatten\memoryG0.$0$memwr$\MEM$memory_V2.v:38$274_EN[15:0]$280 [0] $flatten\memoryG0.$0$memwr$\MEM$memory_V2.v:38$274_EN[15:0]$280 [0] $flatten\memoryG0.$0$memwr$\MEM$memory_V2.v:38$274_EN[15:0]$280 [0] $flatten\memoryG0.$0$memwr$\MEM$memory_V2.v:38$274_EN[15:0]$280 [0] $flatten\memoryG0.$0$memwr$\MEM$memory_V2.v:38$274_EN[15:0]$280 [0] $flatten\memoryG0.$0$memwr$\MEM$memory_V2.v:38$274_EN[15:0]$280 [0] $flatten\memoryG0.$0$memwr$\MEM$memory_V2.v:38$274_EN[15:0]$280 [0] $flatten\memoryG0.$0$memwr$\MEM$memory_V2.v:38$274_EN[15:0]$280 [0] $flatten\memoryG0.$0$memwr$\MEM$memory_V2.v:38$274_EN[15:0]$280 [0] $flatten\memoryG0.$0$memwr$\MEM$memory_V2.v:38$274_EN[15:0]$280 [0] $flatten\memoryG0.$0$memwr$\MEM$memory_V2.v:38$274_EN[15:0]$280 [0] }
    Consolidated identical input bits for $mux cell $flatten\memoryG1.$procmux$458:
      Old ports: A=16'0000000000000000, B=$flatten\memoryG1.$2$memwr$\MEM$memory_V2.v:38$259_EN[15:0]$271, Y=$flatten\memoryG1.$0$memwr$\MEM$memory_V2.v:38$259_EN[15:0]$265
      New ports: A=1'0, B=$flatten\memoryG1.$procmux$441_Y [0], Y=$flatten\memoryG1.$0$memwr$\MEM$memory_V2.v:38$259_EN[15:0]$265 [0]
      New connections: $flatten\memoryG1.$0$memwr$\MEM$memory_V2.v:38$259_EN[15:0]$265 [15:1] = { $flatten\memoryG1.$0$memwr$\MEM$memory_V2.v:38$259_EN[15:0]$265 [0] $flatten\memoryG1.$0$memwr$\MEM$memory_V2.v:38$259_EN[15:0]$265 [0] $flatten\memoryG1.$0$memwr$\MEM$memory_V2.v:38$259_EN[15:0]$265 [0] $flatten\memoryG1.$0$memwr$\MEM$memory_V2.v:38$259_EN[15:0]$265 [0] $flatten\memoryG1.$0$memwr$\MEM$memory_V2.v:38$259_EN[15:0]$265 [0] $flatten\memoryG1.$0$memwr$\MEM$memory_V2.v:38$259_EN[15:0]$265 [0] $flatten\memoryG1.$0$memwr$\MEM$memory_V2.v:38$259_EN[15:0]$265 [0] $flatten\memoryG1.$0$memwr$\MEM$memory_V2.v:38$259_EN[15:0]$265 [0] $flatten\memoryG1.$0$memwr$\MEM$memory_V2.v:38$259_EN[15:0]$265 [0] $flatten\memoryG1.$0$memwr$\MEM$memory_V2.v:38$259_EN[15:0]$265 [0] $flatten\memoryG1.$0$memwr$\MEM$memory_V2.v:38$259_EN[15:0]$265 [0] $flatten\memoryG1.$0$memwr$\MEM$memory_V2.v:38$259_EN[15:0]$265 [0] $flatten\memoryG1.$0$memwr$\MEM$memory_V2.v:38$259_EN[15:0]$265 [0] $flatten\memoryG1.$0$memwr$\MEM$memory_V2.v:38$259_EN[15:0]$265 [0] $flatten\memoryG1.$0$memwr$\MEM$memory_V2.v:38$259_EN[15:0]$265 [0] }
    Consolidated identical input bits for $mux cell $flatten\memoryR0.$procmux$1509:
      Old ports: A=16'0000000000000000, B=$flatten\memoryR0.$2$memwr$\MEM$memory_V2.v:38$304_EN[15:0]$316, Y=$flatten\memoryR0.$0$memwr$\MEM$memory_V2.v:38$304_EN[15:0]$310
      New ports: A=1'0, B=$flatten\memoryR0.$procmux$1492_Y [0], Y=$flatten\memoryR0.$0$memwr$\MEM$memory_V2.v:38$304_EN[15:0]$310 [0]
      New connections: $flatten\memoryR0.$0$memwr$\MEM$memory_V2.v:38$304_EN[15:0]$310 [15:1] = { $flatten\memoryR0.$0$memwr$\MEM$memory_V2.v:38$304_EN[15:0]$310 [0] $flatten\memoryR0.$0$memwr$\MEM$memory_V2.v:38$304_EN[15:0]$310 [0] $flatten\memoryR0.$0$memwr$\MEM$memory_V2.v:38$304_EN[15:0]$310 [0] $flatten\memoryR0.$0$memwr$\MEM$memory_V2.v:38$304_EN[15:0]$310 [0] $flatten\memoryR0.$0$memwr$\MEM$memory_V2.v:38$304_EN[15:0]$310 [0] $flatten\memoryR0.$0$memwr$\MEM$memory_V2.v:38$304_EN[15:0]$310 [0] $flatten\memoryR0.$0$memwr$\MEM$memory_V2.v:38$304_EN[15:0]$310 [0] $flatten\memoryR0.$0$memwr$\MEM$memory_V2.v:38$304_EN[15:0]$310 [0] $flatten\memoryR0.$0$memwr$\MEM$memory_V2.v:38$304_EN[15:0]$310 [0] $flatten\memoryR0.$0$memwr$\MEM$memory_V2.v:38$304_EN[15:0]$310 [0] $flatten\memoryR0.$0$memwr$\MEM$memory_V2.v:38$304_EN[15:0]$310 [0] $flatten\memoryR0.$0$memwr$\MEM$memory_V2.v:38$304_EN[15:0]$310 [0] $flatten\memoryR0.$0$memwr$\MEM$memory_V2.v:38$304_EN[15:0]$310 [0] $flatten\memoryR0.$0$memwr$\MEM$memory_V2.v:38$304_EN[15:0]$310 [0] $flatten\memoryR0.$0$memwr$\MEM$memory_V2.v:38$304_EN[15:0]$310 [0] }
    Consolidated identical input bits for $mux cell $flatten\memoryR1.$procmux$1538:
      Old ports: A=16'0000000000000000, B=$flatten\memoryR1.$2$memwr$\MEM$memory_V2.v:38$289_EN[15:0]$301, Y=$flatten\memoryR1.$0$memwr$\MEM$memory_V2.v:38$289_EN[15:0]$295
      New ports: A=1'0, B=$flatten\memoryR1.$procmux$1521_Y [0], Y=$flatten\memoryR1.$0$memwr$\MEM$memory_V2.v:38$289_EN[15:0]$295 [0]
      New connections: $flatten\memoryR1.$0$memwr$\MEM$memory_V2.v:38$289_EN[15:0]$295 [15:1] = { $flatten\memoryR1.$0$memwr$\MEM$memory_V2.v:38$289_EN[15:0]$295 [0] $flatten\memoryR1.$0$memwr$\MEM$memory_V2.v:38$289_EN[15:0]$295 [0] $flatten\memoryR1.$0$memwr$\MEM$memory_V2.v:38$289_EN[15:0]$295 [0] $flatten\memoryR1.$0$memwr$\MEM$memory_V2.v:38$289_EN[15:0]$295 [0] $flatten\memoryR1.$0$memwr$\MEM$memory_V2.v:38$289_EN[15:0]$295 [0] $flatten\memoryR1.$0$memwr$\MEM$memory_V2.v:38$289_EN[15:0]$295 [0] $flatten\memoryR1.$0$memwr$\MEM$memory_V2.v:38$289_EN[15:0]$295 [0] $flatten\memoryR1.$0$memwr$\MEM$memory_V2.v:38$289_EN[15:0]$295 [0] $flatten\memoryR1.$0$memwr$\MEM$memory_V2.v:38$289_EN[15:0]$295 [0] $flatten\memoryR1.$0$memwr$\MEM$memory_V2.v:38$289_EN[15:0]$295 [0] $flatten\memoryR1.$0$memwr$\MEM$memory_V2.v:38$289_EN[15:0]$295 [0] $flatten\memoryR1.$0$memwr$\MEM$memory_V2.v:38$289_EN[15:0]$295 [0] $flatten\memoryR1.$0$memwr$\MEM$memory_V2.v:38$289_EN[15:0]$295 [0] $flatten\memoryR1.$0$memwr$\MEM$memory_V2.v:38$289_EN[15:0]$295 [0] $flatten\memoryR1.$0$memwr$\MEM$memory_V2.v:38$289_EN[15:0]$295 [0] }
  Optimizing cells in module \led_panel_128.
Performed a total of 19 changes.

11.12.5. Executing OPT_MERGE pass (detect identical cells).
Finding identical cells in module `\led_panel_128'.
Removed a total of 27 cells.

11.12.6. Executing OPT_DFF pass (perform DFF optimizations).

11.12.7. Executing OPT_CLEAN pass (remove unused cells and wires).
Finding unused cells or wires in module \led_panel_128..
Removed 0 unused cells and 205 unused wires.

11.12.8. Executing OPT_EXPR pass (perform const folding).
Optimizing module led_panel_128.

11.12.9. Rerunning OPT passes. (Maybe there is more to do..)

11.12.10. Executing OPT_MUXTREE pass (detect dead branches in mux trees).
Running muxtree optimizer on module \led_panel_128..
  Creating internal representation of mux trees.
  Evaluating internal representation of mux trees.
  Analyzing evaluation results.
Removed 0 multiplexer ports.

11.12.11. Executing OPT_REDUCE pass (consolidate $*mux and $reduce_* inputs).
  Optimizing cells in module \led_panel_128.
Performed a total of 0 changes.

11.12.12. Executing OPT_MERGE pass (detect identical cells).
Finding identical cells in module `\led_panel_128'.
Removed a total of 0 cells.

11.12.13. Executing OPT_DFF pass (perform DFF optimizations).

11.12.14. Executing OPT_CLEAN pass (remove unused cells and wires).
Finding unused cells or wires in module \led_panel_128..

11.12.15. Executing OPT_EXPR pass (perform const folding).
Optimizing module led_panel_128.

11.12.16. Finished OPT passes. (There is nothing left to do.)

11.13. Executing FSM pass (extract and optimize FSM).

11.13.1. Executing FSM_DETECT pass (finding FSMs in design).
Not marking led_panel_128.ctrl_lp0.sync_state as FSM state register:
    Users of register don't seem to benefit from recoding.
Found FSM state register led_panel_128.data_ctrl0.sub_state.

11.13.2. Executing FSM_EXTRACT pass (extracting FSM from design).
Extracting FSM `\data_ctrl0.sub_state' from module `\led_panel_128'.
  found $dff cell for state register: $flatten\data_ctrl0.$procdff$1597
  root of input selection tree: $flatten\data_ctrl0.$0\sub_state[1:0]
  found reset state: 2'01 (guessed from mux tree)
  found ctrl input: \ctrl_lp0.ld_cnfg
  found ctrl input: $flatten\data_ctrl0.$logic_and$data_ctrl.v:136$346_Y
  found ctrl input: $flatten\data_ctrl0.$logic_and$data_ctrl.v:232$357_Y
  found ctrl input: \ctrl_lp0.dt_ld
  found ctrl input: $flatten\data_ctrl0.$logic_or$data_ctrl.v:44$342_Y
  found state code: 2'10
  found state code: 2'01
  found state code: 2'00
  found ctrl input: $flatten\data_ctrl0.$ge$data_ctrl.v:137$347_Y
  found ctrl input: $flatten\data_ctrl0.$ge$data_ctrl.v:138$348_Y
  found ctrl input: $flatten\data_ctrl0.$lt$data_ctrl.v:139$349_Y
  found ctrl output: $flatten\data_ctrl0.$eq$data_ctrl.v:232$354_Y
  found ctrl output: $flatten\data_ctrl0.$eq$data_ctrl.v:136$343_Y
  ctrl inputs: { $flatten\data_ctrl0.$logic_or$data_ctrl.v:44$342_Y $flatten\data_ctrl0.$logic_and$data_ctrl.v:136$346_Y $flatten\data_ctrl0.$ge$data_ctrl.v:137$347_Y $flatten\data_ctrl0.$ge$data_ctrl.v:138$348_Y $flatten\data_ctrl0.$lt$data_ctrl.v:139$349_Y $flatten\data_ctrl0.$logic_and$data_ctrl.v:232$357_Y \ctrl_lp0.ld_cnfg \ctrl_lp0.dt_ld }
  ctrl outputs: { $flatten\data_ctrl0.$0\sub_state[1:0] $flatten\data_ctrl0.$eq$data_ctrl.v:136$343_Y $flatten\data_ctrl0.$eq$data_ctrl.v:232$354_Y }
  transition:       2'00 8'00---000 ->       2'00 4'0010
  transition:       2'00 8'10---000 ->       2'10 4'1010
  transition:       2'00 8'-0---001 ->       2'01 4'0110
  transition:       2'00 8'-0---10- ->       2'00 4'0010
  transition:       2'00 8'-10---0- ->       2'01 4'0110
  transition:       2'00 8'-110--0- ->       2'01 4'0110
  transition:       2'00 8'-1110-0- ->       2'10 4'1010
  transition:       2'00 8'01111-00 ->       2'00 4'0010
  transition:       2'00 8'11111-00 ->       2'10 4'1010
  transition:       2'00 8'-1111-01 ->       2'01 4'0110
  transition:       2'00 8'------1- ->       2'01 4'0110
  transition:       2'10 8'00---000 ->       2'10 4'1000
  transition:       2'10 8'10---000 ->       2'10 4'1000
  transition:       2'10 8'-0---001 ->       2'01 4'0100
  transition:       2'10 8'-0---10- ->       2'00 4'0000
  transition:       2'10 8'-10---0- ->       2'01 4'0100
  transition:       2'10 8'-110--0- ->       2'01 4'0100
  transition:       2'10 8'-1110-0- ->       2'10 4'1000
  transition:       2'10 8'01111-00 ->       2'10 4'1000
  transition:       2'10 8'11111-00 ->       2'10 4'1000
  transition:       2'10 8'-1111-01 ->       2'01 4'0100
  transition:       2'10 8'------1- ->       2'01 4'0100
  transition:       2'01 8'00---000 ->       2'01 4'0101
  transition:       2'01 8'10---000 ->       2'10 4'1001
  transition:       2'01 8'-0---001 ->       2'01 4'0101
  transition:       2'01 8'-0---10- ->       2'00 4'0001
  transition:       2'01 8'-10---0- ->       2'01 4'0101
  transition:       2'01 8'-110--0- ->       2'01 4'0101
  transition:       2'01 8'-1110-0- ->       2'10 4'1001
  transition:       2'01 8'01111-00 ->       2'01 4'0101
  transition:       2'01 8'11111-00 ->       2'10 4'1001
  transition:       2'01 8'-1111-01 ->       2'01 4'0101
  transition:       2'01 8'------1- ->       2'01 4'0101

11.13.3. Executing FSM_OPT pass (simple optimizations of FSMs).
Optimizing FSM `$fsm$\data_ctrl0.sub_state$1632' from module `\led_panel_128'.
  Merging pattern 8'00---000 and 8'10---000 from group (1 1 4'1000).
  Merging pattern 8'10---000 and 8'00---000 from group (1 1 4'1000).
  Merging pattern 8'01111-00 and 8'11111-00 from group (1 1 4'1000).
  Merging pattern 8'11111-00 and 8'01111-00 from group (1 1 4'1000).

11.13.4. Executing OPT_CLEAN pass (remove unused cells and wires).
Finding unused cells or wires in module \led_panel_128..
Removed 11 unused cells and 11 unused wires.

11.13.5. Executing FSM_OPT pass (simple optimizations of FSMs).
Optimizing FSM `$fsm$\data_ctrl0.sub_state$1632' from module `\led_panel_128'.
  Removing unused output signal $flatten\data_ctrl0.$0\sub_state[1:0] [0].
  Removing unused output signal $flatten\data_ctrl0.$0\sub_state[1:0] [1].

11.13.6. Executing FSM_RECODE pass (re-assigning FSM state encoding).
Recoding FSM `$fsm$\data_ctrl0.sub_state$1632' from module `\led_panel_128' using `auto' encoding:
  mapping auto encoding to `one-hot` for this FSM.
  00 -> -1-
  10 -> 1--
  01 -> --1

11.13.7. Executing FSM_INFO pass (dumping all available information on FSM cells).

FSM `$fsm$\data_ctrl0.sub_state$1632' from module `led_panel_128':
-------------------------------------

  Information on FSM $fsm$\data_ctrl0.sub_state$1632 (\data_ctrl0.sub_state):

  Number of input signals:    8
  Number of output signals:   2
  Number of state bits:       3

  Input signals:
    0: \ctrl_lp0.dt_ld
    1: \ctrl_lp0.ld_cnfg
    2: $flatten\data_ctrl0.$logic_and$data_ctrl.v:232$357_Y
    3: $flatten\data_ctrl0.$lt$data_ctrl.v:139$349_Y
    4: $flatten\data_ctrl0.$ge$data_ctrl.v:138$348_Y
    5: $flatten\data_ctrl0.$ge$data_ctrl.v:137$347_Y
    6: $flatten\data_ctrl0.$logic_and$data_ctrl.v:136$346_Y
    7: $flatten\data_ctrl0.$logic_or$data_ctrl.v:44$342_Y

  Output signals:
    0: $flatten\data_ctrl0.$eq$data_ctrl.v:232$354_Y
    1: $flatten\data_ctrl0.$eq$data_ctrl.v:136$343_Y

  State encoding:
    0:      3'-1-
    1:      3'1--
    2:      3'--1  <RESET STATE>

  Transition Table (state_in, ctrl_in, state_out, ctrl_out):
      0:     0 8'00---000   ->     0 2'10
      1:     0 8'01111-00   ->     0 2'10
      2:     0 8'-0---10-   ->     0 2'10
      3:     0 8'10---000   ->     1 2'10
      4:     0 8'11111-00   ->     1 2'10
      5:     0 8'-1110-0-   ->     1 2'10
      6:     0 8'-0---001   ->     2 2'10
      7:     0 8'-1111-01   ->     2 2'10
      8:     0 8'-110--0-   ->     2 2'10
      9:     0 8'-10---0-   ->     2 2'10
     10:     0 8'------1-   ->     2 2'10
     11:     1 8'-0---10-   ->     0 2'00
     12:     1 8'-0---000   ->     1 2'00
     13:     1 8'-1111-00   ->     1 2'00
     14:     1 8'-1110-0-   ->     1 2'00
     15:     1 8'-0---001   ->     2 2'00
     16:     1 8'-1111-01   ->     2 2'00
     17:     1 8'-110--0-   ->     2 2'00
     18:     1 8'-10---0-   ->     2 2'00
     19:     1 8'------1-   ->     2 2'00
     20:     2 8'-0---10-   ->     0 2'01
     21:     2 8'10---000   ->     1 2'01
     22:     2 8'11111-00   ->     1 2'01
     23:     2 8'-1110-0-   ->     1 2'01
     24:     2 8'00---000   ->     2 2'01
     25:     2 8'01111-00   ->     2 2'01
     26:     2 8'-0---001   ->     2 2'01
     27:     2 8'-1111-01   ->     2 2'01
     28:     2 8'-110--0-   ->     2 2'01
     29:     2 8'-10---0-   ->     2 2'01
     30:     2 8'------1-   ->     2 2'01

-------------------------------------

11.13.8. Executing FSM_MAP pass (mapping FSMs to basic logic).
Mapping FSM `$fsm$\data_ctrl0.sub_state$1632' from module `\led_panel_128'.

11.14. Executing OPT pass (performing simple optimizations).

11.14.1. Executing OPT_EXPR pass (perform const folding).
Optimizing module led_panel_128.

11.14.2. Executing OPT_MERGE pass (detect identical cells).
Finding identical cells in module `\led_panel_128'.
Removed a total of 2 cells.

11.14.3. Executing OPT_MUXTREE pass (detect dead branches in mux trees).
Running muxtree optimizer on module \led_panel_128..
  Creating internal representation of mux trees.
  Evaluating internal representation of mux trees.
  Analyzing evaluation results.
Removed 0 multiplexer ports.

11.14.4. Executing OPT_REDUCE pass (consolidate $*mux and $reduce_* inputs).
  Optimizing cells in module \led_panel_128.
Performed a total of 0 changes.

11.14.5. Executing OPT_MERGE pass (detect identical cells).
Finding identical cells in module `\led_panel_128'.
Removed a total of 0 cells.

11.14.6. Executing OPT_DFF pass (perform DFF optimizations).
Adding SRST signal on $flatten\mem_dir0.\instance_name.$procdff$1571 ($dff) from module led_panel_128 (D = $flatten\mem_dir0.\instance_name.$procmux$549_Y, Q = \mem_dir0.instance_name.outc, rval = 12'000000000000).
Adding EN signal on $auto$ff.cc:266:slice$1685 ($sdff) from module led_panel_128 (D = $flatten\mem_dir0.\instance_name.$add$count.v:15$403_Y [11:0], Q = \mem_dir0.instance_name.outc).
Adding SRST signal on $flatten\mem_dir0.$procdff$1602 ($dff) from module led_panel_128 (D = $flatten\mem_dir0.$procmux$1381_Y, Q = \mem_dir0.stream_send, rval = 1'0).
Adding EN signal on $auto$ff.cc:266:slice$1687 ($sdff) from module led_panel_128 (D = $flatten\mem_dir0.$procmux$1381_Y, Q = \mem_dir0.stream_send).
Adding SRST signal on $flatten\mem_dir0.$procdff$1601 ($dff) from module led_panel_128 (D = $flatten\mem_dir0.$procmux$1372_Y, Q = \mem_dir0.cnt_rst, rval = 1'1).
Adding SRST signal on $flatten\mem_dir0.$procdff$1600 ($dff) from module led_panel_128 (D = $flatten\mem_dir0.$procmux$1399_Y, Q = \mem_dir0.inc, rval = 1'0).
Adding EN signal on $auto$ff.cc:266:slice$1694 ($sdff) from module led_panel_128 (D = $flatten\mem_dir0.$procmux$1393_Y, Q = \mem_dir0.inc).
Adding SRST signal on $flatten\mem_dir0.$procdff$1599 ($dff) from module led_panel_128 (D = $flatten\mem_dir0.$procmux$1414_Y, Q = \mem_dir0.cnt, rval = 6'000000).
Adding EN signal on $auto$ff.cc:266:slice$1706 ($sdff) from module led_panel_128 (D = $flatten\mem_dir0.$procmux$1409_Y, Q = \mem_dir0.cnt).
Adding EN signal on $flatten\latch_ctrl0.$procdff$1586 ($adff) from module led_panel_128 (D = $flatten\latch_ctrl0.$0\cnt_wh_latch[7:0], Q = \latch_ctrl0.cnt_wh_latch).
Adding EN signal on $flatten\latch_ctrl0.$procdff$1585 ($adff) from module led_panel_128 (D = $flatten\latch_ctrl0.$0\bit_cnt[7:0], Q = \latch_ctrl0.bit_cnt).
Adding EN signal on $flatten\latch_ctrl0.$procdff$1584 ($adff) from module led_panel_128 (D = $flatten\latch_ctrl0.$add$latch_ctrl.v:59$375_Y [3:0], Q = \latch_ctrl0.config_num).
Adding EN signal on $flatten\latch_ctrl0.$procdff$1583 ($adff) from module led_panel_128 (D = $flatten\latch_ctrl0.$0\latch_done[0:0], Q = \latch_ctrl0.latch_done).
Adding EN signal on $flatten\latch_ctrl0.$procdff$1582 ($dff) from module led_panel_128 (D = $flatten\latch_ctrl0.$3\config_sended[0:0], Q = \latch_ctrl0.config_sended).
Adding SRST signal on $auto$ff.cc:266:slice$1756 ($dffe) from module led_panel_128 (D = $flatten\latch_ctrl0.$4\config_sended[0:0], Q = \latch_ctrl0.config_sended, rval = 1'0).
Adding SRST signal on $flatten\data_ctrl0.$procdff$1598 ($dff) from module led_panel_128 (D = $flatten\data_ctrl0.$procmux$1064_Y, Q = \data_ctrl0.config_rep, rval = 4'0000).
Adding SRST signal on $flatten\data_ctrl0.$procdff$1595 ($dff) from module led_panel_128 (D = $flatten\data_ctrl0.$2\bit_cnt[5:0], Q = \data_ctrl0.bit_cnt, rval = 6'000001).
Adding EN signal on $auto$ff.cc:266:slice$1773 ($sdff) from module led_panel_128 (D = $flatten\data_ctrl0.$3\bit_cnt[5:0], Q = \data_ctrl0.bit_cnt).
Adding SRST signal on $flatten\ctrl_lp0.$procdff$1579 ($dff) from module led_panel_128 (D = $flatten\ctrl_lp0.$procmux$661_Y, Q = \ctrl_lp0.first_pract, rval = 1'0).
Adding EN signal on $auto$ff.cc:266:slice$1779 ($sdff) from module led_panel_128 (D = 1'1, Q = \ctrl_lp0.first_pract).
Adding SRST signal on $flatten\ctrl_lp0.$procdff$1578 ($dff) from module led_panel_128 (D = $flatten\ctrl_lp0.$procmux$667_Y, Q = \ctrl_lp0.ready_vsync, rval = 1'1).
Adding EN signal on $auto$ff.cc:266:slice$1787 ($sdff) from module led_panel_128 (D = $flatten\ctrl_lp0.$procmux$667_Y, Q = \ctrl_lp0.ready_vsync).
Adding SRST signal on $flatten\ctrl_lp0.$procdff$1577 ($dff) from module led_panel_128 (D = $flatten\ctrl_lp0.$procmux$686_Y, Q = \ctrl_lp0.en_op_sended, rval = 1'0).
Adding EN signal on $auto$ff.cc:266:slice$1795 ($sdff) from module led_panel_128 (D = 1'1, Q = \ctrl_lp0.en_op_sended).
Adding SRST signal on $flatten\ctrl_lp0.$procdff$1576 ($dff) from module led_panel_128 (D = $flatten\ctrl_lp0.$procmux$707_Y, Q = \ctrl_lp0.sync_state, rval = 4'0010).
Adding EN signal on $auto$ff.cc:266:slice$1797 ($sdff) from module led_panel_128 (D = 4'0100, Q = \ctrl_lp0.sync_state).
Adding SRST signal on $flatten\ctrl_lp0.$procdff$1575 ($dff) from module led_panel_128 (D = $flatten\ctrl_lp0.$2\state[3:0], Q = \ctrl_lp0.state, rval = 4'1001).
Adding SRST signal on $flatten\clk_div0.$procdff$1574 ($dff) from module led_panel_128 (D = $flatten\clk_div0.$add$clk_div.v:24$400_Y [15:0], Q = \clk_div0.clk_cnt, rval = 16'0000000000000000).
Adding SRST signal on $flatten\clk_div0.$procdff$1573 ($dff) from module led_panel_128 (D = $flatten\clk_div0.$3\flag_for_edge[0:0], Q = \clk_div0.flag_for_edge, rval = 1'0).
Adding SRST signal on $flatten\clk_div0.$procdff$1572 ($dff) from module led_panel_128 (D = $flatten\clk_div0.$procmux$582_Y, Q = \clk_div0.Led_clk, rval = 1'0).
Adding EN signal on $auto$ff.cc:266:slice$1806 ($sdff) from module led_panel_128 (D = $flatten\clk_div0.$not$clk_div.v:19$398_Y, Q = \clk_div0.Led_clk).
Adding SRST signal on $flatten\Row_dir0.$procdff$1607 ($dff) from module led_panel_128 (D = $flatten\Row_dir0.$procmux$1426_Y, Q = \Row_dir0.start_flag, rval = 1'0).
Adding EN signal on $auto$ff.cc:266:slice$1808 ($sdff) from module led_panel_128 (D = 1'1, Q = \Row_dir0.start_flag).
Adding SRST signal on $flatten\Row_dir0.$procdff$1606 ($dff) from module led_panel_128 (D = $flatten\Row_dir0.$procmux$1438_Y, Q = \Row_dir0.vsy_flag, rval = 1'0).
Adding EN signal on $auto$ff.cc:266:slice$1812 ($sdff) from module led_panel_128 (D = $flatten\Row_dir0.$procmux$1438_Y, Q = \Row_dir0.vsy_flag).
Adding SRST signal on $flatten\Row_dir0.$procdff$1605 ($dff) from module led_panel_128 (D = $flatten\Row_dir0.$procmux$1449_Y, Q = \Row_dir0.OE_cnt, rval = 7'0000000).
Adding EN signal on $auto$ff.cc:266:slice$1816 ($sdff) from module led_panel_128 (D = $flatten\Row_dir0.$add$Row_dir.v:48$328_Y [6:0], Q = \Row_dir0.OE_cnt).
Adding SRST signal on $flatten\Row_dir0.$procdff$1604 ($dff) from module led_panel_128 (D = $flatten\Row_dir0.$procmux$1468_Y, Q = \Row_dir0.outc, rval = 5'00000).
Adding EN signal on $auto$ff.cc:266:slice$1824 ($sdff) from module led_panel_128 (D = $flatten\Row_dir0.$add$Row_dir.v:43$325_Y [4:0], Q = \Row_dir0.outc).
Adding SRST signal on $flatten\Row_dir0.$procdff$1603 ($dff) from module led_panel_128 (D = $flatten\Row_dir0.$procmux$1485_Y, Q = \Row_dir0.OE, rval = 1'0).
Adding EN signal on $auto$ff.cc:266:slice$1832 ($sdff) from module led_panel_128 (D = $flatten\Row_dir0.$procmux$1477_Y, Q = \Row_dir0.OE).
Setting constant 0-bit at position 0 on $auto$ff.cc:266:slice$1798 ($sdffe) from module led_panel_128.
Setting constant 0-bit at position 3 on $auto$ff.cc:266:slice$1798 ($sdffe) from module led_panel_128.

11.14.7. Executing OPT_CLEAN pass (remove unused cells and wires).
Finding unused cells or wires in module \led_panel_128..
Removed 63 unused cells and 71 unused wires.

11.14.8. Executing OPT_EXPR pass (perform const folding).
Optimizing module led_panel_128.

11.14.9. Rerunning OPT passes. (Maybe there is more to do..)

11.14.10. Executing OPT_MUXTREE pass (detect dead branches in mux trees).
Running muxtree optimizer on module \led_panel_128..
  Creating internal representation of mux trees.
  Evaluating internal representation of mux trees.
  Analyzing evaluation results.
Removed 0 multiplexer ports.

11.14.11. Executing OPT_REDUCE pass (consolidate $*mux and $reduce_* inputs).
  Optimizing cells in module \led_panel_128.
Performed a total of 0 changes.

11.14.12. Executing OPT_MERGE pass (detect identical cells).
Finding identical cells in module `\led_panel_128'.
Removed a total of 11 cells.

11.14.13. Executing OPT_DFF pass (perform DFF optimizations).

11.14.14. Executing OPT_CLEAN pass (remove unused cells and wires).
Finding unused cells or wires in module \led_panel_128..
Removed 0 unused cells and 11 unused wires.

11.14.15. Executing OPT_EXPR pass (perform const folding).
Optimizing module led_panel_128.

11.14.16. Rerunning OPT passes. (Maybe there is more to do..)

11.14.17. Executing OPT_MUXTREE pass (detect dead branches in mux trees).
Running muxtree optimizer on module \led_panel_128..
  Creating internal representation of mux trees.
  Evaluating internal representation of mux trees.
  Analyzing evaluation results.
Removed 0 multiplexer ports.

11.14.18. Executing OPT_REDUCE pass (consolidate $*mux and $reduce_* inputs).
  Optimizing cells in module \led_panel_128.
Performed a total of 0 changes.

11.14.19. Executing OPT_MERGE pass (detect identical cells).
Finding identical cells in module `\led_panel_128'.
Removed a total of 0 cells.

11.14.20. Executing OPT_DFF pass (perform DFF optimizations).

11.14.21. Executing OPT_CLEAN pass (remove unused cells and wires).
Finding unused cells or wires in module \led_panel_128..

11.14.22. Executing OPT_EXPR pass (perform const folding).
Optimizing module led_panel_128.

11.14.23. Finished OPT passes. (There is nothing left to do.)

11.15. Executing WREDUCE pass (reducing word size of cells).
Removed top 28 address bits (of 32) from memory init port led_panel_128.$flatten\ctrl_lp0.$auto$mem.cc:319:emit$409 ($flatten\ctrl_lp0.$auto$proc_rom.cc:150:do_switch$407).
Removed top 1 address bits (of 13) from memory init port led_panel_128.$flatten\memoryB0.$auto$proc_memwr.cc:45:proc_memwr$1618 (memoryB0.MEM).
Removed top 20 address bits (of 32) from memory init port led_panel_128.$flatten\memoryB0.$meminit$\MEM$memory_V2.v:0$257 (memoryB0.MEM).
Removed top 1 address bits (of 13) from memory read port led_panel_128.$flatten\memoryB0.$memrd$\MEM$memory_V2.v:25$246 (memoryB0.MEM).
Removed top 1 address bits (of 13) from memory init port led_panel_128.$flatten\memoryB1.$auto$proc_memwr.cc:45:proc_memwr$1619 (memoryB1.MEM).
Removed top 20 address bits (of 32) from memory init port led_panel_128.$flatten\memoryB1.$meminit$\MEM$memory_V2.v:0$242 (memoryB1.MEM).
Removed top 1 address bits (of 13) from memory read port led_panel_128.$flatten\memoryB1.$memrd$\MEM$memory_V2.v:25$231 (memoryB1.MEM).
Removed top 1 address bits (of 13) from memory init port led_panel_128.$flatten\memoryG0.$auto$proc_memwr.cc:45:proc_memwr$1616 (memoryG0.MEM).
Removed top 20 address bits (of 32) from memory init port led_panel_128.$flatten\memoryG0.$meminit$\MEM$memory_V2.v:0$287 (memoryG0.MEM).
Removed top 1 address bits (of 13) from memory read port led_panel_128.$flatten\memoryG0.$memrd$\MEM$memory_V2.v:25$276 (memoryG0.MEM).
Removed top 1 address bits (of 13) from memory init port led_panel_128.$flatten\memoryG1.$auto$proc_memwr.cc:45:proc_memwr$1617 (memoryG1.MEM).
Removed top 20 address bits (of 32) from memory init port led_panel_128.$flatten\memoryG1.$meminit$\MEM$memory_V2.v:0$272 (memoryG1.MEM).
Removed top 1 address bits (of 13) from memory read port led_panel_128.$flatten\memoryG1.$memrd$\MEM$memory_V2.v:25$261 (memoryG1.MEM).
Removed top 1 address bits (of 13) from memory init port led_panel_128.$flatten\memoryR0.$auto$proc_memwr.cc:45:proc_memwr$1620 (memoryR0.MEM).
Removed top 20 address bits (of 32) from memory init port led_panel_128.$flatten\memoryR0.$meminit$\MEM$memory_V2.v:0$317 (memoryR0.MEM).
Removed top 1 address bits (of 13) from memory read port led_panel_128.$flatten\memoryR0.$memrd$\MEM$memory_V2.v:25$306 (memoryR0.MEM).
Removed top 1 address bits (of 13) from memory init port led_panel_128.$flatten\memoryR1.$auto$proc_memwr.cc:45:proc_memwr$1621 (memoryR1.MEM).
Removed top 20 address bits (of 32) from memory init port led_panel_128.$flatten\memoryR1.$meminit$\MEM$memory_V2.v:0$302 (memoryR1.MEM).
Removed top 1 address bits (of 13) from memory read port led_panel_128.$flatten\memoryR1.$memrd$\MEM$memory_V2.v:25$291 (memoryR1.MEM).
Removed top 31 bits (of 32) from port B of cell led_panel_128.$flatten\clk_div0.$add$clk_div.v:24$400 ($add).
Removed top 16 bits (of 32) from port Y of cell led_panel_128.$flatten\clk_div0.$add$clk_div.v:24$400 ($add).
Removed top 13 bits (of 16) from port B of cell led_panel_128.$flatten\clk_div0.$eq$clk_div.v:22$399 ($eq).
Removed top 13 bits (of 16) from port B of cell led_panel_128.$flatten\clk_div0.$eq$clk_div.v:18$397 ($eq).
Removed top 1 bits (of 7) from port B of cell led_panel_128.$auto$fsm_map.cc:77:implement_pattern_cache$1671 ($eq).
Removed top 3 bits (of 4) from port B of cell led_panel_128.$flatten\ctrl_lp0.$procmux$630_CMP0 ($eq).
Removed top 2 bits (of 4) from port B of cell led_panel_128.$flatten\ctrl_lp0.$procmux$629_CMP0 ($eq).
Removed top 2 bits (of 4) from port B of cell led_panel_128.$flatten\ctrl_lp0.$procmux$627_CMP0 ($eq).
Removed top 3 bits (of 4) from mux cell led_panel_128.$flatten\ctrl_lp0.$procmux$622 ($mux).
Removed top 1 bits (of 4) from port B of cell led_panel_128.$flatten\ctrl_lp0.$procmux$619_CMP0 ($eq).
Removed top 1 bits (of 4) from port B of cell led_panel_128.$flatten\ctrl_lp0.$procmux$618_CMP0 ($eq).
Removed top 1 bits (of 4) from port B of cell led_panel_128.$flatten\ctrl_lp0.$procmux$608_CMP0 ($eq).
Removed top 2 bits (of 4) from mux cell led_panel_128.$flatten\ctrl_lp0.$procmux$594 ($mux).
Removed top 1 bits (of 2) from port B of cell led_panel_128.$auto$opt_dff.cc:195:make_patterns_logic$1792 ($ne).
Removed top 31 bits (of 32) from mux cell led_panel_128.$flatten\latch_ctrl0.$ternary$latch_ctrl.v:100$386 ($mux).
Removed top 27 bits (of 32) from port B of cell led_panel_128.$flatten\latch_ctrl0.$ge$latch_ctrl.v:89$383 ($ge).
Removed top 27 bits (of 32) from port B of cell led_panel_128.$flatten\latch_ctrl0.$lt$latch_ctrl.v:86$379 ($lt).
Removed top 30 bits (of 32) from port B of cell led_panel_128.$flatten\latch_ctrl0.$add$latch_ctrl.v:59$375 ($add).
Removed top 28 bits (of 32) from port Y of cell led_panel_128.$flatten\latch_ctrl0.$add$latch_ctrl.v:59$375 ($add).
Removed top 31 bits (of 32) from port B of cell led_panel_128.$flatten\latch_ctrl0.$add$latch_ctrl.v:57$374 ($add).
Removed top 24 bits (of 32) from port Y of cell led_panel_128.$flatten\latch_ctrl0.$add$latch_ctrl.v:57$374 ($add).
Removed top 24 bits (of 32) from port B of cell led_panel_128.$flatten\latch_ctrl0.$lt$latch_ctrl.v:57$373 ($lt).
Removed top 31 bits (of 32) from port B of cell led_panel_128.$flatten\latch_ctrl0.$add$latch_ctrl.v:44$371 ($add).
Removed top 24 bits (of 32) from port Y of cell led_panel_128.$flatten\latch_ctrl0.$add$latch_ctrl.v:44$371 ($add).
Removed top 24 bits (of 32) from port A of cell led_panel_128.$flatten\latch_ctrl0.$add$latch_ctrl.v:44$371 ($add).
Removed top 24 bits (of 32) from port A of cell led_panel_128.$flatten\latch_ctrl0.$sub$latch_ctrl.v:44$370 ($sub).
Removed top 24 bits (of 32) from port Y of cell led_panel_128.$flatten\latch_ctrl0.$sub$latch_ctrl.v:44$370 ($sub).
Removed top 28 bits (of 32) from port B of cell led_panel_128.$flatten\latch_ctrl0.$gt$latch_ctrl.v:43$369 ($gt).
Removed top 31 bits (of 32) from mux cell led_panel_128.$flatten\latch_ctrl0.$ternary$latch_ctrl.v:22$367 ($mux).
Removed top 28 bits (of 32) from port B of cell led_panel_128.$flatten\latch_ctrl0.$gt$latch_ctrl.v:22$366 ($gt).
Removed top 29 bits (of 32) from port A of cell led_panel_128.$flatten\latch_ctrl0.$sub$latch_ctrl.v:21$365 ($sub).
Removed top 31 bits (of 32) from port B of cell led_panel_128.$flatten\latch_ctrl0.$sub$latch_ctrl.v:21$365 ($sub).
Removed top 29 bits (of 32) from port Y of cell led_panel_128.$flatten\latch_ctrl0.$sub$latch_ctrl.v:21$365 ($sub).
Removed top 1 bits (of 2) from port B of cell led_panel_128.$auto$opt_dff.cc:195:make_patterns_logic$1764 ($ne).
Removed top 1 bits (of 4) from port B of cell led_panel_128.$auto$opt_dff.cc:195:make_patterns_logic$1758 ($ne).
Removed top 2 bits (of 10) from port B of cell led_panel_128.$auto$opt_dff.cc:195:make_patterns_logic$1749 ($ne).
Removed top 4 bits (of 11) from port B of cell led_panel_128.$auto$opt_dff.cc:195:make_patterns_logic$1747 ($ne).
Removed top 3 bits (of 10) from port B of cell led_panel_128.$auto$opt_dff.cc:195:make_patterns_logic$1731 ($ne).
Removed top 3 bits (of 6) from port B of cell led_panel_128.$auto$opt_dff.cc:195:make_patterns_logic$1729 ($ne).
Removed top 2 bits (of 5) from port B of cell led_panel_128.$auto$opt_dff.cc:195:make_patterns_logic$1727 ($ne).
Removed top 4 bits (of 6) from port B of cell led_panel_128.$auto$opt_dff.cc:195:make_patterns_logic$1725 ($ne).
Removed top 2 bits (of 4) from port B of cell led_panel_128.$auto$opt_dff.cc:195:make_patterns_logic$1720 ($ne).
Removed top 4 bits (of 5) from port B of cell led_panel_128.$auto$opt_dff.cc:195:make_patterns_logic$1718 ($ne).
Removed top 2 bits (of 9) from port B of cell led_panel_128.$auto$opt_dff.cc:195:make_patterns_logic$1716 ($ne).
Removed top 3 bits (of 4) from port B of cell led_panel_128.$auto$fsm_map.cc:77:implement_pattern_cache$1675 ($eq).
Removed top 2 bits (of 3) from port B of cell led_panel_128.$flatten\data_ctrl0.$procmux$1125_CMP0 ($eq).
Removed top 1 bits (of 3) from port B of cell led_panel_128.$flatten\data_ctrl0.$procmux$1124_CMP0 ($eq).
Removed top 1 bits (of 3) from port B of cell led_panel_128.$flatten\data_ctrl0.$procmux$1123_CMP0 ($eq).
Removed top 1 bits (of 3) from port B of cell led_panel_128.$auto$fsm_map.cc:77:implement_pattern_cache$1649 ($eq).
Removed top 31 bits (of 32) from port B of cell led_panel_128.$flatten\data_ctrl0.$add$data_ctrl.v:217$352 ($add).
Removed top 16 bits (of 32) from port Y of cell led_panel_128.$flatten\data_ctrl0.$add$data_ctrl.v:217$352 ($add).
Removed top 31 bits (of 32) from port B of cell led_panel_128.$flatten\data_ctrl0.$add$data_ctrl.v:202$351 ($add).
Removed top 28 bits (of 32) from port Y of cell led_panel_128.$flatten\data_ctrl0.$add$data_ctrl.v:202$351 ($add).
Removed top 31 bits (of 32) from port B of cell led_panel_128.$flatten\data_ctrl0.$add$data_ctrl.v:139$350 ($add).
Removed top 26 bits (of 32) from port Y of cell led_panel_128.$flatten\data_ctrl0.$add$data_ctrl.v:139$350 ($add).
Removed top 27 bits (of 32) from port B of cell led_panel_128.$flatten\data_ctrl0.$lt$data_ctrl.v:139$349 ($lt).
Removed top 29 bits (of 32) from port B of cell led_panel_128.$flatten\data_ctrl0.$ge$data_ctrl.v:138$348 ($ge).
Removed top 27 bits (of 32) from port B of cell led_panel_128.$flatten\data_ctrl0.$ge$data_ctrl.v:137$347 ($ge).
Removed top 19 bits (of 32) from port B of cell led_panel_128.$flatten\data_ctrl0.$lt$data_ctrl.v:136$345 ($lt).
Removed top 31 bits (of 32) from mux cell led_panel_128.$flatten\data_ctrl0.$ternary$data_ctrl.v:36$340 ($mux).
Removed top 20 bits (of 32) from port B of cell led_panel_128.$flatten\data_ctrl0.$gt$data_ctrl.v:36$338 ($gt).
Removed top 31 bits (of 32) from port B of cell led_panel_128.$flatten\data_ctrl0.$ge$data_ctrl.v:36$337 ($ge).
Removed top 31 bits (of 32) from port B of cell led_panel_128.$flatten\mem_dir0.\instance_name.$add$count.v:15$403 ($add).
Removed top 20 bits (of 32) from port Y of cell led_panel_128.$flatten\mem_dir0.\instance_name.$add$count.v:15$403 ($add).
Removed top 31 bits (of 32) from port B of cell led_panel_128.$flatten\mem_dir0.$sub$mem_dir.v:41$336 ($sub).
Removed top 26 bits (of 32) from port Y of cell led_panel_128.$flatten\mem_dir0.$sub$mem_dir.v:41$336 ($sub).
Removed top 31 bits (of 32) from port B of cell led_panel_128.$flatten\Row_dir0.$add$Row_dir.v:48$328 ($add).
Removed top 25 bits (of 32) from port Y of cell led_panel_128.$flatten\Row_dir0.$add$Row_dir.v:48$328 ($add).
Removed top 31 bits (of 32) from port B of cell led_panel_128.$flatten\Row_dir0.$add$Row_dir.v:43$325 ($add).
Removed top 27 bits (of 32) from port Y of cell led_panel_128.$flatten\Row_dir0.$add$Row_dir.v:43$325 ($add).
Removed top 25 bits (of 32) from port B of cell led_panel_128.$flatten\Row_dir0.$ge$Row_dir.v:40$322 ($ge).
Removed top 1 bits (of 13) from mux cell led_panel_128.$flatten\memoryB0.$procmux$493 ($mux).
Removed top 1 bits (of 13) from mux cell led_panel_128.$flatten\memoryB0.$procmux$482 ($mux).
Removed top 1 bits (of 13) from mux cell led_panel_128.$flatten\memoryB1.$procmux$522 ($mux).
Removed top 1 bits (of 13) from mux cell led_panel_128.$flatten\memoryB1.$procmux$511 ($mux).
Removed top 27 bits (of 32) from wire led_panel_128.$flatten\Row_dir0.$add$Row_dir.v:43$325_Y.
Removed top 16 bits (of 32) from wire led_panel_128.$flatten\clk_div0.$add$clk_div.v:24$400_Y.
Removed top 26 bits (of 32) from wire led_panel_128.$flatten\data_ctrl0.$add$data_ctrl.v:139$350_Y.
Removed top 15 bits (of 16) from wire led_panel_128.$flatten\data_ctrl0.$procmux$1092_Y.
Removed top 24 bits (of 32) from wire led_panel_128.$flatten\latch_ctrl0.$add$latch_ctrl.v:44$371_Y.
Removed top 28 bits (of 32) from wire led_panel_128.$flatten\latch_ctrl0.$add$latch_ctrl.v:59$375_Y.
Removed top 24 bits (of 32) from wire led_panel_128.$flatten\latch_ctrl0.$sub$latch_ctrl.v:44$370_Y.
Removed top 26 bits (of 32) from wire led_panel_128.$flatten\mem_dir0.$sub$mem_dir.v:41$336_Y.
Removed top 20 bits (of 32) from wire led_panel_128.$flatten\mem_dir0.\instance_name.$add$count.v:15$403_Y.
Removed top 1 bits (of 13) from wire led_panel_128.$flatten\memoryB0.$0$memwr$\MEM$memory_V2.v:38$244_ADDR[12:0]$248.
Removed top 1 bits (of 16) from wire led_panel_128.$flatten\memoryB0.$0$memwr$\MEM$memory_V2.v:38$244_DATA[15:0]$249.
Removed top 3 bits (of 13) from wire led_panel_128.$flatten\memoryB0.$2$memwr$\MEM$memory_V2.v:38$244_ADDR[12:0]$254.
Removed top 1 bits (of 13) from wire led_panel_128.$flatten\memoryB1.$0$memwr$\MEM$memory_V2.v:38$229_ADDR[12:0]$233.
Removed top 1 bits (of 16) from wire led_panel_128.$flatten\memoryB1.$0$memwr$\MEM$memory_V2.v:38$229_DATA[15:0]$234.
Removed top 3 bits (of 13) from wire led_panel_128.$flatten\memoryB1.$2$memwr$\MEM$memory_V2.v:38$229_ADDR[12:0]$239.
Removed top 7 bits (of 12) from wire led_panel_128.w_Address_r.

11.16. Executing PEEPOPT pass (run peephole optimizers).

11.17. Executing OPT_CLEAN pass (remove unused cells and wires).
Finding unused cells or wires in module \led_panel_128..
Removed 0 unused cells and 20 unused wires.

11.18. Executing SHARE pass (SAT-based resource sharing).

11.19. Executing TECHMAP pass (map to technology primitives).

11.19.1. Executing Verilog-2005 frontend: /home/leonardo/miniconda3/envs/digital/bin/../share/yosys/cmp2lut.v
Parsing Verilog input from `/home/leonardo/miniconda3/envs/digital/bin/../share/yosys/cmp2lut.v' to AST representation.
Generating RTLIL representation for module `\_90_lut_cmp_'.
Successfully finished Verilog frontend.

11.19.2. Continuing TECHMAP pass.
Using template $paramod$e3a6afee4a8f71b6077359bd4b56f3b543ca3324\_90_lut_cmp_ for cells of type $gt.
Using template $paramod$33f260261250a7f8dd0a42c2152a4667f7d55def\_90_lut_cmp_ for cells of type $gt.
Using template $paramod$8b4a17c62dbb2d8a7f68850e25a5c900c48d5b8e\_90_lut_cmp_ for cells of type $ge.
No more expansions possible.

11.20. Executing OPT_EXPR pass (perform const folding).
Optimizing module led_panel_128.

11.21. Executing OPT_CLEAN pass (remove unused cells and wires).
Finding unused cells or wires in module \led_panel_128..
Removed 0 unused cells and 9 unused wires.

11.22. Executing TECHMAP pass (map to technology primitives).

11.22.1. Executing Verilog-2005 frontend: /home/leonardo/miniconda3/envs/digital/bin/../share/yosys/mul2dsp.v
Parsing Verilog input from `/home/leonardo/miniconda3/envs/digital/bin/../share/yosys/mul2dsp.v' to AST representation.
Generating RTLIL representation for module `\_80_mul'.
Generating RTLIL representation for module `\_90_soft_mul'.
Successfully finished Verilog frontend.

11.22.2. Executing Verilog-2005 frontend: /home/leonardo/miniconda3/envs/digital/bin/../share/yosys/ecp5/dsp_map.v
Parsing Verilog input from `/home/leonardo/miniconda3/envs/digital/bin/../share/yosys/ecp5/dsp_map.v' to AST representation.
Generating RTLIL representation for module `\$__MUL18X18'.
Successfully finished Verilog frontend.

11.22.3. Continuing TECHMAP pass.
No more expansions possible.

11.23. Executing ALUMACC pass (create $alu and $macc cells).
Extracting $alu and $macc cells in module led_panel_128:
  creating $macc model for $flatten\Row_dir0.$add$Row_dir.v:43$325 ($add).
  creating $macc model for $flatten\Row_dir0.$add$Row_dir.v:48$328 ($add).
  creating $macc model for $flatten\clk_div0.$add$clk_div.v:24$400 ($add).
  creating $macc model for $flatten\data_ctrl0.$add$data_ctrl.v:139$350 ($add).
  creating $macc model for $flatten\data_ctrl0.$add$data_ctrl.v:202$351 ($add).
  creating $macc model for $flatten\data_ctrl0.$add$data_ctrl.v:217$352 ($add).
  creating $macc model for $flatten\latch_ctrl0.$add$latch_ctrl.v:44$371 ($add).
  creating $macc model for $flatten\latch_ctrl0.$add$latch_ctrl.v:57$374 ($add).
  creating $macc model for $flatten\latch_ctrl0.$add$latch_ctrl.v:59$375 ($add).
  creating $macc model for $flatten\latch_ctrl0.$sub$latch_ctrl.v:21$365 ($sub).
  creating $macc model for $flatten\latch_ctrl0.$sub$latch_ctrl.v:44$370 ($sub).
  creating $macc model for $flatten\mem_dir0.$sub$mem_dir.v:41$336 ($sub).
  creating $macc model for $flatten\mem_dir0.\instance_name.$add$count.v:15$403 ($add).
  merging $macc model for $flatten\latch_ctrl0.$sub$latch_ctrl.v:44$370 into $flatten\latch_ctrl0.$add$latch_ctrl.v:44$371.
  creating $alu model for $macc $flatten\mem_dir0.$sub$mem_dir.v:41$336.
  creating $alu model for $macc $flatten\mem_dir0.\instance_name.$add$count.v:15$403.
  creating $alu model for $macc $flatten\latch_ctrl0.$sub$latch_ctrl.v:21$365.
  creating $alu model for $macc $flatten\latch_ctrl0.$add$latch_ctrl.v:59$375.
  creating $alu model for $macc $flatten\latch_ctrl0.$add$latch_ctrl.v:57$374.
  creating $alu model for $macc $flatten\data_ctrl0.$add$data_ctrl.v:217$352.
  creating $alu model for $macc $flatten\data_ctrl0.$add$data_ctrl.v:202$351.
  creating $alu model for $macc $flatten\data_ctrl0.$add$data_ctrl.v:139$350.
  creating $alu model for $macc $flatten\clk_div0.$add$clk_div.v:24$400.
  creating $alu model for $macc $flatten\Row_dir0.$add$Row_dir.v:48$328.
  creating $alu model for $macc $flatten\Row_dir0.$add$Row_dir.v:43$325.
  creating $macc cell for $flatten\latch_ctrl0.$add$latch_ctrl.v:44$371: $auto$alumacc.cc:365:replace_macc$1864
  creating $alu model for $flatten\Row_dir0.$ge$Row_dir.v:40$322 ($ge): new $alu
  creating $alu model for $flatten\data_ctrl0.$ge$data_ctrl.v:137$347 ($ge): new $alu
  creating $alu model for $flatten\data_ctrl0.$ge$data_ctrl.v:36$337 ($ge): new $alu
  creating $alu model for $flatten\data_ctrl0.$gt$data_ctrl.v:36$338 ($gt): new $alu
  creating $alu model for $flatten\data_ctrl0.$lt$data_ctrl.v:136$345 ($lt): new $alu
  creating $alu model for $flatten\data_ctrl0.$lt$data_ctrl.v:139$349 ($lt): new $alu
  creating $alu model for $flatten\latch_ctrl0.$ge$latch_ctrl.v:89$383 ($ge): new $alu
  creating $alu model for $flatten\latch_ctrl0.$le$latch_ctrl.v:100$385 ($le): new $alu
  creating $alu model for $flatten\latch_ctrl0.$lt$latch_ctrl.v:57$373 ($lt): new $alu
  creating $alu model for $flatten\latch_ctrl0.$lt$latch_ctrl.v:86$379 ($lt): merged with $flatten\latch_ctrl0.$ge$latch_ctrl.v:89$383.
  creating $alu cell for $flatten\latch_ctrl0.$lt$latch_ctrl.v:57$373: $auto$alumacc.cc:485:replace_alu$1874
  creating $alu cell for $flatten\latch_ctrl0.$le$latch_ctrl.v:100$385: $auto$alumacc.cc:485:replace_alu$1879
  creating $alu cell for $flatten\latch_ctrl0.$ge$latch_ctrl.v:89$383, $flatten\latch_ctrl0.$lt$latch_ctrl.v:86$379: $auto$alumacc.cc:485:replace_alu$1888
  creating $alu cell for $flatten\data_ctrl0.$lt$data_ctrl.v:139$349: $auto$alumacc.cc:485:replace_alu$1901
  creating $alu cell for $flatten\data_ctrl0.$lt$data_ctrl.v:136$345: $auto$alumacc.cc:485:replace_alu$1912
  creating $alu cell for $flatten\data_ctrl0.$gt$data_ctrl.v:36$338: $auto$alumacc.cc:485:replace_alu$1923
  creating $alu cell for $flatten\data_ctrl0.$ge$data_ctrl.v:137$347: $auto$alumacc.cc:485:replace_alu$1928
  creating $alu cell for $flatten\Row_dir0.$ge$Row_dir.v:40$322: $auto$alumacc.cc:485:replace_alu$1937
  creating $alu cell for $flatten\Row_dir0.$add$Row_dir.v:43$325: $auto$alumacc.cc:485:replace_alu$1946
  creating $alu cell for $flatten\Row_dir0.$add$Row_dir.v:48$328: $auto$alumacc.cc:485:replace_alu$1949
  creating $alu cell for $flatten\clk_div0.$add$clk_div.v:24$400: $auto$alumacc.cc:485:replace_alu$1952
  creating $alu cell for $flatten\data_ctrl0.$ge$data_ctrl.v:36$337: $auto$alumacc.cc:485:replace_alu$1955
  creating $alu cell for $flatten\data_ctrl0.$add$data_ctrl.v:139$350: $auto$alumacc.cc:485:replace_alu$1964
  creating $alu cell for $flatten\data_ctrl0.$add$data_ctrl.v:202$351: $auto$alumacc.cc:485:replace_alu$1967
  creating $alu cell for $flatten\data_ctrl0.$add$data_ctrl.v:217$352: $auto$alumacc.cc:485:replace_alu$1970
  creating $alu cell for $flatten\latch_ctrl0.$add$latch_ctrl.v:57$374: $auto$alumacc.cc:485:replace_alu$1973
  creating $alu cell for $flatten\latch_ctrl0.$add$latch_ctrl.v:59$375: $auto$alumacc.cc:485:replace_alu$1976
  creating $alu cell for $flatten\latch_ctrl0.$sub$latch_ctrl.v:21$365: $auto$alumacc.cc:485:replace_alu$1979
  creating $alu cell for $flatten\mem_dir0.\instance_name.$add$count.v:15$403: $auto$alumacc.cc:485:replace_alu$1982
  creating $alu cell for $flatten\mem_dir0.$sub$mem_dir.v:41$336: $auto$alumacc.cc:485:replace_alu$1985
  created 20 $alu and 1 $macc cells.

11.24. Executing OPT pass (performing simple optimizations).

11.24.1. Executing OPT_EXPR pass (perform const folding).
Optimizing module led_panel_128.

11.24.2. Executing OPT_MERGE pass (detect identical cells).
Finding identical cells in module `\led_panel_128'.
Removed a total of 0 cells.

11.24.3. Executing OPT_MUXTREE pass (detect dead branches in mux trees).
Running muxtree optimizer on module \led_panel_128..
  Creating internal representation of mux trees.
  Evaluating internal representation of mux trees.
  Analyzing evaluation results.
Removed 0 multiplexer ports.

11.24.4. Executing OPT_REDUCE pass (consolidate $*mux and $reduce_* inputs).
  Optimizing cells in module \led_panel_128.
Performed a total of 0 changes.

11.24.5. Executing OPT_MERGE pass (detect identical cells).
Finding identical cells in module `\led_panel_128'.
Removed a total of 0 cells.

11.24.6. Executing OPT_DFF pass (perform DFF optimizations).

11.24.7. Executing OPT_CLEAN pass (remove unused cells and wires).
Finding unused cells or wires in module \led_panel_128..
Removed 1 unused cells and 12 unused wires.

11.24.8. Executing OPT_EXPR pass (perform const folding).
Optimizing module led_panel_128.

11.24.9. Rerunning OPT passes. (Maybe there is more to do..)

11.24.10. Executing OPT_MUXTREE pass (detect dead branches in mux trees).
Running muxtree optimizer on module \led_panel_128..
  Creating internal representation of mux trees.
  Evaluating internal representation of mux trees.
  Analyzing evaluation results.
Removed 0 multiplexer ports.

11.24.11. Executing OPT_REDUCE pass (consolidate $*mux and $reduce_* inputs).
  Optimizing cells in module \led_panel_128.
Performed a total of 0 changes.

11.24.12. Executing OPT_MERGE pass (detect identical cells).
Finding identical cells in module `\led_panel_128'.
Removed a total of 0 cells.

11.24.13. Executing OPT_DFF pass (perform DFF optimizations).

11.24.14. Executing OPT_CLEAN pass (remove unused cells and wires).
Finding unused cells or wires in module \led_panel_128..

11.24.15. Executing OPT_EXPR pass (perform const folding).
Optimizing module led_panel_128.

11.24.16. Finished OPT passes. (There is nothing left to do.)

11.25. Executing MEMORY pass.

11.25.1. Executing OPT_MEM pass (optimize memories).
Performed a total of 0 transformations.

11.25.2. Executing OPT_MEM_PRIORITY pass (removing unnecessary memory write priority relations).
Performed a total of 0 transformations.

11.25.3. Executing OPT_MEM_FEEDBACK pass (finding memory read-to-write feedback paths).
  Analyzing led_panel_128.memoryB0.MEM write port 0.
  Analyzing led_panel_128.memoryB1.MEM write port 0.
  Analyzing led_panel_128.memoryG0.MEM write port 0.
  Analyzing led_panel_128.memoryG1.MEM write port 0.
  Analyzing led_panel_128.memoryR0.MEM write port 0.
  Analyzing led_panel_128.memoryR1.MEM write port 0.

11.25.4. Executing MEMORY_BMUX2ROM pass (converting muxes to ROMs).

11.25.5. Executing MEMORY_DFF pass (merging $dff cells to $memrd).
Checking read port `$flatten\ctrl_lp0.$auto$proc_rom.cc:150:do_switch$407'[0] in module `\led_panel_128': no output FF found.
Checking read port `\memoryB0.MEM'[0] in module `\led_panel_128': merging output FF to cell.
    Write port 0: non-transparent.
Checking read port `\memoryB1.MEM'[0] in module `\led_panel_128': merging output FF to cell.
    Write port 0: non-transparent.
Checking read port `\memoryG0.MEM'[0] in module `\led_panel_128': merging output FF to cell.
    Write port 0: non-transparent.
Checking read port `\memoryG1.MEM'[0] in module `\led_panel_128': merging output FF to cell.
    Write port 0: non-transparent.
Checking read port `\memoryR0.MEM'[0] in module `\led_panel_128': merging output FF to cell.
    Write port 0: non-transparent.
Checking read port `\memoryR1.MEM'[0] in module `\led_panel_128': merging output FF to cell.
    Write port 0: non-transparent.
Checking read port address `$flatten\ctrl_lp0.$auto$proc_rom.cc:150:do_switch$407'[0] in module `\led_panel_128': merged address FF to cell.

11.25.6. Executing OPT_CLEAN pass (remove unused cells and wires).
Finding unused cells or wires in module \led_panel_128..
Removed 6 unused cells and 102 unused wires.

11.25.7. Executing MEMORY_SHARE pass (consolidating $memrd/$memwr cells).

11.25.8. Executing OPT_MEM_WIDEN pass (optimize memories where all ports are wide).
Performed a total of 0 transformations.

11.25.9. Executing OPT_CLEAN pass (remove unused cells and wires).
Finding unused cells or wires in module \led_panel_128..

11.25.10. Executing MEMORY_COLLECT pass (generating $mem cells).

11.26. Executing OPT_CLEAN pass (remove unused cells and wires).
Finding unused cells or wires in module \led_panel_128..

11.27. Executing MEMORY_LIBMAP pass (mapping memories to cells).
using FF mapping for memory led_panel_128.$flatten\ctrl_lp0.$auto$proc_rom.cc:150:do_switch$407
mapping memory led_panel_128.memoryB0.MEM via $__ECP5_DP16KD_
mapping memory led_panel_128.memoryB1.MEM via $__ECP5_DP16KD_
mapping memory led_panel_128.memoryG0.MEM via $__ECP5_DP16KD_
mapping memory led_panel_128.memoryG1.MEM via $__ECP5_DP16KD_
mapping memory led_panel_128.memoryR0.MEM via $__ECP5_DP16KD_
mapping memory led_panel_128.memoryR1.MEM via $__ECP5_DP16KD_

11.28. Executing TECHMAP pass (map to technology primitives).

11.28.1. Executing Verilog-2005 frontend: /home/leonardo/miniconda3/envs/digital/bin/../share/yosys/ecp5/lutrams_map.v
Parsing Verilog input from `/home/leonardo/miniconda3/envs/digital/bin/../share/yosys/ecp5/lutrams_map.v' to AST representation.
Generating RTLIL representation for module `\$__TRELLIS_DPR16X4_'.
Successfully finished Verilog frontend.

11.28.2. Executing Verilog-2005 frontend: /home/leonardo/miniconda3/envs/digital/bin/../share/yosys/ecp5/brams_map.v
Parsing Verilog input from `/home/leonardo/miniconda3/envs/digital/bin/../share/yosys/ecp5/brams_map.v' to AST representation.
Generating RTLIL representation for module `\$__ECP5_DP16KD_'.
Generating RTLIL representation for module `\$__ECP5_PDPW16KD_'.
Successfully finished Verilog frontend.

11.28.3. Continuing TECHMAP pass.
Using template $paramod$c27066bcaffa966c1410689b6a1eb0aa94878700\$__ECP5_DP16KD_ for cells of type $__ECP5_DP16KD_.
Using template $paramod$cbfdcd8a5c46101b2354f674ba97edff24399eaa\$__ECP5_DP16KD_ for cells of type $__ECP5_DP16KD_.
No more expansions possible.

11.29. Executing OPT pass (performing simple optimizations).

11.29.1. Executing OPT_EXPR pass (perform const folding).
Optimizing module led_panel_128.

11.29.2. Executing OPT_MERGE pass (detect identical cells).
Finding identical cells in module `\led_panel_128'.
Removed a total of 22 cells.

11.29.3. Executing OPT_DFF pass (perform DFF optimizations).
Removing always-active EN on $auto$mem.cc:1137:emulate_transparency$2197 ($dffe) from module led_panel_128.
Removing always-active EN on $auto$mem.cc:1137:emulate_transparency$2261 ($dffe) from module led_panel_128.
Removing always-active EN on $auto$mem.cc:1137:emulate_transparency$2229 ($dffe) from module led_panel_128.
Removing always-active EN on $auto$mem.cc:1137:emulate_transparency$2101 ($dffe) from module led_panel_128.
Adding SRST signal on $auto$mem.cc:1616:emulate_read_first$2163 ($dff) from module led_panel_128 (D = $flatten\memoryB0.$2$memwr$\MEM$memory_V2.v:38$244_EN[15:0]$256 [15], Q = $auto$mem.cc:1613:emulate_read_first$2160, rval = 1'0).
Removing always-active EN on $auto$mem.cc:1137:emulate_transparency$2165 ($dffe) from module led_panel_128.
Adding SRST signal on $auto$mem.cc:1616:emulate_read_first$2131 ($dff) from module led_panel_128 (D = $flatten\memoryB1.$2$memwr$\MEM$memory_V2.v:38$229_EN[15:0]$241 [15], Q = $auto$mem.cc:1613:emulate_read_first$2128, rval = 1'0).
Removing always-active EN on $auto$mem.cc:1137:emulate_transparency$2133 ($dffe) from module led_panel_128.

11.29.4. Executing OPT_CLEAN pass (remove unused cells and wires).
Finding unused cells or wires in module \led_panel_128..
Removed 22 unused cells and 662 unused wires.

11.29.5. Rerunning OPT passes. (Removed registers in this run.)

11.29.6. Executing OPT_EXPR pass (perform const folding).
Optimizing module led_panel_128.

11.29.7. Executing OPT_MERGE pass (detect identical cells).
Finding identical cells in module `\led_panel_128'.
Removed a total of 0 cells.

11.29.8. Executing OPT_DFF pass (perform DFF optimizations).
Adding EN signal on $auto$ff.cc:266:slice$1734 ($adffe) from module led_panel_128 (D = \latch_ctrl0.config_num [0], Q = \latch_ctrl0.config_num [0]).
Handling D = Q on $auto$ff.cc:266:slice$2614 ($adffe) from module led_panel_128 (removing D path).
Setting constant 0-bit at position 0 on $auto$ff.cc:266:slice$2614 ($dlatch) from module led_panel_128.

11.29.9. Executing OPT_CLEAN pass (remove unused cells and wires).
Finding unused cells or wires in module \led_panel_128..
Removed 2 unused cells and 6 unused wires.

11.29.10. Rerunning OPT passes. (Removed registers in this run.)

11.29.11. Executing OPT_EXPR pass (perform const folding).
Optimizing module led_panel_128.

11.29.12. Executing OPT_MERGE pass (detect identical cells).
Finding identical cells in module `\led_panel_128'.
Removed a total of 0 cells.

11.29.13. Executing OPT_DFF pass (perform DFF optimizations).

11.29.14. Executing OPT_CLEAN pass (remove unused cells and wires).
Finding unused cells or wires in module \led_panel_128..

11.29.15. Finished fast OPT passes.

11.30. Executing MEMORY_MAP pass (converting memories to logic and flip-flops).
Mapping memory $flatten\ctrl_lp0.$auto$proc_rom.cc:150:do_switch$407 in module \led_panel_128:
  created 16 $dff cells and 0 static cells of width 9.
Extracted data FF from read port 0 of led_panel_128.$flatten\ctrl_lp0.$auto$proc_rom.cc:150:do_switch$407: $$flatten\ctrl_lp0.$auto$proc_rom.cc:150:do_switch$407$rdreg[0]
  read interface: 1 $dff and 15 $mux cells.
  write interface: 0 write mux blocks.

11.31. Executing OPT pass (performing simple optimizations).

11.31.1. Executing OPT_EXPR pass (perform const folding).
Optimizing module led_panel_128.

11.31.2. Executing OPT_MERGE pass (detect identical cells).
Finding identical cells in module `\led_panel_128'.
Removed a total of 0 cells.

11.31.3. Executing OPT_MUXTREE pass (detect dead branches in mux trees).
Running muxtree optimizer on module \led_panel_128..
  Creating internal representation of mux trees.
  Evaluating internal representation of mux trees.
  Analyzing evaluation results.
Removed 0 multiplexer ports.

11.31.4. Executing OPT_REDUCE pass (consolidate $*mux and $reduce_* inputs).
  Optimizing cells in module \led_panel_128.
    Consolidated identical input bits for $mux cell $memory$flatten\ctrl_lp0.$auto$proc_rom.cc:150:do_switch$407$rdmux[0][3][3]$2650:
      Old ports: A=9'000000000, B=9'000000001, Y=$memory$flatten\ctrl_lp0.$auto$proc_rom.cc:150:do_switch$407$rdmux[0][2][1]$b$2634
      New ports: A=1'0, B=1'1, Y=$memory$flatten\ctrl_lp0.$auto$proc_rom.cc:150:do_switch$407$rdmux[0][2][1]$b$2634 [0]
      New connections: $memory$flatten\ctrl_lp0.$auto$proc_rom.cc:150:do_switch$407$rdmux[0][2][1]$b$2634 [8:1] = 8'00000000
    Consolidated identical input bits for $mux cell $memory$flatten\ctrl_lp0.$auto$proc_rom.cc:150:do_switch$407$rdmux[0][3][2]$2647:
      Old ports: A=9'001000000, B=9'100000000, Y=$memory$flatten\ctrl_lp0.$auto$proc_rom.cc:150:do_switch$407$rdmux[0][2][1]$a$2633
      New ports: A=2'01, B=2'10, Y={ $memory$flatten\ctrl_lp0.$auto$proc_rom.cc:150:do_switch$407$rdmux[0][2][1]$a$2633 [8] $memory$flatten\ctrl_lp0.$auto$proc_rom.cc:150:do_switch$407$rdmux[0][2][1]$a$2633 [6] }
      New connections: { $memory$flatten\ctrl_lp0.$auto$proc_rom.cc:150:do_switch$407$rdmux[0][2][1]$a$2633 [7] $memory$flatten\ctrl_lp0.$auto$proc_rom.cc:150:do_switch$407$rdmux[0][2][1]$a$2633 [5:0] } = 7'0000000
    Consolidated identical input bits for $mux cell $memory$flatten\ctrl_lp0.$auto$proc_rom.cc:150:do_switch$407$rdmux[0][3][1]$2644:
      Old ports: A=9'000000010, B=9'000010000, Y=$memory$flatten\ctrl_lp0.$auto$proc_rom.cc:150:do_switch$407$rdmux[0][2][0]$b$2631
      New ports: A=2'01, B=2'10, Y={ $memory$flatten\ctrl_lp0.$auto$proc_rom.cc:150:do_switch$407$rdmux[0][2][0]$b$2631 [4] $memory$flatten\ctrl_lp0.$auto$proc_rom.cc:150:do_switch$407$rdmux[0][2][0]$b$2631 [1] }
      New connections: { $memory$flatten\ctrl_lp0.$auto$proc_rom.cc:150:do_switch$407$rdmux[0][2][0]$b$2631 [8:5] $memory$flatten\ctrl_lp0.$auto$proc_rom.cc:150:do_switch$407$rdmux[0][2][0]$b$2631 [3:2] $memory$flatten\ctrl_lp0.$auto$proc_rom.cc:150:do_switch$407$rdmux[0][2][0]$b$2631 [0] } = 7'0000000
    Consolidated identical input bits for $mux cell $memory$flatten\ctrl_lp0.$auto$proc_rom.cc:150:do_switch$407$rdmux[0][3][0]$2641:
      Old ports: A=9'000100000, B=9'000001000, Y=$memory$flatten\ctrl_lp0.$auto$proc_rom.cc:150:do_switch$407$rdmux[0][2][0]$a$2630
      New ports: A=2'10, B=2'01, Y={ $memory$flatten\ctrl_lp0.$auto$proc_rom.cc:150:do_switch$407$rdmux[0][2][0]$a$2630 [5] $memory$flatten\ctrl_lp0.$auto$proc_rom.cc:150:do_switch$407$rdmux[0][2][0]$a$2630 [3] }
      New connections: { $memory$flatten\ctrl_lp0.$auto$proc_rom.cc:150:do_switch$407$rdmux[0][2][0]$a$2630 [8:6] $memory$flatten\ctrl_lp0.$auto$proc_rom.cc:150:do_switch$407$rdmux[0][2][0]$a$2630 [4] $memory$flatten\ctrl_lp0.$auto$proc_rom.cc:150:do_switch$407$rdmux[0][2][0]$a$2630 [2:0] } = 7'0000000
    Consolidated identical input bits for $mux cell $memory$flatten\ctrl_lp0.$auto$proc_rom.cc:150:do_switch$407$rdmux[0][3][4]$2653:
      Old ports: A=9'000000100, B=9'000000000, Y=$memory$flatten\ctrl_lp0.$auto$proc_rom.cc:150:do_switch$407$rdmux[0][2][2]$a$2636
      New ports: A=1'1, B=1'0, Y=$memory$flatten\ctrl_lp0.$auto$proc_rom.cc:150:do_switch$407$rdmux[0][2][2]$a$2636 [2]
      New connections: { $memory$flatten\ctrl_lp0.$auto$proc_rom.cc:150:do_switch$407$rdmux[0][2][2]$a$2636 [8:3] $memory$flatten\ctrl_lp0.$auto$proc_rom.cc:150:do_switch$407$rdmux[0][2][2]$a$2636 [1:0] } = 8'00000000
    Consolidated identical input bits for $mux cell $memory$flatten\ctrl_lp0.$auto$proc_rom.cc:150:do_switch$407$rdmux[0][3][5]$2656:
      Old ports: A=9'010000000, B=9'000000000, Y=$memory$flatten\ctrl_lp0.$auto$proc_rom.cc:150:do_switch$407$rdmux[0][2][2]$b$2637
      New ports: A=1'1, B=1'0, Y=$memory$flatten\ctrl_lp0.$auto$proc_rom.cc:150:do_switch$407$rdmux[0][2][2]$b$2637 [7]
      New connections: { $memory$flatten\ctrl_lp0.$auto$proc_rom.cc:150:do_switch$407$rdmux[0][2][2]$b$2637 [8] $memory$flatten\ctrl_lp0.$auto$proc_rom.cc:150:do_switch$407$rdmux[0][2][2]$b$2637 [6:0] } = 8'00000000
    Consolidated identical input bits for $mux cell $flatten\ctrl_lp0.$procmux$597:
      Old ports: A=4'1010, B={ 2'00 $flatten\ctrl_lp0.$procmux$594_Y [1:0] }, Y=$flatten\ctrl_lp0.$procmux$597_Y
      New ports: A=3'110, B={ 1'0 $flatten\ctrl_lp0.$procmux$594_Y [1:0] }, Y={ $flatten\ctrl_lp0.$procmux$597_Y [3] $flatten\ctrl_lp0.$procmux$597_Y [1:0] }
      New connections: $flatten\ctrl_lp0.$procmux$597_Y [2] = 1'0
    Consolidated identical input bits for $mux cell $flatten\ctrl_lp0.$procmux$616:
      Old ports: A=4'0101, B=4'1000, Y=$flatten\ctrl_lp0.$procmux$616_Y
      New ports: A=2'01, B=2'10, Y={ $flatten\ctrl_lp0.$procmux$616_Y [3] $flatten\ctrl_lp0.$procmux$616_Y [0] }
      New connections: $flatten\ctrl_lp0.$procmux$616_Y [2:1] = { $flatten\ctrl_lp0.$procmux$616_Y [0] 1'0 }
    Consolidated identical input bits for $mux cell $flatten\ctrl_lp0.$procmux$625:
      Old ports: A={ 3'001 $flatten\ctrl_lp0.$procmux$622_Y [0] }, B=4'0000, Y=$flatten\ctrl_lp0.$procmux$625_Y
      New ports: A={ 1'1 $flatten\ctrl_lp0.$procmux$622_Y [0] }, B=2'00, Y=$flatten\ctrl_lp0.$procmux$625_Y [1:0]
      New connections: $flatten\ctrl_lp0.$procmux$625_Y [3:2] = 2'00
    Consolidated identical input bits for $mux cell $flatten\ctrl_lp0.$procmux$632:
      Old ports: A=4'1001, B={ 1'0 \ctrl_lp0.sync_state [2:1] 1'0 }, Y=$flatten\ctrl_lp0.$procmux$632_Y
      New ports: A=3'001, B={ \ctrl_lp0.sync_state [2:1] 1'0 }, Y=$flatten\ctrl_lp0.$procmux$632_Y [2:0]
      New connections: $flatten\ctrl_lp0.$procmux$632_Y [3] = $flatten\ctrl_lp0.$procmux$632_Y [0]
    New ctrl vector for $pmux cell $flatten\ctrl_lp0.$procmux$667: $flatten\ctrl_lp0.$procmux$614_CMP
    Consolidated identical input bits for $mux cell $flatten\latch_ctrl0.$procmux$947:
      Old ports: A=8'00001111, B=8'00001101, Y=$flatten\latch_ctrl0.$procmux$947_Y
      New ports: A=1'1, B=1'0, Y=$flatten\latch_ctrl0.$procmux$947_Y [1]
      New connections: { $flatten\latch_ctrl0.$procmux$947_Y [7:2] $flatten\latch_ctrl0.$procmux$947_Y [0] } = 7'0000111
  Optimizing cells in module \led_panel_128.
    Consolidated identical input bits for $mux cell $memory$flatten\ctrl_lp0.$auto$proc_rom.cc:150:do_switch$407$rdmux[0][2][2]$2635:
      Old ports: A=$memory$flatten\ctrl_lp0.$auto$proc_rom.cc:150:do_switch$407$rdmux[0][2][2]$a$2636, B=$memory$flatten\ctrl_lp0.$auto$proc_rom.cc:150:do_switch$407$rdmux[0][2][2]$b$2637, Y=$memory$flatten\ctrl_lp0.$auto$proc_rom.cc:150:do_switch$407$rdmux[0][1][1]$a$2627
      New ports: A={ 1'0 $memory$flatten\ctrl_lp0.$auto$proc_rom.cc:150:do_switch$407$rdmux[0][2][2]$a$2636 [2] }, B={ $memory$flatten\ctrl_lp0.$auto$proc_rom.cc:150:do_switch$407$rdmux[0][2][2]$b$2637 [7] 1'0 }, Y={ $memory$flatten\ctrl_lp0.$auto$proc_rom.cc:150:do_switch$407$rdmux[0][1][1]$a$2627 [7] $memory$flatten\ctrl_lp0.$auto$proc_rom.cc:150:do_switch$407$rdmux[0][1][1]$a$2627 [2] }
      New connections: { $memory$flatten\ctrl_lp0.$auto$proc_rom.cc:150:do_switch$407$rdmux[0][1][1]$a$2627 [8] $memory$flatten\ctrl_lp0.$auto$proc_rom.cc:150:do_switch$407$rdmux[0][1][1]$a$2627 [6:3] $memory$flatten\ctrl_lp0.$auto$proc_rom.cc:150:do_switch$407$rdmux[0][1][1]$a$2627 [1:0] } = 7'0000000
    Consolidated identical input bits for $mux cell $memory$flatten\ctrl_lp0.$auto$proc_rom.cc:150:do_switch$407$rdmux[0][2][1]$2632:
      Old ports: A=$memory$flatten\ctrl_lp0.$auto$proc_rom.cc:150:do_switch$407$rdmux[0][2][1]$a$2633, B=$memory$flatten\ctrl_lp0.$auto$proc_rom.cc:150:do_switch$407$rdmux[0][2][1]$b$2634, Y=$memory$flatten\ctrl_lp0.$auto$proc_rom.cc:150:do_switch$407$rdmux[0][1][0]$b$2625
      New ports: A={ $memory$flatten\ctrl_lp0.$auto$proc_rom.cc:150:do_switch$407$rdmux[0][2][1]$a$2633 [8] $memory$flatten\ctrl_lp0.$auto$proc_rom.cc:150:do_switch$407$rdmux[0][2][1]$a$2633 [6] 1'0 }, B={ 2'00 $memory$flatten\ctrl_lp0.$auto$proc_rom.cc:150:do_switch$407$rdmux[0][2][1]$b$2634 [0] }, Y={ $memory$flatten\ctrl_lp0.$auto$proc_rom.cc:150:do_switch$407$rdmux[0][1][0]$b$2625 [8] $memory$flatten\ctrl_lp0.$auto$proc_rom.cc:150:do_switch$407$rdmux[0][1][0]$b$2625 [6] $memory$flatten\ctrl_lp0.$auto$proc_rom.cc:150:do_switch$407$rdmux[0][1][0]$b$2625 [0] }
      New connections: { $memory$flatten\ctrl_lp0.$auto$proc_rom.cc:150:do_switch$407$rdmux[0][1][0]$b$2625 [7] $memory$flatten\ctrl_lp0.$auto$proc_rom.cc:150:do_switch$407$rdmux[0][1][0]$b$2625 [5:1] } = 6'000000
    Consolidated identical input bits for $mux cell $memory$flatten\ctrl_lp0.$auto$proc_rom.cc:150:do_switch$407$rdmux[0][2][0]$2629:
      Old ports: A=$memory$flatten\ctrl_lp0.$auto$proc_rom.cc:150:do_switch$407$rdmux[0][2][0]$a$2630, B=$memory$flatten\ctrl_lp0.$auto$proc_rom.cc:150:do_switch$407$rdmux[0][2][0]$b$2631, Y=$memory$flatten\ctrl_lp0.$auto$proc_rom.cc:150:do_switch$407$rdmux[0][1][0]$a$2624
      New ports: A={ $memory$flatten\ctrl_lp0.$auto$proc_rom.cc:150:do_switch$407$rdmux[0][2][0]$a$2630 [5] 1'0 $memory$flatten\ctrl_lp0.$auto$proc_rom.cc:150:do_switch$407$rdmux[0][2][0]$a$2630 [3] 1'0 }, B={ 1'0 $memory$flatten\ctrl_lp0.$auto$proc_rom.cc:150:do_switch$407$rdmux[0][2][0]$b$2631 [4] 1'0 $memory$flatten\ctrl_lp0.$auto$proc_rom.cc:150:do_switch$407$rdmux[0][2][0]$b$2631 [1] }, Y={ $memory$flatten\ctrl_lp0.$auto$proc_rom.cc:150:do_switch$407$rdmux[0][1][0]$a$2624 [5:3] $memory$flatten\ctrl_lp0.$auto$proc_rom.cc:150:do_switch$407$rdmux[0][1][0]$a$2624 [1] }
      New connections: { $memory$flatten\ctrl_lp0.$auto$proc_rom.cc:150:do_switch$407$rdmux[0][1][0]$a$2624 [8:6] $memory$flatten\ctrl_lp0.$auto$proc_rom.cc:150:do_switch$407$rdmux[0][1][0]$a$2624 [2] $memory$flatten\ctrl_lp0.$auto$proc_rom.cc:150:do_switch$407$rdmux[0][1][0]$a$2624 [0] } = 5'00000
    Consolidated identical input bits for $mux cell $flatten\ctrl_lp0.$procmux$600:
      Old ports: A=$flatten\ctrl_lp0.$procmux$597_Y, B=4'0000, Y=$flatten\ctrl_lp0.$procmux$600_Y
      New ports: A={ $flatten\ctrl_lp0.$procmux$597_Y [3] $flatten\ctrl_lp0.$procmux$597_Y [1:0] }, B=3'000, Y={ $flatten\ctrl_lp0.$procmux$600_Y [3] $flatten\ctrl_lp0.$procmux$600_Y [1:0] }
      New connections: $flatten\ctrl_lp0.$procmux$600_Y [2] = 1'0
    Consolidated identical input bits for $mux cell $flatten\latch_ctrl0.$procmux$950:
      Old ports: A=$flatten\latch_ctrl0.$procmux$947_Y, B=8'00000100, Y=$flatten\latch_ctrl0.$procmux$950_Y
      New ports: A={ $flatten\latch_ctrl0.$procmux$947_Y [1] 1'1 }, B=2'00, Y=$flatten\latch_ctrl0.$procmux$950_Y [1:0]
      New connections: $flatten\latch_ctrl0.$procmux$950_Y [7:2] = { 4'0000 $flatten\latch_ctrl0.$procmux$950_Y [0] 1'1 }
  Optimizing cells in module \led_panel_128.
    Consolidated identical input bits for $mux cell $memory$flatten\ctrl_lp0.$auto$proc_rom.cc:150:do_switch$407$rdmux[0][1][1]$2626:
      Old ports: A=$memory$flatten\ctrl_lp0.$auto$proc_rom.cc:150:do_switch$407$rdmux[0][1][1]$a$2627, B=9'000000000, Y=$memory$flatten\ctrl_lp0.$auto$proc_rom.cc:150:do_switch$407$rdmux[0][0][0]$b$2622
      New ports: A={ $memory$flatten\ctrl_lp0.$auto$proc_rom.cc:150:do_switch$407$rdmux[0][1][1]$a$2627 [7] $memory$flatten\ctrl_lp0.$auto$proc_rom.cc:150:do_switch$407$rdmux[0][1][1]$a$2627 [2] }, B=2'00, Y={ $memory$flatten\ctrl_lp0.$auto$proc_rom.cc:150:do_switch$407$rdmux[0][0][0]$b$2622 [7] $memory$flatten\ctrl_lp0.$auto$proc_rom.cc:150:do_switch$407$rdmux[0][0][0]$b$2622 [2] }
      New connections: { $memory$flatten\ctrl_lp0.$auto$proc_rom.cc:150:do_switch$407$rdmux[0][0][0]$b$2622 [8] $memory$flatten\ctrl_lp0.$auto$proc_rom.cc:150:do_switch$407$rdmux[0][0][0]$b$2622 [6:3] $memory$flatten\ctrl_lp0.$auto$proc_rom.cc:150:do_switch$407$rdmux[0][0][0]$b$2622 [1:0] } = 7'0000000
    Consolidated identical input bits for $mux cell $memory$flatten\ctrl_lp0.$auto$proc_rom.cc:150:do_switch$407$rdmux[0][1][0]$2623:
      Old ports: A=$memory$flatten\ctrl_lp0.$auto$proc_rom.cc:150:do_switch$407$rdmux[0][1][0]$a$2624, B=$memory$flatten\ctrl_lp0.$auto$proc_rom.cc:150:do_switch$407$rdmux[0][1][0]$b$2625, Y=$memory$flatten\ctrl_lp0.$auto$proc_rom.cc:150:do_switch$407$rdmux[0][0][0]$a$2621
      New ports: A={ 2'00 $memory$flatten\ctrl_lp0.$auto$proc_rom.cc:150:do_switch$407$rdmux[0][1][0]$a$2624 [5:3] $memory$flatten\ctrl_lp0.$auto$proc_rom.cc:150:do_switch$407$rdmux[0][1][0]$a$2624 [1] 1'0 }, B={ $memory$flatten\ctrl_lp0.$auto$proc_rom.cc:150:do_switch$407$rdmux[0][1][0]$b$2625 [8] $memory$flatten\ctrl_lp0.$auto$proc_rom.cc:150:do_switch$407$rdmux[0][1][0]$b$2625 [6] 4'0000 $memory$flatten\ctrl_lp0.$auto$proc_rom.cc:150:do_switch$407$rdmux[0][1][0]$b$2625 [0] }, Y={ $memory$flatten\ctrl_lp0.$auto$proc_rom.cc:150:do_switch$407$rdmux[0][0][0]$a$2621 [8] $memory$flatten\ctrl_lp0.$auto$proc_rom.cc:150:do_switch$407$rdmux[0][0][0]$a$2621 [6:3] $memory$flatten\ctrl_lp0.$auto$proc_rom.cc:150:do_switch$407$rdmux[0][0][0]$a$2621 [1:0] }
      New connections: { $memory$flatten\ctrl_lp0.$auto$proc_rom.cc:150:do_switch$407$rdmux[0][0][0]$a$2621 [7] $memory$flatten\ctrl_lp0.$auto$proc_rom.cc:150:do_switch$407$rdmux[0][0][0]$a$2621 [2] } = 2'00
    Consolidated identical input bits for $mux cell $flatten\ctrl_lp0.$procmux$603:
      Old ports: A=$flatten\ctrl_lp0.$procmux$600_Y, B=4'1000, Y=$flatten\ctrl_lp0.$procmux$603_Y
      New ports: A={ $flatten\ctrl_lp0.$procmux$600_Y [3] $flatten\ctrl_lp0.$procmux$600_Y [1:0] }, B=3'100, Y={ $flatten\ctrl_lp0.$procmux$603_Y [3] $flatten\ctrl_lp0.$procmux$603_Y [1:0] }
      New connections: $flatten\ctrl_lp0.$procmux$603_Y [2] = 1'0
    Consolidated identical input bits for $mux cell $flatten\latch_ctrl0.$procmux$953:
      Old ports: A=$flatten\latch_ctrl0.$procmux$950_Y, B=8'00000010, Y=$flatten\latch_ctrl0.$procmux$953_Y
      New ports: A={ 1'1 $flatten\latch_ctrl0.$procmux$950_Y [1:0] }, B=3'010, Y=$flatten\latch_ctrl0.$procmux$953_Y [2:0]
      New connections: $flatten\latch_ctrl0.$procmux$953_Y [7:3] = { 4'0000 $flatten\latch_ctrl0.$procmux$953_Y [0] }
  Optimizing cells in module \led_panel_128.
    Consolidated identical input bits for $mux cell $flatten\latch_ctrl0.$procmux$962:
      Old ports: A=$flatten\latch_ctrl0.$procmux$953_Y, B=8'10000000, Y=$flatten\latch_ctrl0.$procmux$962_Y
      New ports: A={ 1'0 $flatten\latch_ctrl0.$procmux$953_Y [2:0] }, B=4'1000, Y={ $flatten\latch_ctrl0.$procmux$962_Y [7] $flatten\latch_ctrl0.$procmux$962_Y [2:0] }
      New connections: $flatten\latch_ctrl0.$procmux$962_Y [6:3] = { 3'000 $flatten\latch_ctrl0.$procmux$962_Y [0] }
  Optimizing cells in module \led_panel_128.
Performed a total of 22 changes.

11.31.5. Executing OPT_MERGE pass (detect identical cells).
Finding identical cells in module `\led_panel_128'.
Removed a total of 2 cells.

11.31.6. Executing OPT_DFF pass (perform DFF optimizations).

11.31.7. Executing OPT_CLEAN pass (remove unused cells and wires).
Finding unused cells or wires in module \led_panel_128..
Removed 0 unused cells and 21 unused wires.

11.31.8. Executing OPT_EXPR pass (perform const folding).
Optimizing module led_panel_128.

11.31.9. Rerunning OPT passes. (Maybe there is more to do..)

11.31.10. Executing OPT_MUXTREE pass (detect dead branches in mux trees).
Running muxtree optimizer on module \led_panel_128..
  Creating internal representation of mux trees.
  Evaluating internal representation of mux trees.
  Analyzing evaluation results.
Removed 0 multiplexer ports.

11.31.11. Executing OPT_REDUCE pass (consolidate $*mux and $reduce_* inputs).
  Optimizing cells in module \led_panel_128.
Performed a total of 0 changes.

11.31.12. Executing OPT_MERGE pass (detect identical cells).
Finding identical cells in module `\led_panel_128'.
Removed a total of 0 cells.

11.31.13. Executing OPT_DFF pass (perform DFF optimizations).
Adding SRST signal on $$flatten\ctrl_lp0.$auto$proc_rom.cc:150:do_switch$407$rdreg[0] ($dff) from module led_panel_128 (D = $memory$flatten\ctrl_lp0.$auto$proc_rom.cc:150:do_switch$407$rdmux[0][2][1]$b$2634 [0], Q = \ctrl_lp0.ltch, rval = 1'0).
Adding SRST signal on $$flatten\ctrl_lp0.$auto$proc_rom.cc:150:do_switch$407$rdreg[0] ($dff) from module led_panel_128 (D = $memory$flatten\ctrl_lp0.$auto$proc_rom.cc:150:do_switch$407$rdmux[0][2][2]$a$2636 [2], Q = \ctrl_lp0.en_op, rval = 1'0).
Adding SRST signal on $$flatten\ctrl_lp0.$auto$proc_rom.cc:150:do_switch$407$rdreg[0] ($dff) from module led_panel_128 (D = { $memory$flatten\ctrl_lp0.$auto$proc_rom.cc:150:do_switch$407$rdmux[0][2][0]$b$2631 [4] $memory$flatten\ctrl_lp0.$auto$proc_rom.cc:150:do_switch$407$rdmux[0][2][0]$b$2631 [1] }, Q = { \ctrl_lp0.sd_cnfg \ctrl_lp0.pract }, rval = 2'00).
Adding SRST signal on $$flatten\ctrl_lp0.$auto$proc_rom.cc:150:do_switch$407$rdreg[0] ($dff) from module led_panel_128 (D = { $memory$flatten\ctrl_lp0.$auto$proc_rom.cc:150:do_switch$407$rdmux[0][2][0]$b$2631 [4] $memory$flatten\ctrl_lp0.$auto$proc_rom.cc:150:do_switch$407$rdmux[0][2][0]$b$2631 [1] }, Q = { \ctrl_lp0.wt \ctrl_lp0.dt_ld }, rval = 2'00).
Adding SRST signal on $$flatten\ctrl_lp0.$auto$proc_rom.cc:150:do_switch$407$rdreg[0] ($dff) from module led_panel_128 (D = $memory$flatten\ctrl_lp0.$auto$proc_rom.cc:150:do_switch$407$rdmux[0][2][2]$a$2636 [2], Q = \Row_dir0.vsy, rval = 1'0).
Adding SRST signal on $$flatten\ctrl_lp0.$auto$proc_rom.cc:150:do_switch$407$rdreg[0] ($dff) from module led_panel_128 (D = { $memory$flatten\ctrl_lp0.$auto$proc_rom.cc:150:do_switch$407$rdmux[0][2][0]$a$2630 [5] $memory$flatten\ctrl_lp0.$auto$proc_rom.cc:150:do_switch$407$rdmux[0][2][0]$a$2630 [3] }, Q = { \data_ctrl0.done \ctrl_lp0.ld_cnfg }, rval = 2'00).

11.31.14. Executing OPT_CLEAN pass (remove unused cells and wires).
Finding unused cells or wires in module \led_panel_128..
Removed 6 unused cells and 6 unused wires.

11.31.15. Executing OPT_EXPR pass (perform const folding).
Optimizing module led_panel_128.

11.31.16. Rerunning OPT passes. (Maybe there is more to do..)

11.31.17. Executing OPT_MUXTREE pass (detect dead branches in mux trees).
Running muxtree optimizer on module \led_panel_128..
  Creating internal representation of mux trees.
  Evaluating internal representation of mux trees.
  Analyzing evaluation results.
Removed 0 multiplexer ports.

11.31.18. Executing OPT_REDUCE pass (consolidate $*mux and $reduce_* inputs).
  Optimizing cells in module \led_panel_128.
Performed a total of 0 changes.

11.31.19. Executing OPT_MERGE pass (detect identical cells).
Finding identical cells in module `\led_panel_128'.
Removed a total of 4 cells.

11.31.20. Executing OPT_DFF pass (perform DFF optimizations).

11.31.21. Executing OPT_CLEAN pass (remove unused cells and wires).
Finding unused cells or wires in module \led_panel_128..
Removed 0 unused cells and 4 unused wires.

11.31.22. Executing OPT_EXPR pass (perform const folding).
Optimizing module led_panel_128.

11.31.23. Rerunning OPT passes. (Maybe there is more to do..)

11.31.24. Executing OPT_MUXTREE pass (detect dead branches in mux trees).
Running muxtree optimizer on module \led_panel_128..
  Creating internal representation of mux trees.
  Evaluating internal representation of mux trees.
  Analyzing evaluation results.
Removed 0 multiplexer ports.

11.31.25. Executing OPT_REDUCE pass (consolidate $*mux and $reduce_* inputs).
  Optimizing cells in module \led_panel_128.
Performed a total of 0 changes.

11.31.26. Executing OPT_MERGE pass (detect identical cells).
Finding identical cells in module `\led_panel_128'.
Removed a total of 0 cells.

11.31.27. Executing OPT_DFF pass (perform DFF optimizations).

11.31.28. Executing OPT_CLEAN pass (remove unused cells and wires).
Finding unused cells or wires in module \led_panel_128..

11.31.29. Executing OPT_EXPR pass (perform const folding).
Optimizing module led_panel_128.

11.31.30. Finished OPT passes. (There is nothing left to do.)

11.32. Executing TECHMAP pass (map to technology primitives).

11.32.1. Executing Verilog-2005 frontend: /home/leonardo/miniconda3/envs/digital/bin/../share/yosys/techmap.v
Parsing Verilog input from `/home/leonardo/miniconda3/envs/digital/bin/../share/yosys/techmap.v' to AST representation.
Generating RTLIL representation for module `\_90_simplemap_bool_ops'.
Generating RTLIL representation for module `\_90_simplemap_reduce_ops'.
Generating RTLIL representation for module `\_90_simplemap_logic_ops'.
Generating RTLIL representation for module `\_90_simplemap_compare_ops'.
Generating RTLIL representation for module `\_90_simplemap_various'.
Generating RTLIL representation for module `\_90_simplemap_registers'.
Generating RTLIL representation for module `\_90_shift_ops_shr_shl_sshl_sshr'.
Generating RTLIL representation for module `\_90_shift_shiftx'.
Generating RTLIL representation for module `\_90_fa'.
Generating RTLIL representation for module `\_90_lcu'.
Generating RTLIL representation for module `\_90_alu'.
Generating RTLIL representation for module `\_90_macc'.
Generating RTLIL representation for module `\_90_alumacc'.
Generating RTLIL representation for module `\$__div_mod_u'.
Generating RTLIL representation for module `\$__div_mod_trunc'.
Generating RTLIL representation for module `\_90_div'.
Generating RTLIL representation for module `\_90_mod'.
Generating RTLIL representation for module `\$__div_mod_floor'.
Generating RTLIL representation for module `\_90_divfloor'.
Generating RTLIL representation for module `\_90_modfloor'.
Generating RTLIL representation for module `\_90_pow'.
Generating RTLIL representation for module `\_90_pmux'.
Generating RTLIL representation for module `\_90_demux'.
Generating RTLIL representation for module `\_90_lut'.
Successfully finished Verilog frontend.

11.32.2. Executing Verilog-2005 frontend: /home/leonardo/miniconda3/envs/digital/bin/../share/yosys/ecp5/arith_map.v
Parsing Verilog input from `/home/leonardo/miniconda3/envs/digital/bin/../share/yosys/ecp5/arith_map.v' to AST representation.
Generating RTLIL representation for module `\_80_ecp5_alu'.
Successfully finished Verilog frontend.

11.32.3. Continuing TECHMAP pass.
Using extmapper simplemap for cells of type $reduce_or.
Using extmapper simplemap for cells of type $and.
Using extmapper simplemap for cells of type $sdff.
Using extmapper simplemap for cells of type $mux.
Using extmapper simplemap for cells of type $eq.
Using extmapper simplemap for cells of type $not.
Using extmapper simplemap for cells of type $or.
Using extmapper simplemap for cells of type $sdffe.
Using template $paramod$3e96e356bb68fcbd4f9c12f6d97ec8513d1af8c6\_80_ecp5_alu for cells of type $alu.
Using extmapper simplemap for cells of type $logic_not.
Using extmapper simplemap for cells of type $reduce_and.
Using extmapper simplemap for cells of type $lut.
Using template $paramod$b6ec48645094baeb70d6b93add0cdbbe7498ad3c\_90_pmux for cells of type $pmux.
Using extmapper simplemap for cells of type $logic_and.
Using extmapper simplemap for cells of type $adffe.
Using template $paramod$fc972a7a46956c1788f3cb5257b53c8f1df2d0cc\_90_alu for cells of type $alu.
Using extmapper simplemap for cells of type $reduce_bool.
Using extmapper simplemap for cells of type $dff.
Using extmapper maccmap for cells of type $macc.
  sub { \latch_ctrl0.config_num [3:1] 1'0 } (4 bits, unsigned)
  add 8'10000001 (8 bits, unsigned)
Using extmapper simplemap for cells of type $ne.
Using extmapper simplemap for cells of type $sdffce.
Using template $paramod$cc48387a3f2cae79a81035f3d5a9b4758cb77854\_80_ecp5_alu for cells of type $alu.
Using template $paramod$e04283ca12514baf3d204c6994bec8f178dd89f8\_80_ecp5_alu for cells of type $alu.
Using template $paramod$b8c0a997bce700f23568a5ada79cc6781d1f5ca0\_90_alu for cells of type $alu.
Using template $paramod$3ef7d3dd227da7627a99c5e5a6a4deb817573e39\_90_alu for cells of type $alu.
Using template $paramod$a1bc51c02ce12ac21eb18988e83292af48ed7d72\_80_ecp5_alu for cells of type $alu.
Using template $paramod$8f780356cb6cdb52f6a744190131b65634639c4e\_80_ecp5_alu for cells of type $alu.
Using template $paramod$32e7c4d6f92ff4337599ece53082d2e88a82a9f2\_90_pmux for cells of type $pmux.
Using template $paramod$ede7b58042915c15b5512c92c18754c007fd5a95\_90_pmux for cells of type $pmux.
Using template $paramod$c3cd1564c35d873179656addd6052d7ea8b6d991\_80_ecp5_alu for cells of type $alu.
Using template $paramod$2af30114e9bd4ccb04dad757b3f0a8f6bf0615b0\_80_ecp5_alu for cells of type $alu.
Using template $paramod$32a7b7b86c07519b7537abc18e96f0331f97914d\_90_alu for cells of type $alu.
Using template $paramod$3fa4d8c2b730442484d1c6f3ffc3c9e67c05faba\_80_ecp5_alu for cells of type $alu.
Using template $paramod$dbcdc7e8aa1a4080cea2deda6fdc8772064f4d90\_80_ecp5_alu for cells of type $alu.
Using template $paramod$6b90a16b6f3b57b9c9d958838204f952a01dc262\_90_alu for cells of type $alu.
Using extmapper simplemap for cells of type $logic_or.
Using template $paramod$32efbfac1c4dc57230cf86180788fdfd12e3b511\_80_ecp5_alu for cells of type $alu.
Using template $paramod$a04dd9d4d8b430140c4ff94b50470fb380fda2a0\_80_ecp5_alu for cells of type $alu.
Using template $paramod$103b4016182df467cceab67bcf3e18e6361ec0fd\_80_ecp5_alu for cells of type $alu.
Using template $paramod$672a140277c71df8314410f22acc08d55222c3c7\_80_ecp5_alu for cells of type $alu.
Using extmapper simplemap for cells of type $pos.
Using extmapper simplemap for cells of type $xor.
Using template $paramod\_90_lcu\WIDTH=32'00000000000000000000000000000011 for cells of type $lcu.
Using template $paramod\_90_lcu\WIDTH=32'00000000000000000000000000000001 for cells of type $lcu.
Using template $paramod\_90_lcu\WIDTH=32'00000000000000000000000000000100 for cells of type $lcu.
No more expansions possible.

11.33. Executing OPT pass (performing simple optimizations).

11.33.1. Executing OPT_EXPR pass (perform const folding).
Optimizing module led_panel_128.

11.33.2. Executing OPT_MERGE pass (detect identical cells).
Finding identical cells in module `\led_panel_128'.
Removed a total of 354 cells.

11.33.3. Executing OPT_DFF pass (perform DFF optimizations).

11.33.4. Executing OPT_CLEAN pass (remove unused cells and wires).
Finding unused cells or wires in module \led_panel_128..
Removed 135 unused cells and 1670 unused wires.

11.33.5. Finished fast OPT passes.

11.34. Executing OPT_CLEAN pass (remove unused cells and wires).
Finding unused cells or wires in module \led_panel_128..

11.35. Executing DFFLEGALIZE pass (convert FFs to types supported by the target).

11.36. Executing TECHMAP pass (map to technology primitives).

11.36.1. Executing Verilog-2005 frontend: /home/leonardo/miniconda3/envs/digital/bin/../share/yosys/ecp5/cells_map.v
Parsing Verilog input from `/home/leonardo/miniconda3/envs/digital/bin/../share/yosys/ecp5/cells_map.v' to AST representation.
Generating RTLIL representation for module `\$_DFF_N_'.
Generating RTLIL representation for module `\$_DFF_P_'.
Generating RTLIL representation for module `\$_DFFE_NN_'.
Generating RTLIL representation for module `\$_DFFE_PN_'.
Generating RTLIL representation for module `\$_DFFE_NP_'.
Generating RTLIL representation for module `\$_DFFE_PP_'.
Generating RTLIL representation for module `\$_DFF_NP0_'.
Generating RTLIL representation for module `\$_DFF_NP1_'.
Generating RTLIL representation for module `\$_DFF_PP0_'.
Generating RTLIL representation for module `\$_DFF_PP1_'.
Generating RTLIL representation for module `\$_SDFF_NP0_'.
Generating RTLIL representation for module `\$_SDFF_NP1_'.
Generating RTLIL representation for module `\$_SDFF_PP0_'.
Generating RTLIL representation for module `\$_SDFF_PP1_'.
Generating RTLIL representation for module `\$_DFFE_NP0P_'.
Generating RTLIL representation for module `\$_DFFE_NP1P_'.
Generating RTLIL representation for module `\$_DFFE_PP0P_'.
Generating RTLIL representation for module `\$_DFFE_PP1P_'.
Generating RTLIL representation for module `\$_DFFE_NP0N_'.
Generating RTLIL representation for module `\$_DFFE_NP1N_'.
Generating RTLIL representation for module `\$_DFFE_PP0N_'.
Generating RTLIL representation for module `\$_DFFE_PP1N_'.
Generating RTLIL representation for module `\$_SDFFE_NP0P_'.
Generating RTLIL representation for module `\$_SDFFE_NP1P_'.
Generating RTLIL representation for module `\$_SDFFE_PP0P_'.
Generating RTLIL representation for module `\$_SDFFE_PP1P_'.
Generating RTLIL representation for module `\$_SDFFE_NP0N_'.
Generating RTLIL representation for module `\$_SDFFE_NP1N_'.
Generating RTLIL representation for module `\$_SDFFE_PP0N_'.
Generating RTLIL representation for module `\$_SDFFE_PP1N_'.
Generating RTLIL representation for module `\$_ALDFF_NP_'.
Generating RTLIL representation for module `\$_ALDFF_PP_'.
Generating RTLIL representation for module `\$_ALDFFE_NPN_'.
Generating RTLIL representation for module `\$_ALDFFE_NPP_'.
Generating RTLIL representation for module `\$_ALDFFE_PPN_'.
Generating RTLIL representation for module `\$_ALDFFE_PPP_'.
Generating RTLIL representation for module `\FD1P3AX'.
Generating RTLIL representation for module `\FD1P3AY'.
Generating RTLIL representation for module `\FD1P3BX'.
Generating RTLIL representation for module `\FD1P3DX'.
Generating RTLIL representation for module `\FD1P3IX'.
Generating RTLIL representation for module `\FD1P3JX'.
Generating RTLIL representation for module `\FD1S3AX'.
Generating RTLIL representation for module `\FD1S3AY'.
Generating RTLIL representation for module `\FD1S3BX'.
Generating RTLIL representation for module `\FD1S3DX'.
Generating RTLIL representation for module `\FD1S3IX'.
Generating RTLIL representation for module `\FD1S3JX'.
Generating RTLIL representation for module `\IFS1P3BX'.
Generating RTLIL representation for module `\IFS1P3DX'.
Generating RTLIL representation for module `\IFS1P3IX'.
Generating RTLIL representation for module `\IFS1P3JX'.
Generating RTLIL representation for module `\OFS1P3BX'.
Generating RTLIL representation for module `\OFS1P3DX'.
Generating RTLIL representation for module `\OFS1P3IX'.
Generating RTLIL representation for module `\OFS1P3JX'.
Generating RTLIL representation for module `\IB'.
Generating RTLIL representation for module `\IBPU'.
Generating RTLIL representation for module `\IBPD'.
Generating RTLIL representation for module `\OB'.
Generating RTLIL representation for module `\OBZ'.
Generating RTLIL representation for module `\OBZPU'.
Generating RTLIL representation for module `\OBZPD'.
Generating RTLIL representation for module `\OBCO'.
Generating RTLIL representation for module `\BB'.
Generating RTLIL representation for module `\BBPU'.
Generating RTLIL representation for module `\BBPD'.
Generating RTLIL representation for module `\ILVDS'.
Generating RTLIL representation for module `\OLVDS'.
Successfully finished Verilog frontend.

11.36.2. Continuing TECHMAP pass.
Using template $paramod\$_DFF_N_\_TECHMAP_WIREINIT_Q_=1'x for cells of type $_DFF_N_.
Using template \$_SDFF_PP0_ for cells of type $_SDFF_PP0_.
Using template \$_SDFF_NP0_ for cells of type $_SDFF_NP0_.
Using template \$_DFFE_NP0P_ for cells of type $_DFFE_NP0P_.
Using template \$_SDFFE_PP1N_ for cells of type $_SDFFE_PP1N_.
Using template \$_SDFFE_PP0N_ for cells of type $_SDFFE_PP0N_.
Using template \$_SDFFE_PP0P_ for cells of type $_SDFFE_PP0P_.
Using template \$_SDFFE_PP1P_ for cells of type $_SDFFE_PP1P_.
Using template \$_SDFFE_NP0P_ for cells of type $_SDFFE_NP0P_.
Using template \$_SDFF_NP1_ for cells of type $_SDFF_NP1_.
Using template \$_DFFE_NP1P_ for cells of type $_DFFE_NP1P_.
Using template \$_SDFFE_NP1P_ for cells of type $_SDFFE_NP1P_.
Using template \$_SDFF_PP1_ for cells of type $_SDFF_PP1_.
No more expansions possible.

11.37. Executing OPT_EXPR pass (perform const folding).
Optimizing module led_panel_128.

11.38. Executing SIMPLEMAP pass (map simple cells to gate primitives).

11.39. Executing LATTICE_GSR pass (implement FF init values).
Handling GSR in led_panel_128.

11.40. Executing ATTRMVCP pass (move or copy attributes).

11.41. Executing OPT_CLEAN pass (remove unused cells and wires).
Finding unused cells or wires in module \led_panel_128..
Removed 0 unused cells and 1897 unused wires.

11.42. Executing TECHMAP pass (map to technology primitives).

11.42.1. Executing Verilog-2005 frontend: /home/leonardo/miniconda3/envs/digital/bin/../share/yosys/ecp5/latches_map.v
Parsing Verilog input from `/home/leonardo/miniconda3/envs/digital/bin/../share/yosys/ecp5/latches_map.v' to AST representation.
Generating RTLIL representation for module `\$_DLATCH_N_'.
Generating RTLIL representation for module `\$_DLATCH_P_'.
Successfully finished Verilog frontend.

11.42.2. Continuing TECHMAP pass.
No more expansions possible.

11.43. Executing ABC pass (technology mapping using ABC).

11.43.1. Extracting gate netlist of module `\led_panel_128' to `<abc-temp-dir>/input.blif'..
Extracted 1790 gates and 2270 wires to a netlist network with 478 inputs and 205 outputs.

11.43.1.1. Executing ABC.
Running ABC command: "<yosys-exe-dir>/yosys-abc" -s -f <abc-temp-dir>/abc.script 2>&1
ABC: ABC command line: "source <abc-temp-dir>/abc.script".
ABC: 
ABC: + read_blif <abc-temp-dir>/input.blif 
ABC: + read_lut <abc-temp-dir>/lutdefs.txt 
ABC: + strash 
ABC: + &get -n 
ABC: + &fraig -x 
ABC: + &put 
ABC: + scorr 
ABC: Warning: The network is combinational (run "fraig" or "fraig_sweep").
ABC: + dc2 
ABC: + dretime 
ABC: + strash 
ABC: + dch -f 
ABC: + if 
ABC: + mfs2 
ABC: + dress <abc-temp-dir>/input.blif 
ABC: Total number of equiv classes                =     685.
ABC: Participating nodes from both networks       =    1421.
ABC: Participating nodes from the first network   =     686. (  85.64 % of nodes)
ABC: Participating nodes from the second network  =     735. (  91.76 % of nodes)
ABC: Node pairs (any polarity)                    =     686. (  85.64 % of names can be moved)
ABC: Node pairs (same polarity)                   =     318. (  39.70 % of names can be moved)
ABC: Total runtime =     0.05 sec
ABC: + write_blif <abc-temp-dir>/output.blif 

11.43.1.2. Re-integrating ABC results.
ABC RESULTS:              $lut cells:      800
ABC RESULTS:        internal signals:     1587
ABC RESULTS:           input signals:      478
ABC RESULTS:          output signals:      205
Removing temp directory.
Removed 0 unused cells and 736 unused wires.

11.44. Executing TECHMAP pass (map to technology primitives).

11.44.1. Executing Verilog-2005 frontend: /home/leonardo/miniconda3/envs/digital/bin/../share/yosys/ecp5/cells_map.v
Parsing Verilog input from `/home/leonardo/miniconda3/envs/digital/bin/../share/yosys/ecp5/cells_map.v' to AST representation.
Generating RTLIL representation for module `\$_DFF_N_'.
Generating RTLIL representation for module `\$_DFF_P_'.
Generating RTLIL representation for module `\$_DFFE_NN_'.
Generating RTLIL representation for module `\$_DFFE_PN_'.
Generating RTLIL representation for module `\$_DFFE_NP_'.
Generating RTLIL representation for module `\$_DFFE_PP_'.
Generating RTLIL representation for module `\$_DFF_NP0_'.
Generating RTLIL representation for module `\$_DFF_NP1_'.
Generating RTLIL representation for module `\$_DFF_PP0_'.
Generating RTLIL representation for module `\$_DFF_PP1_'.
Generating RTLIL representation for module `\$_SDFF_NP0_'.
Generating RTLIL representation for module `\$_SDFF_NP1_'.
Generating RTLIL representation for module `\$_SDFF_PP0_'.
Generating RTLIL representation for module `\$_SDFF_PP1_'.
Generating RTLIL representation for module `\$_DFFE_NP0P_'.
Generating RTLIL representation for module `\$_DFFE_NP1P_'.
Generating RTLIL representation for module `\$_DFFE_PP0P_'.
Generating RTLIL representation for module `\$_DFFE_PP1P_'.
Generating RTLIL representation for module `\$_DFFE_NP0N_'.
Generating RTLIL representation for module `\$_DFFE_NP1N_'.
Generating RTLIL representation for module `\$_DFFE_PP0N_'.
Generating RTLIL representation for module `\$_DFFE_PP1N_'.
Generating RTLIL representation for module `\$_SDFFE_NP0P_'.
Generating RTLIL representation for module `\$_SDFFE_NP1P_'.
Generating RTLIL representation for module `\$_SDFFE_PP0P_'.
Generating RTLIL representation for module `\$_SDFFE_PP1P_'.
Generating RTLIL representation for module `\$_SDFFE_NP0N_'.
Generating RTLIL representation for module `\$_SDFFE_NP1N_'.
Generating RTLIL representation for module `\$_SDFFE_PP0N_'.
Generating RTLIL representation for module `\$_SDFFE_PP1N_'.
Generating RTLIL representation for module `\$_ALDFF_NP_'.
Generating RTLIL representation for module `\$_ALDFF_PP_'.
Generating RTLIL representation for module `\$_ALDFFE_NPN_'.
Generating RTLIL representation for module `\$_ALDFFE_NPP_'.
Generating RTLIL representation for module `\$_ALDFFE_PPN_'.
Generating RTLIL representation for module `\$_ALDFFE_PPP_'.
Generating RTLIL representation for module `\FD1P3AX'.
Generating RTLIL representation for module `\FD1P3AY'.
Generating RTLIL representation for module `\FD1P3BX'.
Generating RTLIL representation for module `\FD1P3DX'.
Generating RTLIL representation for module `\FD1P3IX'.
Generating RTLIL representation for module `\FD1P3JX'.
Generating RTLIL representation for module `\FD1S3AX'.
Generating RTLIL representation for module `\FD1S3AY'.
Generating RTLIL representation for module `\FD1S3BX'.
Generating RTLIL representation for module `\FD1S3DX'.
Generating RTLIL representation for module `\FD1S3IX'.
Generating RTLIL representation for module `\FD1S3JX'.
Generating RTLIL representation for module `\IFS1P3BX'.
Generating RTLIL representation for module `\IFS1P3DX'.
Generating RTLIL representation for module `\IFS1P3IX'.
Generating RTLIL representation for module `\IFS1P3JX'.
Generating RTLIL representation for module `\OFS1P3BX'.
Generating RTLIL representation for module `\OFS1P3DX'.
Generating RTLIL representation for module `\OFS1P3IX'.
Generating RTLIL representation for module `\OFS1P3JX'.
Generating RTLIL representation for module `\IB'.
Generating RTLIL representation for module `\IBPU'.
Generating RTLIL representation for module `\IBPD'.
Generating RTLIL representation for module `\OB'.
Generating RTLIL representation for module `\OBZ'.
Generating RTLIL representation for module `\OBZPU'.
Generating RTLIL representation for module `\OBZPD'.
Generating RTLIL representation for module `\OBCO'.
Generating RTLIL representation for module `\BB'.
Generating RTLIL representation for module `\BBPU'.
Generating RTLIL representation for module `\BBPD'.
Generating RTLIL representation for module `\ILVDS'.
Generating RTLIL representation for module `\OLVDS'.
Generating RTLIL representation for module `\$lut'.
Successfully finished Verilog frontend.

11.44.2. Continuing TECHMAP pass.
Using template $paramod\$lut\WIDTH=32'00000000000000000000000000000011\LUT=8'01010011 for cells of type $lut.
Using template $paramod$304e202c92162a193a2dec6fabf3f1f2aababbf6\$lut for cells of type $lut.
Using template $paramod$8f9b5d9cbc438fd3f8c43d1f44148b9080761718\$lut for cells of type $lut.
Using template $paramod$3d0c47b0621d310e56b9ae99ea4157c3d4ccc1fa\$lut for cells of type $lut.
Using template $paramod$82b4a585d1edcb5c6e755dc9bd3392228a1c1304\$lut for cells of type $lut.
Using template $paramod\$lut\WIDTH=32'00000000000000000000000000000010\LUT=4'0100 for cells of type $lut.
Using template $paramod$001d9634602f00137f774620efde4c651c7a59ca\$lut for cells of type $lut.
Using template $paramod$6e238df02989b317f10820a22773676e71120644\$lut for cells of type $lut.
Using template $paramod$658b9ed803f0d3d335616d3858b53e0a2522f1e8\$lut for cells of type $lut.
Using template $paramod\$lut\WIDTH=32'00000000000000000000000000000010\LUT=4'1000 for cells of type $lut.
Using template $paramod$260a5dbd3303020bf6bacc5a8a6807c6aca3c9ab\$lut for cells of type $lut.
Using template $paramod\$lut\WIDTH=32'00000000000000000000000000000011\LUT=8'10100011 for cells of type $lut.
Using template $paramod$a9b655d1d12a873ffe40dbe95c71f233bdb7eee1\$lut for cells of type $lut.
Using template $paramod$07b2f20652759ac1d82dcebcaf2b858bc9fc6f9f\$lut for cells of type $lut.
Using template $paramod$05798ad0383949e9e0b853fe3a12101316ef6a1f\$lut for cells of type $lut.
Using template $paramod\$lut\WIDTH=32'00000000000000000000000000000011\LUT=8'11111110 for cells of type $lut.
Using template $paramod$43779580bfffd5d5a9f321249a174febf1dac288\$lut for cells of type $lut.
Using template $paramod\$lut\WIDTH=32'00000000000000000000000000000011\LUT=8'11010011 for cells of type $lut.
Using template $paramod\$lut\WIDTH=32'00000000000000000000000000000011\LUT=8'10000011 for cells of type $lut.
Using template $paramod$d6beb6785a63f4c11582758a2b44a1714c6fd183\$lut for cells of type $lut.
Using template $paramod$e5759512db67494ff77fbdfc66dff4006376568f\$lut for cells of type $lut.
Using template $paramod$fee164f126f2f698e386e2b1dd2430ec45b24e8c\$lut for cells of type $lut.
Using template $paramod$8807205219b93307481bfc9687046ca615e3ea86\$lut for cells of type $lut.
Using template $paramod$c1a5be6d03a332eac3e4dc3afe9ed5d8e4f9d2ad\$lut for cells of type $lut.
Using template $paramod$4cb97eaba15319fdf6775bbff4edef1b5c8ce027\$lut for cells of type $lut.
Using template $paramod$7d6d00efd40ab85f77fe54305e568c65f7077565\$lut for cells of type $lut.
Using template $paramod\$lut\WIDTH=32'00000000000000000000000000000011\LUT=8'01000000 for cells of type $lut.
Using template $paramod$b75e8306635d621cb7e96e5d2ad1327ab1afa025\$lut for cells of type $lut.
Using template $paramod$85a48becad696d50f8e2491553370d9370255712\$lut for cells of type $lut.
Using template $paramod$c1a19a87ccbbb03d43a72335db63f692ddf82cc1\$lut for cells of type $lut.
Using template $paramod\$lut\WIDTH=32'00000000000000000000000000000011\LUT=8'00001011 for cells of type $lut.
Using template $paramod$2ea69c779d6c1b79ac5a87b0d1523c67d5628dba\$lut for cells of type $lut.
Using template $paramod$48b59a2cc8eb78ed21ce341ecba9ed18b61dd240\$lut for cells of type $lut.
Using template $paramod$e97f685854b458aa1df6df7826b434bf1c5201c1\$lut for cells of type $lut.
Using template $paramod$b4f85a6321a00b090afc4e21d68e7b99eb94d149\$lut for cells of type $lut.
Using template $paramod$e86b3fbc06ee207ea47068e0cf3fea3707f212d1\$lut for cells of type $lut.
Using template $paramod$5943d2a8659df24c2dd4e4516f384ac8e23fddbe\$lut for cells of type $lut.
Using template $paramod\$lut\WIDTH=32'00000000000000000000000000000011\LUT=8'10111101 for cells of type $lut.
Using template $paramod$bdf419d22433c3d25a0b4ab3f6a63d8c030b251f\$lut for cells of type $lut.
Using template $paramod$272652f6c6fbe9a75eff76e45cc7e2788835518b\$lut for cells of type $lut.
Using template $paramod$a3cdc1eb771a2c6a16f64da161e11100ac409d2b\$lut for cells of type $lut.
Using template $paramod\$lut\WIDTH=32'00000000000000000000000000000011\LUT=8'10000000 for cells of type $lut.
Using template $paramod\$lut\WIDTH=32'00000000000000000000000000000010\LUT=4'1110 for cells of type $lut.
Using template $paramod$a22ed9b1e9c61aec3611ab4051664e5ff88b2ef1\$lut for cells of type $lut.
Using template $paramod\$lut\WIDTH=32'00000000000000000000000000000011\LUT=8'00010000 for cells of type $lut.
Using template $paramod$2d07c1a6c53c7b878509360922c4fa5ebedc3011\$lut for cells of type $lut.
Using template $paramod$571404c0889eaf57f492cb5e37f8acb5df5852f9\$lut for cells of type $lut.
Using template $paramod\$lut\WIDTH=32'00000000000000000000000000000001\LUT=2'01 for cells of type $lut.
Using template $paramod$2902eb8ec3ca272968b5d8a7010e48f85069ed0f\$lut for cells of type $lut.
Using template $paramod$eba7de026ff587370e320127e266317dae097a89\$lut for cells of type $lut.
Using template $paramod$5e2a69224821090237a6f680895e4021aa1b2422\$lut for cells of type $lut.
Using template $paramod$6d6beead1425af15cf78b27fd9b11b41b5d4bce8\$lut for cells of type $lut.
Using template $paramod$5d4c53e7bbd7ad8c99a2f411e17e4d282ce78a7b\$lut for cells of type $lut.
Using template $paramod$359fe4e746656bf9c72aecaff84fc7bdea9f55a5\$lut for cells of type $lut.
Using template $paramod\$lut\WIDTH=32'00000000000000000000000000000011\LUT=8'10110000 for cells of type $lut.
Using template $paramod$8b5cfd51a136f15086c81819c3ac4e80128b684d\$lut for cells of type $lut.
Using template $paramod$fe9a0158d0352193457c4f5b6282ac86d35fb3ee\$lut for cells of type $lut.
Using template $paramod\$lut\WIDTH=32'00000000000000000000000000000011\LUT=8'00110101 for cells of type $lut.
Using template $paramod$b297295e19b03521716155b85537bbe86d6a9ae6\$lut for cells of type $lut.
Using template $paramod\$lut\WIDTH=32'00000000000000000000000000000010\LUT=4'0001 for cells of type $lut.
Using template $paramod$4b2297966ddb718657b80566604f97685ffc0120\$lut for cells of type $lut.
Using template $paramod$c99b837b8618b43c63acd6ef6d4a6b609b30b8f6\$lut for cells of type $lut.
Using template $paramod$5afdc7428159757eedf89ce514f7efa32b31c8e7\$lut for cells of type $lut.
Using template $paramod$b5419081c83280da73fc46f1db9bfd205ebc2101\$lut for cells of type $lut.
Using template $paramod$6588aa0fd026f4dfbb19aae72d960bcf4a055c91\$lut for cells of type $lut.
Using template $paramod$6b0849254d6c87461fb93e37cc18f089f61eb912\$lut for cells of type $lut.
Using template $paramod\$lut\WIDTH=32'00000000000000000000000000000011\LUT=8'00000111 for cells of type $lut.
Using template $paramod$511945cd5a0d193e431262b096acc025d3b9114b\$lut for cells of type $lut.
Using template $paramod\$lut\WIDTH=32'00000000000000000000000000000011\LUT=8'11101111 for cells of type $lut.
Using template $paramod\$lut\WIDTH=32'00000000000000000000000000000010\LUT=4'0111 for cells of type $lut.
Using template $paramod$1843b3c15f2447d117e2d5de9b00f791ef5f9fa3\$lut for cells of type $lut.
Using template $paramod\$lut\WIDTH=32'00000000000000000000000000000010\LUT=4'1011 for cells of type $lut.
Using template $paramod$d35161d1d7976dcc02e7c7d51172431be85143b4\$lut for cells of type $lut.
Using template $paramod$d53578aacfd93124244778d88be0e90eb09c1b1b\$lut for cells of type $lut.
Using template $paramod$fceb3a526de44b8f6b38e567360f59f7cf5878fb\$lut for cells of type $lut.
Using template $paramod\$lut\WIDTH=32'00000000000000000000000000000011\LUT=8'00000001 for cells of type $lut.
Using template $paramod$179512a187da069f3b79ef6612a41e494e7d54b6\$lut for cells of type $lut.
Using template $paramod$ab8bb87959c5d7cfa27886cee1355b38e054a61a\$lut for cells of type $lut.
Using template $paramod$2382b0dd4cb27fd4312681c40a6dd179c2a7a26a\$lut for cells of type $lut.
Using template $paramod$c5f3c57a6d466a2f42208bafb8985b96ce884440\$lut for cells of type $lut.
Using template $paramod\$lut\WIDTH=32'00000000000000000000000000000011\LUT=8'01110000 for cells of type $lut.
Using template $paramod$8c2c1e59c8876a3c2b20cc33cb8585da498e9286\$lut for cells of type $lut.
Using template $paramod\$lut\WIDTH=32'00000000000000000000000000000011\LUT=8'10101100 for cells of type $lut.
Using template $paramod$f221fab9e4027eda401558654a0658fdeb890f59\$lut for cells of type $lut.
Using template $paramod$81d8a60fd95b1a9f9ef71c12a774ae6988cb9fd5\$lut for cells of type $lut.
Using template $paramod$0a9f8f0b37cfa5c6d502fbe3a580405dbdc9721a\$lut for cells of type $lut.
Using template $paramod$048d4aa2263b685fba6c6b0d38f6224df0dc3042\$lut for cells of type $lut.
Using template $paramod$12879138d1e376f344e47ea40be66b776233be75\$lut for cells of type $lut.
Using template $paramod$d37542936133a6c900bf891757b190c3be042f49\$lut for cells of type $lut.
Using template $paramod$722bfd9af0ae56ca9d1d12a221cb5ede16461f26\$lut for cells of type $lut.
Using template $paramod\$lut\WIDTH=32'00000000000000000000000000000011\LUT=8'10111111 for cells of type $lut.
Using template $paramod\$lut\WIDTH=32'00000000000000000000000000000011\LUT=8'01111000 for cells of type $lut.
Using template $paramod$3c6131c40f3b187ed8b59592566471da93a8a3a5\$lut for cells of type $lut.
Using template $paramod$044e8b1893c94f717651c5cd428e71c892566f52\$lut for cells of type $lut.
Using template $paramod$53ce561f80f32d4298a3beadc88b6c5c78293221\$lut for cells of type $lut.
Using template $paramod$a50be0e6fa3a01511bb234559cb74fb8bd3e2061\$lut for cells of type $lut.
Using template $paramod$69a53c0e7929c5ec9a257214adc1888ea64c5aa8\$lut for cells of type $lut.
Using template $paramod$4789582d00084c3344b7a6dacf516efd46244876\$lut for cells of type $lut.
Using template $paramod$fc318a7df7fe07fd6e06d67fcbc358e9823ea389\$lut for cells of type $lut.
Using template $paramod$29a4d0c6059d145fabdbb76bae6a8ddc030e61d0\$lut for cells of type $lut.
Using template $paramod$64669a7e87c28e39425dffff48145545533b4971\$lut for cells of type $lut.
Using template $paramod$5a621b016c894274d07edef48c49b401a15fd796\$lut for cells of type $lut.
Using template $paramod\$lut\WIDTH=32'00000000000000000000000000000010\LUT=4'0110 for cells of type $lut.
Using template $paramod$06b5f7e5a17024622a77ecd9b5b6f113e0b34c96\$lut for cells of type $lut.
Using template $paramod\$lut\WIDTH=32'00000000000000000000000000000011\LUT=8'00011100 for cells of type $lut.
Using template $paramod$35492f7ebd488614934dd833b8d78af004e8100f\$lut for cells of type $lut.
Using template $paramod$c225e12e3a5fb54c236437ee45dfa2712b52dbfc\$lut for cells of type $lut.
Using template $paramod$279a8d961e6b2ded8450bee8ed637cb9efa31f02\$lut for cells of type $lut.
Using template $paramod$b4d0f4738a5ce50c7f36c2aa2ecc09cfb874f2b6\$lut for cells of type $lut.
Using template $paramod$3204210736873ef5d53b95f3dbe4714b354f9351\$lut for cells of type $lut.
Using template $paramod$703a13a751e631ef123f38f7d2125aeabec0f94c\$lut for cells of type $lut.
Using template $paramod$ec5e0a303275baaf33f1dbc91b96261ef3e8208b\$lut for cells of type $lut.
Using template $paramod\$lut\WIDTH=32'00000000000000000000000000000011\LUT=8'11100000 for cells of type $lut.
Using template $paramod$965f8f2fa1a796a6c51222eabb50fbd26e97d98b\$lut for cells of type $lut.
No more expansions possible.

11.45. Executing OPT_LUT_INS pass (discard unused LUT inputs).
Optimizing LUTs in led_panel_128.
  Optimizing lut $abc$8899$auto$blifparse.cc:525:parse_blif$9112.genblk1.genblk1.genblk1.genblk1.genblk1.lut1 (4 -> 3)
  Optimizing lut $abc$8899$auto$blifparse.cc:525:parse_blif$9105.genblk1.genblk1.genblk1.genblk1.genblk1.genblk1.genblk1.lut2 (4 -> 1)
  Optimizing lut $abc$8899$auto$blifparse.cc:525:parse_blif$9105.genblk1.genblk1.genblk1.genblk1.genblk1.genblk1.genblk1.lut3 (4 -> 1)
  Optimizing lut $abc$8899$auto$blifparse.cc:525:parse_blif$9105.genblk1.genblk1.genblk1.genblk1.genblk1.genblk1.genblk1.lut4 (4 -> 1)
  Optimizing lut $abc$8899$auto$blifparse.cc:525:parse_blif$9105.genblk1.genblk1.genblk1.genblk1.genblk1.genblk1.genblk1.lut5 (4 -> 1)
  Optimizing lut $abc$8899$auto$blifparse.cc:525:parse_blif$9105.genblk1.genblk1.genblk1.genblk1.genblk1.genblk1.genblk1.lut6 (4 -> 3)
  Optimizing lut $abc$8899$auto$blifparse.cc:525:parse_blif$9105.genblk1.genblk1.genblk1.genblk1.genblk1.genblk1.genblk1.lut7 (4 -> 1)
  Optimizing lut $abc$8899$auto$blifparse.cc:525:parse_blif$9101.genblk1.genblk1.genblk1.genblk1.genblk1.genblk1.genblk1.lut2 (4 -> 3)
  Optimizing lut $abc$8899$auto$blifparse.cc:525:parse_blif$9101.genblk1.genblk1.genblk1.genblk1.genblk1.genblk1.genblk1.lut3 (4 -> 3)
  Optimizing lut $abc$8899$auto$blifparse.cc:525:parse_blif$9101.genblk1.genblk1.genblk1.genblk1.genblk1.genblk1.genblk1.lut4 (4 -> 0)
  Optimizing lut $abc$8899$auto$blifparse.cc:525:parse_blif$9101.genblk1.genblk1.genblk1.genblk1.genblk1.genblk1.genblk1.lut5 (4 -> 0)
  Optimizing lut $abc$8899$auto$blifparse.cc:525:parse_blif$9101.genblk1.genblk1.genblk1.genblk1.genblk1.genblk1.genblk1.lut6 (4 -> 1)
  Optimizing lut $abc$8899$auto$blifparse.cc:525:parse_blif$9101.genblk1.genblk1.genblk1.genblk1.genblk1.genblk1.genblk1.lut7 (4 -> 1)
  Optimizing lut $abc$8899$auto$blifparse.cc:525:parse_blif$9091.genblk1.genblk1.genblk1.genblk1.genblk1.lut1 (4 -> 2)
  Optimizing lut $abc$8899$auto$blifparse.cc:525:parse_blif$9135.genblk1.genblk1.genblk1.genblk1.genblk1.lut1 (4 -> 1)
  Optimizing lut $abc$8899$auto$blifparse.cc:525:parse_blif$9136.genblk1.genblk1.genblk1.genblk1.genblk1.lut1 (4 -> 3)
  Optimizing lut $abc$8899$auto$blifparse.cc:525:parse_blif$9138.genblk1.genblk1.genblk1.genblk1.genblk1.genblk1.genblk1.lut2 (4 -> 3)
  Optimizing lut $abc$8899$auto$blifparse.cc:525:parse_blif$9138.genblk1.genblk1.genblk1.genblk1.genblk1.genblk1.genblk1.lut3 (4 -> 3)
  Optimizing lut $abc$8899$auto$blifparse.cc:525:parse_blif$9138.genblk1.genblk1.genblk1.genblk1.genblk1.genblk1.genblk1.lut4 (4 -> 0)
  Optimizing lut $abc$8899$auto$blifparse.cc:525:parse_blif$9138.genblk1.genblk1.genblk1.genblk1.genblk1.genblk1.genblk1.lut5 (4 -> 0)
  Optimizing lut $abc$8899$auto$blifparse.cc:525:parse_blif$9138.genblk1.genblk1.genblk1.genblk1.genblk1.genblk1.genblk1.lut6 (4 -> 1)
  Optimizing lut $abc$8899$auto$blifparse.cc:525:parse_blif$9138.genblk1.genblk1.genblk1.genblk1.genblk1.genblk1.genblk1.lut7 (4 -> 1)
  Optimizing lut $abc$8899$auto$blifparse.cc:525:parse_blif$9442.genblk1.genblk1.genblk1.genblk1.genblk1.lut1 (4 -> 1)
  Optimizing lut $abc$8899$auto$blifparse.cc:525:parse_blif$9443.genblk1.genblk1.genblk1.genblk1.genblk1.lut1 (4 -> 3)
  Optimizing lut $abc$8899$auto$blifparse.cc:525:parse_blif$9260.genblk1.genblk1.genblk1.genblk1.genblk1.lut1 (4 -> 3)
  Optimizing lut $abc$8899$auto$blifparse.cc:525:parse_blif$9351.genblk1.genblk1.genblk1.genblk1.genblk1.lut1 (4 -> 1)
  Optimizing lut $abc$8899$auto$blifparse.cc:525:parse_blif$9455.genblk1.genblk1.genblk1.genblk1.genblk1.lut1 (4 -> 3)
  Optimizing lut $abc$8899$auto$blifparse.cc:525:parse_blif$9463.genblk1.genblk1.genblk1.genblk1.genblk1.genblk1.lut2 (4 -> 1)
  Optimizing lut $abc$8899$auto$blifparse.cc:525:parse_blif$9463.genblk1.genblk1.genblk1.genblk1.genblk1.genblk1.lut3 (4 -> 0)
  Optimizing lut $abc$8899$auto$blifparse.cc:525:parse_blif$9206.genblk1.genblk1.genblk1.genblk1.genblk1.lut1 (4 -> 1)
  Optimizing lut $abc$8899$auto$blifparse.cc:525:parse_blif$9167.genblk1.genblk1.genblk1.genblk1.genblk1.lut1 (4 -> 3)
  Optimizing lut $abc$8899$auto$blifparse.cc:525:parse_blif$9230.genblk1.genblk1.genblk1.genblk1.genblk1.lut1 (4 -> 1)
  Optimizing lut $abc$8899$auto$blifparse.cc:525:parse_blif$9231.genblk1.genblk1.genblk1.genblk1.genblk1.lut1 (4 -> 3)
  Optimizing lut $abc$8899$auto$blifparse.cc:525:parse_blif$9554.genblk1.genblk1.genblk1.genblk1.genblk1.genblk1.lut2 (4 -> 1)
  Optimizing lut $abc$8899$auto$blifparse.cc:525:parse_blif$9554.genblk1.genblk1.genblk1.genblk1.genblk1.genblk1.lut3 (4 -> 0)
  Optimizing lut $abc$8899$auto$blifparse.cc:525:parse_blif$9281.genblk1.genblk1.genblk1.genblk1.genblk1.genblk1.lut2 (4 -> 1)
  Optimizing lut $abc$8899$auto$blifparse.cc:525:parse_blif$9281.genblk1.genblk1.genblk1.genblk1.genblk1.genblk1.lut3 (4 -> 0)
  Optimizing lut $abc$8899$auto$blifparse.cc:525:parse_blif$9339.genblk1.genblk1.genblk1.genblk1.genblk1.lut1 (4 -> 1)
  Optimizing lut $abc$8899$auto$blifparse.cc:525:parse_blif$9340.genblk1.genblk1.genblk1.genblk1.genblk1.lut1 (4 -> 3)
  Optimizing lut $abc$8899$auto$blifparse.cc:525:parse_blif$9261.genblk1.genblk1.genblk1.genblk1.genblk1.genblk1.genblk1.lut2 (4 -> 1)
  Optimizing lut $abc$8899$auto$blifparse.cc:525:parse_blif$9261.genblk1.genblk1.genblk1.genblk1.genblk1.genblk1.genblk1.lut3 (4 -> 1)
  Optimizing lut $abc$8899$auto$blifparse.cc:525:parse_blif$9261.genblk1.genblk1.genblk1.genblk1.genblk1.genblk1.genblk1.lut4 (4 -> 1)
  Optimizing lut $abc$8899$auto$blifparse.cc:525:parse_blif$9261.genblk1.genblk1.genblk1.genblk1.genblk1.genblk1.genblk1.lut5 (4 -> 1)
  Optimizing lut $abc$8899$auto$blifparse.cc:525:parse_blif$9261.genblk1.genblk1.genblk1.genblk1.genblk1.genblk1.genblk1.lut6 (4 -> 3)
  Optimizing lut $abc$8899$auto$blifparse.cc:525:parse_blif$9261.genblk1.genblk1.genblk1.genblk1.genblk1.genblk1.genblk1.lut7 (4 -> 1)
  Optimizing lut $abc$8899$auto$blifparse.cc:525:parse_blif$9372.genblk1.genblk1.genblk1.genblk1.genblk1.genblk1.lut2 (4 -> 1)
  Optimizing lut $abc$8899$auto$blifparse.cc:525:parse_blif$9372.genblk1.genblk1.genblk1.genblk1.genblk1.genblk1.lut3 (4 -> 0)
  Optimizing lut $abc$8899$auto$blifparse.cc:525:parse_blif$9279.genblk1.genblk1.genblk1.genblk1.genblk1.lut1 (4 -> 2)
  Optimizing lut $abc$8899$auto$blifparse.cc:525:parse_blif$9370.genblk1.genblk1.genblk1.genblk1.genblk1.lut1 (4 -> 2)
  Optimizing lut $abc$8899$auto$blifparse.cc:525:parse_blif$9025.genblk1.genblk1.genblk1.genblk1.genblk1.lut1 (4 -> 0)
  Optimizing lut $abc$8899$auto$blifparse.cc:525:parse_blif$8993.genblk1.genblk1.genblk1.genblk1.genblk1.genblk1.genblk1.lut2 (4 -> 0)
  Optimizing lut $abc$8899$auto$blifparse.cc:525:parse_blif$8993.genblk1.genblk1.genblk1.genblk1.genblk1.genblk1.genblk1.lut3 (4 -> 0)
  Optimizing lut $abc$8899$auto$blifparse.cc:525:parse_blif$8993.genblk1.genblk1.genblk1.genblk1.genblk1.genblk1.genblk1.lut4 (4 -> 0)
  Optimizing lut $abc$8899$auto$blifparse.cc:525:parse_blif$8993.genblk1.genblk1.genblk1.genblk1.genblk1.genblk1.genblk1.lut5 (4 -> 0)
  Optimizing lut $abc$8899$auto$blifparse.cc:525:parse_blif$8993.genblk1.genblk1.genblk1.genblk1.genblk1.genblk1.genblk1.lut7 (4 -> 0)
  Optimizing lut $abc$8899$auto$blifparse.cc:525:parse_blif$9172.genblk1.genblk1.genblk1.genblk1.genblk1.lut1 (4 -> 1)
  Optimizing lut $abc$8899$auto$blifparse.cc:525:parse_blif$9194.genblk1.genblk1.genblk1.genblk1.genblk1.lut1 (4 -> 1)
  Optimizing lut $abc$8899$auto$blifparse.cc:525:parse_blif$9346.genblk1.genblk1.genblk1.genblk1.genblk1.genblk1.genblk1.lut2 (4 -> 1)
  Optimizing lut $abc$8899$auto$blifparse.cc:525:parse_blif$9346.genblk1.genblk1.genblk1.genblk1.genblk1.genblk1.genblk1.lut3 (4 -> 1)
  Optimizing lut $abc$8899$auto$blifparse.cc:525:parse_blif$9346.genblk1.genblk1.genblk1.genblk1.genblk1.genblk1.genblk1.lut4 (4 -> 1)
  Optimizing lut $abc$8899$auto$blifparse.cc:525:parse_blif$9346.genblk1.genblk1.genblk1.genblk1.genblk1.genblk1.genblk1.lut5 (4 -> 1)
  Optimizing lut $abc$8899$auto$blifparse.cc:525:parse_blif$9346.genblk1.genblk1.genblk1.genblk1.genblk1.genblk1.genblk1.lut6 (4 -> 3)
  Optimizing lut $abc$8899$auto$blifparse.cc:525:parse_blif$9346.genblk1.genblk1.genblk1.genblk1.genblk1.genblk1.genblk1.lut7 (4 -> 1)
  Optimizing lut $abc$8899$auto$blifparse.cc:525:parse_blif$9285.genblk1.genblk1.genblk1.genblk1.genblk1.lut1 (4 -> 1)
  Optimizing lut $abc$8899$auto$blifparse.cc:525:parse_blif$9288.genblk1.genblk1.genblk1.genblk1.genblk1.genblk1.genblk1.lut2 (4 -> 3)
  Optimizing lut $abc$8899$auto$blifparse.cc:525:parse_blif$9288.genblk1.genblk1.genblk1.genblk1.genblk1.genblk1.genblk1.lut3 (4 -> 3)
  Optimizing lut $abc$8899$auto$blifparse.cc:525:parse_blif$9288.genblk1.genblk1.genblk1.genblk1.genblk1.genblk1.genblk1.lut4 (4 -> 0)
  Optimizing lut $abc$8899$auto$blifparse.cc:525:parse_blif$9288.genblk1.genblk1.genblk1.genblk1.genblk1.genblk1.genblk1.lut5 (4 -> 0)
  Optimizing lut $abc$8899$auto$blifparse.cc:525:parse_blif$9288.genblk1.genblk1.genblk1.genblk1.genblk1.genblk1.genblk1.lut6 (4 -> 1)
  Optimizing lut $abc$8899$auto$blifparse.cc:525:parse_blif$9288.genblk1.genblk1.genblk1.genblk1.genblk1.genblk1.genblk1.lut7 (4 -> 1)
  Optimizing lut $abc$8899$auto$blifparse.cc:525:parse_blif$9189.genblk1.genblk1.genblk1.genblk1.genblk1.genblk1.lut1 (4 -> 2)
  Optimizing lut $abc$8899$auto$blifparse.cc:525:parse_blif$9189.genblk1.genblk1.genblk1.genblk1.genblk1.genblk1.lut2 (4 -> 1)
  Optimizing lut $abc$8899$auto$blifparse.cc:525:parse_blif$9189.genblk1.genblk1.genblk1.genblk1.genblk1.genblk1.lut3 (4 -> 0)
  Optimizing lut $abc$8899$auto$blifparse.cc:525:parse_blif$9169.genblk1.genblk1.genblk1.genblk1.genblk1.genblk1.genblk1.lut2 (4 -> 3)
  Optimizing lut $abc$8899$auto$blifparse.cc:525:parse_blif$9169.genblk1.genblk1.genblk1.genblk1.genblk1.genblk1.genblk1.lut3 (4 -> 3)
  Optimizing lut $abc$8899$auto$blifparse.cc:525:parse_blif$9169.genblk1.genblk1.genblk1.genblk1.genblk1.genblk1.genblk1.lut4 (4 -> 0)
  Optimizing lut $abc$8899$auto$blifparse.cc:525:parse_blif$9169.genblk1.genblk1.genblk1.genblk1.genblk1.genblk1.genblk1.lut5 (4 -> 0)
  Optimizing lut $abc$8899$auto$blifparse.cc:525:parse_blif$9169.genblk1.genblk1.genblk1.genblk1.genblk1.genblk1.genblk1.lut6 (4 -> 1)
  Optimizing lut $abc$8899$auto$blifparse.cc:525:parse_blif$9169.genblk1.genblk1.genblk1.genblk1.genblk1.genblk1.genblk1.lut7 (4 -> 1)
  Optimizing lut $abc$8899$auto$blifparse.cc:525:parse_blif$9148.genblk1.genblk1.genblk1.genblk1.genblk1.lut1 (4 -> 3)
  Optimizing lut $abc$8899$auto$blifparse.cc:525:parse_blif$9267.genblk1.genblk1.genblk1.genblk1.genblk1.lut1 (4 -> 3)
  Optimizing lut $abc$8899$auto$blifparse.cc:525:parse_blif$9327.genblk1.genblk1.genblk1.genblk1.genblk1.lut1 (4 -> 1)
  Optimizing lut $abc$8899$auto$blifparse.cc:525:parse_blif$9328.genblk1.genblk1.genblk1.genblk1.genblk1.lut1 (4 -> 3)
  Optimizing lut $abc$8899$auto$blifparse.cc:525:parse_blif$9186.genblk1.genblk1.genblk1.genblk1.genblk1.lut1 (4 -> 2)
  Optimizing lut $abc$8899$auto$blifparse.cc:525:parse_blif$9383.genblk1.genblk1.genblk1.genblk1.genblk1.genblk1.genblk1.lut1 (4 -> 1)
  Optimizing lut $abc$8899$auto$blifparse.cc:525:parse_blif$9383.genblk1.genblk1.genblk1.genblk1.genblk1.genblk1.genblk1.lut2 (4 -> 1)
  Optimizing lut $abc$8899$auto$blifparse.cc:525:parse_blif$9383.genblk1.genblk1.genblk1.genblk1.genblk1.genblk1.genblk1.lut3 (4 -> 1)
  Optimizing lut $abc$8899$auto$blifparse.cc:525:parse_blif$9383.genblk1.genblk1.genblk1.genblk1.genblk1.genblk1.genblk1.lut4 (4 -> 1)
  Optimizing lut $abc$8899$auto$blifparse.cc:525:parse_blif$9383.genblk1.genblk1.genblk1.genblk1.genblk1.genblk1.genblk1.lut5 (4 -> 1)
  Optimizing lut $abc$8899$auto$blifparse.cc:525:parse_blif$9383.genblk1.genblk1.genblk1.genblk1.genblk1.genblk1.genblk1.lut6 (4 -> 3)
  Optimizing lut $abc$8899$auto$blifparse.cc:525:parse_blif$9383.genblk1.genblk1.genblk1.genblk1.genblk1.genblk1.genblk1.lut7 (4 -> 1)
  Optimizing lut $abc$8899$auto$blifparse.cc:525:parse_blif$9153.genblk1.genblk1.genblk1.genblk1.genblk1.lut1 (4 -> 1)
  Optimizing lut $abc$8899$auto$blifparse.cc:525:parse_blif$9156.genblk1.genblk1.genblk1.genblk1.genblk1.genblk1.genblk1.lut2 (4 -> 3)
  Optimizing lut $abc$8899$auto$blifparse.cc:525:parse_blif$9156.genblk1.genblk1.genblk1.genblk1.genblk1.genblk1.genblk1.lut3 (4 -> 3)
  Optimizing lut $abc$8899$auto$blifparse.cc:525:parse_blif$9156.genblk1.genblk1.genblk1.genblk1.genblk1.genblk1.genblk1.lut4 (4 -> 0)
  Optimizing lut $abc$8899$auto$blifparse.cc:525:parse_blif$9156.genblk1.genblk1.genblk1.genblk1.genblk1.genblk1.genblk1.lut5 (4 -> 0)
  Optimizing lut $abc$8899$auto$blifparse.cc:525:parse_blif$9156.genblk1.genblk1.genblk1.genblk1.genblk1.genblk1.genblk1.lut6 (4 -> 1)
  Optimizing lut $abc$8899$auto$blifparse.cc:525:parse_blif$9156.genblk1.genblk1.genblk1.genblk1.genblk1.genblk1.genblk1.lut7 (4 -> 1)
  Optimizing lut $abc$8899$auto$blifparse.cc:525:parse_blif$8925.genblk1.genblk1.genblk1.genblk1.genblk1.genblk1.genblk1.lut2 (4 -> 0)
  Optimizing lut $abc$8899$auto$blifparse.cc:525:parse_blif$8925.genblk1.genblk1.genblk1.genblk1.genblk1.genblk1.genblk1.lut3 (4 -> 0)
  Optimizing lut $abc$8899$auto$blifparse.cc:525:parse_blif$8925.genblk1.genblk1.genblk1.genblk1.genblk1.genblk1.genblk1.lut4 (4 -> 2)
  Optimizing lut $abc$8899$auto$blifparse.cc:525:parse_blif$8925.genblk1.genblk1.genblk1.genblk1.genblk1.genblk1.genblk1.lut5 (4 -> 3)
  Optimizing lut $abc$8899$auto$blifparse.cc:525:parse_blif$8925.genblk1.genblk1.genblk1.genblk1.genblk1.genblk1.genblk1.lut6 (4 -> 0)
  Optimizing lut $abc$8899$auto$blifparse.cc:525:parse_blif$8925.genblk1.genblk1.genblk1.genblk1.genblk1.genblk1.genblk1.lut7 (4 -> 0)
  Optimizing lut $abc$8899$auto$blifparse.cc:525:parse_blif$8908.genblk1.genblk1.genblk1.genblk1.genblk1.genblk1.lut2 (4 -> 0)
  Optimizing lut $abc$8899$auto$blifparse.cc:525:parse_blif$8908.genblk1.genblk1.genblk1.genblk1.genblk1.genblk1.lut3 (4 -> 0)
  Optimizing lut $abc$8899$auto$blifparse.cc:525:parse_blif$9342.genblk1.genblk1.genblk1.genblk1.genblk1.genblk1.genblk1.lut2 (4 -> 3)
  Optimizing lut $abc$8899$auto$blifparse.cc:525:parse_blif$9342.genblk1.genblk1.genblk1.genblk1.genblk1.genblk1.genblk1.lut3 (4 -> 3)
  Optimizing lut $abc$8899$auto$blifparse.cc:525:parse_blif$9342.genblk1.genblk1.genblk1.genblk1.genblk1.genblk1.genblk1.lut4 (4 -> 0)
  Optimizing lut $abc$8899$auto$blifparse.cc:525:parse_blif$9342.genblk1.genblk1.genblk1.genblk1.genblk1.genblk1.genblk1.lut5 (4 -> 0)
  Optimizing lut $abc$8899$auto$blifparse.cc:525:parse_blif$9342.genblk1.genblk1.genblk1.genblk1.genblk1.genblk1.genblk1.lut6 (4 -> 1)
  Optimizing lut $abc$8899$auto$blifparse.cc:525:parse_blif$9342.genblk1.genblk1.genblk1.genblk1.genblk1.genblk1.genblk1.lut7 (4 -> 1)
  Optimizing lut $abc$8899$auto$blifparse.cc:525:parse_blif$9195.genblk1.genblk1.genblk1.genblk1.genblk1.lut1 (4 -> 3)
  Optimizing lut $abc$8899$auto$blifparse.cc:525:parse_blif$9160.genblk1.genblk1.genblk1.genblk1.genblk1.genblk1.genblk1.lut2 (4 -> 1)
  Optimizing lut $abc$8899$auto$blifparse.cc:525:parse_blif$9160.genblk1.genblk1.genblk1.genblk1.genblk1.genblk1.genblk1.lut3 (4 -> 1)
  Optimizing lut $abc$8899$auto$blifparse.cc:525:parse_blif$9160.genblk1.genblk1.genblk1.genblk1.genblk1.genblk1.genblk1.lut4 (4 -> 1)
  Optimizing lut $abc$8899$auto$blifparse.cc:525:parse_blif$9160.genblk1.genblk1.genblk1.genblk1.genblk1.genblk1.genblk1.lut5 (4 -> 1)
  Optimizing lut $abc$8899$auto$blifparse.cc:525:parse_blif$9160.genblk1.genblk1.genblk1.genblk1.genblk1.genblk1.genblk1.lut6 (4 -> 3)
  Optimizing lut $abc$8899$auto$blifparse.cc:525:parse_blif$9160.genblk1.genblk1.genblk1.genblk1.genblk1.genblk1.genblk1.lut7 (4 -> 1)
  Optimizing lut $abc$8899$auto$blifparse.cc:525:parse_blif$9379.genblk1.genblk1.genblk1.genblk1.genblk1.genblk1.genblk1.lut2 (4 -> 3)
  Optimizing lut $abc$8899$auto$blifparse.cc:525:parse_blif$9379.genblk1.genblk1.genblk1.genblk1.genblk1.genblk1.genblk1.lut3 (4 -> 3)
  Optimizing lut $abc$8899$auto$blifparse.cc:525:parse_blif$9379.genblk1.genblk1.genblk1.genblk1.genblk1.genblk1.genblk1.lut4 (4 -> 0)
  Optimizing lut $abc$8899$auto$blifparse.cc:525:parse_blif$9379.genblk1.genblk1.genblk1.genblk1.genblk1.genblk1.genblk1.lut5 (4 -> 0)
  Optimizing lut $abc$8899$auto$blifparse.cc:525:parse_blif$9379.genblk1.genblk1.genblk1.genblk1.genblk1.genblk1.genblk1.lut6 (4 -> 1)
  Optimizing lut $abc$8899$auto$blifparse.cc:525:parse_blif$9379.genblk1.genblk1.genblk1.genblk1.genblk1.genblk1.genblk1.lut7 (4 -> 1)
  Optimizing lut $abc$8899$auto$blifparse.cc:525:parse_blif$9207.genblk1.genblk1.genblk1.genblk1.genblk1.lut1 (4 -> 3)
  Optimizing lut $abc$8899$auto$blifparse.cc:525:parse_blif$9209.genblk1.genblk1.genblk1.genblk1.genblk1.genblk1.genblk1.lut2 (4 -> 3)
  Optimizing lut $abc$8899$auto$blifparse.cc:525:parse_blif$9209.genblk1.genblk1.genblk1.genblk1.genblk1.genblk1.genblk1.lut3 (4 -> 3)
  Optimizing lut $abc$8899$auto$blifparse.cc:525:parse_blif$9209.genblk1.genblk1.genblk1.genblk1.genblk1.genblk1.genblk1.lut4 (4 -> 0)
  Optimizing lut $abc$8899$auto$blifparse.cc:525:parse_blif$9209.genblk1.genblk1.genblk1.genblk1.genblk1.genblk1.genblk1.lut5 (4 -> 0)
  Optimizing lut $abc$8899$auto$blifparse.cc:525:parse_blif$9209.genblk1.genblk1.genblk1.genblk1.genblk1.genblk1.genblk1.lut6 (4 -> 1)
  Optimizing lut $abc$8899$auto$blifparse.cc:525:parse_blif$9209.genblk1.genblk1.genblk1.genblk1.genblk1.genblk1.genblk1.lut7 (4 -> 1)
  Optimizing lut $abc$8899$auto$blifparse.cc:525:parse_blif$9474.genblk1.genblk1.genblk1.genblk1.genblk1.genblk1.genblk1.lut2 (4 -> 1)
  Optimizing lut $abc$8899$auto$blifparse.cc:525:parse_blif$9474.genblk1.genblk1.genblk1.genblk1.genblk1.genblk1.genblk1.lut3 (4 -> 1)
  Optimizing lut $abc$8899$auto$blifparse.cc:525:parse_blif$9474.genblk1.genblk1.genblk1.genblk1.genblk1.genblk1.genblk1.lut4 (4 -> 1)
  Optimizing lut $abc$8899$auto$blifparse.cc:525:parse_blif$9474.genblk1.genblk1.genblk1.genblk1.genblk1.genblk1.genblk1.lut5 (4 -> 1)
  Optimizing lut $abc$8899$auto$blifparse.cc:525:parse_blif$9474.genblk1.genblk1.genblk1.genblk1.genblk1.genblk1.genblk1.lut6 (4 -> 3)
  Optimizing lut $abc$8899$auto$blifparse.cc:525:parse_blif$9474.genblk1.genblk1.genblk1.genblk1.genblk1.genblk1.genblk1.lut7 (4 -> 1)
  Optimizing lut $abc$8899$auto$blifparse.cc:525:parse_blif$9497.genblk1.genblk1.genblk1.genblk1.genblk1.lut1 (4 -> 1)
  Optimizing lut $abc$8899$auto$blifparse.cc:525:parse_blif$9509.genblk1.genblk1.genblk1.genblk1.genblk1.lut1 (4 -> 1)
  Optimizing lut $abc$8899$auto$blifparse.cc:525:parse_blif$9521.genblk1.genblk1.genblk1.genblk1.genblk1.lut1 (4 -> 1)
  Optimizing lut $abc$8899$auto$blifparse.cc:525:parse_blif$9179.genblk1.genblk1.genblk1.genblk1.genblk1.lut1 (4 -> 3)
  Optimizing lut $abc$8899$auto$blifparse.cc:525:parse_blif$9181.genblk1.genblk1.genblk1.genblk1.genblk1.genblk1.genblk1.lut2 (4 -> 3)
  Optimizing lut $abc$8899$auto$blifparse.cc:525:parse_blif$9181.genblk1.genblk1.genblk1.genblk1.genblk1.genblk1.genblk1.lut3 (4 -> 3)
  Optimizing lut $abc$8899$auto$blifparse.cc:525:parse_blif$9181.genblk1.genblk1.genblk1.genblk1.genblk1.genblk1.genblk1.lut4 (4 -> 0)
  Optimizing lut $abc$8899$auto$blifparse.cc:525:parse_blif$9181.genblk1.genblk1.genblk1.genblk1.genblk1.genblk1.genblk1.lut5 (4 -> 0)
  Optimizing lut $abc$8899$auto$blifparse.cc:525:parse_blif$9181.genblk1.genblk1.genblk1.genblk1.genblk1.genblk1.genblk1.lut6 (4 -> 1)
  Optimizing lut $abc$8899$auto$blifparse.cc:525:parse_blif$9181.genblk1.genblk1.genblk1.genblk1.genblk1.genblk1.genblk1.lut7 (4 -> 1)
  Optimizing lut $abc$8899$auto$blifparse.cc:525:parse_blif$9120.genblk1.genblk1.genblk1.genblk1.genblk1.genblk1.genblk1.lut2 (4 -> 3)
  Optimizing lut $abc$8899$auto$blifparse.cc:525:parse_blif$9120.genblk1.genblk1.genblk1.genblk1.genblk1.genblk1.genblk1.lut3 (4 -> 3)
  Optimizing lut $abc$8899$auto$blifparse.cc:525:parse_blif$9120.genblk1.genblk1.genblk1.genblk1.genblk1.genblk1.genblk1.lut4 (4 -> 0)
  Optimizing lut $abc$8899$auto$blifparse.cc:525:parse_blif$9120.genblk1.genblk1.genblk1.genblk1.genblk1.genblk1.genblk1.lut5 (4 -> 0)
  Optimizing lut $abc$8899$auto$blifparse.cc:525:parse_blif$9120.genblk1.genblk1.genblk1.genblk1.genblk1.genblk1.genblk1.lut6 (4 -> 1)
  Optimizing lut $abc$8899$auto$blifparse.cc:525:parse_blif$9120.genblk1.genblk1.genblk1.genblk1.genblk1.genblk1.genblk1.lut7 (4 -> 1)
  Optimizing lut $abc$8899$auto$blifparse.cc:525:parse_blif$9175.genblk1.genblk1.genblk1.genblk1.genblk1.genblk1.genblk1.lut2 (4 -> 3)
  Optimizing lut $abc$8899$auto$blifparse.cc:525:parse_blif$9175.genblk1.genblk1.genblk1.genblk1.genblk1.genblk1.genblk1.lut3 (4 -> 3)
  Optimizing lut $abc$8899$auto$blifparse.cc:525:parse_blif$9175.genblk1.genblk1.genblk1.genblk1.genblk1.genblk1.genblk1.lut4 (4 -> 0)
  Optimizing lut $abc$8899$auto$blifparse.cc:525:parse_blif$9175.genblk1.genblk1.genblk1.genblk1.genblk1.genblk1.genblk1.lut5 (4 -> 0)
  Optimizing lut $abc$8899$auto$blifparse.cc:525:parse_blif$9175.genblk1.genblk1.genblk1.genblk1.genblk1.genblk1.genblk1.lut6 (4 -> 1)
  Optimizing lut $abc$8899$auto$blifparse.cc:525:parse_blif$9175.genblk1.genblk1.genblk1.genblk1.genblk1.genblk1.genblk1.lut7 (4 -> 1)
  Optimizing lut $abc$8899$auto$blifparse.cc:525:parse_blif$9114.genblk1.genblk1.genblk1.genblk1.genblk1.genblk1.genblk1.lut2 (4 -> 3)
  Optimizing lut $abc$8899$auto$blifparse.cc:525:parse_blif$9114.genblk1.genblk1.genblk1.genblk1.genblk1.genblk1.genblk1.lut3 (4 -> 3)
  Optimizing lut $abc$8899$auto$blifparse.cc:525:parse_blif$9114.genblk1.genblk1.genblk1.genblk1.genblk1.genblk1.genblk1.lut4 (4 -> 0)
  Optimizing lut $abc$8899$auto$blifparse.cc:525:parse_blif$9114.genblk1.genblk1.genblk1.genblk1.genblk1.genblk1.genblk1.lut5 (4 -> 0)
  Optimizing lut $abc$8899$auto$blifparse.cc:525:parse_blif$9114.genblk1.genblk1.genblk1.genblk1.genblk1.genblk1.genblk1.lut6 (4 -> 1)
  Optimizing lut $abc$8899$auto$blifparse.cc:525:parse_blif$9114.genblk1.genblk1.genblk1.genblk1.genblk1.genblk1.genblk1.lut7 (4 -> 1)
  Optimizing lut $abc$8899$auto$blifparse.cc:525:parse_blif$9533.genblk1.genblk1.genblk1.genblk1.genblk1.lut1 (4 -> 3)
  Optimizing lut $abc$8899$auto$blifparse.cc:525:parse_blif$9534.genblk1.genblk1.genblk1.genblk1.genblk1.genblk1.genblk1.lut2 (4 -> 1)
  Optimizing lut $abc$8899$auto$blifparse.cc:525:parse_blif$9534.genblk1.genblk1.genblk1.genblk1.genblk1.genblk1.genblk1.lut3 (4 -> 1)
  Optimizing lut $abc$8899$auto$blifparse.cc:525:parse_blif$9534.genblk1.genblk1.genblk1.genblk1.genblk1.genblk1.genblk1.lut4 (4 -> 1)
  Optimizing lut $abc$8899$auto$blifparse.cc:525:parse_blif$9534.genblk1.genblk1.genblk1.genblk1.genblk1.genblk1.genblk1.lut5 (4 -> 1)
  Optimizing lut $abc$8899$auto$blifparse.cc:525:parse_blif$9534.genblk1.genblk1.genblk1.genblk1.genblk1.genblk1.genblk1.lut6 (4 -> 3)
  Optimizing lut $abc$8899$auto$blifparse.cc:525:parse_blif$9534.genblk1.genblk1.genblk1.genblk1.genblk1.genblk1.genblk1.lut7 (4 -> 1)
  Optimizing lut $abc$8899$auto$blifparse.cc:525:parse_blif$9559.genblk1.genblk1.genblk1.genblk1.genblk1.lut1 (4 -> 3)
  Optimizing lut $abc$8899$auto$blifparse.cc:525:parse_blif$9571.genblk1.genblk1.genblk1.genblk1.genblk1.lut1 (4 -> 3)
  Optimizing lut $abc$8899$auto$blifparse.cc:525:parse_blif$9583.genblk1.genblk1.genblk1.genblk1.genblk1.lut1 (4 -> 3)
  Optimizing lut $abc$8899$auto$blifparse.cc:525:parse_blif$9595.genblk1.genblk1.genblk1.genblk1.genblk1.lut1 (4 -> 3)
  Optimizing lut $abc$8899$auto$blifparse.cc:525:parse_blif$9607.genblk1.genblk1.genblk1.genblk1.genblk1.lut1 (4 -> 3)
  Optimizing lut $abc$8899$auto$blifparse.cc:525:parse_blif$9619.genblk1.genblk1.genblk1.genblk1.genblk1.genblk1.genblk1.lut1 (4 -> 1)
  Optimizing lut $abc$8899$auto$blifparse.cc:525:parse_blif$9619.genblk1.genblk1.genblk1.genblk1.genblk1.genblk1.genblk1.lut2 (4 -> 1)
  Optimizing lut $abc$8899$auto$blifparse.cc:525:parse_blif$9619.genblk1.genblk1.genblk1.genblk1.genblk1.genblk1.genblk1.lut3 (4 -> 1)
  Optimizing lut $abc$8899$auto$blifparse.cc:525:parse_blif$9619.genblk1.genblk1.genblk1.genblk1.genblk1.genblk1.genblk1.lut4 (4 -> 1)
  Optimizing lut $abc$8899$auto$blifparse.cc:525:parse_blif$9619.genblk1.genblk1.genblk1.genblk1.genblk1.genblk1.genblk1.lut5 (4 -> 1)
  Optimizing lut $abc$8899$auto$blifparse.cc:525:parse_blif$9619.genblk1.genblk1.genblk1.genblk1.genblk1.genblk1.genblk1.lut6 (4 -> 3)
  Optimizing lut $abc$8899$auto$blifparse.cc:525:parse_blif$9619.genblk1.genblk1.genblk1.genblk1.genblk1.genblk1.genblk1.lut7 (4 -> 1)
  Optimizing lut $abc$8899$auto$blifparse.cc:525:parse_blif$9631.genblk1.genblk1.genblk1.genblk1.genblk1.lut1 (4 -> 3)
  Optimizing lut $abc$8899$auto$blifparse.cc:525:parse_blif$9643.genblk1.genblk1.genblk1.genblk1.genblk1.lut1 (4 -> 2)
  Optimizing lut $abc$8899$auto$blifparse.cc:525:parse_blif$9330.genblk1.genblk1.genblk1.genblk1.genblk1.genblk1.genblk1.lut2 (4 -> 3)
  Optimizing lut $abc$8899$auto$blifparse.cc:525:parse_blif$9330.genblk1.genblk1.genblk1.genblk1.genblk1.genblk1.genblk1.lut3 (4 -> 3)
  Optimizing lut $abc$8899$auto$blifparse.cc:525:parse_blif$9330.genblk1.genblk1.genblk1.genblk1.genblk1.genblk1.genblk1.lut4 (4 -> 0)
  Optimizing lut $abc$8899$auto$blifparse.cc:525:parse_blif$9330.genblk1.genblk1.genblk1.genblk1.genblk1.genblk1.genblk1.lut5 (4 -> 0)
  Optimizing lut $abc$8899$auto$blifparse.cc:525:parse_blif$9330.genblk1.genblk1.genblk1.genblk1.genblk1.genblk1.genblk1.lut6 (4 -> 1)
  Optimizing lut $abc$8899$auto$blifparse.cc:525:parse_blif$9330.genblk1.genblk1.genblk1.genblk1.genblk1.genblk1.genblk1.lut7 (4 -> 1)
  Optimizing lut $abc$8899$auto$blifparse.cc:525:parse_blif$9324.genblk1.genblk1.genblk1.genblk1.genblk1.genblk1.genblk1.lut2 (4 -> 3)
  Optimizing lut $abc$8899$auto$blifparse.cc:525:parse_blif$9324.genblk1.genblk1.genblk1.genblk1.genblk1.genblk1.genblk1.lut3 (4 -> 3)
  Optimizing lut $abc$8899$auto$blifparse.cc:525:parse_blif$9324.genblk1.genblk1.genblk1.genblk1.genblk1.genblk1.genblk1.lut4 (4 -> 0)
  Optimizing lut $abc$8899$auto$blifparse.cc:525:parse_blif$9324.genblk1.genblk1.genblk1.genblk1.genblk1.genblk1.genblk1.lut5 (4 -> 0)
  Optimizing lut $abc$8899$auto$blifparse.cc:525:parse_blif$9324.genblk1.genblk1.genblk1.genblk1.genblk1.genblk1.genblk1.lut6 (4 -> 1)
  Optimizing lut $abc$8899$auto$blifparse.cc:525:parse_blif$9324.genblk1.genblk1.genblk1.genblk1.genblk1.genblk1.genblk1.lut7 (4 -> 1)
  Optimizing lut $abc$8899$auto$blifparse.cc:525:parse_blif$9300.genblk1.genblk1.genblk1.genblk1.genblk1.genblk1.genblk1.lut2 (4 -> 3)
  Optimizing lut $abc$8899$auto$blifparse.cc:525:parse_blif$9300.genblk1.genblk1.genblk1.genblk1.genblk1.genblk1.genblk1.lut3 (4 -> 3)
  Optimizing lut $abc$8899$auto$blifparse.cc:525:parse_blif$9300.genblk1.genblk1.genblk1.genblk1.genblk1.genblk1.genblk1.lut4 (4 -> 0)
  Optimizing lut $abc$8899$auto$blifparse.cc:525:parse_blif$9300.genblk1.genblk1.genblk1.genblk1.genblk1.genblk1.genblk1.lut5 (4 -> 0)
  Optimizing lut $abc$8899$auto$blifparse.cc:525:parse_blif$9300.genblk1.genblk1.genblk1.genblk1.genblk1.genblk1.genblk1.lut6 (4 -> 1)
  Optimizing lut $abc$8899$auto$blifparse.cc:525:parse_blif$9300.genblk1.genblk1.genblk1.genblk1.genblk1.genblk1.genblk1.lut7 (4 -> 1)
  Optimizing lut $abc$8899$auto$blifparse.cc:525:parse_blif$9303.genblk1.genblk1.genblk1.genblk1.genblk1.lut1 (4 -> 1)
  Optimizing lut $abc$8899$auto$blifparse.cc:525:parse_blif$9304.genblk1.genblk1.genblk1.genblk1.genblk1.lut1 (4 -> 3)
  Optimizing lut $abc$8899$auto$blifparse.cc:525:parse_blif$9306.genblk1.genblk1.genblk1.genblk1.genblk1.genblk1.genblk1.lut2 (4 -> 3)
  Optimizing lut $abc$8899$auto$blifparse.cc:525:parse_blif$9306.genblk1.genblk1.genblk1.genblk1.genblk1.genblk1.genblk1.lut3 (4 -> 3)
  Optimizing lut $abc$8899$auto$blifparse.cc:525:parse_blif$9306.genblk1.genblk1.genblk1.genblk1.genblk1.genblk1.genblk1.lut4 (4 -> 0)
  Optimizing lut $abc$8899$auto$blifparse.cc:525:parse_blif$9306.genblk1.genblk1.genblk1.genblk1.genblk1.genblk1.genblk1.lut5 (4 -> 0)
  Optimizing lut $abc$8899$auto$blifparse.cc:525:parse_blif$9306.genblk1.genblk1.genblk1.genblk1.genblk1.genblk1.genblk1.lut6 (4 -> 1)
  Optimizing lut $abc$8899$auto$blifparse.cc:525:parse_blif$9306.genblk1.genblk1.genblk1.genblk1.genblk1.genblk1.genblk1.lut7 (4 -> 1)
  Optimizing lut $abc$8899$auto$blifparse.cc:525:parse_blif$9354.genblk1.genblk1.genblk1.genblk1.genblk1.genblk1.genblk1.lut2 (4 -> 3)
  Optimizing lut $abc$8899$auto$blifparse.cc:525:parse_blif$9354.genblk1.genblk1.genblk1.genblk1.genblk1.genblk1.genblk1.lut3 (4 -> 3)
  Optimizing lut $abc$8899$auto$blifparse.cc:525:parse_blif$9354.genblk1.genblk1.genblk1.genblk1.genblk1.genblk1.genblk1.lut4 (4 -> 0)
  Optimizing lut $abc$8899$auto$blifparse.cc:525:parse_blif$9354.genblk1.genblk1.genblk1.genblk1.genblk1.genblk1.genblk1.lut5 (4 -> 0)
  Optimizing lut $abc$8899$auto$blifparse.cc:525:parse_blif$9354.genblk1.genblk1.genblk1.genblk1.genblk1.genblk1.genblk1.lut6 (4 -> 1)
  Optimizing lut $abc$8899$auto$blifparse.cc:525:parse_blif$9354.genblk1.genblk1.genblk1.genblk1.genblk1.genblk1.genblk1.lut7 (4 -> 1)
  Optimizing lut $abc$8899$auto$blifparse.cc:525:parse_blif$9336.genblk1.genblk1.genblk1.genblk1.genblk1.genblk1.genblk1.lut2 (4 -> 3)
  Optimizing lut $abc$8899$auto$blifparse.cc:525:parse_blif$9336.genblk1.genblk1.genblk1.genblk1.genblk1.genblk1.genblk1.lut3 (4 -> 3)
  Optimizing lut $abc$8899$auto$blifparse.cc:525:parse_blif$9336.genblk1.genblk1.genblk1.genblk1.genblk1.genblk1.genblk1.lut4 (4 -> 0)
  Optimizing lut $abc$8899$auto$blifparse.cc:525:parse_blif$9336.genblk1.genblk1.genblk1.genblk1.genblk1.genblk1.genblk1.lut5 (4 -> 0)
  Optimizing lut $abc$8899$auto$blifparse.cc:525:parse_blif$9336.genblk1.genblk1.genblk1.genblk1.genblk1.genblk1.genblk1.lut6 (4 -> 1)
  Optimizing lut $abc$8899$auto$blifparse.cc:525:parse_blif$9336.genblk1.genblk1.genblk1.genblk1.genblk1.genblk1.genblk1.lut7 (4 -> 1)
  Optimizing lut $abc$8899$auto$blifparse.cc:525:parse_blif$9292.genblk1.genblk1.genblk1.genblk1.genblk1.genblk1.genblk1.lut1 (4 -> 1)
  Optimizing lut $abc$8899$auto$blifparse.cc:525:parse_blif$9292.genblk1.genblk1.genblk1.genblk1.genblk1.genblk1.genblk1.lut2 (4 -> 1)
  Optimizing lut $abc$8899$auto$blifparse.cc:525:parse_blif$9292.genblk1.genblk1.genblk1.genblk1.genblk1.genblk1.genblk1.lut3 (4 -> 1)
  Optimizing lut $abc$8899$auto$blifparse.cc:525:parse_blif$9292.genblk1.genblk1.genblk1.genblk1.genblk1.genblk1.genblk1.lut4 (4 -> 1)
  Optimizing lut $abc$8899$auto$blifparse.cc:525:parse_blif$9292.genblk1.genblk1.genblk1.genblk1.genblk1.genblk1.genblk1.lut5 (4 -> 1)
  Optimizing lut $abc$8899$auto$blifparse.cc:525:parse_blif$9292.genblk1.genblk1.genblk1.genblk1.genblk1.genblk1.genblk1.lut6 (4 -> 3)
  Optimizing lut $abc$8899$auto$blifparse.cc:525:parse_blif$9292.genblk1.genblk1.genblk1.genblk1.genblk1.genblk1.genblk1.lut7 (4 -> 1)
  Optimizing lut $abc$8899$auto$blifparse.cc:525:parse_blif$9273.genblk1.genblk1.genblk1.genblk1.genblk1.lut1 (4 -> 3)
  Optimizing lut $abc$8899$auto$blifparse.cc:525:parse_blif$9275.genblk1.genblk1.genblk1.genblk1.genblk1.genblk1.genblk1.lut2 (4 -> 3)
  Optimizing lut $abc$8899$auto$blifparse.cc:525:parse_blif$9275.genblk1.genblk1.genblk1.genblk1.genblk1.genblk1.genblk1.lut3 (4 -> 3)
  Optimizing lut $abc$8899$auto$blifparse.cc:525:parse_blif$9275.genblk1.genblk1.genblk1.genblk1.genblk1.genblk1.genblk1.lut4 (4 -> 0)
  Optimizing lut $abc$8899$auto$blifparse.cc:525:parse_blif$9275.genblk1.genblk1.genblk1.genblk1.genblk1.genblk1.genblk1.lut5 (4 -> 0)
  Optimizing lut $abc$8899$auto$blifparse.cc:525:parse_blif$9275.genblk1.genblk1.genblk1.genblk1.genblk1.genblk1.genblk1.lut6 (4 -> 1)
  Optimizing lut $abc$8899$auto$blifparse.cc:525:parse_blif$9275.genblk1.genblk1.genblk1.genblk1.genblk1.genblk1.genblk1.lut7 (4 -> 1)
  Optimizing lut $abc$8899$auto$blifparse.cc:525:parse_blif$9309.genblk1.genblk1.genblk1.genblk1.genblk1.lut1 (4 -> 1)
  Optimizing lut $abc$8899$auto$blifparse.cc:525:parse_blif$9310.genblk1.genblk1.genblk1.genblk1.genblk1.lut1 (4 -> 3)
  Optimizing lut $abc$8899$auto$blifparse.cc:525:parse_blif$9312.genblk1.genblk1.genblk1.genblk1.genblk1.genblk1.genblk1.lut2 (4 -> 3)
  Optimizing lut $abc$8899$auto$blifparse.cc:525:parse_blif$9312.genblk1.genblk1.genblk1.genblk1.genblk1.genblk1.genblk1.lut3 (4 -> 3)
  Optimizing lut $abc$8899$auto$blifparse.cc:525:parse_blif$9312.genblk1.genblk1.genblk1.genblk1.genblk1.genblk1.genblk1.lut4 (4 -> 0)
  Optimizing lut $abc$8899$auto$blifparse.cc:525:parse_blif$9312.genblk1.genblk1.genblk1.genblk1.genblk1.genblk1.genblk1.lut5 (4 -> 0)
  Optimizing lut $abc$8899$auto$blifparse.cc:525:parse_blif$9312.genblk1.genblk1.genblk1.genblk1.genblk1.genblk1.genblk1.lut6 (4 -> 1)
  Optimizing lut $abc$8899$auto$blifparse.cc:525:parse_blif$9312.genblk1.genblk1.genblk1.genblk1.genblk1.genblk1.genblk1.lut7 (4 -> 1)
  Optimizing lut $abc$8899$auto$blifparse.cc:525:parse_blif$9425.genblk1.genblk1.genblk1.genblk1.genblk1.lut1 (4 -> 3)
  Optimizing lut $abc$8899$auto$blifparse.cc:525:parse_blif$9427.genblk1.genblk1.genblk1.genblk1.genblk1.genblk1.genblk1.lut2 (4 -> 3)
  Optimizing lut $abc$8899$auto$blifparse.cc:525:parse_blif$9427.genblk1.genblk1.genblk1.genblk1.genblk1.genblk1.genblk1.lut3 (4 -> 3)
  Optimizing lut $abc$8899$auto$blifparse.cc:525:parse_blif$9427.genblk1.genblk1.genblk1.genblk1.genblk1.genblk1.genblk1.lut4 (4 -> 0)
  Optimizing lut $abc$8899$auto$blifparse.cc:525:parse_blif$9427.genblk1.genblk1.genblk1.genblk1.genblk1.genblk1.genblk1.lut5 (4 -> 0)
  Optimizing lut $abc$8899$auto$blifparse.cc:525:parse_blif$9427.genblk1.genblk1.genblk1.genblk1.genblk1.genblk1.genblk1.lut6 (4 -> 1)
  Optimizing lut $abc$8899$auto$blifparse.cc:525:parse_blif$9427.genblk1.genblk1.genblk1.genblk1.genblk1.genblk1.genblk1.lut7 (4 -> 1)
  Optimizing lut $abc$8899$auto$blifparse.cc:525:parse_blif$9269.genblk1.genblk1.genblk1.genblk1.genblk1.genblk1.genblk1.lut2 (4 -> 3)
  Optimizing lut $abc$8899$auto$blifparse.cc:525:parse_blif$9269.genblk1.genblk1.genblk1.genblk1.genblk1.genblk1.genblk1.lut3 (4 -> 3)
  Optimizing lut $abc$8899$auto$blifparse.cc:525:parse_blif$9269.genblk1.genblk1.genblk1.genblk1.genblk1.genblk1.genblk1.lut4 (4 -> 0)
  Optimizing lut $abc$8899$auto$blifparse.cc:525:parse_blif$9269.genblk1.genblk1.genblk1.genblk1.genblk1.genblk1.genblk1.lut5 (4 -> 0)
  Optimizing lut $abc$8899$auto$blifparse.cc:525:parse_blif$9269.genblk1.genblk1.genblk1.genblk1.genblk1.genblk1.genblk1.lut6 (4 -> 1)
  Optimizing lut $abc$8899$auto$blifparse.cc:525:parse_blif$9269.genblk1.genblk1.genblk1.genblk1.genblk1.genblk1.genblk1.lut7 (4 -> 1)
  Optimizing lut $abc$8899$auto$blifparse.cc:525:parse_blif$9318.genblk1.genblk1.genblk1.genblk1.genblk1.genblk1.genblk1.lut1 (4 -> 3)
  Optimizing lut $abc$8899$auto$blifparse.cc:525:parse_blif$9318.genblk1.genblk1.genblk1.genblk1.genblk1.genblk1.genblk1.lut2 (4 -> 3)
  Optimizing lut $abc$8899$auto$blifparse.cc:525:parse_blif$9318.genblk1.genblk1.genblk1.genblk1.genblk1.genblk1.genblk1.lut3 (4 -> 3)
  Optimizing lut $abc$8899$auto$blifparse.cc:525:parse_blif$9318.genblk1.genblk1.genblk1.genblk1.genblk1.genblk1.genblk1.lut4 (4 -> 0)
  Optimizing lut $abc$8899$auto$blifparse.cc:525:parse_blif$9318.genblk1.genblk1.genblk1.genblk1.genblk1.genblk1.genblk1.lut5 (4 -> 0)
  Optimizing lut $abc$8899$auto$blifparse.cc:525:parse_blif$9318.genblk1.genblk1.genblk1.genblk1.genblk1.genblk1.genblk1.lut6 (4 -> 1)
  Optimizing lut $abc$8899$auto$blifparse.cc:525:parse_blif$9318.genblk1.genblk1.genblk1.genblk1.genblk1.genblk1.genblk1.lut7 (4 -> 1)
  Optimizing lut $abc$8899$auto$blifparse.cc:525:parse_blif$9130.genblk1.genblk1.genblk1.genblk1.genblk1.lut1 (4 -> 3)
  Optimizing lut $abc$8899$auto$blifparse.cc:525:parse_blif$9132.genblk1.genblk1.genblk1.genblk1.genblk1.genblk1.genblk1.lut2 (4 -> 3)
  Optimizing lut $abc$8899$auto$blifparse.cc:525:parse_blif$9132.genblk1.genblk1.genblk1.genblk1.genblk1.genblk1.genblk1.lut3 (4 -> 3)
  Optimizing lut $abc$8899$auto$blifparse.cc:525:parse_blif$9132.genblk1.genblk1.genblk1.genblk1.genblk1.genblk1.genblk1.lut4 (4 -> 0)
  Optimizing lut $abc$8899$auto$blifparse.cc:525:parse_blif$9132.genblk1.genblk1.genblk1.genblk1.genblk1.genblk1.genblk1.lut5 (4 -> 0)
  Optimizing lut $abc$8899$auto$blifparse.cc:525:parse_blif$9132.genblk1.genblk1.genblk1.genblk1.genblk1.genblk1.genblk1.lut6 (4 -> 1)
  Optimizing lut $abc$8899$auto$blifparse.cc:525:parse_blif$9132.genblk1.genblk1.genblk1.genblk1.genblk1.genblk1.genblk1.lut7 (4 -> 1)
  Optimizing lut $abc$8899$auto$blifparse.cc:525:parse_blif$9254.genblk1.genblk1.genblk1.genblk1.genblk1.lut1 (4 -> 3)
  Optimizing lut $abc$8899$auto$blifparse.cc:525:parse_blif$9255.genblk1.genblk1.genblk1.genblk1.genblk1.genblk1.genblk1.lut2 (4 -> 1)
  Optimizing lut $abc$8899$auto$blifparse.cc:525:parse_blif$9255.genblk1.genblk1.genblk1.genblk1.genblk1.genblk1.genblk1.lut3 (4 -> 1)
  Optimizing lut $abc$8899$auto$blifparse.cc:525:parse_blif$9255.genblk1.genblk1.genblk1.genblk1.genblk1.genblk1.genblk1.lut4 (4 -> 1)
  Optimizing lut $abc$8899$auto$blifparse.cc:525:parse_blif$9255.genblk1.genblk1.genblk1.genblk1.genblk1.genblk1.genblk1.lut5 (4 -> 1)
  Optimizing lut $abc$8899$auto$blifparse.cc:525:parse_blif$9255.genblk1.genblk1.genblk1.genblk1.genblk1.genblk1.genblk1.lut6 (4 -> 3)
  Optimizing lut $abc$8899$auto$blifparse.cc:525:parse_blif$9255.genblk1.genblk1.genblk1.genblk1.genblk1.genblk1.genblk1.lut7 (4 -> 1)
  Optimizing lut $abc$8899$auto$blifparse.cc:525:parse_blif$9391.genblk1.genblk1.genblk1.genblk1.genblk1.genblk1.genblk1.lut2 (4 -> 3)
  Optimizing lut $abc$8899$auto$blifparse.cc:525:parse_blif$9391.genblk1.genblk1.genblk1.genblk1.genblk1.genblk1.genblk1.lut3 (4 -> 3)
  Optimizing lut $abc$8899$auto$blifparse.cc:525:parse_blif$9391.genblk1.genblk1.genblk1.genblk1.genblk1.genblk1.genblk1.lut4 (4 -> 0)
  Optimizing lut $abc$8899$auto$blifparse.cc:525:parse_blif$9391.genblk1.genblk1.genblk1.genblk1.genblk1.genblk1.genblk1.lut5 (4 -> 0)
  Optimizing lut $abc$8899$auto$blifparse.cc:525:parse_blif$9391.genblk1.genblk1.genblk1.genblk1.genblk1.genblk1.genblk1.lut6 (4 -> 1)
  Optimizing lut $abc$8899$auto$blifparse.cc:525:parse_blif$9391.genblk1.genblk1.genblk1.genblk1.genblk1.genblk1.genblk1.lut7 (4 -> 1)
  Optimizing lut $abc$8899$auto$blifparse.cc:525:parse_blif$9363.genblk1.genblk1.genblk1.genblk1.genblk1.lut1 (4 -> 1)
  Optimizing lut $abc$8899$auto$blifparse.cc:525:parse_blif$9366.genblk1.genblk1.genblk1.genblk1.genblk1.genblk1.genblk1.lut2 (4 -> 3)
  Optimizing lut $abc$8899$auto$blifparse.cc:525:parse_blif$9366.genblk1.genblk1.genblk1.genblk1.genblk1.genblk1.genblk1.lut3 (4 -> 3)
  Optimizing lut $abc$8899$auto$blifparse.cc:525:parse_blif$9366.genblk1.genblk1.genblk1.genblk1.genblk1.genblk1.genblk1.lut4 (4 -> 0)
  Optimizing lut $abc$8899$auto$blifparse.cc:525:parse_blif$9366.genblk1.genblk1.genblk1.genblk1.genblk1.genblk1.genblk1.lut5 (4 -> 0)
  Optimizing lut $abc$8899$auto$blifparse.cc:525:parse_blif$9366.genblk1.genblk1.genblk1.genblk1.genblk1.genblk1.genblk1.lut6 (4 -> 1)
  Optimizing lut $abc$8899$auto$blifparse.cc:525:parse_blif$9366.genblk1.genblk1.genblk1.genblk1.genblk1.genblk1.genblk1.lut7 (4 -> 1)
  Optimizing lut $abc$8899$auto$blifparse.cc:525:parse_blif$9249.genblk1.genblk1.genblk1.genblk1.genblk1.lut1 (4 -> 3)
  Optimizing lut $abc$8899$auto$blifparse.cc:525:parse_blif$9251.genblk1.genblk1.genblk1.genblk1.genblk1.genblk1.genblk1.lut2 (4 -> 3)
  Optimizing lut $abc$8899$auto$blifparse.cc:525:parse_blif$9251.genblk1.genblk1.genblk1.genblk1.genblk1.genblk1.genblk1.lut3 (4 -> 3)
  Optimizing lut $abc$8899$auto$blifparse.cc:525:parse_blif$9251.genblk1.genblk1.genblk1.genblk1.genblk1.genblk1.genblk1.lut4 (4 -> 0)
  Optimizing lut $abc$8899$auto$blifparse.cc:525:parse_blif$9251.genblk1.genblk1.genblk1.genblk1.genblk1.genblk1.genblk1.lut5 (4 -> 0)
  Optimizing lut $abc$8899$auto$blifparse.cc:525:parse_blif$9251.genblk1.genblk1.genblk1.genblk1.genblk1.genblk1.genblk1.lut6 (4 -> 1)
  Optimizing lut $abc$8899$auto$blifparse.cc:525:parse_blif$9251.genblk1.genblk1.genblk1.genblk1.genblk1.genblk1.genblk1.lut7 (4 -> 1)
  Optimizing lut $abc$8899$auto$blifparse.cc:525:parse_blif$9242.genblk1.genblk1.genblk1.genblk1.genblk1.lut1 (4 -> 1)
  Optimizing lut $abc$8899$auto$blifparse.cc:525:parse_blif$9245.genblk1.genblk1.genblk1.genblk1.genblk1.genblk1.genblk1.lut2 (4 -> 3)
  Optimizing lut $abc$8899$auto$blifparse.cc:525:parse_blif$9245.genblk1.genblk1.genblk1.genblk1.genblk1.genblk1.genblk1.lut3 (4 -> 3)
  Optimizing lut $abc$8899$auto$blifparse.cc:525:parse_blif$9245.genblk1.genblk1.genblk1.genblk1.genblk1.genblk1.genblk1.lut4 (4 -> 0)
  Optimizing lut $abc$8899$auto$blifparse.cc:525:parse_blif$9245.genblk1.genblk1.genblk1.genblk1.genblk1.genblk1.genblk1.lut5 (4 -> 0)
  Optimizing lut $abc$8899$auto$blifparse.cc:525:parse_blif$9245.genblk1.genblk1.genblk1.genblk1.genblk1.genblk1.genblk1.lut6 (4 -> 1)
  Optimizing lut $abc$8899$auto$blifparse.cc:525:parse_blif$9245.genblk1.genblk1.genblk1.genblk1.genblk1.genblk1.genblk1.lut7 (4 -> 1)
  Optimizing lut $abc$8899$auto$blifparse.cc:525:parse_blif$9237.genblk1.genblk1.genblk1.genblk1.genblk1.lut1 (4 -> 3)
  Optimizing lut $abc$8899$auto$blifparse.cc:525:parse_blif$9239.genblk1.genblk1.genblk1.genblk1.genblk1.genblk1.genblk1.lut2 (4 -> 3)
  Optimizing lut $abc$8899$auto$blifparse.cc:525:parse_blif$9239.genblk1.genblk1.genblk1.genblk1.genblk1.genblk1.genblk1.lut3 (4 -> 3)
  Optimizing lut $abc$8899$auto$blifparse.cc:525:parse_blif$9239.genblk1.genblk1.genblk1.genblk1.genblk1.genblk1.genblk1.lut4 (4 -> 0)
  Optimizing lut $abc$8899$auto$blifparse.cc:525:parse_blif$9239.genblk1.genblk1.genblk1.genblk1.genblk1.genblk1.genblk1.lut5 (4 -> 0)
  Optimizing lut $abc$8899$auto$blifparse.cc:525:parse_blif$9239.genblk1.genblk1.genblk1.genblk1.genblk1.genblk1.genblk1.lut6 (4 -> 1)
  Optimizing lut $abc$8899$auto$blifparse.cc:525:parse_blif$9239.genblk1.genblk1.genblk1.genblk1.genblk1.genblk1.genblk1.lut7 (4 -> 1)
  Optimizing lut $abc$8899$auto$blifparse.cc:525:parse_blif$9233.genblk1.genblk1.genblk1.genblk1.genblk1.genblk1.genblk1.lut2 (4 -> 3)
  Optimizing lut $abc$8899$auto$blifparse.cc:525:parse_blif$9233.genblk1.genblk1.genblk1.genblk1.genblk1.genblk1.genblk1.lut3 (4 -> 3)
  Optimizing lut $abc$8899$auto$blifparse.cc:525:parse_blif$9233.genblk1.genblk1.genblk1.genblk1.genblk1.genblk1.genblk1.lut4 (4 -> 0)
  Optimizing lut $abc$8899$auto$blifparse.cc:525:parse_blif$9233.genblk1.genblk1.genblk1.genblk1.genblk1.genblk1.genblk1.lut5 (4 -> 0)
  Optimizing lut $abc$8899$auto$blifparse.cc:525:parse_blif$9233.genblk1.genblk1.genblk1.genblk1.genblk1.genblk1.genblk1.lut6 (4 -> 1)
  Optimizing lut $abc$8899$auto$blifparse.cc:525:parse_blif$9233.genblk1.genblk1.genblk1.genblk1.genblk1.genblk1.genblk1.lut7 (4 -> 1)
  Optimizing lut $abc$8899$auto$blifparse.cc:525:parse_blif$9150.genblk1.genblk1.genblk1.genblk1.genblk1.genblk1.genblk1.lut2 (4 -> 3)
  Optimizing lut $abc$8899$auto$blifparse.cc:525:parse_blif$9150.genblk1.genblk1.genblk1.genblk1.genblk1.genblk1.genblk1.lut3 (4 -> 3)
  Optimizing lut $abc$8899$auto$blifparse.cc:525:parse_blif$9150.genblk1.genblk1.genblk1.genblk1.genblk1.genblk1.genblk1.lut4 (4 -> 0)
  Optimizing lut $abc$8899$auto$blifparse.cc:525:parse_blif$9150.genblk1.genblk1.genblk1.genblk1.genblk1.genblk1.genblk1.lut5 (4 -> 0)
  Optimizing lut $abc$8899$auto$blifparse.cc:525:parse_blif$9150.genblk1.genblk1.genblk1.genblk1.genblk1.genblk1.genblk1.lut6 (4 -> 1)
  Optimizing lut $abc$8899$auto$blifparse.cc:525:parse_blif$9150.genblk1.genblk1.genblk1.genblk1.genblk1.genblk1.genblk1.lut7 (4 -> 1)
  Optimizing lut $abc$8899$auto$blifparse.cc:525:parse_blif$8915.genblk1.genblk1.genblk1.genblk1.genblk1.genblk1.lut3 (4 -> 0)
  Optimizing lut $abc$8899$auto$blifparse.cc:525:parse_blif$9360.genblk1.genblk1.genblk1.genblk1.genblk1.genblk1.genblk1.lut2 (4 -> 3)
  Optimizing lut $abc$8899$auto$blifparse.cc:525:parse_blif$9360.genblk1.genblk1.genblk1.genblk1.genblk1.genblk1.genblk1.lut3 (4 -> 3)
  Optimizing lut $abc$8899$auto$blifparse.cc:525:parse_blif$9360.genblk1.genblk1.genblk1.genblk1.genblk1.genblk1.genblk1.lut4 (4 -> 0)
  Optimizing lut $abc$8899$auto$blifparse.cc:525:parse_blif$9360.genblk1.genblk1.genblk1.genblk1.genblk1.genblk1.genblk1.lut5 (4 -> 0)
  Optimizing lut $abc$8899$auto$blifparse.cc:525:parse_blif$9360.genblk1.genblk1.genblk1.genblk1.genblk1.genblk1.genblk1.lut6 (4 -> 1)
  Optimizing lut $abc$8899$auto$blifparse.cc:525:parse_blif$9360.genblk1.genblk1.genblk1.genblk1.genblk1.genblk1.genblk1.lut7 (4 -> 1)
  Optimizing lut $abc$8899$auto$blifparse.cc:525:parse_blif$9218.genblk1.genblk1.genblk1.genblk1.genblk1.lut1 (4 -> 1)
  Optimizing lut $abc$8899$auto$blifparse.cc:525:parse_blif$9219.genblk1.genblk1.genblk1.genblk1.genblk1.lut1 (4 -> 3)
  Optimizing lut $abc$8899$auto$blifparse.cc:525:parse_blif$9215.genblk1.genblk1.genblk1.genblk1.genblk1.genblk1.genblk1.lut2 (4 -> 3)
  Optimizing lut $abc$8899$auto$blifparse.cc:525:parse_blif$9215.genblk1.genblk1.genblk1.genblk1.genblk1.genblk1.genblk1.lut3 (4 -> 3)
  Optimizing lut $abc$8899$auto$blifparse.cc:525:parse_blif$9215.genblk1.genblk1.genblk1.genblk1.genblk1.genblk1.genblk1.lut4 (4 -> 0)
  Optimizing lut $abc$8899$auto$blifparse.cc:525:parse_blif$9215.genblk1.genblk1.genblk1.genblk1.genblk1.genblk1.genblk1.lut5 (4 -> 0)
  Optimizing lut $abc$8899$auto$blifparse.cc:525:parse_blif$9215.genblk1.genblk1.genblk1.genblk1.genblk1.genblk1.genblk1.lut6 (4 -> 1)
  Optimizing lut $abc$8899$auto$blifparse.cc:525:parse_blif$9215.genblk1.genblk1.genblk1.genblk1.genblk1.genblk1.genblk1.lut7 (4 -> 1)
  Optimizing lut $abc$8899$auto$blifparse.cc:525:parse_blif$9413.genblk1.genblk1.genblk1.genblk1.genblk1.lut1 (4 -> 3)
  Optimizing lut $abc$8899$auto$blifparse.cc:525:parse_blif$9201.genblk1.genblk1.genblk1.genblk1.genblk1.genblk1.genblk1.lut2 (4 -> 1)
  Optimizing lut $abc$8899$auto$blifparse.cc:525:parse_blif$9201.genblk1.genblk1.genblk1.genblk1.genblk1.genblk1.genblk1.lut3 (4 -> 1)
  Optimizing lut $abc$8899$auto$blifparse.cc:525:parse_blif$9201.genblk1.genblk1.genblk1.genblk1.genblk1.genblk1.genblk1.lut4 (4 -> 1)
  Optimizing lut $abc$8899$auto$blifparse.cc:525:parse_blif$9201.genblk1.genblk1.genblk1.genblk1.genblk1.genblk1.genblk1.lut5 (4 -> 1)
  Optimizing lut $abc$8899$auto$blifparse.cc:525:parse_blif$9201.genblk1.genblk1.genblk1.genblk1.genblk1.genblk1.genblk1.lut6 (4 -> 3)
  Optimizing lut $abc$8899$auto$blifparse.cc:525:parse_blif$9201.genblk1.genblk1.genblk1.genblk1.genblk1.genblk1.genblk1.lut7 (4 -> 1)
  Optimizing lut $abc$8899$auto$blifparse.cc:525:parse_blif$9126.genblk1.genblk1.genblk1.genblk1.genblk1.genblk1.genblk1.lut2 (4 -> 3)
  Optimizing lut $abc$8899$auto$blifparse.cc:525:parse_blif$9126.genblk1.genblk1.genblk1.genblk1.genblk1.genblk1.genblk1.lut3 (4 -> 3)
  Optimizing lut $abc$8899$auto$blifparse.cc:525:parse_blif$9126.genblk1.genblk1.genblk1.genblk1.genblk1.genblk1.genblk1.lut4 (4 -> 0)
  Optimizing lut $abc$8899$auto$blifparse.cc:525:parse_blif$9126.genblk1.genblk1.genblk1.genblk1.genblk1.genblk1.genblk1.lut5 (4 -> 0)
  Optimizing lut $abc$8899$auto$blifparse.cc:525:parse_blif$9126.genblk1.genblk1.genblk1.genblk1.genblk1.genblk1.genblk1.lut6 (4 -> 1)
  Optimizing lut $abc$8899$auto$blifparse.cc:525:parse_blif$9126.genblk1.genblk1.genblk1.genblk1.genblk1.genblk1.genblk1.lut7 (4 -> 1)
  Optimizing lut $abc$8899$auto$blifparse.cc:525:parse_blif$9197.genblk1.genblk1.genblk1.genblk1.genblk1.genblk1.genblk1.lut2 (4 -> 3)
  Optimizing lut $abc$8899$auto$blifparse.cc:525:parse_blif$9197.genblk1.genblk1.genblk1.genblk1.genblk1.genblk1.genblk1.lut3 (4 -> 3)
  Optimizing lut $abc$8899$auto$blifparse.cc:525:parse_blif$9197.genblk1.genblk1.genblk1.genblk1.genblk1.genblk1.genblk1.lut4 (4 -> 0)
  Optimizing lut $abc$8899$auto$blifparse.cc:525:parse_blif$9197.genblk1.genblk1.genblk1.genblk1.genblk1.genblk1.genblk1.lut5 (4 -> 0)
  Optimizing lut $abc$8899$auto$blifparse.cc:525:parse_blif$9197.genblk1.genblk1.genblk1.genblk1.genblk1.genblk1.genblk1.lut6 (4 -> 1)
  Optimizing lut $abc$8899$auto$blifparse.cc:525:parse_blif$9197.genblk1.genblk1.genblk1.genblk1.genblk1.genblk1.genblk1.lut7 (4 -> 1)
  Optimizing lut $abc$8899$auto$blifparse.cc:525:parse_blif$9637.genblk1.genblk1.genblk1.genblk1.genblk1.lut1 (4 -> 3)
  Optimizing lut $abc$8899$auto$blifparse.cc:525:parse_blif$9639.genblk1.genblk1.genblk1.genblk1.genblk1.genblk1.genblk1.lut2 (4 -> 3)
  Optimizing lut $abc$8899$auto$blifparse.cc:525:parse_blif$9639.genblk1.genblk1.genblk1.genblk1.genblk1.genblk1.genblk1.lut3 (4 -> 3)
  Optimizing lut $abc$8899$auto$blifparse.cc:525:parse_blif$9639.genblk1.genblk1.genblk1.genblk1.genblk1.genblk1.genblk1.lut4 (4 -> 0)
  Optimizing lut $abc$8899$auto$blifparse.cc:525:parse_blif$9639.genblk1.genblk1.genblk1.genblk1.genblk1.genblk1.genblk1.lut5 (4 -> 0)
  Optimizing lut $abc$8899$auto$blifparse.cc:525:parse_blif$9639.genblk1.genblk1.genblk1.genblk1.genblk1.genblk1.genblk1.lut6 (4 -> 1)
  Optimizing lut $abc$8899$auto$blifparse.cc:525:parse_blif$9639.genblk1.genblk1.genblk1.genblk1.genblk1.genblk1.genblk1.lut7 (4 -> 1)
  Optimizing lut $abc$8899$auto$blifparse.cc:525:parse_blif$9633.genblk1.genblk1.genblk1.genblk1.genblk1.genblk1.genblk1.lut2 (4 -> 3)
  Optimizing lut $abc$8899$auto$blifparse.cc:525:parse_blif$9633.genblk1.genblk1.genblk1.genblk1.genblk1.genblk1.genblk1.lut3 (4 -> 3)
  Optimizing lut $abc$8899$auto$blifparse.cc:525:parse_blif$9633.genblk1.genblk1.genblk1.genblk1.genblk1.genblk1.genblk1.lut4 (4 -> 0)
  Optimizing lut $abc$8899$auto$blifparse.cc:525:parse_blif$9633.genblk1.genblk1.genblk1.genblk1.genblk1.genblk1.genblk1.lut5 (4 -> 0)
  Optimizing lut $abc$8899$auto$blifparse.cc:525:parse_blif$9633.genblk1.genblk1.genblk1.genblk1.genblk1.genblk1.genblk1.lut6 (4 -> 1)
  Optimizing lut $abc$8899$auto$blifparse.cc:525:parse_blif$9633.genblk1.genblk1.genblk1.genblk1.genblk1.genblk1.genblk1.lut7 (4 -> 1)
  Optimizing lut $abc$8899$auto$blifparse.cc:525:parse_blif$9624.genblk1.genblk1.genblk1.genblk1.genblk1.lut1 (4 -> 1)
  Optimizing lut $abc$8899$auto$blifparse.cc:525:parse_blif$9625.genblk1.genblk1.genblk1.genblk1.genblk1.lut1 (4 -> 3)
  Optimizing lut $abc$8899$auto$blifparse.cc:525:parse_blif$9627.genblk1.genblk1.genblk1.genblk1.genblk1.genblk1.genblk1.lut2 (4 -> 3)
  Optimizing lut $abc$8899$auto$blifparse.cc:525:parse_blif$9627.genblk1.genblk1.genblk1.genblk1.genblk1.genblk1.genblk1.lut3 (4 -> 3)
  Optimizing lut $abc$8899$auto$blifparse.cc:525:parse_blif$9627.genblk1.genblk1.genblk1.genblk1.genblk1.genblk1.genblk1.lut4 (4 -> 0)
  Optimizing lut $abc$8899$auto$blifparse.cc:525:parse_blif$9627.genblk1.genblk1.genblk1.genblk1.genblk1.genblk1.genblk1.lut5 (4 -> 0)
  Optimizing lut $abc$8899$auto$blifparse.cc:525:parse_blif$9627.genblk1.genblk1.genblk1.genblk1.genblk1.genblk1.genblk1.lut6 (4 -> 1)
  Optimizing lut $abc$8899$auto$blifparse.cc:525:parse_blif$9627.genblk1.genblk1.genblk1.genblk1.genblk1.genblk1.genblk1.lut7 (4 -> 1)
  Optimizing lut $abc$8899$auto$blifparse.cc:525:parse_blif$9613.genblk1.genblk1.genblk1.genblk1.genblk1.lut1 (4 -> 3)
  Optimizing lut $abc$8899$auto$blifparse.cc:525:parse_blif$9615.genblk1.genblk1.genblk1.genblk1.genblk1.genblk1.genblk1.lut2 (4 -> 3)
  Optimizing lut $abc$8899$auto$blifparse.cc:525:parse_blif$9615.genblk1.genblk1.genblk1.genblk1.genblk1.genblk1.genblk1.lut3 (4 -> 3)
  Optimizing lut $abc$8899$auto$blifparse.cc:525:parse_blif$9615.genblk1.genblk1.genblk1.genblk1.genblk1.genblk1.genblk1.lut4 (4 -> 0)
  Optimizing lut $abc$8899$auto$blifparse.cc:525:parse_blif$9615.genblk1.genblk1.genblk1.genblk1.genblk1.genblk1.genblk1.lut5 (4 -> 0)
  Optimizing lut $abc$8899$auto$blifparse.cc:525:parse_blif$9615.genblk1.genblk1.genblk1.genblk1.genblk1.genblk1.genblk1.lut6 (4 -> 1)
  Optimizing lut $abc$8899$auto$blifparse.cc:525:parse_blif$9615.genblk1.genblk1.genblk1.genblk1.genblk1.genblk1.genblk1.lut7 (4 -> 1)
  Optimizing lut $abc$8899$auto$blifparse.cc:525:parse_blif$9609.genblk1.genblk1.genblk1.genblk1.genblk1.genblk1.genblk1.lut2 (4 -> 3)
  Optimizing lut $abc$8899$auto$blifparse.cc:525:parse_blif$9609.genblk1.genblk1.genblk1.genblk1.genblk1.genblk1.genblk1.lut3 (4 -> 3)
  Optimizing lut $abc$8899$auto$blifparse.cc:525:parse_blif$9609.genblk1.genblk1.genblk1.genblk1.genblk1.genblk1.genblk1.lut4 (4 -> 0)
  Optimizing lut $abc$8899$auto$blifparse.cc:525:parse_blif$9609.genblk1.genblk1.genblk1.genblk1.genblk1.genblk1.genblk1.lut5 (4 -> 0)
  Optimizing lut $abc$8899$auto$blifparse.cc:525:parse_blif$9609.genblk1.genblk1.genblk1.genblk1.genblk1.genblk1.genblk1.lut6 (4 -> 1)
  Optimizing lut $abc$8899$auto$blifparse.cc:525:parse_blif$9609.genblk1.genblk1.genblk1.genblk1.genblk1.genblk1.genblk1.lut7 (4 -> 1)
  Optimizing lut $abc$8899$auto$blifparse.cc:525:parse_blif$9600.genblk1.genblk1.genblk1.genblk1.genblk1.lut1 (4 -> 1)
  Optimizing lut $abc$8899$auto$blifparse.cc:525:parse_blif$9601.genblk1.genblk1.genblk1.genblk1.genblk1.lut1 (4 -> 3)
  Optimizing lut $abc$8899$auto$blifparse.cc:525:parse_blif$9603.genblk1.genblk1.genblk1.genblk1.genblk1.genblk1.genblk1.lut2 (4 -> 3)
  Optimizing lut $abc$8899$auto$blifparse.cc:525:parse_blif$9603.genblk1.genblk1.genblk1.genblk1.genblk1.genblk1.genblk1.lut3 (4 -> 3)
  Optimizing lut $abc$8899$auto$blifparse.cc:525:parse_blif$9603.genblk1.genblk1.genblk1.genblk1.genblk1.genblk1.genblk1.lut4 (4 -> 0)
  Optimizing lut $abc$8899$auto$blifparse.cc:525:parse_blif$9603.genblk1.genblk1.genblk1.genblk1.genblk1.genblk1.genblk1.lut5 (4 -> 0)
  Optimizing lut $abc$8899$auto$blifparse.cc:525:parse_blif$9603.genblk1.genblk1.genblk1.genblk1.genblk1.genblk1.genblk1.lut6 (4 -> 1)
  Optimizing lut $abc$8899$auto$blifparse.cc:525:parse_blif$9603.genblk1.genblk1.genblk1.genblk1.genblk1.genblk1.genblk1.lut7 (4 -> 1)
  Optimizing lut $abc$8899$auto$blifparse.cc:525:parse_blif$9597.genblk1.genblk1.genblk1.genblk1.genblk1.genblk1.genblk1.lut2 (4 -> 3)
  Optimizing lut $abc$8899$auto$blifparse.cc:525:parse_blif$9597.genblk1.genblk1.genblk1.genblk1.genblk1.genblk1.genblk1.lut3 (4 -> 3)
  Optimizing lut $abc$8899$auto$blifparse.cc:525:parse_blif$9597.genblk1.genblk1.genblk1.genblk1.genblk1.genblk1.genblk1.lut4 (4 -> 0)
  Optimizing lut $abc$8899$auto$blifparse.cc:525:parse_blif$9597.genblk1.genblk1.genblk1.genblk1.genblk1.genblk1.genblk1.lut5 (4 -> 0)
  Optimizing lut $abc$8899$auto$blifparse.cc:525:parse_blif$9597.genblk1.genblk1.genblk1.genblk1.genblk1.genblk1.genblk1.lut6 (4 -> 1)
  Optimizing lut $abc$8899$auto$blifparse.cc:525:parse_blif$9597.genblk1.genblk1.genblk1.genblk1.genblk1.genblk1.genblk1.lut7 (4 -> 1)
  Optimizing lut $abc$8899$auto$blifparse.cc:525:parse_blif$9588.genblk1.genblk1.genblk1.genblk1.genblk1.lut1 (4 -> 1)
  Optimizing lut $abc$8899$auto$blifparse.cc:525:parse_blif$9589.genblk1.genblk1.genblk1.genblk1.genblk1.lut1 (4 -> 3)
  Optimizing lut $abc$8899$auto$blifparse.cc:525:parse_blif$9591.genblk1.genblk1.genblk1.genblk1.genblk1.genblk1.genblk1.lut2 (4 -> 3)
  Optimizing lut $abc$8899$auto$blifparse.cc:525:parse_blif$9591.genblk1.genblk1.genblk1.genblk1.genblk1.genblk1.genblk1.lut3 (4 -> 3)
  Optimizing lut $abc$8899$auto$blifparse.cc:525:parse_blif$9591.genblk1.genblk1.genblk1.genblk1.genblk1.genblk1.genblk1.lut4 (4 -> 0)
  Optimizing lut $abc$8899$auto$blifparse.cc:525:parse_blif$9591.genblk1.genblk1.genblk1.genblk1.genblk1.genblk1.genblk1.lut5 (4 -> 0)
  Optimizing lut $abc$8899$auto$blifparse.cc:525:parse_blif$9591.genblk1.genblk1.genblk1.genblk1.genblk1.genblk1.genblk1.lut6 (4 -> 1)
  Optimizing lut $abc$8899$auto$blifparse.cc:525:parse_blif$9591.genblk1.genblk1.genblk1.genblk1.genblk1.genblk1.genblk1.lut7 (4 -> 1)
  Optimizing lut $abc$8899$auto$blifparse.cc:525:parse_blif$9585.genblk1.genblk1.genblk1.genblk1.genblk1.genblk1.genblk1.lut2 (4 -> 3)
  Optimizing lut $abc$8899$auto$blifparse.cc:525:parse_blif$9585.genblk1.genblk1.genblk1.genblk1.genblk1.genblk1.genblk1.lut3 (4 -> 3)
  Optimizing lut $abc$8899$auto$blifparse.cc:525:parse_blif$9585.genblk1.genblk1.genblk1.genblk1.genblk1.genblk1.genblk1.lut4 (4 -> 0)
  Optimizing lut $abc$8899$auto$blifparse.cc:525:parse_blif$9585.genblk1.genblk1.genblk1.genblk1.genblk1.genblk1.genblk1.lut5 (4 -> 0)
  Optimizing lut $abc$8899$auto$blifparse.cc:525:parse_blif$9585.genblk1.genblk1.genblk1.genblk1.genblk1.genblk1.genblk1.lut6 (4 -> 1)
  Optimizing lut $abc$8899$auto$blifparse.cc:525:parse_blif$9585.genblk1.genblk1.genblk1.genblk1.genblk1.genblk1.genblk1.lut7 (4 -> 1)
  Optimizing lut $abc$8899$auto$blifparse.cc:525:parse_blif$9576.genblk1.genblk1.genblk1.genblk1.genblk1.lut1 (4 -> 1)
  Optimizing lut $abc$8899$auto$blifparse.cc:525:parse_blif$9577.genblk1.genblk1.genblk1.genblk1.genblk1.lut1 (4 -> 3)
  Optimizing lut $abc$8899$auto$blifparse.cc:525:parse_blif$9579.genblk1.genblk1.genblk1.genblk1.genblk1.genblk1.genblk1.lut2 (4 -> 3)
  Optimizing lut $abc$8899$auto$blifparse.cc:525:parse_blif$9579.genblk1.genblk1.genblk1.genblk1.genblk1.genblk1.genblk1.lut3 (4 -> 3)
  Optimizing lut $abc$8899$auto$blifparse.cc:525:parse_blif$9579.genblk1.genblk1.genblk1.genblk1.genblk1.genblk1.genblk1.lut4 (4 -> 0)
  Optimizing lut $abc$8899$auto$blifparse.cc:525:parse_blif$9579.genblk1.genblk1.genblk1.genblk1.genblk1.genblk1.genblk1.lut5 (4 -> 0)
  Optimizing lut $abc$8899$auto$blifparse.cc:525:parse_blif$9579.genblk1.genblk1.genblk1.genblk1.genblk1.genblk1.genblk1.lut6 (4 -> 1)
  Optimizing lut $abc$8899$auto$blifparse.cc:525:parse_blif$9579.genblk1.genblk1.genblk1.genblk1.genblk1.genblk1.genblk1.lut7 (4 -> 1)
  Optimizing lut $abc$8899$auto$blifparse.cc:525:parse_blif$9573.genblk1.genblk1.genblk1.genblk1.genblk1.genblk1.genblk1.lut2 (4 -> 3)
  Optimizing lut $abc$8899$auto$blifparse.cc:525:parse_blif$9573.genblk1.genblk1.genblk1.genblk1.genblk1.genblk1.genblk1.lut3 (4 -> 3)
  Optimizing lut $abc$8899$auto$blifparse.cc:525:parse_blif$9573.genblk1.genblk1.genblk1.genblk1.genblk1.genblk1.genblk1.lut4 (4 -> 0)
  Optimizing lut $abc$8899$auto$blifparse.cc:525:parse_blif$9573.genblk1.genblk1.genblk1.genblk1.genblk1.genblk1.genblk1.lut5 (4 -> 0)
  Optimizing lut $abc$8899$auto$blifparse.cc:525:parse_blif$9573.genblk1.genblk1.genblk1.genblk1.genblk1.genblk1.genblk1.lut6 (4 -> 1)
  Optimizing lut $abc$8899$auto$blifparse.cc:525:parse_blif$9573.genblk1.genblk1.genblk1.genblk1.genblk1.genblk1.genblk1.lut7 (4 -> 1)
  Optimizing lut $abc$8899$auto$blifparse.cc:525:parse_blif$9564.genblk1.genblk1.genblk1.genblk1.genblk1.lut1 (4 -> 3)
  Optimizing lut $abc$8899$auto$blifparse.cc:525:parse_blif$9565.genblk1.genblk1.genblk1.genblk1.genblk1.genblk1.genblk1.lut1 (4 -> 1)
  Optimizing lut $abc$8899$auto$blifparse.cc:525:parse_blif$9565.genblk1.genblk1.genblk1.genblk1.genblk1.genblk1.genblk1.lut2 (4 -> 1)
  Optimizing lut $abc$8899$auto$blifparse.cc:525:parse_blif$9565.genblk1.genblk1.genblk1.genblk1.genblk1.genblk1.genblk1.lut3 (4 -> 1)
  Optimizing lut $abc$8899$auto$blifparse.cc:525:parse_blif$9565.genblk1.genblk1.genblk1.genblk1.genblk1.genblk1.genblk1.lut4 (4 -> 1)
  Optimizing lut $abc$8899$auto$blifparse.cc:525:parse_blif$9565.genblk1.genblk1.genblk1.genblk1.genblk1.genblk1.genblk1.lut5 (4 -> 1)
  Optimizing lut $abc$8899$auto$blifparse.cc:525:parse_blif$9565.genblk1.genblk1.genblk1.genblk1.genblk1.genblk1.genblk1.lut6 (4 -> 3)
  Optimizing lut $abc$8899$auto$blifparse.cc:525:parse_blif$9565.genblk1.genblk1.genblk1.genblk1.genblk1.genblk1.genblk1.lut7 (4 -> 1)
  Optimizing lut $abc$8899$auto$blifparse.cc:525:parse_blif$9561.genblk1.genblk1.genblk1.genblk1.genblk1.genblk1.genblk1.lut2 (4 -> 3)
  Optimizing lut $abc$8899$auto$blifparse.cc:525:parse_blif$9561.genblk1.genblk1.genblk1.genblk1.genblk1.genblk1.genblk1.lut3 (4 -> 3)
  Optimizing lut $abc$8899$auto$blifparse.cc:525:parse_blif$9561.genblk1.genblk1.genblk1.genblk1.genblk1.genblk1.genblk1.lut4 (4 -> 0)
  Optimizing lut $abc$8899$auto$blifparse.cc:525:parse_blif$9561.genblk1.genblk1.genblk1.genblk1.genblk1.genblk1.genblk1.lut5 (4 -> 0)
  Optimizing lut $abc$8899$auto$blifparse.cc:525:parse_blif$9561.genblk1.genblk1.genblk1.genblk1.genblk1.genblk1.genblk1.lut6 (4 -> 1)
  Optimizing lut $abc$8899$auto$blifparse.cc:525:parse_blif$9561.genblk1.genblk1.genblk1.genblk1.genblk1.genblk1.genblk1.lut7 (4 -> 1)
  Optimizing lut $abc$8899$auto$blifparse.cc:525:parse_blif$9548.genblk1.genblk1.genblk1.genblk1.genblk1.genblk1.genblk1.lut2 (4 -> 3)
  Optimizing lut $abc$8899$auto$blifparse.cc:525:parse_blif$9548.genblk1.genblk1.genblk1.genblk1.genblk1.genblk1.genblk1.lut3 (4 -> 3)
  Optimizing lut $abc$8899$auto$blifparse.cc:525:parse_blif$9548.genblk1.genblk1.genblk1.genblk1.genblk1.genblk1.genblk1.lut4 (4 -> 0)
  Optimizing lut $abc$8899$auto$blifparse.cc:525:parse_blif$9548.genblk1.genblk1.genblk1.genblk1.genblk1.genblk1.genblk1.lut5 (4 -> 0)
  Optimizing lut $abc$8899$auto$blifparse.cc:525:parse_blif$9548.genblk1.genblk1.genblk1.genblk1.genblk1.genblk1.genblk1.lut6 (4 -> 1)
  Optimizing lut $abc$8899$auto$blifparse.cc:525:parse_blif$9548.genblk1.genblk1.genblk1.genblk1.genblk1.genblk1.genblk1.lut7 (4 -> 1)
  Optimizing lut $abc$8899$auto$blifparse.cc:525:parse_blif$9542.genblk1.genblk1.genblk1.genblk1.genblk1.genblk1.genblk1.lut2 (4 -> 3)
  Optimizing lut $abc$8899$auto$blifparse.cc:525:parse_blif$9542.genblk1.genblk1.genblk1.genblk1.genblk1.genblk1.genblk1.lut3 (4 -> 3)
  Optimizing lut $abc$8899$auto$blifparse.cc:525:parse_blif$9542.genblk1.genblk1.genblk1.genblk1.genblk1.genblk1.genblk1.lut4 (4 -> 0)
  Optimizing lut $abc$8899$auto$blifparse.cc:525:parse_blif$9542.genblk1.genblk1.genblk1.genblk1.genblk1.genblk1.genblk1.lut5 (4 -> 0)
  Optimizing lut $abc$8899$auto$blifparse.cc:525:parse_blif$9542.genblk1.genblk1.genblk1.genblk1.genblk1.genblk1.genblk1.lut6 (4 -> 1)
  Optimizing lut $abc$8899$auto$blifparse.cc:525:parse_blif$9542.genblk1.genblk1.genblk1.genblk1.genblk1.genblk1.genblk1.lut7 (4 -> 1)
  Optimizing lut $abc$8899$auto$blifparse.cc:525:parse_blif$9528.genblk1.genblk1.genblk1.genblk1.genblk1.genblk1.genblk1.lut2 (4 -> 1)
  Optimizing lut $abc$8899$auto$blifparse.cc:525:parse_blif$9528.genblk1.genblk1.genblk1.genblk1.genblk1.genblk1.genblk1.lut3 (4 -> 1)
  Optimizing lut $abc$8899$auto$blifparse.cc:525:parse_blif$9528.genblk1.genblk1.genblk1.genblk1.genblk1.genblk1.genblk1.lut4 (4 -> 1)
  Optimizing lut $abc$8899$auto$blifparse.cc:525:parse_blif$9528.genblk1.genblk1.genblk1.genblk1.genblk1.genblk1.genblk1.lut5 (4 -> 1)
  Optimizing lut $abc$8899$auto$blifparse.cc:525:parse_blif$9528.genblk1.genblk1.genblk1.genblk1.genblk1.genblk1.genblk1.lut6 (4 -> 3)
  Optimizing lut $abc$8899$auto$blifparse.cc:525:parse_blif$9528.genblk1.genblk1.genblk1.genblk1.genblk1.genblk1.genblk1.lut7 (4 -> 1)
  Optimizing lut $abc$8899$auto$blifparse.cc:525:parse_blif$9524.genblk1.genblk1.genblk1.genblk1.genblk1.genblk1.genblk1.lut2 (4 -> 3)
  Optimizing lut $abc$8899$auto$blifparse.cc:525:parse_blif$9524.genblk1.genblk1.genblk1.genblk1.genblk1.genblk1.genblk1.lut3 (4 -> 3)
  Optimizing lut $abc$8899$auto$blifparse.cc:525:parse_blif$9524.genblk1.genblk1.genblk1.genblk1.genblk1.genblk1.genblk1.lut4 (4 -> 0)
  Optimizing lut $abc$8899$auto$blifparse.cc:525:parse_blif$9524.genblk1.genblk1.genblk1.genblk1.genblk1.genblk1.genblk1.lut5 (4 -> 0)
  Optimizing lut $abc$8899$auto$blifparse.cc:525:parse_blif$9524.genblk1.genblk1.genblk1.genblk1.genblk1.genblk1.genblk1.lut6 (4 -> 1)
  Optimizing lut $abc$8899$auto$blifparse.cc:525:parse_blif$9524.genblk1.genblk1.genblk1.genblk1.genblk1.genblk1.genblk1.lut7 (4 -> 1)
  Optimizing lut $abc$8899$auto$blifparse.cc:525:parse_blif$9518.genblk1.genblk1.genblk1.genblk1.genblk1.genblk1.genblk1.lut2 (4 -> 3)
  Optimizing lut $abc$8899$auto$blifparse.cc:525:parse_blif$9518.genblk1.genblk1.genblk1.genblk1.genblk1.genblk1.genblk1.lut3 (4 -> 3)
  Optimizing lut $abc$8899$auto$blifparse.cc:525:parse_blif$9518.genblk1.genblk1.genblk1.genblk1.genblk1.genblk1.genblk1.lut4 (4 -> 0)
  Optimizing lut $abc$8899$auto$blifparse.cc:525:parse_blif$9518.genblk1.genblk1.genblk1.genblk1.genblk1.genblk1.genblk1.lut5 (4 -> 0)
  Optimizing lut $abc$8899$auto$blifparse.cc:525:parse_blif$9518.genblk1.genblk1.genblk1.genblk1.genblk1.genblk1.genblk1.lut6 (4 -> 1)
  Optimizing lut $abc$8899$auto$blifparse.cc:525:parse_blif$9518.genblk1.genblk1.genblk1.genblk1.genblk1.genblk1.genblk1.lut7 (4 -> 1)
  Optimizing lut $abc$8899$auto$blifparse.cc:525:parse_blif$9512.genblk1.genblk1.genblk1.genblk1.genblk1.genblk1.genblk1.lut2 (4 -> 3)
  Optimizing lut $abc$8899$auto$blifparse.cc:525:parse_blif$9512.genblk1.genblk1.genblk1.genblk1.genblk1.genblk1.genblk1.lut3 (4 -> 3)
  Optimizing lut $abc$8899$auto$blifparse.cc:525:parse_blif$9512.genblk1.genblk1.genblk1.genblk1.genblk1.genblk1.genblk1.lut4 (4 -> 0)
  Optimizing lut $abc$8899$auto$blifparse.cc:525:parse_blif$9512.genblk1.genblk1.genblk1.genblk1.genblk1.genblk1.genblk1.lut5 (4 -> 0)
  Optimizing lut $abc$8899$auto$blifparse.cc:525:parse_blif$9512.genblk1.genblk1.genblk1.genblk1.genblk1.genblk1.genblk1.lut6 (4 -> 1)
  Optimizing lut $abc$8899$auto$blifparse.cc:525:parse_blif$9512.genblk1.genblk1.genblk1.genblk1.genblk1.genblk1.genblk1.lut7 (4 -> 1)
  Optimizing lut $abc$8899$auto$blifparse.cc:525:parse_blif$9506.genblk1.genblk1.genblk1.genblk1.genblk1.genblk1.genblk1.lut2 (4 -> 3)
  Optimizing lut $abc$8899$auto$blifparse.cc:525:parse_blif$9506.genblk1.genblk1.genblk1.genblk1.genblk1.genblk1.genblk1.lut3 (4 -> 3)
  Optimizing lut $abc$8899$auto$blifparse.cc:525:parse_blif$9506.genblk1.genblk1.genblk1.genblk1.genblk1.genblk1.genblk1.lut4 (4 -> 0)
  Optimizing lut $abc$8899$auto$blifparse.cc:525:parse_blif$9506.genblk1.genblk1.genblk1.genblk1.genblk1.genblk1.genblk1.lut5 (4 -> 0)
  Optimizing lut $abc$8899$auto$blifparse.cc:525:parse_blif$9506.genblk1.genblk1.genblk1.genblk1.genblk1.genblk1.genblk1.lut6 (4 -> 1)
  Optimizing lut $abc$8899$auto$blifparse.cc:525:parse_blif$9506.genblk1.genblk1.genblk1.genblk1.genblk1.genblk1.genblk1.lut7 (4 -> 1)
  Optimizing lut $abc$8899$auto$blifparse.cc:525:parse_blif$9500.genblk1.genblk1.genblk1.genblk1.genblk1.genblk1.genblk1.lut2 (4 -> 3)
  Optimizing lut $abc$8899$auto$blifparse.cc:525:parse_blif$9500.genblk1.genblk1.genblk1.genblk1.genblk1.genblk1.genblk1.lut3 (4 -> 3)
  Optimizing lut $abc$8899$auto$blifparse.cc:525:parse_blif$9500.genblk1.genblk1.genblk1.genblk1.genblk1.genblk1.genblk1.lut4 (4 -> 0)
  Optimizing lut $abc$8899$auto$blifparse.cc:525:parse_blif$9500.genblk1.genblk1.genblk1.genblk1.genblk1.genblk1.genblk1.lut5 (4 -> 0)
  Optimizing lut $abc$8899$auto$blifparse.cc:525:parse_blif$9500.genblk1.genblk1.genblk1.genblk1.genblk1.genblk1.genblk1.lut6 (4 -> 1)
  Optimizing lut $abc$8899$auto$blifparse.cc:525:parse_blif$9500.genblk1.genblk1.genblk1.genblk1.genblk1.genblk1.genblk1.lut7 (4 -> 1)
  Optimizing lut $abc$8899$auto$blifparse.cc:525:parse_blif$9494.genblk1.genblk1.genblk1.genblk1.genblk1.genblk1.genblk1.lut2 (4 -> 3)
  Optimizing lut $abc$8899$auto$blifparse.cc:525:parse_blif$9494.genblk1.genblk1.genblk1.genblk1.genblk1.genblk1.genblk1.lut3 (4 -> 3)
  Optimizing lut $abc$8899$auto$blifparse.cc:525:parse_blif$9494.genblk1.genblk1.genblk1.genblk1.genblk1.genblk1.genblk1.lut4 (4 -> 0)
  Optimizing lut $abc$8899$auto$blifparse.cc:525:parse_blif$9494.genblk1.genblk1.genblk1.genblk1.genblk1.genblk1.genblk1.lut5 (4 -> 0)
  Optimizing lut $abc$8899$auto$blifparse.cc:525:parse_blif$9494.genblk1.genblk1.genblk1.genblk1.genblk1.genblk1.genblk1.lut6 (4 -> 1)
  Optimizing lut $abc$8899$auto$blifparse.cc:525:parse_blif$9494.genblk1.genblk1.genblk1.genblk1.genblk1.genblk1.genblk1.lut7 (4 -> 1)
  Optimizing lut $abc$8899$auto$blifparse.cc:525:parse_blif$9488.genblk1.genblk1.genblk1.genblk1.genblk1.genblk1.genblk1.lut2 (4 -> 3)
  Optimizing lut $abc$8899$auto$blifparse.cc:525:parse_blif$9488.genblk1.genblk1.genblk1.genblk1.genblk1.genblk1.genblk1.lut3 (4 -> 3)
  Optimizing lut $abc$8899$auto$blifparse.cc:525:parse_blif$9488.genblk1.genblk1.genblk1.genblk1.genblk1.genblk1.genblk1.lut4 (4 -> 0)
  Optimizing lut $abc$8899$auto$blifparse.cc:525:parse_blif$9488.genblk1.genblk1.genblk1.genblk1.genblk1.genblk1.genblk1.lut5 (4 -> 0)
  Optimizing lut $abc$8899$auto$blifparse.cc:525:parse_blif$9488.genblk1.genblk1.genblk1.genblk1.genblk1.genblk1.genblk1.lut6 (4 -> 1)
  Optimizing lut $abc$8899$auto$blifparse.cc:525:parse_blif$9488.genblk1.genblk1.genblk1.genblk1.genblk1.genblk1.genblk1.lut7 (4 -> 1)
  Optimizing lut $abc$8899$auto$blifparse.cc:525:parse_blif$9144.genblk1.genblk1.genblk1.genblk1.genblk1.genblk1.genblk1.lut2 (4 -> 3)
  Optimizing lut $abc$8899$auto$blifparse.cc:525:parse_blif$9144.genblk1.genblk1.genblk1.genblk1.genblk1.genblk1.genblk1.lut3 (4 -> 3)
  Optimizing lut $abc$8899$auto$blifparse.cc:525:parse_blif$9144.genblk1.genblk1.genblk1.genblk1.genblk1.genblk1.genblk1.lut4 (4 -> 0)
  Optimizing lut $abc$8899$auto$blifparse.cc:525:parse_blif$9144.genblk1.genblk1.genblk1.genblk1.genblk1.genblk1.genblk1.lut5 (4 -> 0)
  Optimizing lut $abc$8899$auto$blifparse.cc:525:parse_blif$9144.genblk1.genblk1.genblk1.genblk1.genblk1.genblk1.genblk1.lut6 (4 -> 1)
  Optimizing lut $abc$8899$auto$blifparse.cc:525:parse_blif$9144.genblk1.genblk1.genblk1.genblk1.genblk1.genblk1.genblk1.lut7 (4 -> 1)
  Optimizing lut $abc$8899$auto$blifparse.cc:525:parse_blif$9480.genblk1.genblk1.genblk1.genblk1.genblk1.lut1 (4 -> 3)
  Optimizing lut $abc$8899$auto$blifparse.cc:525:parse_blif$9482.genblk1.genblk1.genblk1.genblk1.genblk1.genblk1.genblk1.lut2 (4 -> 3)
  Optimizing lut $abc$8899$auto$blifparse.cc:525:parse_blif$9482.genblk1.genblk1.genblk1.genblk1.genblk1.genblk1.genblk1.lut3 (4 -> 3)
  Optimizing lut $abc$8899$auto$blifparse.cc:525:parse_blif$9482.genblk1.genblk1.genblk1.genblk1.genblk1.genblk1.genblk1.lut4 (4 -> 0)
  Optimizing lut $abc$8899$auto$blifparse.cc:525:parse_blif$9482.genblk1.genblk1.genblk1.genblk1.genblk1.genblk1.genblk1.lut5 (4 -> 0)
  Optimizing lut $abc$8899$auto$blifparse.cc:525:parse_blif$9482.genblk1.genblk1.genblk1.genblk1.genblk1.genblk1.genblk1.lut6 (4 -> 1)
  Optimizing lut $abc$8899$auto$blifparse.cc:525:parse_blif$9482.genblk1.genblk1.genblk1.genblk1.genblk1.genblk1.genblk1.lut7 (4 -> 1)
  Optimizing lut $abc$8899$auto$blifparse.cc:525:parse_blif$9470.genblk1.genblk1.genblk1.genblk1.genblk1.genblk1.genblk1.lut2 (4 -> 3)
  Optimizing lut $abc$8899$auto$blifparse.cc:525:parse_blif$9470.genblk1.genblk1.genblk1.genblk1.genblk1.genblk1.genblk1.lut3 (4 -> 3)
  Optimizing lut $abc$8899$auto$blifparse.cc:525:parse_blif$9470.genblk1.genblk1.genblk1.genblk1.genblk1.genblk1.genblk1.lut4 (4 -> 0)
  Optimizing lut $abc$8899$auto$blifparse.cc:525:parse_blif$9470.genblk1.genblk1.genblk1.genblk1.genblk1.genblk1.genblk1.lut5 (4 -> 0)
  Optimizing lut $abc$8899$auto$blifparse.cc:525:parse_blif$9470.genblk1.genblk1.genblk1.genblk1.genblk1.genblk1.genblk1.lut6 (4 -> 1)
  Optimizing lut $abc$8899$auto$blifparse.cc:525:parse_blif$9470.genblk1.genblk1.genblk1.genblk1.genblk1.genblk1.genblk1.lut7 (4 -> 1)
  Optimizing lut $abc$8899$auto$blifparse.cc:525:parse_blif$9227.genblk1.genblk1.genblk1.genblk1.genblk1.genblk1.genblk1.lut2 (4 -> 3)
  Optimizing lut $abc$8899$auto$blifparse.cc:525:parse_blif$9227.genblk1.genblk1.genblk1.genblk1.genblk1.genblk1.genblk1.lut3 (4 -> 3)
  Optimizing lut $abc$8899$auto$blifparse.cc:525:parse_blif$9227.genblk1.genblk1.genblk1.genblk1.genblk1.genblk1.genblk1.lut4 (4 -> 0)
  Optimizing lut $abc$8899$auto$blifparse.cc:525:parse_blif$9227.genblk1.genblk1.genblk1.genblk1.genblk1.genblk1.genblk1.lut5 (4 -> 0)
  Optimizing lut $abc$8899$auto$blifparse.cc:525:parse_blif$9227.genblk1.genblk1.genblk1.genblk1.genblk1.genblk1.genblk1.lut6 (4 -> 1)
  Optimizing lut $abc$8899$auto$blifparse.cc:525:parse_blif$9227.genblk1.genblk1.genblk1.genblk1.genblk1.genblk1.genblk1.lut7 (4 -> 1)
  Optimizing lut $abc$8899$auto$blifparse.cc:525:parse_blif$9221.genblk1.genblk1.genblk1.genblk1.genblk1.genblk1.genblk1.lut2 (4 -> 3)
  Optimizing lut $abc$8899$auto$blifparse.cc:525:parse_blif$9221.genblk1.genblk1.genblk1.genblk1.genblk1.genblk1.genblk1.lut3 (4 -> 3)
  Optimizing lut $abc$8899$auto$blifparse.cc:525:parse_blif$9221.genblk1.genblk1.genblk1.genblk1.genblk1.genblk1.genblk1.lut4 (4 -> 0)
  Optimizing lut $abc$8899$auto$blifparse.cc:525:parse_blif$9221.genblk1.genblk1.genblk1.genblk1.genblk1.genblk1.genblk1.lut5 (4 -> 0)
  Optimizing lut $abc$8899$auto$blifparse.cc:525:parse_blif$9221.genblk1.genblk1.genblk1.genblk1.genblk1.genblk1.genblk1.lut6 (4 -> 1)
  Optimizing lut $abc$8899$auto$blifparse.cc:525:parse_blif$9221.genblk1.genblk1.genblk1.genblk1.genblk1.genblk1.genblk1.lut7 (4 -> 1)
  Optimizing lut $abc$8899$auto$blifparse.cc:525:parse_blif$9461.genblk1.genblk1.genblk1.genblk1.genblk1.lut1 (4 -> 2)
  Optimizing lut $abc$8899$auto$blifparse.cc:525:parse_blif$9185.genblk1.genblk1.genblk1.genblk1.genblk1.genblk1.lut2 (4 -> 3)
  Optimizing lut $abc$8899$auto$blifparse.cc:525:parse_blif$9185.genblk1.genblk1.genblk1.genblk1.genblk1.genblk1.lut3 (4 -> 1)
  Optimizing lut $abc$8899$auto$blifparse.cc:525:parse_blif$9457.genblk1.genblk1.genblk1.genblk1.genblk1.genblk1.genblk1.lut2 (4 -> 3)
  Optimizing lut $abc$8899$auto$blifparse.cc:525:parse_blif$9457.genblk1.genblk1.genblk1.genblk1.genblk1.genblk1.genblk1.lut3 (4 -> 3)
  Optimizing lut $abc$8899$auto$blifparse.cc:525:parse_blif$9457.genblk1.genblk1.genblk1.genblk1.genblk1.genblk1.genblk1.lut4 (4 -> 0)
  Optimizing lut $abc$8899$auto$blifparse.cc:525:parse_blif$9457.genblk1.genblk1.genblk1.genblk1.genblk1.genblk1.genblk1.lut5 (4 -> 0)
  Optimizing lut $abc$8899$auto$blifparse.cc:525:parse_blif$9457.genblk1.genblk1.genblk1.genblk1.genblk1.genblk1.genblk1.lut6 (4 -> 1)
  Optimizing lut $abc$8899$auto$blifparse.cc:525:parse_blif$9457.genblk1.genblk1.genblk1.genblk1.genblk1.genblk1.genblk1.lut7 (4 -> 1)
  Optimizing lut $abc$8899$auto$blifparse.cc:525:parse_blif$9448.genblk1.genblk1.genblk1.genblk1.genblk1.lut1 (4 -> 1)
  Optimizing lut $abc$8899$auto$blifparse.cc:525:parse_blif$9451.genblk1.genblk1.genblk1.genblk1.genblk1.genblk1.genblk1.lut2 (4 -> 3)
  Optimizing lut $abc$8899$auto$blifparse.cc:525:parse_blif$9451.genblk1.genblk1.genblk1.genblk1.genblk1.genblk1.genblk1.lut3 (4 -> 3)
  Optimizing lut $abc$8899$auto$blifparse.cc:525:parse_blif$9451.genblk1.genblk1.genblk1.genblk1.genblk1.genblk1.genblk1.lut4 (4 -> 0)
  Optimizing lut $abc$8899$auto$blifparse.cc:525:parse_blif$9451.genblk1.genblk1.genblk1.genblk1.genblk1.genblk1.genblk1.lut5 (4 -> 0)
  Optimizing lut $abc$8899$auto$blifparse.cc:525:parse_blif$9451.genblk1.genblk1.genblk1.genblk1.genblk1.genblk1.genblk1.lut6 (4 -> 1)
  Optimizing lut $abc$8899$auto$blifparse.cc:525:parse_blif$9451.genblk1.genblk1.genblk1.genblk1.genblk1.genblk1.genblk1.lut7 (4 -> 1)
  Optimizing lut $abc$8899$auto$blifparse.cc:525:parse_blif$9445.genblk1.genblk1.genblk1.genblk1.genblk1.genblk1.genblk1.lut2 (4 -> 3)
  Optimizing lut $abc$8899$auto$blifparse.cc:525:parse_blif$9445.genblk1.genblk1.genblk1.genblk1.genblk1.genblk1.genblk1.lut3 (4 -> 3)
  Optimizing lut $abc$8899$auto$blifparse.cc:525:parse_blif$9445.genblk1.genblk1.genblk1.genblk1.genblk1.genblk1.genblk1.lut4 (4 -> 0)
  Optimizing lut $abc$8899$auto$blifparse.cc:525:parse_blif$9445.genblk1.genblk1.genblk1.genblk1.genblk1.genblk1.genblk1.lut5 (4 -> 0)
  Optimizing lut $abc$8899$auto$blifparse.cc:525:parse_blif$9445.genblk1.genblk1.genblk1.genblk1.genblk1.genblk1.genblk1.lut6 (4 -> 1)
  Optimizing lut $abc$8899$auto$blifparse.cc:525:parse_blif$9445.genblk1.genblk1.genblk1.genblk1.genblk1.genblk1.genblk1.lut7 (4 -> 1)
  Optimizing lut $abc$8899$auto$blifparse.cc:525:parse_blif$9436.genblk1.genblk1.genblk1.genblk1.genblk1.lut1 (4 -> 3)
  Optimizing lut $abc$8899$auto$blifparse.cc:525:parse_blif$8955.genblk1.genblk1.genblk1.genblk1.genblk1.genblk1.lut2 (4 -> 0)
  Optimizing lut $abc$8899$auto$blifparse.cc:525:parse_blif$9437.genblk1.genblk1.genblk1.genblk1.genblk1.genblk1.genblk1.lut1 (4 -> 1)
  Optimizing lut $abc$8899$auto$blifparse.cc:525:parse_blif$9437.genblk1.genblk1.genblk1.genblk1.genblk1.genblk1.genblk1.lut2 (4 -> 1)
  Optimizing lut $abc$8899$auto$blifparse.cc:525:parse_blif$9437.genblk1.genblk1.genblk1.genblk1.genblk1.genblk1.genblk1.lut3 (4 -> 1)
  Optimizing lut $abc$8899$auto$blifparse.cc:525:parse_blif$9437.genblk1.genblk1.genblk1.genblk1.genblk1.genblk1.genblk1.lut4 (4 -> 1)
  Optimizing lut $abc$8899$auto$blifparse.cc:525:parse_blif$9437.genblk1.genblk1.genblk1.genblk1.genblk1.genblk1.genblk1.lut5 (4 -> 1)
  Optimizing lut $abc$8899$auto$blifparse.cc:525:parse_blif$9437.genblk1.genblk1.genblk1.genblk1.genblk1.genblk1.genblk1.lut6 (4 -> 3)
  Optimizing lut $abc$8899$auto$blifparse.cc:525:parse_blif$9437.genblk1.genblk1.genblk1.genblk1.genblk1.genblk1.genblk1.lut7 (4 -> 1)
  Optimizing lut $abc$8899$auto$blifparse.cc:525:parse_blif$9433.genblk1.genblk1.genblk1.genblk1.genblk1.genblk1.genblk1.lut2 (4 -> 3)
  Optimizing lut $abc$8899$auto$blifparse.cc:525:parse_blif$9433.genblk1.genblk1.genblk1.genblk1.genblk1.genblk1.genblk1.lut3 (4 -> 3)
  Optimizing lut $abc$8899$auto$blifparse.cc:525:parse_blif$9433.genblk1.genblk1.genblk1.genblk1.genblk1.genblk1.genblk1.lut4 (4 -> 0)
  Optimizing lut $abc$8899$auto$blifparse.cc:525:parse_blif$9433.genblk1.genblk1.genblk1.genblk1.genblk1.genblk1.genblk1.lut5 (4 -> 0)
  Optimizing lut $abc$8899$auto$blifparse.cc:525:parse_blif$9433.genblk1.genblk1.genblk1.genblk1.genblk1.genblk1.genblk1.lut6 (4 -> 1)
  Optimizing lut $abc$8899$auto$blifparse.cc:525:parse_blif$9433.genblk1.genblk1.genblk1.genblk1.genblk1.genblk1.genblk1.lut7 (4 -> 1)
  Optimizing lut $abc$8899$auto$blifparse.cc:525:parse_blif$9421.genblk1.genblk1.genblk1.genblk1.genblk1.genblk1.genblk1.lut2 (4 -> 3)
  Optimizing lut $abc$8899$auto$blifparse.cc:525:parse_blif$9421.genblk1.genblk1.genblk1.genblk1.genblk1.genblk1.genblk1.lut3 (4 -> 3)
  Optimizing lut $abc$8899$auto$blifparse.cc:525:parse_blif$9421.genblk1.genblk1.genblk1.genblk1.genblk1.genblk1.genblk1.lut4 (4 -> 0)
  Optimizing lut $abc$8899$auto$blifparse.cc:525:parse_blif$9421.genblk1.genblk1.genblk1.genblk1.genblk1.genblk1.genblk1.lut5 (4 -> 0)
  Optimizing lut $abc$8899$auto$blifparse.cc:525:parse_blif$9421.genblk1.genblk1.genblk1.genblk1.genblk1.genblk1.genblk1.lut6 (4 -> 1)
  Optimizing lut $abc$8899$auto$blifparse.cc:525:parse_blif$9421.genblk1.genblk1.genblk1.genblk1.genblk1.genblk1.genblk1.lut7 (4 -> 1)
  Optimizing lut $abc$8899$auto$blifparse.cc:525:parse_blif$9415.genblk1.genblk1.genblk1.genblk1.genblk1.genblk1.genblk1.lut1 (4 -> 3)
  Optimizing lut $abc$8899$auto$blifparse.cc:525:parse_blif$9415.genblk1.genblk1.genblk1.genblk1.genblk1.genblk1.genblk1.lut2 (4 -> 3)
  Optimizing lut $abc$8899$auto$blifparse.cc:525:parse_blif$9415.genblk1.genblk1.genblk1.genblk1.genblk1.genblk1.genblk1.lut3 (4 -> 3)
  Optimizing lut $abc$8899$auto$blifparse.cc:525:parse_blif$9415.genblk1.genblk1.genblk1.genblk1.genblk1.genblk1.genblk1.lut4 (4 -> 0)
  Optimizing lut $abc$8899$auto$blifparse.cc:525:parse_blif$9415.genblk1.genblk1.genblk1.genblk1.genblk1.genblk1.genblk1.lut5 (4 -> 0)
  Optimizing lut $abc$8899$auto$blifparse.cc:525:parse_blif$9415.genblk1.genblk1.genblk1.genblk1.genblk1.genblk1.genblk1.lut6 (4 -> 1)
  Optimizing lut $abc$8899$auto$blifparse.cc:525:parse_blif$9415.genblk1.genblk1.genblk1.genblk1.genblk1.genblk1.genblk1.lut7 (4 -> 1)
  Optimizing lut $abc$8899$auto$blifparse.cc:525:parse_blif$9409.genblk1.genblk1.genblk1.genblk1.genblk1.genblk1.genblk1.lut2 (4 -> 3)
  Optimizing lut $abc$8899$auto$blifparse.cc:525:parse_blif$9409.genblk1.genblk1.genblk1.genblk1.genblk1.genblk1.genblk1.lut3 (4 -> 3)
  Optimizing lut $abc$8899$auto$blifparse.cc:525:parse_blif$9409.genblk1.genblk1.genblk1.genblk1.genblk1.genblk1.genblk1.lut4 (4 -> 0)
  Optimizing lut $abc$8899$auto$blifparse.cc:525:parse_blif$9409.genblk1.genblk1.genblk1.genblk1.genblk1.genblk1.genblk1.lut5 (4 -> 0)
  Optimizing lut $abc$8899$auto$blifparse.cc:525:parse_blif$9409.genblk1.genblk1.genblk1.genblk1.genblk1.genblk1.genblk1.lut6 (4 -> 1)
  Optimizing lut $abc$8899$auto$blifparse.cc:525:parse_blif$9409.genblk1.genblk1.genblk1.genblk1.genblk1.genblk1.genblk1.lut7 (4 -> 1)
  Optimizing lut $abc$8899$auto$blifparse.cc:525:parse_blif$9403.genblk1.genblk1.genblk1.genblk1.genblk1.genblk1.genblk1.lut2 (4 -> 3)
  Optimizing lut $abc$8899$auto$blifparse.cc:525:parse_blif$9403.genblk1.genblk1.genblk1.genblk1.genblk1.genblk1.genblk1.lut3 (4 -> 3)
  Optimizing lut $abc$8899$auto$blifparse.cc:525:parse_blif$9403.genblk1.genblk1.genblk1.genblk1.genblk1.genblk1.genblk1.lut4 (4 -> 0)
  Optimizing lut $abc$8899$auto$blifparse.cc:525:parse_blif$9403.genblk1.genblk1.genblk1.genblk1.genblk1.genblk1.genblk1.lut5 (4 -> 0)
  Optimizing lut $abc$8899$auto$blifparse.cc:525:parse_blif$9403.genblk1.genblk1.genblk1.genblk1.genblk1.genblk1.genblk1.lut6 (4 -> 1)
  Optimizing lut $abc$8899$auto$blifparse.cc:525:parse_blif$9403.genblk1.genblk1.genblk1.genblk1.genblk1.genblk1.genblk1.lut7 (4 -> 1)
  Optimizing lut $abc$8899$auto$blifparse.cc:525:parse_blif$8996.genblk1.genblk1.genblk1.genblk1.genblk1.genblk1.lut2 (4 -> 0)
  Optimizing lut $abc$8899$auto$blifparse.cc:525:parse_blif$8963.genblk1.genblk1.genblk1.genblk1.genblk1.genblk1.genblk1.lut2 (4 -> 0)
  Optimizing lut $abc$8899$auto$blifparse.cc:525:parse_blif$8963.genblk1.genblk1.genblk1.genblk1.genblk1.genblk1.genblk1.lut3 (4 -> 0)
  Optimizing lut $abc$8899$auto$blifparse.cc:525:parse_blif$8963.genblk1.genblk1.genblk1.genblk1.genblk1.genblk1.genblk1.lut4 (4 -> 0)
  Optimizing lut $abc$8899$auto$blifparse.cc:525:parse_blif$8963.genblk1.genblk1.genblk1.genblk1.genblk1.genblk1.genblk1.lut5 (4 -> 0)
  Optimizing lut $abc$8899$auto$blifparse.cc:525:parse_blif$8963.genblk1.genblk1.genblk1.genblk1.genblk1.genblk1.genblk1.lut7 (4 -> 0)
  Optimizing lut $abc$8899$auto$blifparse.cc:525:parse_blif$9397.genblk1.genblk1.genblk1.genblk1.genblk1.genblk1.genblk1.lut2 (4 -> 3)
  Optimizing lut $abc$8899$auto$blifparse.cc:525:parse_blif$9397.genblk1.genblk1.genblk1.genblk1.genblk1.genblk1.genblk1.lut3 (4 -> 3)
  Optimizing lut $abc$8899$auto$blifparse.cc:525:parse_blif$9397.genblk1.genblk1.genblk1.genblk1.genblk1.genblk1.genblk1.lut4 (4 -> 0)
  Optimizing lut $abc$8899$auto$blifparse.cc:525:parse_blif$9397.genblk1.genblk1.genblk1.genblk1.genblk1.genblk1.genblk1.lut5 (4 -> 0)
  Optimizing lut $abc$8899$auto$blifparse.cc:525:parse_blif$9397.genblk1.genblk1.genblk1.genblk1.genblk1.genblk1.genblk1.lut6 (4 -> 1)
  Optimizing lut $abc$8899$auto$blifparse.cc:525:parse_blif$9397.genblk1.genblk1.genblk1.genblk1.genblk1.genblk1.genblk1.lut7 (4 -> 1)
  Optimizing lut $abc$8899$auto$blifparse.cc:525:parse_blif$8915.genblk1.genblk1.genblk1.genblk1.genblk1.genblk1.lut1 (4 -> 0)
  Optimizing lut $abc$8899$auto$blifparse.cc:525:parse_blif$8925.genblk1.genblk1.genblk1.genblk1.genblk1.genblk1.genblk1.lut1 (4 -> 0)
  Optimizing lut $abc$8899$auto$blifparse.cc:525:parse_blif$8908.genblk1.genblk1.genblk1.genblk1.genblk1.genblk1.lut0 (4 -> 1)
  Optimizing lut $abc$8899$auto$blifparse.cc:525:parse_blif$8910.genblk1.genblk1.genblk1.genblk1.genblk1.lut0 (4 -> 0)
  Optimizing lut $abc$8899$auto$blifparse.cc:525:parse_blif$8913.genblk1.genblk1.genblk1.genblk1.genblk1.lut0 (4 -> 0)
  Optimizing lut $abc$8899$auto$blifparse.cc:525:parse_blif$8915.genblk1.genblk1.genblk1.genblk1.genblk1.genblk1.lut0 (4 -> 0)
  Optimizing lut $abc$8899$auto$blifparse.cc:525:parse_blif$8920.genblk1.genblk1.genblk1.genblk1.genblk1.lut0 (4 -> 0)
  Optimizing lut $abc$8899$auto$blifparse.cc:525:parse_blif$8924.genblk1.genblk1.genblk1.genblk1.genblk1.lut0 (4 -> 0)
  Optimizing lut $abc$8899$auto$blifparse.cc:525:parse_blif$8925.genblk1.genblk1.genblk1.genblk1.genblk1.genblk1.genblk1.lut0 (4 -> 0)
  Optimizing lut $abc$8899$auto$blifparse.cc:525:parse_blif$9098.genblk1.genblk1.genblk1.genblk1.genblk1.lut1 (4 -> 1)
  Optimizing lut $abc$8899$auto$blifparse.cc:525:parse_blif$9394.genblk1.genblk1.genblk1.genblk1.genblk1.lut1 (4 -> 1)
  Optimizing lut $abc$8899$auto$blifparse.cc:525:parse_blif$8955.genblk1.genblk1.genblk1.genblk1.genblk1.genblk1.lut0 (4 -> 0)
  Optimizing lut $abc$8899$auto$blifparse.cc:525:parse_blif$9395.genblk1.genblk1.genblk1.genblk1.genblk1.lut1 (4 -> 3)
  Optimizing lut $abc$8899$auto$blifparse.cc:525:parse_blif$8963.genblk1.genblk1.genblk1.genblk1.genblk1.genblk1.genblk1.lut0 (4 -> 0)
  Optimizing lut $abc$8899$auto$blifparse.cc:525:parse_blif$8963.genblk1.genblk1.genblk1.genblk1.genblk1.genblk1.genblk1.lut1 (4 -> 0)
  Optimizing lut $abc$8899$auto$blifparse.cc:525:parse_blif$8966.genblk1.genblk1.genblk1.genblk1.genblk1.lut0 (4 -> 0)
  Optimizing lut $abc$8899$auto$blifparse.cc:525:parse_blif$8977.genblk1.genblk1.genblk1.genblk1.genblk1.lut1 (4 -> 0)
  Optimizing lut $abc$8899$auto$blifparse.cc:525:parse_blif$9412.genblk1.genblk1.genblk1.genblk1.genblk1.lut1 (4 -> 1)
  Optimizing lut $abc$8899$auto$blifparse.cc:525:parse_blif$8991.genblk1.genblk1.genblk1.genblk1.genblk1.lut0 (4 -> 0)
  Optimizing lut $abc$8899$auto$blifparse.cc:525:parse_blif$8993.genblk1.genblk1.genblk1.genblk1.genblk1.genblk1.genblk1.lut1 (4 -> 0)
  Optimizing lut $abc$8899$auto$blifparse.cc:525:parse_blif$8993.genblk1.genblk1.genblk1.genblk1.genblk1.genblk1.genblk1.lut0 (4 -> 0)
  Optimizing lut $abc$8899$auto$blifparse.cc:525:parse_blif$8996.genblk1.genblk1.genblk1.genblk1.genblk1.genblk1.lut0 (4 -> 0)
  Optimizing lut $abc$8899$auto$blifparse.cc:525:parse_blif$9009.genblk1.genblk1.genblk1.genblk1.genblk1.lut0 (4 -> 1)
  Optimizing lut $abc$8899$auto$blifparse.cc:525:parse_blif$9104.genblk1.genblk1.genblk1.genblk1.genblk1.lut1 (4 -> 3)
  Optimizing lut $abc$8899$auto$blifparse.cc:525:parse_blif$9017.genblk1.genblk1.genblk1.genblk1.genblk1.lut0 (4 -> 1)
  Optimizing lut $abc$8899$auto$blifparse.cc:525:parse_blif$9111.genblk1.genblk1.genblk1.genblk1.genblk1.lut1 (4 -> 1)
  Optimizing lut $abc$8899$auto$blifparse.cc:525:parse_blif$9357.genblk1.genblk1.genblk1.genblk1.genblk1.lut1 (4 -> 1)
  Optimizing lut $abc$8899$auto$blifparse.cc:525:parse_blif$9278.genblk1.genblk1.genblk1.genblk1.genblk1.lut1 (4 -> 0)
  Optimizing lut $abc$8899$auto$blifparse.cc:525:parse_blif$9036.genblk1.genblk1.genblk1.genblk1.genblk1.lut0 (4 -> 0)
  Optimizing lut $abc$8899$auto$blifparse.cc:525:parse_blif$9124.genblk1.genblk1.genblk1.genblk1.genblk1.lut1 (4 -> 3)
  Optimizing lut $abc$8899$auto$blifparse.cc:525:parse_blif$9040.genblk1.genblk1.genblk1.genblk1.genblk1.lut0 (4 -> 0)
  Optimizing lut $abc$8899$auto$blifparse.cc:525:parse_blif$9047.genblk1.genblk1.genblk1.genblk1.genblk1.lut0 (4 -> 0)
  Optimizing lut $abc$8899$auto$blifparse.cc:525:parse_blif$9159.genblk1.genblk1.genblk1.genblk1.genblk1.lut1 (4 -> 3)
  Optimizing lut $abc$8899$auto$blifparse.cc:525:parse_blif$9369.genblk1.genblk1.genblk1.genblk1.genblk1.lut1 (4 -> 0)
  Optimizing lut $abc$8899$auto$blifparse.cc:525:parse_blif$9051.genblk1.genblk1.genblk1.genblk1.genblk1.lut0 (4 -> 0)
  Optimizing lut $abc$8899$auto$blifparse.cc:525:parse_blif$9056.genblk1.genblk1.genblk1.genblk1.genblk1.lut0 (4 -> 0)
  Optimizing lut $abc$8899$auto$blifparse.cc:525:parse_blif$9382.genblk1.genblk1.genblk1.genblk1.genblk1.lut1 (4 -> 3)
  Optimizing lut $abc$8899$auto$blifparse.cc:525:parse_blif$9060.genblk1.genblk1.genblk1.genblk1.genblk1.lut0 (4 -> 0)
  Optimizing lut $abc$8899$auto$blifparse.cc:525:parse_blif$9065.genblk1.genblk1.genblk1.genblk1.genblk1.lut0 (4 -> 0)
  Optimizing lut $abc$8899$auto$blifparse.cc:525:parse_blif$9454.genblk1.genblk1.genblk1.genblk1.genblk1.lut1 (4 -> 1)
  Optimizing lut $abc$8899$auto$blifparse.cc:525:parse_blif$9297.genblk1.genblk1.genblk1.genblk1.genblk1.lut1 (4 -> 1)
  Optimizing lut $abc$8899$auto$blifparse.cc:525:parse_blif$9636.genblk1.genblk1.genblk1.genblk1.genblk1.lut1 (4 -> 1)
  Optimizing lut $abc$8899$auto$blifparse.cc:525:parse_blif$9069.genblk1.genblk1.genblk1.genblk1.genblk1.lut0 (4 -> 0)
  Optimizing lut $abc$8899$auto$blifparse.cc:525:parse_blif$9074.genblk1.genblk1.genblk1.genblk1.genblk1.lut0 (4 -> 0)
  Optimizing lut $abc$8899$auto$blifparse.cc:525:parse_blif$9141.genblk1.genblk1.genblk1.genblk1.genblk1.lut1 (4 -> 1)
  Optimizing lut $abc$8899$auto$blifparse.cc:525:parse_blif$9558.genblk1.genblk1.genblk1.genblk1.genblk1.lut1 (4 -> 1)
  Optimizing lut $abc$8899$auto$blifparse.cc:525:parse_blif$9078.genblk1.genblk1.genblk1.genblk1.genblk1.lut0 (4 -> 0)
  Optimizing lut $abc$8899$auto$blifparse.cc:525:parse_blif$9548.genblk1.genblk1.genblk1.genblk1.genblk1.genblk1.genblk1.lut1 (4 -> 3)
  Optimizing lut $abc$8899$auto$blifparse.cc:525:parse_blif$9083.genblk1.genblk1.genblk1.genblk1.genblk1.lut0 (4 -> 0)
  Optimizing lut $abc$8899$auto$blifparse.cc:525:parse_blif$9291.genblk1.genblk1.genblk1.genblk1.genblk1.lut1 (4 -> 3)
  Optimizing lut $abc$8899$auto$blifparse.cc:525:parse_blif$9185.genblk1.genblk1.genblk1.genblk1.genblk1.genblk1.lut1 (4 -> 1)
  Optimizing lut $abc$8899$auto$blifparse.cc:525:parse_blif$9087.genblk1.genblk1.genblk1.genblk1.genblk1.lut0 (4 -> 0)
  Optimizing lut $abc$8899$auto$blifparse.cc:525:parse_blif$9098.genblk1.genblk1.genblk1.genblk1.genblk1.lut0 (4 -> 3)
  Optimizing lut $abc$8899$auto$blifparse.cc:525:parse_blif$9099.genblk1.genblk1.genblk1.genblk1.genblk1.lut0 (4 -> 1)
  Optimizing lut $abc$8899$auto$blifparse.cc:525:parse_blif$9101.genblk1.genblk1.genblk1.genblk1.genblk1.genblk1.genblk1.lut1 (4 -> 3)
  Optimizing lut $abc$8899$auto$blifparse.cc:525:parse_blif$9101.genblk1.genblk1.genblk1.genblk1.genblk1.genblk1.genblk1.lut0 (4 -> 3)
  Optimizing lut $abc$8899$auto$blifparse.cc:525:parse_blif$9099.genblk1.genblk1.genblk1.genblk1.genblk1.lut1 (4 -> 3)
  Optimizing lut $abc$8899$auto$blifparse.cc:525:parse_blif$9104.genblk1.genblk1.genblk1.genblk1.genblk1.lut0 (4 -> 3)
  Optimizing lut $abc$8899$auto$blifparse.cc:525:parse_blif$9105.genblk1.genblk1.genblk1.genblk1.genblk1.genblk1.genblk1.lut0 (4 -> 1)
  Optimizing lut $abc$8899$auto$blifparse.cc:525:parse_blif$9105.genblk1.genblk1.genblk1.genblk1.genblk1.genblk1.genblk1.lut1 (4 -> 1)
  Optimizing lut $abc$8899$auto$blifparse.cc:525:parse_blif$9111.genblk1.genblk1.genblk1.genblk1.genblk1.lut0 (4 -> 3)
  Optimizing lut $abc$8899$auto$blifparse.cc:525:parse_blif$9112.genblk1.genblk1.genblk1.genblk1.genblk1.lut0 (4 -> 1)
  Optimizing lut $abc$8899$auto$blifparse.cc:525:parse_blif$9114.genblk1.genblk1.genblk1.genblk1.genblk1.genblk1.genblk1.lut0 (4 -> 3)
  Optimizing lut $abc$8899$auto$blifparse.cc:525:parse_blif$9114.genblk1.genblk1.genblk1.genblk1.genblk1.genblk1.genblk1.lut1 (4 -> 3)
  Optimizing lut $abc$8899$auto$blifparse.cc:525:parse_blif$9117.genblk1.genblk1.genblk1.genblk1.genblk1.lut0 (4 -> 3)
  Optimizing lut $abc$8899$auto$blifparse.cc:525:parse_blif$9118.genblk1.genblk1.genblk1.genblk1.genblk1.lut0 (4 -> 1)
  Optimizing lut $abc$8899$auto$blifparse.cc:525:parse_blif$9120.genblk1.genblk1.genblk1.genblk1.genblk1.genblk1.genblk1.lut1 (4 -> 3)
  Optimizing lut $abc$8899$auto$blifparse.cc:525:parse_blif$9120.genblk1.genblk1.genblk1.genblk1.genblk1.genblk1.genblk1.lut0 (4 -> 3)
  Optimizing lut $abc$8899$auto$blifparse.cc:525:parse_blif$9173.genblk1.genblk1.genblk1.genblk1.genblk1.lut1 (4 -> 3)
  Optimizing lut $abc$8899$auto$blifparse.cc:525:parse_blif$9118.genblk1.genblk1.genblk1.genblk1.genblk1.lut1 (4 -> 3)
  Optimizing lut $abc$8899$auto$blifparse.cc:525:parse_blif$9123.genblk1.genblk1.genblk1.genblk1.genblk1.lut0 (4 -> 3)
  Optimizing lut $abc$8899$auto$blifparse.cc:525:parse_blif$9124.genblk1.genblk1.genblk1.genblk1.genblk1.lut0 (4 -> 1)
  Optimizing lut $abc$8899$auto$blifparse.cc:525:parse_blif$9126.genblk1.genblk1.genblk1.genblk1.genblk1.genblk1.genblk1.lut0 (4 -> 3)
  Optimizing lut $abc$8899$auto$blifparse.cc:525:parse_blif$9430.genblk1.genblk1.genblk1.genblk1.genblk1.lut1 (4 -> 1)
  Optimizing lut $abc$8899$auto$blifparse.cc:525:parse_blif$9126.genblk1.genblk1.genblk1.genblk1.genblk1.genblk1.genblk1.lut1 (4 -> 3)
  Optimizing lut $abc$8899$auto$blifparse.cc:525:parse_blif$9129.genblk1.genblk1.genblk1.genblk1.genblk1.lut0 (4 -> 3)
  Optimizing lut $abc$8899$auto$blifparse.cc:525:parse_blif$9130.genblk1.genblk1.genblk1.genblk1.genblk1.lut0 (4 -> 1)
  Optimizing lut $abc$8899$auto$blifparse.cc:525:parse_blif$9132.genblk1.genblk1.genblk1.genblk1.genblk1.genblk1.genblk1.lut1 (4 -> 3)
  Optimizing lut $abc$8899$auto$blifparse.cc:525:parse_blif$9132.genblk1.genblk1.genblk1.genblk1.genblk1.genblk1.genblk1.lut0 (4 -> 3)
  Optimizing lut $abc$8899$auto$blifparse.cc:525:parse_blif$9123.genblk1.genblk1.genblk1.genblk1.genblk1.lut1 (4 -> 1)
  Optimizing lut $abc$8899$auto$blifparse.cc:525:parse_blif$9135.genblk1.genblk1.genblk1.genblk1.genblk1.lut0 (4 -> 3)
  Optimizing lut $abc$8899$auto$blifparse.cc:525:parse_blif$9136.genblk1.genblk1.genblk1.genblk1.genblk1.lut0 (4 -> 1)
  Optimizing lut $abc$8899$auto$blifparse.cc:525:parse_blif$9138.genblk1.genblk1.genblk1.genblk1.genblk1.genblk1.genblk1.lut0 (4 -> 3)
  Optimizing lut $abc$8899$auto$blifparse.cc:525:parse_blif$9138.genblk1.genblk1.genblk1.genblk1.genblk1.genblk1.genblk1.lut1 (4 -> 3)
  Optimizing lut $abc$8899$auto$blifparse.cc:525:parse_blif$9141.genblk1.genblk1.genblk1.genblk1.genblk1.lut0 (4 -> 3)
  Optimizing lut $abc$8899$auto$blifparse.cc:525:parse_blif$9142.genblk1.genblk1.genblk1.genblk1.genblk1.lut0 (4 -> 1)
  Optimizing lut $abc$8899$auto$blifparse.cc:525:parse_blif$9144.genblk1.genblk1.genblk1.genblk1.genblk1.genblk1.genblk1.lut1 (4 -> 3)
  Optimizing lut $abc$8899$auto$blifparse.cc:525:parse_blif$9144.genblk1.genblk1.genblk1.genblk1.genblk1.genblk1.genblk1.lut0 (4 -> 3)
  Optimizing lut $abc$8899$auto$blifparse.cc:525:parse_blif$9147.genblk1.genblk1.genblk1.genblk1.genblk1.lut1 (4 -> 1)
  Optimizing lut $abc$8899$auto$blifparse.cc:525:parse_blif$9147.genblk1.genblk1.genblk1.genblk1.genblk1.lut0 (4 -> 3)
  Optimizing lut $abc$8899$auto$blifparse.cc:525:parse_blif$9148.genblk1.genblk1.genblk1.genblk1.genblk1.lut0 (4 -> 1)
  Optimizing lut $abc$8899$auto$blifparse.cc:525:parse_blif$9150.genblk1.genblk1.genblk1.genblk1.genblk1.genblk1.genblk1.lut0 (4 -> 3)
  Optimizing lut $abc$8899$auto$blifparse.cc:525:parse_blif$9266.genblk1.genblk1.genblk1.genblk1.genblk1.lut1 (4 -> 1)
  Optimizing lut $abc$8899$auto$blifparse.cc:525:parse_blif$9153.genblk1.genblk1.genblk1.genblk1.genblk1.lut0 (4 -> 3)
  Optimizing lut $abc$8899$auto$blifparse.cc:525:parse_blif$9154.genblk1.genblk1.genblk1.genblk1.genblk1.lut0 (4 -> 1)
  Optimizing lut $abc$8899$auto$blifparse.cc:525:parse_blif$9156.genblk1.genblk1.genblk1.genblk1.genblk1.genblk1.genblk1.lut1 (4 -> 3)
  Optimizing lut $abc$8899$auto$blifparse.cc:525:parse_blif$9156.genblk1.genblk1.genblk1.genblk1.genblk1.genblk1.genblk1.lut0 (4 -> 3)
  Optimizing lut $abc$8899$auto$blifparse.cc:525:parse_blif$9154.genblk1.genblk1.genblk1.genblk1.genblk1.lut1 (4 -> 3)
  Optimizing lut $abc$8899$auto$blifparse.cc:525:parse_blif$9159.genblk1.genblk1.genblk1.genblk1.genblk1.lut0 (4 -> 3)
  Optimizing lut $abc$8899$auto$blifparse.cc:525:parse_blif$9160.genblk1.genblk1.genblk1.genblk1.genblk1.genblk1.genblk1.lut0 (4 -> 1)
  Optimizing lut $abc$8899$auto$blifparse.cc:525:parse_blif$9485.genblk1.genblk1.genblk1.genblk1.genblk1.lut1 (4 -> 1)
  Optimizing lut $abc$8899$auto$blifparse.cc:525:parse_blif$9166.genblk1.genblk1.genblk1.genblk1.genblk1.lut0 (4 -> 3)
  Optimizing lut $abc$8899$auto$blifparse.cc:525:parse_blif$9167.genblk1.genblk1.genblk1.genblk1.genblk1.lut0 (4 -> 1)
  Optimizing lut $abc$8899$auto$blifparse.cc:525:parse_blif$9169.genblk1.genblk1.genblk1.genblk1.genblk1.genblk1.genblk1.lut0 (4 -> 3)
  Optimizing lut $abc$8899$auto$blifparse.cc:525:parse_blif$9298.genblk1.genblk1.genblk1.genblk1.genblk1.lut1 (4 -> 3)
  Optimizing lut $abc$8899$auto$blifparse.cc:525:parse_blif$9169.genblk1.genblk1.genblk1.genblk1.genblk1.genblk1.genblk1.lut1 (4 -> 3)
  Optimizing lut $abc$8899$auto$blifparse.cc:525:parse_blif$9172.genblk1.genblk1.genblk1.genblk1.genblk1.lut0 (4 -> 3)
  Optimizing lut $abc$8899$auto$blifparse.cc:525:parse_blif$9173.genblk1.genblk1.genblk1.genblk1.genblk1.lut0 (4 -> 1)
  Optimizing lut $abc$8899$auto$blifparse.cc:525:parse_blif$9175.genblk1.genblk1.genblk1.genblk1.genblk1.genblk1.genblk1.lut0 (4 -> 3)
  Optimizing lut $abc$8899$auto$blifparse.cc:525:parse_blif$9175.genblk1.genblk1.genblk1.genblk1.genblk1.genblk1.genblk1.lut1 (4 -> 3)
  Optimizing lut $abc$8899$auto$blifparse.cc:525:parse_blif$9178.genblk1.genblk1.genblk1.genblk1.genblk1.lut0 (4 -> 3)
  Optimizing lut $abc$8899$auto$blifparse.cc:525:parse_blif$9179.genblk1.genblk1.genblk1.genblk1.genblk1.lut0 (4 -> 1)
  Optimizing lut $abc$8899$auto$blifparse.cc:525:parse_blif$9181.genblk1.genblk1.genblk1.genblk1.genblk1.genblk1.genblk1.lut1 (4 -> 3)
  Optimizing lut $abc$8899$auto$blifparse.cc:525:parse_blif$9181.genblk1.genblk1.genblk1.genblk1.genblk1.genblk1.genblk1.lut0 (4 -> 3)
  Optimizing lut $abc$8899$auto$blifparse.cc:525:parse_blif$9117.genblk1.genblk1.genblk1.genblk1.genblk1.lut1 (4 -> 1)
  Optimizing lut $abc$8899$auto$blifparse.cc:525:parse_blif$9554.genblk1.genblk1.genblk1.genblk1.genblk1.genblk1.lut1 (4 -> 2)
  Optimizing lut $abc$8899$auto$blifparse.cc:525:parse_blif$9185.genblk1.genblk1.genblk1.genblk1.genblk1.genblk1.lut0 (4 -> 1)
  Optimizing lut $abc$8899$auto$blifparse.cc:525:parse_blif$9186.genblk1.genblk1.genblk1.genblk1.genblk1.lut0 (4 -> 2)
  Optimizing lut $abc$8899$auto$blifparse.cc:525:parse_blif$9187.genblk1.genblk1.genblk1.genblk1.genblk1.lut0 (4 -> 0)
  Optimizing lut $abc$8899$auto$blifparse.cc:525:parse_blif$9194.genblk1.genblk1.genblk1.genblk1.genblk1.lut0 (4 -> 3)
  Optimizing lut $abc$8899$auto$blifparse.cc:525:parse_blif$9195.genblk1.genblk1.genblk1.genblk1.genblk1.lut0 (4 -> 1)
  Optimizing lut $abc$8899$auto$blifparse.cc:525:parse_blif$9197.genblk1.genblk1.genblk1.genblk1.genblk1.genblk1.genblk1.lut1 (4 -> 3)
  Optimizing lut $abc$8899$auto$blifparse.cc:525:parse_blif$9197.genblk1.genblk1.genblk1.genblk1.genblk1.genblk1.genblk1.lut0 (4 -> 3)
  Optimizing lut $abc$8899$auto$blifparse.cc:525:parse_blif$9160.genblk1.genblk1.genblk1.genblk1.genblk1.genblk1.genblk1.lut1 (4 -> 1)
  Optimizing lut $abc$8899$auto$blifparse.cc:525:parse_blif$9200.genblk1.genblk1.genblk1.genblk1.genblk1.lut0 (4 -> 3)
  Optimizing lut $abc$8899$auto$blifparse.cc:525:parse_blif$9201.genblk1.genblk1.genblk1.genblk1.genblk1.genblk1.genblk1.lut0 (4 -> 1)
  Optimizing lut $abc$8899$auto$blifparse.cc:525:parse_blif$9406.genblk1.genblk1.genblk1.genblk1.genblk1.lut1 (4 -> 1)
  Optimizing lut $abc$8899$auto$blifparse.cc:525:parse_blif$9201.genblk1.genblk1.genblk1.genblk1.genblk1.genblk1.genblk1.lut1 (4 -> 1)
  Optimizing lut $abc$8899$auto$blifparse.cc:525:parse_blif$9206.genblk1.genblk1.genblk1.genblk1.genblk1.lut0 (4 -> 3)
  Optimizing lut $abc$8899$auto$blifparse.cc:525:parse_blif$9207.genblk1.genblk1.genblk1.genblk1.genblk1.lut0 (4 -> 1)
  Optimizing lut $abc$8899$auto$blifparse.cc:525:parse_blif$9209.genblk1.genblk1.genblk1.genblk1.genblk1.genblk1.genblk1.lut1 (4 -> 3)
  Optimizing lut $abc$8899$auto$blifparse.cc:525:parse_blif$9209.genblk1.genblk1.genblk1.genblk1.genblk1.genblk1.genblk1.lut0 (4 -> 3)
  Optimizing lut $abc$8899$auto$blifparse.cc:525:parse_blif$9212.genblk1.genblk1.genblk1.genblk1.genblk1.lut0 (4 -> 3)
  Optimizing lut $abc$8899$auto$blifparse.cc:525:parse_blif$9213.genblk1.genblk1.genblk1.genblk1.genblk1.lut0 (4 -> 1)
  Optimizing lut $abc$8899$auto$blifparse.cc:525:parse_blif$9215.genblk1.genblk1.genblk1.genblk1.genblk1.genblk1.genblk1.lut1 (4 -> 3)
  Optimizing lut $abc$8899$auto$blifparse.cc:525:parse_blif$9215.genblk1.genblk1.genblk1.genblk1.genblk1.genblk1.genblk1.lut0 (4 -> 3)
  Optimizing lut $abc$8899$auto$blifparse.cc:525:parse_blif$9376.genblk1.genblk1.genblk1.genblk1.genblk1.lut1 (4 -> 1)
  Optimizing lut $abc$8899$auto$blifparse.cc:525:parse_blif$9213.genblk1.genblk1.genblk1.genblk1.genblk1.lut1 (4 -> 3)
  Optimizing lut $abc$8899$auto$blifparse.cc:525:parse_blif$9218.genblk1.genblk1.genblk1.genblk1.genblk1.lut0 (4 -> 3)
  Optimizing lut $abc$8899$auto$blifparse.cc:525:parse_blif$9219.genblk1.genblk1.genblk1.genblk1.genblk1.lut0 (4 -> 1)
  Optimizing lut $abc$8899$auto$blifparse.cc:525:parse_blif$9400.genblk1.genblk1.genblk1.genblk1.genblk1.lut1 (4 -> 1)
  Optimizing lut $abc$8899$auto$blifparse.cc:525:parse_blif$9221.genblk1.genblk1.genblk1.genblk1.genblk1.genblk1.genblk1.lut0 (4 -> 3)
  Optimizing lut $abc$8899$auto$blifparse.cc:525:parse_blif$9221.genblk1.genblk1.genblk1.genblk1.genblk1.genblk1.genblk1.lut1 (4 -> 3)
  Optimizing lut $abc$8899$auto$blifparse.cc:525:parse_blif$9224.genblk1.genblk1.genblk1.genblk1.genblk1.lut0 (4 -> 3)
  Optimizing lut $abc$8899$auto$blifparse.cc:525:parse_blif$9225.genblk1.genblk1.genblk1.genblk1.genblk1.lut0 (4 -> 1)
  Optimizing lut $abc$8899$auto$blifparse.cc:525:parse_blif$9227.genblk1.genblk1.genblk1.genblk1.genblk1.genblk1.genblk1.lut1 (4 -> 3)
  Optimizing lut $abc$8899$auto$blifparse.cc:525:parse_blif$9227.genblk1.genblk1.genblk1.genblk1.genblk1.genblk1.genblk1.lut0 (4 -> 3)
  Optimizing lut $abc$8899$auto$blifparse.cc:525:parse_blif$9225.genblk1.genblk1.genblk1.genblk1.genblk1.lut1 (4 -> 3)
  Optimizing lut $abc$8899$auto$blifparse.cc:525:parse_blif$9230.genblk1.genblk1.genblk1.genblk1.genblk1.lut0 (4 -> 3)
  Optimizing lut $abc$8899$auto$blifparse.cc:525:parse_blif$9231.genblk1.genblk1.genblk1.genblk1.genblk1.lut0 (4 -> 1)
  Optimizing lut $abc$8899$auto$blifparse.cc:525:parse_blif$9178.genblk1.genblk1.genblk1.genblk1.genblk1.lut1 (4 -> 1)
  Optimizing lut $abc$8899$auto$blifparse.cc:525:parse_blif$9233.genblk1.genblk1.genblk1.genblk1.genblk1.genblk1.genblk1.lut0 (4 -> 3)
  Optimizing lut $abc$8899$auto$blifparse.cc:525:parse_blif$9150.genblk1.genblk1.genblk1.genblk1.genblk1.genblk1.genblk1.lut1 (4 -> 3)
  Optimizing lut $abc$8899$auto$blifparse.cc:525:parse_blif$9233.genblk1.genblk1.genblk1.genblk1.genblk1.genblk1.genblk1.lut1 (4 -> 3)
  Optimizing lut $abc$8899$auto$blifparse.cc:525:parse_blif$9236.genblk1.genblk1.genblk1.genblk1.genblk1.lut0 (4 -> 3)
  Optimizing lut $abc$8899$auto$blifparse.cc:525:parse_blif$9237.genblk1.genblk1.genblk1.genblk1.genblk1.lut0 (4 -> 1)
  Optimizing lut $abc$8899$auto$blifparse.cc:525:parse_blif$9239.genblk1.genblk1.genblk1.genblk1.genblk1.genblk1.genblk1.lut1 (4 -> 3)
  Optimizing lut $abc$8899$auto$blifparse.cc:525:parse_blif$9239.genblk1.genblk1.genblk1.genblk1.genblk1.genblk1.genblk1.lut0 (4 -> 3)
  Optimizing lut $abc$8899$auto$blifparse.cc:525:parse_blif$9242.genblk1.genblk1.genblk1.genblk1.genblk1.lut0 (4 -> 3)
  Optimizing lut $abc$8899$auto$blifparse.cc:525:parse_blif$9243.genblk1.genblk1.genblk1.genblk1.genblk1.lut0 (4 -> 1)
  Optimizing lut $abc$8899$auto$blifparse.cc:525:parse_blif$9245.genblk1.genblk1.genblk1.genblk1.genblk1.genblk1.genblk1.lut1 (4 -> 3)
  Optimizing lut $abc$8899$auto$blifparse.cc:525:parse_blif$9245.genblk1.genblk1.genblk1.genblk1.genblk1.genblk1.genblk1.lut0 (4 -> 3)
  Optimizing lut $abc$8899$auto$blifparse.cc:525:parse_blif$9243.genblk1.genblk1.genblk1.genblk1.genblk1.lut1 (4 -> 3)
  Optimizing lut $abc$8899$auto$blifparse.cc:525:parse_blif$9248.genblk1.genblk1.genblk1.genblk1.genblk1.lut0 (4 -> 3)
  Optimizing lut $abc$8899$auto$blifparse.cc:525:parse_blif$9249.genblk1.genblk1.genblk1.genblk1.genblk1.lut0 (4 -> 1)
  Optimizing lut $abc$8899$auto$blifparse.cc:525:parse_blif$9251.genblk1.genblk1.genblk1.genblk1.genblk1.genblk1.genblk1.lut1 (4 -> 3)
  Optimizing lut $abc$8899$auto$blifparse.cc:525:parse_blif$9251.genblk1.genblk1.genblk1.genblk1.genblk1.genblk1.genblk1.lut0 (4 -> 3)
  Optimizing lut $abc$8899$auto$blifparse.cc:525:parse_blif$9388.genblk1.genblk1.genblk1.genblk1.genblk1.lut1 (4 -> 1)
  Optimizing lut $abc$8899$auto$blifparse.cc:525:parse_blif$9254.genblk1.genblk1.genblk1.genblk1.genblk1.lut0 (4 -> 3)
  Optimizing lut $abc$8899$auto$blifparse.cc:525:parse_blif$9255.genblk1.genblk1.genblk1.genblk1.genblk1.genblk1.genblk1.lut0 (4 -> 1)
  Optimizing lut $abc$8899$auto$blifparse.cc:525:parse_blif$9255.genblk1.genblk1.genblk1.genblk1.genblk1.genblk1.genblk1.lut1 (4 -> 1)
  Optimizing lut $abc$8899$auto$blifparse.cc:525:parse_blif$9260.genblk1.genblk1.genblk1.genblk1.genblk1.lut0 (4 -> 3)
  Optimizing lut $abc$8899$auto$blifparse.cc:525:parse_blif$9261.genblk1.genblk1.genblk1.genblk1.genblk1.genblk1.genblk1.lut0 (4 -> 1)
  Optimizing lut $abc$8899$auto$blifparse.cc:525:parse_blif$9281.genblk1.genblk1.genblk1.genblk1.genblk1.genblk1.lut1 (4 -> 2)
  Optimizing lut $abc$8899$auto$blifparse.cc:525:parse_blif$9266.genblk1.genblk1.genblk1.genblk1.genblk1.lut0 (4 -> 3)
  Optimizing lut $abc$8899$auto$blifparse.cc:525:parse_blif$9267.genblk1.genblk1.genblk1.genblk1.genblk1.lut0 (4 -> 1)
  Optimizing lut $abc$8899$auto$blifparse.cc:525:parse_blif$9269.genblk1.genblk1.genblk1.genblk1.genblk1.genblk1.genblk1.lut0 (4 -> 3)
  Optimizing lut $abc$8899$auto$blifparse.cc:525:parse_blif$9142.genblk1.genblk1.genblk1.genblk1.genblk1.lut1 (4 -> 3)
  Optimizing lut $abc$8899$auto$blifparse.cc:525:parse_blif$9269.genblk1.genblk1.genblk1.genblk1.genblk1.genblk1.genblk1.lut1 (4 -> 3)
  Optimizing lut $abc$8899$auto$blifparse.cc:525:parse_blif$9272.genblk1.genblk1.genblk1.genblk1.genblk1.lut0 (4 -> 3)
  Optimizing lut $abc$8899$auto$blifparse.cc:525:parse_blif$9273.genblk1.genblk1.genblk1.genblk1.genblk1.lut0 (4 -> 1)
  Optimizing lut $abc$8899$auto$blifparse.cc:525:parse_blif$9275.genblk1.genblk1.genblk1.genblk1.genblk1.genblk1.genblk1.lut0 (4 -> 3)
  Optimizing lut $abc$8899$auto$blifparse.cc:525:parse_blif$9275.genblk1.genblk1.genblk1.genblk1.genblk1.genblk1.genblk1.lut1 (4 -> 3)
  Optimizing lut $abc$8899$auto$blifparse.cc:525:parse_blif$9279.genblk1.genblk1.genblk1.genblk1.genblk1.lut0 (4 -> 2)
  Optimizing lut $abc$8899$auto$blifparse.cc:525:parse_blif$9285.genblk1.genblk1.genblk1.genblk1.genblk1.lut0 (4 -> 3)
  Optimizing lut $abc$8899$auto$blifparse.cc:525:parse_blif$9286.genblk1.genblk1.genblk1.genblk1.genblk1.lut0 (4 -> 1)
  Optimizing lut $abc$8899$auto$blifparse.cc:525:parse_blif$9288.genblk1.genblk1.genblk1.genblk1.genblk1.genblk1.genblk1.lut0 (4 -> 3)
  Optimizing lut $abc$8899$auto$blifparse.cc:525:parse_blif$9288.genblk1.genblk1.genblk1.genblk1.genblk1.genblk1.genblk1.lut1 (4 -> 3)
  Optimizing lut $abc$8899$auto$blifparse.cc:525:parse_blif$9286.genblk1.genblk1.genblk1.genblk1.genblk1.lut1 (4 -> 3)
  Optimizing lut $abc$8899$auto$blifparse.cc:525:parse_blif$9291.genblk1.genblk1.genblk1.genblk1.genblk1.lut0 (4 -> 3)
  Optimizing lut $abc$8899$auto$blifparse.cc:525:parse_blif$9292.genblk1.genblk1.genblk1.genblk1.genblk1.genblk1.genblk1.lut0 (4 -> 1)
  Optimizing lut $abc$8899$auto$blifparse.cc:525:parse_blif$9272.genblk1.genblk1.genblk1.genblk1.genblk1.lut1 (4 -> 1)
  Optimizing lut $abc$8899$auto$blifparse.cc:525:parse_blif$9297.genblk1.genblk1.genblk1.genblk1.genblk1.lut0 (4 -> 3)
  Optimizing lut $abc$8899$auto$blifparse.cc:525:parse_blif$9298.genblk1.genblk1.genblk1.genblk1.genblk1.lut0 (4 -> 1)
  Optimizing lut $abc$8899$auto$blifparse.cc:525:parse_blif$9315.genblk1.genblk1.genblk1.genblk1.genblk1.lut1 (4 -> 1)
  Optimizing lut $abc$8899$auto$blifparse.cc:525:parse_blif$9300.genblk1.genblk1.genblk1.genblk1.genblk1.genblk1.genblk1.lut0 (4 -> 3)
  Optimizing lut $abc$8899$auto$blifparse.cc:525:parse_blif$9346.genblk1.genblk1.genblk1.genblk1.genblk1.genblk1.genblk1.lut1 (4 -> 1)
  Optimizing lut $abc$8899$auto$blifparse.cc:525:parse_blif$9300.genblk1.genblk1.genblk1.genblk1.genblk1.genblk1.genblk1.lut1 (4 -> 3)
  Optimizing lut $abc$8899$auto$blifparse.cc:525:parse_blif$9303.genblk1.genblk1.genblk1.genblk1.genblk1.lut0 (4 -> 3)
  Optimizing lut $abc$8899$auto$blifparse.cc:525:parse_blif$9304.genblk1.genblk1.genblk1.genblk1.genblk1.lut0 (4 -> 1)
  Optimizing lut $abc$8899$auto$blifparse.cc:525:parse_blif$9306.genblk1.genblk1.genblk1.genblk1.genblk1.genblk1.genblk1.lut1 (4 -> 3)
  Optimizing lut $abc$8899$auto$blifparse.cc:525:parse_blif$9306.genblk1.genblk1.genblk1.genblk1.genblk1.genblk1.genblk1.lut0 (4 -> 3)
  Optimizing lut $abc$8899$auto$blifparse.cc:525:parse_blif$9309.genblk1.genblk1.genblk1.genblk1.genblk1.lut0 (4 -> 3)
  Optimizing lut $abc$8899$auto$blifparse.cc:525:parse_blif$9310.genblk1.genblk1.genblk1.genblk1.genblk1.lut0 (4 -> 1)
  Optimizing lut $abc$8899$auto$blifparse.cc:525:parse_blif$9312.genblk1.genblk1.genblk1.genblk1.genblk1.genblk1.genblk1.lut1 (4 -> 3)
  Optimizing lut $abc$8899$auto$blifparse.cc:525:parse_blif$9312.genblk1.genblk1.genblk1.genblk1.genblk1.genblk1.genblk1.lut0 (4 -> 3)
  Optimizing lut $abc$8899$auto$blifparse.cc:525:parse_blif$9315.genblk1.genblk1.genblk1.genblk1.genblk1.lut0 (4 -> 3)
  Optimizing lut $abc$8899$auto$blifparse.cc:525:parse_blif$9316.genblk1.genblk1.genblk1.genblk1.genblk1.lut0 (4 -> 1)
  Optimizing lut $abc$8899$auto$blifparse.cc:525:parse_blif$9318.genblk1.genblk1.genblk1.genblk1.genblk1.genblk1.genblk1.lut0 (4 -> 3)
  Optimizing lut $abc$8899$auto$blifparse.cc:525:parse_blif$9321.genblk1.genblk1.genblk1.genblk1.genblk1.lut1 (4 -> 1)
  Optimizing lut $abc$8899$auto$blifparse.cc:525:parse_blif$9316.genblk1.genblk1.genblk1.genblk1.genblk1.lut1 (4 -> 3)
  Optimizing lut $abc$8899$auto$blifparse.cc:525:parse_blif$9321.genblk1.genblk1.genblk1.genblk1.genblk1.lut0 (4 -> 3)
  Optimizing lut $abc$8899$auto$blifparse.cc:525:parse_blif$9322.genblk1.genblk1.genblk1.genblk1.genblk1.lut0 (4 -> 1)
  Optimizing lut $abc$8899$auto$blifparse.cc:525:parse_blif$9324.genblk1.genblk1.genblk1.genblk1.genblk1.genblk1.genblk1.lut1 (4 -> 3)
  Optimizing lut $abc$8899$auto$blifparse.cc:525:parse_blif$9324.genblk1.genblk1.genblk1.genblk1.genblk1.genblk1.genblk1.lut0 (4 -> 3)
  Optimizing lut $abc$8899$auto$blifparse.cc:525:parse_blif$9322.genblk1.genblk1.genblk1.genblk1.genblk1.lut1 (4 -> 3)
  Optimizing lut $abc$8899$auto$blifparse.cc:525:parse_blif$9327.genblk1.genblk1.genblk1.genblk1.genblk1.lut0 (4 -> 3)
  Optimizing lut $abc$8899$auto$blifparse.cc:525:parse_blif$9328.genblk1.genblk1.genblk1.genblk1.genblk1.lut0 (4 -> 1)
  Optimizing lut $abc$8899$auto$blifparse.cc:525:parse_blif$9184.genblk1.genblk1.genblk1.genblk1.genblk1.lut1 (4 -> 0)
  Optimizing lut $abc$8899$auto$blifparse.cc:525:parse_blif$9330.genblk1.genblk1.genblk1.genblk1.genblk1.genblk1.genblk1.lut0 (4 -> 3)
  Optimizing lut $abc$8899$auto$blifparse.cc:525:parse_blif$9330.genblk1.genblk1.genblk1.genblk1.genblk1.genblk1.genblk1.lut1 (4 -> 3)
  Optimizing lut $abc$8899$auto$blifparse.cc:525:parse_blif$9333.genblk1.genblk1.genblk1.genblk1.genblk1.lut0 (4 -> 3)
  Optimizing lut $abc$8899$auto$blifparse.cc:525:parse_blif$9334.genblk1.genblk1.genblk1.genblk1.genblk1.lut0 (4 -> 1)
  Optimizing lut $abc$8899$auto$blifparse.cc:525:parse_blif$9336.genblk1.genblk1.genblk1.genblk1.genblk1.genblk1.genblk1.lut1 (4 -> 3)
  Optimizing lut $abc$8899$auto$blifparse.cc:525:parse_blif$9336.genblk1.genblk1.genblk1.genblk1.genblk1.genblk1.genblk1.lut0 (4 -> 3)
  Optimizing lut $abc$8899$auto$blifparse.cc:525:parse_blif$9334.genblk1.genblk1.genblk1.genblk1.genblk1.lut1 (4 -> 3)
  Optimizing lut $abc$8899$auto$blifparse.cc:525:parse_blif$9339.genblk1.genblk1.genblk1.genblk1.genblk1.lut0 (4 -> 3)
  Optimizing lut $abc$8899$auto$blifparse.cc:525:parse_blif$9340.genblk1.genblk1.genblk1.genblk1.genblk1.lut0 (4 -> 1)
  Optimizing lut $abc$8899$auto$blifparse.cc:525:parse_blif$9342.genblk1.genblk1.genblk1.genblk1.genblk1.genblk1.genblk1.lut0 (4 -> 3)
  Optimizing lut $abc$8899$auto$blifparse.cc:525:parse_blif$9342.genblk1.genblk1.genblk1.genblk1.genblk1.genblk1.genblk1.lut1 (4 -> 3)
  Optimizing lut $abc$8899$auto$blifparse.cc:525:parse_blif$9345.genblk1.genblk1.genblk1.genblk1.genblk1.lut0 (4 -> 3)
  Optimizing lut $abc$8899$auto$blifparse.cc:525:parse_blif$9346.genblk1.genblk1.genblk1.genblk1.genblk1.genblk1.genblk1.lut0 (4 -> 1)
  Optimizing lut $abc$8899$auto$blifparse.cc:525:parse_blif$9212.genblk1.genblk1.genblk1.genblk1.genblk1.lut1 (4 -> 1)
  Optimizing lut $abc$8899$auto$blifparse.cc:525:parse_blif$9351.genblk1.genblk1.genblk1.genblk1.genblk1.lut0 (4 -> 3)
  Optimizing lut $abc$8899$auto$blifparse.cc:525:parse_blif$9352.genblk1.genblk1.genblk1.genblk1.genblk1.lut0 (4 -> 1)
  Optimizing lut $abc$8899$auto$blifparse.cc:525:parse_blif$9354.genblk1.genblk1.genblk1.genblk1.genblk1.genblk1.genblk1.lut1 (4 -> 3)
  Optimizing lut $abc$8899$auto$blifparse.cc:525:parse_blif$9354.genblk1.genblk1.genblk1.genblk1.genblk1.genblk1.genblk1.lut0 (4 -> 3)
  Optimizing lut $abc$8899$auto$blifparse.cc:525:parse_blif$9357.genblk1.genblk1.genblk1.genblk1.genblk1.lut0 (4 -> 3)
  Optimizing lut $abc$8899$auto$blifparse.cc:525:parse_blif$9358.genblk1.genblk1.genblk1.genblk1.genblk1.lut0 (4 -> 1)
  Optimizing lut $abc$8899$auto$blifparse.cc:525:parse_blif$9360.genblk1.genblk1.genblk1.genblk1.genblk1.genblk1.genblk1.lut1 (4 -> 3)
  Optimizing lut $abc$8899$auto$blifparse.cc:525:parse_blif$9360.genblk1.genblk1.genblk1.genblk1.genblk1.genblk1.genblk1.lut0 (4 -> 3)
  Optimizing lut $abc$8899$auto$blifparse.cc:525:parse_blif$9236.genblk1.genblk1.genblk1.genblk1.genblk1.lut1 (4 -> 1)
  Optimizing lut $abc$8899$auto$blifparse.cc:525:parse_blif$9363.genblk1.genblk1.genblk1.genblk1.genblk1.lut0 (4 -> 3)
  Optimizing lut $abc$8899$auto$blifparse.cc:525:parse_blif$9364.genblk1.genblk1.genblk1.genblk1.genblk1.lut0 (4 -> 1)
  Optimizing lut $abc$8899$auto$blifparse.cc:525:parse_blif$9366.genblk1.genblk1.genblk1.genblk1.genblk1.genblk1.genblk1.lut1 (4 -> 3)
  Optimizing lut $abc$8899$auto$blifparse.cc:525:parse_blif$9366.genblk1.genblk1.genblk1.genblk1.genblk1.genblk1.genblk1.lut0 (4 -> 3)
  Optimizing lut $abc$8899$auto$blifparse.cc:525:parse_blif$9364.genblk1.genblk1.genblk1.genblk1.genblk1.lut1 (4 -> 3)
  Optimizing lut $abc$8899$auto$blifparse.cc:525:parse_blif$9370.genblk1.genblk1.genblk1.genblk1.genblk1.lut0 (4 -> 2)
  Optimizing lut $abc$8899$auto$blifparse.cc:525:parse_blif$9376.genblk1.genblk1.genblk1.genblk1.genblk1.lut0 (4 -> 3)
  Optimizing lut $abc$8899$auto$blifparse.cc:525:parse_blif$9377.genblk1.genblk1.genblk1.genblk1.genblk1.lut0 (4 -> 1)
  Optimizing lut $abc$8899$auto$blifparse.cc:525:parse_blif$9379.genblk1.genblk1.genblk1.genblk1.genblk1.genblk1.genblk1.lut1 (4 -> 3)
  Optimizing lut $abc$8899$auto$blifparse.cc:525:parse_blif$9379.genblk1.genblk1.genblk1.genblk1.genblk1.genblk1.genblk1.lut0 (4 -> 3)
  Optimizing lut $abc$8899$auto$blifparse.cc:525:parse_blif$9377.genblk1.genblk1.genblk1.genblk1.genblk1.lut1 (4 -> 3)
  Optimizing lut $abc$8899$auto$blifparse.cc:525:parse_blif$9382.genblk1.genblk1.genblk1.genblk1.genblk1.lut0 (4 -> 3)
  Optimizing lut $abc$8899$auto$blifparse.cc:525:parse_blif$9383.genblk1.genblk1.genblk1.genblk1.genblk1.genblk1.genblk1.lut0 (4 -> 1)
  Optimizing lut $abc$8899$auto$blifparse.cc:525:parse_blif$9352.genblk1.genblk1.genblk1.genblk1.genblk1.lut1 (4 -> 3)
  Optimizing lut $abc$8899$auto$blifparse.cc:525:parse_blif$9388.genblk1.genblk1.genblk1.genblk1.genblk1.lut0 (4 -> 3)
  Optimizing lut $abc$8899$auto$blifparse.cc:525:parse_blif$9389.genblk1.genblk1.genblk1.genblk1.genblk1.lut0 (4 -> 1)
  Optimizing lut $abc$8899$auto$blifparse.cc:525:parse_blif$9391.genblk1.genblk1.genblk1.genblk1.genblk1.genblk1.genblk1.lut1 (4 -> 3)
  Optimizing lut $abc$8899$auto$blifparse.cc:525:parse_blif$9391.genblk1.genblk1.genblk1.genblk1.genblk1.genblk1.genblk1.lut0 (4 -> 3)
  Optimizing lut $abc$8899$auto$blifparse.cc:525:parse_blif$9389.genblk1.genblk1.genblk1.genblk1.genblk1.lut1 (4 -> 3)
  Optimizing lut $abc$8899$auto$blifparse.cc:525:parse_blif$9394.genblk1.genblk1.genblk1.genblk1.genblk1.lut0 (4 -> 3)
  Optimizing lut $abc$8899$auto$blifparse.cc:525:parse_blif$9395.genblk1.genblk1.genblk1.genblk1.genblk1.lut0 (4 -> 1)
  Optimizing lut $abc$8899$auto$blifparse.cc:525:parse_blif$9397.genblk1.genblk1.genblk1.genblk1.genblk1.genblk1.genblk1.lut1 (4 -> 3)
  Optimizing lut $abc$8899$auto$blifparse.cc:525:parse_blif$9397.genblk1.genblk1.genblk1.genblk1.genblk1.genblk1.genblk1.lut0 (4 -> 3)
  Optimizing lut $abc$8899$auto$blifparse.cc:525:parse_blif$8996.genblk1.genblk1.genblk1.genblk1.genblk1.genblk1.lut1 (4 -> 0)
  Optimizing lut $abc$8899$auto$blifparse.cc:525:parse_blif$9400.genblk1.genblk1.genblk1.genblk1.genblk1.lut0 (4 -> 3)
  Optimizing lut $abc$8899$auto$blifparse.cc:525:parse_blif$9401.genblk1.genblk1.genblk1.genblk1.genblk1.lut0 (4 -> 1)
  Optimizing lut $abc$8899$auto$blifparse.cc:525:parse_blif$9403.genblk1.genblk1.genblk1.genblk1.genblk1.genblk1.genblk1.lut0 (4 -> 3)
  Optimizing lut $abc$8899$auto$blifparse.cc:525:parse_blif$9406.genblk1.genblk1.genblk1.genblk1.genblk1.lut0 (4 -> 3)
  Optimizing lut $abc$8899$auto$blifparse.cc:525:parse_blif$9407.genblk1.genblk1.genblk1.genblk1.genblk1.lut0 (4 -> 1)
  Optimizing lut $abc$8899$auto$blifparse.cc:525:parse_blif$9409.genblk1.genblk1.genblk1.genblk1.genblk1.genblk1.genblk1.lut1 (4 -> 3)
  Optimizing lut $abc$8899$auto$blifparse.cc:525:parse_blif$9409.genblk1.genblk1.genblk1.genblk1.genblk1.genblk1.genblk1.lut0 (4 -> 3)
  Optimizing lut $abc$8899$auto$blifparse.cc:525:parse_blif$9403.genblk1.genblk1.genblk1.genblk1.genblk1.genblk1.genblk1.lut1 (4 -> 3)
  Optimizing lut $abc$8899$auto$blifparse.cc:525:parse_blif$9407.genblk1.genblk1.genblk1.genblk1.genblk1.lut1 (4 -> 3)
  Optimizing lut $abc$8899$auto$blifparse.cc:525:parse_blif$9412.genblk1.genblk1.genblk1.genblk1.genblk1.lut0 (4 -> 3)
  Optimizing lut $abc$8899$auto$blifparse.cc:525:parse_blif$9413.genblk1.genblk1.genblk1.genblk1.genblk1.lut0 (4 -> 1)
  Optimizing lut $abc$8899$auto$blifparse.cc:525:parse_blif$9200.genblk1.genblk1.genblk1.genblk1.genblk1.lut1 (4 -> 3)
  Optimizing lut $abc$8899$auto$blifparse.cc:525:parse_blif$9415.genblk1.genblk1.genblk1.genblk1.genblk1.genblk1.genblk1.lut0 (4 -> 3)
  Optimizing lut $abc$8899$auto$blifparse.cc:525:parse_blif$9401.genblk1.genblk1.genblk1.genblk1.genblk1.lut1 (4 -> 3)
  Optimizing lut $abc$8899$auto$blifparse.cc:525:parse_blif$9418.genblk1.genblk1.genblk1.genblk1.genblk1.lut1 (4 -> 1)
  Optimizing lut $abc$8899$auto$blifparse.cc:525:parse_blif$9418.genblk1.genblk1.genblk1.genblk1.genblk1.lut0 (4 -> 3)
  Optimizing lut $abc$8899$auto$blifparse.cc:525:parse_blif$9419.genblk1.genblk1.genblk1.genblk1.genblk1.lut0 (4 -> 1)
  Optimizing lut $abc$8899$auto$blifparse.cc:525:parse_blif$9421.genblk1.genblk1.genblk1.genblk1.genblk1.genblk1.genblk1.lut1 (4 -> 3)
  Optimizing lut $abc$8899$auto$blifparse.cc:525:parse_blif$9421.genblk1.genblk1.genblk1.genblk1.genblk1.genblk1.genblk1.lut0 (4 -> 3)
  Optimizing lut $abc$8899$auto$blifparse.cc:525:parse_blif$9419.genblk1.genblk1.genblk1.genblk1.genblk1.lut1 (4 -> 3)
  Optimizing lut $abc$8899$auto$blifparse.cc:525:parse_blif$9424.genblk1.genblk1.genblk1.genblk1.genblk1.lut0 (4 -> 3)
  Optimizing lut $abc$8899$auto$blifparse.cc:525:parse_blif$9425.genblk1.genblk1.genblk1.genblk1.genblk1.lut0 (4 -> 1)
  Optimizing lut $abc$8899$auto$blifparse.cc:525:parse_blif$9427.genblk1.genblk1.genblk1.genblk1.genblk1.genblk1.genblk1.lut1 (4 -> 3)
  Optimizing lut $abc$8899$auto$blifparse.cc:525:parse_blif$9427.genblk1.genblk1.genblk1.genblk1.genblk1.genblk1.genblk1.lut0 (4 -> 3)
  Optimizing lut $abc$8899$auto$blifparse.cc:525:parse_blif$9430.genblk1.genblk1.genblk1.genblk1.genblk1.lut0 (4 -> 3)
  Optimizing lut $abc$8899$auto$blifparse.cc:525:parse_blif$9431.genblk1.genblk1.genblk1.genblk1.genblk1.lut0 (4 -> 1)
  Optimizing lut $abc$8899$auto$blifparse.cc:525:parse_blif$9433.genblk1.genblk1.genblk1.genblk1.genblk1.genblk1.genblk1.lut1 (4 -> 3)
  Optimizing lut $abc$8899$auto$blifparse.cc:525:parse_blif$9433.genblk1.genblk1.genblk1.genblk1.genblk1.genblk1.genblk1.lut0 (4 -> 3)
  Optimizing lut $abc$8899$auto$blifparse.cc:525:parse_blif$9431.genblk1.genblk1.genblk1.genblk1.genblk1.lut1 (4 -> 3)
  Optimizing lut $abc$8899$auto$blifparse.cc:525:parse_blif$9436.genblk1.genblk1.genblk1.genblk1.genblk1.lut0 (4 -> 3)
  Optimizing lut $abc$8899$auto$blifparse.cc:525:parse_blif$9437.genblk1.genblk1.genblk1.genblk1.genblk1.genblk1.genblk1.lut0 (4 -> 1)
  Optimizing lut $abc$8899$auto$blifparse.cc:525:parse_blif$8955.genblk1.genblk1.genblk1.genblk1.genblk1.genblk1.lut1 (4 -> 0)
  Optimizing lut $abc$8899$auto$blifparse.cc:525:parse_blif$9442.genblk1.genblk1.genblk1.genblk1.genblk1.lut0 (4 -> 3)
  Optimizing lut $abc$8899$auto$blifparse.cc:525:parse_blif$9443.genblk1.genblk1.genblk1.genblk1.genblk1.lut0 (4 -> 1)
  Optimizing lut $abc$8899$auto$blifparse.cc:525:parse_blif$9445.genblk1.genblk1.genblk1.genblk1.genblk1.genblk1.genblk1.lut1 (4 -> 3)
  Optimizing lut $abc$8899$auto$blifparse.cc:525:parse_blif$9445.genblk1.genblk1.genblk1.genblk1.genblk1.genblk1.genblk1.lut0 (4 -> 3)
  Optimizing lut $abc$8899$auto$blifparse.cc:525:parse_blif$9424.genblk1.genblk1.genblk1.genblk1.genblk1.lut1 (4 -> 1)
  Optimizing lut $abc$8899$auto$blifparse.cc:525:parse_blif$9448.genblk1.genblk1.genblk1.genblk1.genblk1.lut0 (4 -> 3)
  Optimizing lut $abc$8899$auto$blifparse.cc:525:parse_blif$9449.genblk1.genblk1.genblk1.genblk1.genblk1.lut0 (4 -> 1)
  Optimizing lut $abc$8899$auto$blifparse.cc:525:parse_blif$9451.genblk1.genblk1.genblk1.genblk1.genblk1.genblk1.genblk1.lut1 (4 -> 3)
  Optimizing lut $abc$8899$auto$blifparse.cc:525:parse_blif$9451.genblk1.genblk1.genblk1.genblk1.genblk1.genblk1.genblk1.lut0 (4 -> 3)
  Optimizing lut $abc$8899$auto$blifparse.cc:525:parse_blif$9449.genblk1.genblk1.genblk1.genblk1.genblk1.lut1 (4 -> 3)
  Optimizing lut $abc$8899$auto$blifparse.cc:525:parse_blif$9454.genblk1.genblk1.genblk1.genblk1.genblk1.lut0 (4 -> 3)
  Optimizing lut $abc$8899$auto$blifparse.cc:525:parse_blif$9455.genblk1.genblk1.genblk1.genblk1.genblk1.lut0 (4 -> 1)
  Optimizing lut $abc$8899$auto$blifparse.cc:525:parse_blif$9457.genblk1.genblk1.genblk1.genblk1.genblk1.genblk1.genblk1.lut1 (4 -> 3)
  Optimizing lut $abc$8899$auto$blifparse.cc:525:parse_blif$9457.genblk1.genblk1.genblk1.genblk1.genblk1.genblk1.genblk1.lut0 (4 -> 3)
  Optimizing lut $abc$8899$auto$blifparse.cc:525:parse_blif$9467.genblk1.genblk1.genblk1.genblk1.genblk1.lut1 (4 -> 1)
  Optimizing lut $abc$8899$auto$blifparse.cc:525:parse_blif$9463.genblk1.genblk1.genblk1.genblk1.genblk1.genblk1.lut1 (4 -> 2)
  Optimizing lut $abc$8899$auto$blifparse.cc:525:parse_blif$9461.genblk1.genblk1.genblk1.genblk1.genblk1.lut0 (4 -> 2)
  Optimizing lut $abc$8899$auto$blifparse.cc:525:parse_blif$9460.genblk1.genblk1.genblk1.genblk1.genblk1.lut1 (4 -> 0)
  Optimizing lut $abc$8899$auto$blifparse.cc:525:parse_blif$9473.genblk1.genblk1.genblk1.genblk1.genblk1.lut1 (4 -> 3)
  Optimizing lut $abc$8899$auto$blifparse.cc:525:parse_blif$9467.genblk1.genblk1.genblk1.genblk1.genblk1.lut0 (4 -> 3)
  Optimizing lut $abc$8899$auto$blifparse.cc:525:parse_blif$9468.genblk1.genblk1.genblk1.genblk1.genblk1.lut0 (4 -> 1)
  Optimizing lut $abc$8899$auto$blifparse.cc:525:parse_blif$9470.genblk1.genblk1.genblk1.genblk1.genblk1.genblk1.genblk1.lut1 (4 -> 3)
  Optimizing lut $abc$8899$auto$blifparse.cc:525:parse_blif$9470.genblk1.genblk1.genblk1.genblk1.genblk1.genblk1.genblk1.lut0 (4 -> 3)
  Optimizing lut $abc$8899$auto$blifparse.cc:525:parse_blif$9224.genblk1.genblk1.genblk1.genblk1.genblk1.lut1 (4 -> 1)
  Optimizing lut $abc$8899$auto$blifparse.cc:525:parse_blif$9468.genblk1.genblk1.genblk1.genblk1.genblk1.lut1 (4 -> 3)
  Optimizing lut $abc$8899$auto$blifparse.cc:525:parse_blif$9473.genblk1.genblk1.genblk1.genblk1.genblk1.lut0 (4 -> 3)
  Optimizing lut $abc$8899$auto$blifparse.cc:525:parse_blif$9474.genblk1.genblk1.genblk1.genblk1.genblk1.genblk1.genblk1.lut0 (4 -> 1)
  Optimizing lut $abc$8899$auto$blifparse.cc:525:parse_blif$9479.genblk1.genblk1.genblk1.genblk1.genblk1.lut1 (4 -> 1)
  Optimizing lut $abc$8899$auto$blifparse.cc:525:parse_blif$9166.genblk1.genblk1.genblk1.genblk1.genblk1.lut1 (4 -> 1)
  Optimizing lut $abc$8899$auto$blifparse.cc:525:parse_blif$9479.genblk1.genblk1.genblk1.genblk1.genblk1.lut0 (4 -> 3)
  Optimizing lut $abc$8899$auto$blifparse.cc:525:parse_blif$9480.genblk1.genblk1.genblk1.genblk1.genblk1.lut0 (4 -> 1)
  Optimizing lut $abc$8899$auto$blifparse.cc:525:parse_blif$9482.genblk1.genblk1.genblk1.genblk1.genblk1.genblk1.genblk1.lut1 (4 -> 3)
  Optimizing lut $abc$8899$auto$blifparse.cc:525:parse_blif$9482.genblk1.genblk1.genblk1.genblk1.genblk1.genblk1.genblk1.lut0 (4 -> 3)
  Optimizing lut $abc$8899$auto$blifparse.cc:525:parse_blif$9485.genblk1.genblk1.genblk1.genblk1.genblk1.lut0 (4 -> 3)
  Optimizing lut $abc$8899$auto$blifparse.cc:525:parse_blif$9486.genblk1.genblk1.genblk1.genblk1.genblk1.lut0 (4 -> 1)
  Optimizing lut $abc$8899$auto$blifparse.cc:525:parse_blif$9491.genblk1.genblk1.genblk1.genblk1.genblk1.lut1 (4 -> 1)
  Optimizing lut $abc$8899$auto$blifparse.cc:525:parse_blif$9488.genblk1.genblk1.genblk1.genblk1.genblk1.genblk1.genblk1.lut0 (4 -> 3)
  Optimizing lut $abc$8899$auto$blifparse.cc:525:parse_blif$9474.genblk1.genblk1.genblk1.genblk1.genblk1.genblk1.genblk1.lut1 (4 -> 1)
  Optimizing lut $abc$8899$auto$blifparse.cc:525:parse_blif$9491.genblk1.genblk1.genblk1.genblk1.genblk1.lut0 (4 -> 3)
  Optimizing lut $abc$8899$auto$blifparse.cc:525:parse_blif$9492.genblk1.genblk1.genblk1.genblk1.genblk1.lut0 (4 -> 1)
  Optimizing lut $abc$8899$auto$blifparse.cc:525:parse_blif$9494.genblk1.genblk1.genblk1.genblk1.genblk1.genblk1.genblk1.lut1 (4 -> 3)
  Optimizing lut $abc$8899$auto$blifparse.cc:525:parse_blif$9494.genblk1.genblk1.genblk1.genblk1.genblk1.genblk1.genblk1.lut0 (4 -> 3)
  Optimizing lut $abc$8899$auto$blifparse.cc:525:parse_blif$9488.genblk1.genblk1.genblk1.genblk1.genblk1.genblk1.genblk1.lut1 (4 -> 3)
  Optimizing lut $abc$8899$auto$blifparse.cc:525:parse_blif$9492.genblk1.genblk1.genblk1.genblk1.genblk1.lut1 (4 -> 3)
  Optimizing lut $abc$8899$auto$blifparse.cc:525:parse_blif$9497.genblk1.genblk1.genblk1.genblk1.genblk1.lut0 (4 -> 3)
  Optimizing lut $abc$8899$auto$blifparse.cc:525:parse_blif$9498.genblk1.genblk1.genblk1.genblk1.genblk1.lut0 (4 -> 1)
  Optimizing lut $abc$8899$auto$blifparse.cc:525:parse_blif$9503.genblk1.genblk1.genblk1.genblk1.genblk1.lut1 (4 -> 1)
  Optimizing lut $abc$8899$auto$blifparse.cc:525:parse_blif$9500.genblk1.genblk1.genblk1.genblk1.genblk1.genblk1.genblk1.lut0 (4 -> 3)
  Optimizing lut $abc$8899$auto$blifparse.cc:525:parse_blif$9486.genblk1.genblk1.genblk1.genblk1.genblk1.lut1 (4 -> 3)
  Optimizing lut $abc$8899$auto$blifparse.cc:525:parse_blif$9503.genblk1.genblk1.genblk1.genblk1.genblk1.lut0 (4 -> 3)
  Optimizing lut $abc$8899$auto$blifparse.cc:525:parse_blif$9504.genblk1.genblk1.genblk1.genblk1.genblk1.lut0 (4 -> 1)
  Optimizing lut $abc$8899$auto$blifparse.cc:525:parse_blif$9506.genblk1.genblk1.genblk1.genblk1.genblk1.genblk1.genblk1.lut1 (4 -> 3)
  Optimizing lut $abc$8899$auto$blifparse.cc:525:parse_blif$9506.genblk1.genblk1.genblk1.genblk1.genblk1.genblk1.genblk1.lut0 (4 -> 3)
  Optimizing lut $abc$8899$auto$blifparse.cc:525:parse_blif$9500.genblk1.genblk1.genblk1.genblk1.genblk1.genblk1.genblk1.lut1 (4 -> 3)
  Optimizing lut $abc$8899$auto$blifparse.cc:525:parse_blif$9504.genblk1.genblk1.genblk1.genblk1.genblk1.lut1 (4 -> 3)
  Optimizing lut $abc$8899$auto$blifparse.cc:525:parse_blif$9509.genblk1.genblk1.genblk1.genblk1.genblk1.lut0 (4 -> 3)
  Optimizing lut $abc$8899$auto$blifparse.cc:525:parse_blif$9510.genblk1.genblk1.genblk1.genblk1.genblk1.lut0 (4 -> 1)
  Optimizing lut $abc$8899$auto$blifparse.cc:525:parse_blif$9515.genblk1.genblk1.genblk1.genblk1.genblk1.lut1 (4 -> 1)
  Optimizing lut $abc$8899$auto$blifparse.cc:525:parse_blif$9512.genblk1.genblk1.genblk1.genblk1.genblk1.genblk1.genblk1.lut0 (4 -> 3)
  Optimizing lut $abc$8899$auto$blifparse.cc:525:parse_blif$9498.genblk1.genblk1.genblk1.genblk1.genblk1.lut1 (4 -> 3)
  Optimizing lut $abc$8899$auto$blifparse.cc:525:parse_blif$9515.genblk1.genblk1.genblk1.genblk1.genblk1.lut0 (4 -> 3)
  Optimizing lut $abc$8899$auto$blifparse.cc:525:parse_blif$9516.genblk1.genblk1.genblk1.genblk1.genblk1.lut0 (4 -> 1)
  Optimizing lut $abc$8899$auto$blifparse.cc:525:parse_blif$9518.genblk1.genblk1.genblk1.genblk1.genblk1.genblk1.genblk1.lut1 (4 -> 3)
  Optimizing lut $abc$8899$auto$blifparse.cc:525:parse_blif$9518.genblk1.genblk1.genblk1.genblk1.genblk1.genblk1.genblk1.lut0 (4 -> 3)
  Optimizing lut $abc$8899$auto$blifparse.cc:525:parse_blif$9512.genblk1.genblk1.genblk1.genblk1.genblk1.genblk1.genblk1.lut1 (4 -> 3)
  Optimizing lut $abc$8899$auto$blifparse.cc:525:parse_blif$9516.genblk1.genblk1.genblk1.genblk1.genblk1.lut1 (4 -> 3)
  Optimizing lut $abc$8899$auto$blifparse.cc:525:parse_blif$9521.genblk1.genblk1.genblk1.genblk1.genblk1.lut0 (4 -> 3)
  Optimizing lut $abc$8899$auto$blifparse.cc:525:parse_blif$9522.genblk1.genblk1.genblk1.genblk1.genblk1.lut0 (4 -> 1)
  Optimizing lut $abc$8899$auto$blifparse.cc:525:parse_blif$9527.genblk1.genblk1.genblk1.genblk1.genblk1.lut1 (4 -> 3)
  Optimizing lut $abc$8899$auto$blifparse.cc:525:parse_blif$9524.genblk1.genblk1.genblk1.genblk1.genblk1.genblk1.genblk1.lut0 (4 -> 3)
  Optimizing lut $abc$8899$auto$blifparse.cc:525:parse_blif$9510.genblk1.genblk1.genblk1.genblk1.genblk1.lut1 (4 -> 3)
  Optimizing lut $abc$8899$auto$blifparse.cc:525:parse_blif$9527.genblk1.genblk1.genblk1.genblk1.genblk1.lut0 (4 -> 3)
  Optimizing lut $abc$8899$auto$blifparse.cc:525:parse_blif$9528.genblk1.genblk1.genblk1.genblk1.genblk1.genblk1.genblk1.lut0 (4 -> 1)
  Optimizing lut $abc$8899$auto$blifparse.cc:525:parse_blif$9524.genblk1.genblk1.genblk1.genblk1.genblk1.genblk1.genblk1.lut1 (4 -> 3)
  Optimizing lut $abc$8899$auto$blifparse.cc:525:parse_blif$9545.genblk1.genblk1.genblk1.genblk1.genblk1.lut1 (4 -> 1)
  Optimizing lut $abc$8899$auto$blifparse.cc:525:parse_blif$9528.genblk1.genblk1.genblk1.genblk1.genblk1.genblk1.genblk1.lut1 (4 -> 1)
  Optimizing lut $abc$8899$auto$blifparse.cc:525:parse_blif$9533.genblk1.genblk1.genblk1.genblk1.genblk1.lut0 (4 -> 3)
  Optimizing lut $abc$8899$auto$blifparse.cc:525:parse_blif$9534.genblk1.genblk1.genblk1.genblk1.genblk1.genblk1.genblk1.lut0 (4 -> 1)
  Optimizing lut $abc$8899$auto$blifparse.cc:525:parse_blif$9539.genblk1.genblk1.genblk1.genblk1.genblk1.lut1 (4 -> 1)
  Optimizing lut $abc$8899$auto$blifparse.cc:525:parse_blif$9522.genblk1.genblk1.genblk1.genblk1.genblk1.lut1 (4 -> 3)
  Optimizing lut $abc$8899$auto$blifparse.cc:525:parse_blif$9539.genblk1.genblk1.genblk1.genblk1.genblk1.lut0 (4 -> 3)
  Optimizing lut $abc$8899$auto$blifparse.cc:525:parse_blif$9540.genblk1.genblk1.genblk1.genblk1.genblk1.lut0 (4 -> 1)
  Optimizing lut $abc$8899$auto$blifparse.cc:525:parse_blif$9542.genblk1.genblk1.genblk1.genblk1.genblk1.genblk1.genblk1.lut1 (4 -> 3)
  Optimizing lut $abc$8899$auto$blifparse.cc:525:parse_blif$9542.genblk1.genblk1.genblk1.genblk1.genblk1.genblk1.genblk1.lut0 (4 -> 3)
  Optimizing lut $abc$8899$auto$blifparse.cc:525:parse_blif$9540.genblk1.genblk1.genblk1.genblk1.genblk1.lut1 (4 -> 3)
  Optimizing lut $abc$8899$auto$blifparse.cc:525:parse_blif$9545.genblk1.genblk1.genblk1.genblk1.genblk1.lut0 (4 -> 3)
  Optimizing lut $abc$8899$auto$blifparse.cc:525:parse_blif$9546.genblk1.genblk1.genblk1.genblk1.genblk1.lut0 (4 -> 1)
  Optimizing lut $abc$8899$auto$blifparse.cc:525:parse_blif$9551.genblk1.genblk1.genblk1.genblk1.genblk1.lut1 (4 -> 0)
  Optimizing lut $abc$8899$auto$blifparse.cc:525:parse_blif$9548.genblk1.genblk1.genblk1.genblk1.genblk1.genblk1.genblk1.lut0 (4 -> 3)
  Optimizing lut $abc$8899$auto$blifparse.cc:525:parse_blif$9534.genblk1.genblk1.genblk1.genblk1.genblk1.genblk1.genblk1.lut1 (4 -> 1)
  Optimizing lut $abc$8899$auto$blifparse.cc:525:parse_blif$9552.genblk1.genblk1.genblk1.genblk1.genblk1.lut0 (4 -> 2)
  Optimizing lut $abc$8899$auto$blifparse.cc:525:parse_blif$9552.genblk1.genblk1.genblk1.genblk1.genblk1.lut1 (4 -> 2)
  Optimizing lut $abc$8899$auto$blifparse.cc:525:parse_blif$9546.genblk1.genblk1.genblk1.genblk1.genblk1.lut1 (4 -> 3)
  Optimizing lut $abc$8899$auto$blifparse.cc:525:parse_blif$9558.genblk1.genblk1.genblk1.genblk1.genblk1.lut0 (4 -> 3)
  Optimizing lut $abc$8899$auto$blifparse.cc:525:parse_blif$9559.genblk1.genblk1.genblk1.genblk1.genblk1.lut0 (4 -> 1)
  Optimizing lut $abc$8899$auto$blifparse.cc:525:parse_blif$9561.genblk1.genblk1.genblk1.genblk1.genblk1.genblk1.genblk1.lut1 (4 -> 3)
  Optimizing lut $abc$8899$auto$blifparse.cc:525:parse_blif$9561.genblk1.genblk1.genblk1.genblk1.genblk1.genblk1.genblk1.lut0 (4 -> 3)
  Optimizing lut $abc$8899$auto$blifparse.cc:525:parse_blif$9570.genblk1.genblk1.genblk1.genblk1.genblk1.lut1 (4 -> 1)
  Optimizing lut $abc$8899$auto$blifparse.cc:525:parse_blif$9564.genblk1.genblk1.genblk1.genblk1.genblk1.lut0 (4 -> 3)
  Optimizing lut $abc$8899$auto$blifparse.cc:525:parse_blif$9565.genblk1.genblk1.genblk1.genblk1.genblk1.genblk1.genblk1.lut0 (4 -> 1)
  Optimizing lut $abc$8899$auto$blifparse.cc:525:parse_blif$9570.genblk1.genblk1.genblk1.genblk1.genblk1.lut0 (4 -> 3)
  Optimizing lut $abc$8899$auto$blifparse.cc:525:parse_blif$9571.genblk1.genblk1.genblk1.genblk1.genblk1.lut0 (4 -> 1)
  Optimizing lut $abc$8899$auto$blifparse.cc:525:parse_blif$9573.genblk1.genblk1.genblk1.genblk1.genblk1.genblk1.genblk1.lut1 (4 -> 3)
  Optimizing lut $abc$8899$auto$blifparse.cc:525:parse_blif$9573.genblk1.genblk1.genblk1.genblk1.genblk1.genblk1.genblk1.lut0 (4 -> 3)
  Optimizing lut $abc$8899$auto$blifparse.cc:525:parse_blif$9582.genblk1.genblk1.genblk1.genblk1.genblk1.lut1 (4 -> 1)
  Optimizing lut $abc$8899$auto$blifparse.cc:525:parse_blif$9576.genblk1.genblk1.genblk1.genblk1.genblk1.lut0 (4 -> 3)
  Optimizing lut $abc$8899$auto$blifparse.cc:525:parse_blif$9577.genblk1.genblk1.genblk1.genblk1.genblk1.lut0 (4 -> 1)
  Optimizing lut $abc$8899$auto$blifparse.cc:525:parse_blif$9579.genblk1.genblk1.genblk1.genblk1.genblk1.genblk1.genblk1.lut0 (4 -> 3)
  Optimizing lut $abc$8899$auto$blifparse.cc:525:parse_blif$9579.genblk1.genblk1.genblk1.genblk1.genblk1.genblk1.genblk1.lut1 (4 -> 3)
  Optimizing lut $abc$8899$auto$blifparse.cc:525:parse_blif$9582.genblk1.genblk1.genblk1.genblk1.genblk1.lut0 (4 -> 3)
  Optimizing lut $abc$8899$auto$blifparse.cc:525:parse_blif$9583.genblk1.genblk1.genblk1.genblk1.genblk1.lut0 (4 -> 1)
  Optimizing lut $abc$8899$auto$blifparse.cc:525:parse_blif$9585.genblk1.genblk1.genblk1.genblk1.genblk1.genblk1.genblk1.lut1 (4 -> 3)
  Optimizing lut $abc$8899$auto$blifparse.cc:525:parse_blif$9585.genblk1.genblk1.genblk1.genblk1.genblk1.genblk1.genblk1.lut0 (4 -> 3)
  Optimizing lut $abc$8899$auto$blifparse.cc:525:parse_blif$9594.genblk1.genblk1.genblk1.genblk1.genblk1.lut1 (4 -> 1)
  Optimizing lut $abc$8899$auto$blifparse.cc:525:parse_blif$9588.genblk1.genblk1.genblk1.genblk1.genblk1.lut0 (4 -> 3)
  Optimizing lut $abc$8899$auto$blifparse.cc:525:parse_blif$9589.genblk1.genblk1.genblk1.genblk1.genblk1.lut0 (4 -> 1)
  Optimizing lut $abc$8899$auto$blifparse.cc:525:parse_blif$9591.genblk1.genblk1.genblk1.genblk1.genblk1.genblk1.genblk1.lut0 (4 -> 3)
  Optimizing lut $abc$8899$auto$blifparse.cc:525:parse_blif$9591.genblk1.genblk1.genblk1.genblk1.genblk1.genblk1.genblk1.lut1 (4 -> 3)
  Optimizing lut $abc$8899$auto$blifparse.cc:525:parse_blif$9594.genblk1.genblk1.genblk1.genblk1.genblk1.lut0 (4 -> 3)
  Optimizing lut $abc$8899$auto$blifparse.cc:525:parse_blif$9595.genblk1.genblk1.genblk1.genblk1.genblk1.lut0 (4 -> 1)
  Optimizing lut $abc$8899$auto$blifparse.cc:525:parse_blif$9597.genblk1.genblk1.genblk1.genblk1.genblk1.genblk1.genblk1.lut1 (4 -> 3)
  Optimizing lut $abc$8899$auto$blifparse.cc:525:parse_blif$9597.genblk1.genblk1.genblk1.genblk1.genblk1.genblk1.genblk1.lut0 (4 -> 3)
  Optimizing lut $abc$8899$auto$blifparse.cc:525:parse_blif$9606.genblk1.genblk1.genblk1.genblk1.genblk1.lut1 (4 -> 1)
  Optimizing lut $abc$8899$auto$blifparse.cc:525:parse_blif$9600.genblk1.genblk1.genblk1.genblk1.genblk1.lut0 (4 -> 3)
  Optimizing lut $abc$8899$auto$blifparse.cc:525:parse_blif$9601.genblk1.genblk1.genblk1.genblk1.genblk1.lut0 (4 -> 1)
  Optimizing lut $abc$8899$auto$blifparse.cc:525:parse_blif$9603.genblk1.genblk1.genblk1.genblk1.genblk1.genblk1.genblk1.lut0 (4 -> 3)
  Optimizing lut $abc$8899$auto$blifparse.cc:525:parse_blif$9603.genblk1.genblk1.genblk1.genblk1.genblk1.genblk1.genblk1.lut1 (4 -> 3)
  Optimizing lut $abc$8899$auto$blifparse.cc:525:parse_blif$9606.genblk1.genblk1.genblk1.genblk1.genblk1.lut0 (4 -> 3)
  Optimizing lut $abc$8899$auto$blifparse.cc:525:parse_blif$9607.genblk1.genblk1.genblk1.genblk1.genblk1.lut0 (4 -> 1)
  Optimizing lut $abc$8899$auto$blifparse.cc:525:parse_blif$9609.genblk1.genblk1.genblk1.genblk1.genblk1.genblk1.genblk1.lut1 (4 -> 3)
  Optimizing lut $abc$8899$auto$blifparse.cc:525:parse_blif$9609.genblk1.genblk1.genblk1.genblk1.genblk1.genblk1.genblk1.lut0 (4 -> 3)
  Optimizing lut $abc$8899$auto$blifparse.cc:525:parse_blif$9618.genblk1.genblk1.genblk1.genblk1.genblk1.lut1 (4 -> 3)
  Optimizing lut $abc$8899$auto$blifparse.cc:525:parse_blif$9612.genblk1.genblk1.genblk1.genblk1.genblk1.lut0 (4 -> 3)
  Optimizing lut $abc$8899$auto$blifparse.cc:525:parse_blif$9613.genblk1.genblk1.genblk1.genblk1.genblk1.lut0 (4 -> 1)
  Optimizing lut $abc$8899$auto$blifparse.cc:525:parse_blif$9615.genblk1.genblk1.genblk1.genblk1.genblk1.genblk1.genblk1.lut0 (4 -> 3)
  Optimizing lut $abc$8899$auto$blifparse.cc:525:parse_blif$9615.genblk1.genblk1.genblk1.genblk1.genblk1.genblk1.genblk1.lut1 (4 -> 3)
  Optimizing lut $abc$8899$auto$blifparse.cc:525:parse_blif$9618.genblk1.genblk1.genblk1.genblk1.genblk1.lut0 (4 -> 3)
  Optimizing lut $abc$8899$auto$blifparse.cc:525:parse_blif$9619.genblk1.genblk1.genblk1.genblk1.genblk1.genblk1.genblk1.lut0 (4 -> 1)
  Optimizing lut $abc$8899$auto$blifparse.cc:525:parse_blif$9612.genblk1.genblk1.genblk1.genblk1.genblk1.lut1 (4 -> 1)
  Optimizing lut $abc$8899$auto$blifparse.cc:525:parse_blif$9630.genblk1.genblk1.genblk1.genblk1.genblk1.lut1 (4 -> 1)
  Optimizing lut $abc$8899$auto$blifparse.cc:525:parse_blif$9624.genblk1.genblk1.genblk1.genblk1.genblk1.lut0 (4 -> 3)
  Optimizing lut $abc$8899$auto$blifparse.cc:525:parse_blif$9625.genblk1.genblk1.genblk1.genblk1.genblk1.lut0 (4 -> 1)
  Optimizing lut $abc$8899$auto$blifparse.cc:525:parse_blif$9627.genblk1.genblk1.genblk1.genblk1.genblk1.genblk1.genblk1.lut0 (4 -> 3)
  Optimizing lut $abc$8899$auto$blifparse.cc:525:parse_blif$9627.genblk1.genblk1.genblk1.genblk1.genblk1.genblk1.genblk1.lut1 (4 -> 3)
  Optimizing lut $abc$8899$auto$blifparse.cc:525:parse_blif$9630.genblk1.genblk1.genblk1.genblk1.genblk1.lut0 (4 -> 3)
  Optimizing lut $abc$8899$auto$blifparse.cc:525:parse_blif$9631.genblk1.genblk1.genblk1.genblk1.genblk1.lut0 (4 -> 1)
  Optimizing lut $abc$8899$auto$blifparse.cc:525:parse_blif$9633.genblk1.genblk1.genblk1.genblk1.genblk1.genblk1.genblk1.lut1 (4 -> 3)
  Optimizing lut $abc$8899$auto$blifparse.cc:525:parse_blif$9633.genblk1.genblk1.genblk1.genblk1.genblk1.genblk1.genblk1.lut0 (4 -> 3)
  Optimizing lut $abc$8899$auto$blifparse.cc:525:parse_blif$9636.genblk1.genblk1.genblk1.genblk1.genblk1.lut0 (4 -> 3)
  Optimizing lut $abc$8899$auto$blifparse.cc:525:parse_blif$9637.genblk1.genblk1.genblk1.genblk1.genblk1.lut0 (4 -> 1)
  Optimizing lut $abc$8899$auto$blifparse.cc:525:parse_blif$9639.genblk1.genblk1.genblk1.genblk1.genblk1.genblk1.genblk1.lut0 (4 -> 3)
  Optimizing lut $abc$8899$auto$blifparse.cc:525:parse_blif$9639.genblk1.genblk1.genblk1.genblk1.genblk1.genblk1.genblk1.lut1 (4 -> 3)
  Optimizing lut $abc$8899$auto$blifparse.cc:525:parse_blif$9643.genblk1.genblk1.genblk1.genblk1.genblk1.lut0 (4 -> 2)
  Optimizing lut $abc$8899$auto$blifparse.cc:525:parse_blif$9345.genblk1.genblk1.genblk1.genblk1.genblk1.lut1 (4 -> 3)
  Optimizing lut $abc$8899$auto$blifparse.cc:525:parse_blif$9261.genblk1.genblk1.genblk1.genblk1.genblk1.genblk1.genblk1.lut1 (4 -> 1)
  Optimizing lut $abc$8899$auto$blifparse.cc:525:parse_blif$9642.genblk1.genblk1.genblk1.genblk1.genblk1.lut1 (4 -> 0)
  Optimizing lut $abc$8899$auto$blifparse.cc:525:parse_blif$9358.genblk1.genblk1.genblk1.genblk1.genblk1.lut1 (4 -> 3)
  Optimizing lut $abc$8899$auto$blifparse.cc:525:parse_blif$9248.genblk1.genblk1.genblk1.genblk1.genblk1.lut1 (4 -> 1)
  Optimizing lut $abc$8899$auto$blifparse.cc:525:parse_blif$9665.genblk1.genblk1.genblk1.genblk1.genblk1.lut0 (4 -> 2)
  Optimizing lut $abc$8899$auto$blifparse.cc:525:parse_blif$9665.genblk1.genblk1.genblk1.genblk1.genblk1.lut1 (4 -> 3)
  Optimizing lut $abc$8899$auto$blifparse.cc:525:parse_blif$9372.genblk1.genblk1.genblk1.genblk1.genblk1.genblk1.lut1 (4 -> 2)
  Optimizing lut $abc$8899$auto$blifparse.cc:525:parse_blif$9333.genblk1.genblk1.genblk1.genblk1.genblk1.lut1 (4 -> 1)
  Optimizing lut $abc$8899$auto$blifparse.cc:525:parse_blif$9129.genblk1.genblk1.genblk1.genblk1.genblk1.lut1 (4 -> 1)
Removed 0 unused cells and 2057 unused wires.

11.46. Executing AUTONAME pass.
Renamed 61611 objects in module led_panel_128 (65 iterations).

11.47. Executing HIERARCHY pass (managing design hierarchy).

11.47.1. Analyzing design hierarchy..
Top module:  \led_panel_128

11.47.2. Analyzing design hierarchy..
Top module:  \led_panel_128
Removed 0 unused modules.

11.48. Printing statistics.

=== led_panel_128 ===

   Number of wires:               2490
   Number of wire bits:           5894
   Number of public wires:        2490
   Number of public wire bits:    5894
   Number of memories:               0
   Number of memory bits:            0
   Number of processes:              0
   Number of cells:               2985
     CCU2C                          70
     DP16KD                         24
     L6MUX21                       271
     LUT4                         1630
     PFUMX                         559
     TRELLIS_FF                    431

11.49. Executing CHECK pass (checking for obvious problems).
Checking module led_panel_128...
Found and reported 0 problems.

12. Executing JSON backend.

Warnings: 7 unique messages, 7 total
End of script. Logfile hash: 913373d858, CPU: user 2.24s system 0.07s, MEM: 78.08 MB peak
Yosys 0.33+6 (git sha1 41b34a193, x86_64-conda-linux-gnu-cc 11.2.0 -fvisibility-inlines-hidden -fmessage-length=0 -march=nocona -mtune=haswell -ftree-vectorize -fPIC -fstack-protector-strong -fno-plt -O2 -ffunction-sections -fdebug-prefix-map=/root/conda-eda/conda-eda/workdir/conda-env/conda-bld/yosys_1694128612374/work=/usr/local/src/conda/yosys-0.33_7_g41b34a193 -fdebug-prefix-map=/home/leonardo/miniconda3/envs/digital=/usr/local/src/conda-prefix -fPIC -Os -fno-merge-constants)
Time spent: 18% 27x opt_clean (0 sec), 15% 7x techmap (0 sec), ...
