
 /----------------------------------------------------------------------------\
 |                                                                            |
 |  yosys -- Yosys Open SYnthesis Suite                                       |
 |                                                                            |
 |  Copyright (C) 2012 - 2020  Claire Xenia Wolf <claire@yosyshq.com>         |
 |                                                                            |
 |  Permission to use, copy, modify, and/or distribute this software for any  |
 |  purpose with or without fee is hereby granted, provided that the above    |
 |  copyright notice and this permission notice appear in all copies.         |
 |                                                                            |
 |  THE SOFTWARE IS PROVIDED "AS IS" AND THE AUTHOR DISCLAIMS ALL WARRANTIES  |
 |  WITH REGARD TO THIS SOFTWARE INCLUDING ALL IMPLIED WARRANTIES OF          |
 |  MERCHANTABILITY AND FITNESS. IN NO EVENT SHALL THE AUTHOR BE LIABLE FOR   |
 |  ANY SPECIAL, DIRECT, INDIRECT, OR CONSEQUENTIAL DAMAGES OR ANY DAMAGES    |
 |  WHATSOEVER RESULTING FROM LOSS OF USE, DATA OR PROFITS, WHETHER IN AN     |
 |  ACTION OF CONTRACT, NEGLIGENCE OR OTHER TORTIOUS ACTION, ARISING OUT OF   |
 |  OR IN CONNECTION WITH THE USE OR PERFORMANCE OF THIS SOFTWARE.            |
 |                                                                            |
 \----------------------------------------------------------------------------/

 Yosys 0.33+6 (git sha1 41b34a193, x86_64-conda-linux-gnu-cc 11.2.0 -fvisibility-inlines-hidden -fmessage-length=0 -march=nocona -mtune=haswell -ftree-vectorize -fPIC -fstack-protector-strong -fno-plt -O2 -ffunction-sections -fdebug-prefix-map=/root/conda-eda/conda-eda/workdir/conda-env/conda-bld/yosys_1694128612374/work=/usr/local/src/conda/yosys-0.33_7_g41b34a193 -fdebug-prefix-map=/home/leonardo/miniconda3/envs/digital=/usr/local/src/conda-prefix -fPIC -Os -fno-merge-constants)


-- Running command ` read_verilog Display.v SPI.v addrCtrl.v dpram.v;  synth_ice40  -top Display; write_verilog Display_synth.v' --

1. Executing Verilog-2005 frontend: Display.v
Parsing Verilog input from `Display.v' to AST representation.
Generating RTLIL representation for module `\Display'.
Display.v:75: Warning: Identifier `\frst_done' is implicitly declared.
Successfully finished Verilog frontend.

2. Executing Verilog-2005 frontend: SPI.v
Parsing Verilog input from `SPI.v' to AST representation.
Generating RTLIL representation for module `\SPI'.
Generating RTLIL representation for module `\spi_datapath'.
Generating RTLIL representation for module `\spiclk'.
Generating RTLIL representation for module `\control_SPI'.
Successfully finished Verilog frontend.

3. Executing Verilog-2005 frontend: addrCtrl.v
Parsing Verilog input from `addrCtrl.v' to AST representation.
Generating RTLIL representation for module `\addrCtrl'.
Generating RTLIL representation for module `\DC'.
Generating RTLIL representation for module `\addr'.
Generating RTLIL representation for module `\control_addr'.
Warning: wire '\displayReset' is assigned in a block at addrCtrl.v:197.9-197.26.
Warning: wire '\displayReset' is assigned in a block at addrCtrl.v:200.5-200.22.
Successfully finished Verilog frontend.

4. Executing Verilog-2005 frontend: dpram.v
Parsing Verilog input from `dpram.v' to AST representation.
Generating RTLIL representation for module `\dpram'.
Successfully finished Verilog frontend.

5. Executing SYNTH_ICE40 pass.

5.1. Executing Verilog-2005 frontend: /home/leonardo/miniconda3/envs/digital/bin/../share/yosys/ice40/cells_sim.v
Parsing Verilog input from `/home/leonardo/miniconda3/envs/digital/bin/../share/yosys/ice40/cells_sim.v' to AST representation.
Generating RTLIL representation for module `\SB_IO'.
Generating RTLIL representation for module `\SB_GB_IO'.
Generating RTLIL representation for module `\SB_GB'.
Generating RTLIL representation for module `\SB_LUT4'.
Generating RTLIL representation for module `\SB_CARRY'.
Generating RTLIL representation for module `\SB_DFF'.
Generating RTLIL representation for module `\SB_DFFE'.
Generating RTLIL representation for module `\SB_DFFSR'.
Generating RTLIL representation for module `\SB_DFFR'.
Generating RTLIL representation for module `\SB_DFFSS'.
Generating RTLIL representation for module `\SB_DFFS'.
Generating RTLIL representation for module `\SB_DFFESR'.
Generating RTLIL representation for module `\SB_DFFER'.
Generating RTLIL representation for module `\SB_DFFESS'.
Generating RTLIL representation for module `\SB_DFFES'.
Generating RTLIL representation for module `\SB_DFFN'.
Generating RTLIL representation for module `\SB_DFFNE'.
Generating RTLIL representation for module `\SB_DFFNSR'.
Generating RTLIL representation for module `\SB_DFFNR'.
Generating RTLIL representation for module `\SB_DFFNSS'.
Generating RTLIL representation for module `\SB_DFFNS'.
Generating RTLIL representation for module `\SB_DFFNESR'.
Generating RTLIL representation for module `\SB_DFFNER'.
Generating RTLIL representation for module `\SB_DFFNESS'.
Generating RTLIL representation for module `\SB_DFFNES'.
Generating RTLIL representation for module `\SB_RAM40_4K'.
Generating RTLIL representation for module `\SB_RAM40_4KNR'.
Generating RTLIL representation for module `\SB_RAM40_4KNW'.
Generating RTLIL representation for module `\SB_RAM40_4KNRNW'.
Generating RTLIL representation for module `\ICESTORM_LC'.
Generating RTLIL representation for module `\SB_PLL40_CORE'.
Generating RTLIL representation for module `\SB_PLL40_PAD'.
Generating RTLIL representation for module `\SB_PLL40_2_PAD'.
Generating RTLIL representation for module `\SB_PLL40_2F_CORE'.
Generating RTLIL representation for module `\SB_PLL40_2F_PAD'.
Generating RTLIL representation for module `\SB_WARMBOOT'.
Generating RTLIL representation for module `\SB_SPRAM256KA'.
Generating RTLIL representation for module `\SB_HFOSC'.
Generating RTLIL representation for module `\SB_LFOSC'.
Generating RTLIL representation for module `\SB_RGBA_DRV'.
Generating RTLIL representation for module `\SB_LED_DRV_CUR'.
Generating RTLIL representation for module `\SB_RGB_DRV'.
Generating RTLIL representation for module `\SB_I2C'.
Generating RTLIL representation for module `\SB_SPI'.
Generating RTLIL representation for module `\SB_LEDDA_IP'.
Generating RTLIL representation for module `\SB_FILTER_50NS'.
Generating RTLIL representation for module `\SB_IO_I3C'.
Generating RTLIL representation for module `\SB_IO_OD'.
Generating RTLIL representation for module `\SB_MAC16'.
Generating RTLIL representation for module `\ICESTORM_RAM'.
Successfully finished Verilog frontend.

5.2. Executing HIERARCHY pass (managing design hierarchy).

5.2.1. Analyzing design hierarchy..
Top module:  \Display
Used module:     \SPI
Used module:         \control_SPI
Used module:         \spiclk
Used module:         \spi_datapath
Used module:     \addrCtrl
Used module:         \control_addr
Used module:         \addr
Used module:         \DC
Used module:     \dpram
Parameter \slowing_factor = 38
Parameter \number_of_bits = 8

5.2.2. Executing AST frontend in derive mode using pre-parsed AST for module `\SPI'.
Parameter \slowing_factor = 38
Parameter \number_of_bits = 8
Generating RTLIL representation for module `$paramod$157d5bd568672011744b42139657351a6a904fb1\SPI'.
Parameter \slowing_factor = 38

5.2.3. Executing AST frontend in derive mode using pre-parsed AST for module `\addrCtrl'.
Parameter \slowing_factor = 38
Generating RTLIL representation for module `$paramod\addrCtrl\slowing_factor=s32'00000000000000000000000000100110'.
Parameter \slowing_factor = 30

5.2.4. Executing AST frontend in derive mode using pre-parsed AST for module `\control_addr'.
Parameter \slowing_factor = 30
Generating RTLIL representation for module `$paramod\control_addr\slowing_factor=s32'00000000000000000000000000011110'.
Warning: wire '\displayReset' is assigned in a block at addrCtrl.v:197.9-197.26.
Warning: wire '\displayReset' is assigned in a block at addrCtrl.v:200.5-200.22.
Parameter \slowing_factor = 30

5.2.5. Executing AST frontend in derive mode using pre-parsed AST for module `\spiclk'.
Parameter \slowing_factor = 30
Generating RTLIL representation for module `$paramod\spiclk\slowing_factor=s32'00000000000000000000000000011110'.
Parameter \number_of_bits = 8

5.2.6. Executing AST frontend in derive mode using pre-parsed AST for module `\spi_datapath'.
Parameter \number_of_bits = 8
Generating RTLIL representation for module `$paramod\spi_datapath\number_of_bits=s32'00000000000000000000000000001000'.

5.2.7. Analyzing design hierarchy..
Top module:  \Display
Used module:     $paramod$157d5bd568672011744b42139657351a6a904fb1\SPI
Used module:         \control_SPI
Used module:         \spiclk
Used module:         \spi_datapath
Used module:     $paramod\addrCtrl\slowing_factor=s32'00000000000000000000000000100110
Used module:         \control_addr
Used module:         \addr
Used module:         \DC
Used module:     \dpram
Parameter \slowing_factor = 38

5.2.8. Executing AST frontend in derive mode using pre-parsed AST for module `\spiclk'.
Parameter \slowing_factor = 38
Generating RTLIL representation for module `$paramod\spiclk\slowing_factor=s32'00000000000000000000000000100110'.
Parameter \number_of_bits = 8
Found cached RTLIL representation for module `$paramod\spi_datapath\number_of_bits=s32'00000000000000000000000000001000'.
Parameter \slowing_factor = 38

5.2.9. Executing AST frontend in derive mode using pre-parsed AST for module `\control_addr'.
Parameter \slowing_factor = 38
Generating RTLIL representation for module `$paramod\control_addr\slowing_factor=s32'00000000000000000000000000100110'.
Warning: wire '\displayReset' is assigned in a block at addrCtrl.v:197.9-197.26.
Warning: wire '\displayReset' is assigned in a block at addrCtrl.v:200.5-200.22.

5.2.10. Analyzing design hierarchy..
Top module:  \Display
Used module:     $paramod$157d5bd568672011744b42139657351a6a904fb1\SPI
Used module:         \control_SPI
Used module:         $paramod\spiclk\slowing_factor=s32'00000000000000000000000000100110
Used module:         $paramod\spi_datapath\number_of_bits=s32'00000000000000000000000000001000
Used module:     $paramod\addrCtrl\slowing_factor=s32'00000000000000000000000000100110
Used module:         $paramod\control_addr\slowing_factor=s32'00000000000000000000000000100110
Used module:         \addr
Used module:         \DC
Used module:     \dpram

5.2.11. Analyzing design hierarchy..
Top module:  \Display
Used module:     $paramod$157d5bd568672011744b42139657351a6a904fb1\SPI
Used module:         \control_SPI
Used module:         $paramod\spiclk\slowing_factor=s32'00000000000000000000000000100110
Used module:         $paramod\spi_datapath\number_of_bits=s32'00000000000000000000000000001000
Used module:     $paramod\addrCtrl\slowing_factor=s32'00000000000000000000000000100110
Used module:         $paramod\control_addr\slowing_factor=s32'00000000000000000000000000100110
Used module:         \addr
Used module:         \DC
Used module:     \dpram
Removing unused module `$paramod\spiclk\slowing_factor=s32'00000000000000000000000000011110'.
Removing unused module `$paramod\control_addr\slowing_factor=s32'00000000000000000000000000011110'.
Removing unused module `\control_addr'.
Removing unused module `\addrCtrl'.
Removing unused module `\spiclk'.
Removing unused module `\spi_datapath'.
Removing unused module `\SPI'.
Removed 7 unused modules.
Warning: Resizing cell port Display.dp_ram0.adr_b from 12 bits to 13 bits.
Warning: Resizing cell port Display.dp_ram0.adr_a from 12 bits to 13 bits.

5.3. Executing PROC pass (convert processes to netlists).

5.3.1. Executing PROC_CLEAN pass (remove empty switches from decision trees).
Removing empty process `dpram.$proc$dpram.v:0$66'.
Cleaned up 0 empty switches.

5.3.2. Executing PROC_RMDEAD pass (remove dead branches from decision trees).
Marked 1 switch rules as full_case in process $proc$/home/leonardo/miniconda3/envs/digital/bin/../share/yosys/ice40/cells_sim.v:1414$307 in module SB_DFFNES.
Marked 1 switch rules as full_case in process $proc$/home/leonardo/miniconda3/envs/digital/bin/../share/yosys/ice40/cells_sim.v:1353$300 in module SB_DFFNESS.
Marked 1 switch rules as full_case in process $proc$/home/leonardo/miniconda3/envs/digital/bin/../share/yosys/ice40/cells_sim.v:1273$296 in module SB_DFFNER.
Marked 1 switch rules as full_case in process $proc$/home/leonardo/miniconda3/envs/digital/bin/../share/yosys/ice40/cells_sim.v:1212$289 in module SB_DFFNESR.
Marked 1 switch rules as full_case in process $proc$/home/leonardo/miniconda3/envs/digital/bin/../share/yosys/ice40/cells_sim.v:1138$286 in module SB_DFFNS.
Marked 1 switch rules as full_case in process $proc$/home/leonardo/miniconda3/envs/digital/bin/../share/yosys/ice40/cells_sim.v:1088$283 in module SB_DFFNSS.
Marked 1 switch rules as full_case in process $proc$/home/leonardo/miniconda3/envs/digital/bin/../share/yosys/ice40/cells_sim.v:1017$280 in module SB_DFFNR.
Marked 1 switch rules as full_case in process $proc$/home/leonardo/miniconda3/envs/digital/bin/../share/yosys/ice40/cells_sim.v:967$277 in module SB_DFFNSR.
Marked 1 switch rules as full_case in process $proc$/home/leonardo/miniconda3/envs/digital/bin/../share/yosys/ice40/cells_sim.v:803$269 in module SB_DFFES.
Marked 1 switch rules as full_case in process $proc$/home/leonardo/miniconda3/envs/digital/bin/../share/yosys/ice40/cells_sim.v:742$262 in module SB_DFFESS.
Marked 1 switch rules as full_case in process $proc$/home/leonardo/miniconda3/envs/digital/bin/../share/yosys/ice40/cells_sim.v:662$258 in module SB_DFFER.
Marked 1 switch rules as full_case in process $proc$/home/leonardo/miniconda3/envs/digital/bin/../share/yosys/ice40/cells_sim.v:601$251 in module SB_DFFESR.
Marked 1 switch rules as full_case in process $proc$/home/leonardo/miniconda3/envs/digital/bin/../share/yosys/ice40/cells_sim.v:527$248 in module SB_DFFS.
Marked 1 switch rules as full_case in process $proc$/home/leonardo/miniconda3/envs/digital/bin/../share/yosys/ice40/cells_sim.v:477$245 in module SB_DFFSS.
Marked 1 switch rules as full_case in process $proc$/home/leonardo/miniconda3/envs/digital/bin/../share/yosys/ice40/cells_sim.v:406$242 in module SB_DFFR.
Marked 1 switch rules as full_case in process $proc$/home/leonardo/miniconda3/envs/digital/bin/../share/yosys/ice40/cells_sim.v:356$239 in module SB_DFFSR.
Marked 2 switch rules as full_case in process $proc$dpram.v:45$54 in module dpram.
Marked 4 switch rules as full_case in process $proc$SPI.v:100$463 in module $paramod\spi_datapath\number_of_bits=s32'00000000000000000000000000001000.
Marked 3 switch rules as full_case in process $proc$addrCtrl.v:145$37 in module addr.
Marked 4 switch rules as full_case in process $proc$addrCtrl.v:86$24 in module DC.
Removed 1 dead cases from process $proc$addrCtrl.v:240$482 in module $paramod\control_addr\slowing_factor=s32'00000000000000000000000000100110.
Marked 1 switch rules as full_case in process $proc$addrCtrl.v:240$482 in module $paramod\control_addr\slowing_factor=s32'00000000000000000000000000100110.
Removed 1 dead cases from process $proc$addrCtrl.v:193$478 in module $paramod\control_addr\slowing_factor=s32'00000000000000000000000000100110.
Marked 8 switch rules as full_case in process $proc$addrCtrl.v:193$478 in module $paramod\control_addr\slowing_factor=s32'00000000000000000000000000100110.
Marked 1 switch rules as full_case in process $proc$SPI.v:249$23 in module control_SPI.
Marked 7 switch rules as full_case in process $proc$SPI.v:205$21 in module control_SPI.
Marked 3 switch rules as full_case in process $proc$SPI.v:161$471 in module $paramod\spiclk\slowing_factor=s32'00000000000000000000000000100110.
Removed a total of 2 dead cases.

5.3.3. Executing PROC_PRUNE pass (remove redundant assignments in processes).
Removed 14 redundant assignments.
Promoted 38 assignments to connections.

5.3.4. Executing PROC_INIT pass (extract init attributes).
Found init rule in `\SB_DFFNES.$proc$/home/leonardo/miniconda3/envs/digital/bin/../share/yosys/ice40/cells_sim.v:0$310'.
  Set init value: \Q = 1'0
Found init rule in `\SB_DFFNESS.$proc$/home/leonardo/miniconda3/envs/digital/bin/../share/yosys/ice40/cells_sim.v:0$306'.
  Set init value: \Q = 1'0
Found init rule in `\SB_DFFNER.$proc$/home/leonardo/miniconda3/envs/digital/bin/../share/yosys/ice40/cells_sim.v:0$299'.
  Set init value: \Q = 1'0
Found init rule in `\SB_DFFNESR.$proc$/home/leonardo/miniconda3/envs/digital/bin/../share/yosys/ice40/cells_sim.v:0$295'.
  Set init value: \Q = 1'0
Found init rule in `\SB_DFFNS.$proc$/home/leonardo/miniconda3/envs/digital/bin/../share/yosys/ice40/cells_sim.v:0$288'.
  Set init value: \Q = 1'0
Found init rule in `\SB_DFFNSS.$proc$/home/leonardo/miniconda3/envs/digital/bin/../share/yosys/ice40/cells_sim.v:0$285'.
  Set init value: \Q = 1'0
Found init rule in `\SB_DFFNR.$proc$/home/leonardo/miniconda3/envs/digital/bin/../share/yosys/ice40/cells_sim.v:0$282'.
  Set init value: \Q = 1'0
Found init rule in `\SB_DFFNSR.$proc$/home/leonardo/miniconda3/envs/digital/bin/../share/yosys/ice40/cells_sim.v:0$279'.
  Set init value: \Q = 1'0
Found init rule in `\SB_DFFNE.$proc$/home/leonardo/miniconda3/envs/digital/bin/../share/yosys/ice40/cells_sim.v:0$276'.
  Set init value: \Q = 1'0
Found init rule in `\SB_DFFN.$proc$/home/leonardo/miniconda3/envs/digital/bin/../share/yosys/ice40/cells_sim.v:0$274'.
  Set init value: \Q = 1'0
Found init rule in `\SB_DFFES.$proc$/home/leonardo/miniconda3/envs/digital/bin/../share/yosys/ice40/cells_sim.v:0$272'.
  Set init value: \Q = 1'0
Found init rule in `\SB_DFFESS.$proc$/home/leonardo/miniconda3/envs/digital/bin/../share/yosys/ice40/cells_sim.v:0$268'.
  Set init value: \Q = 1'0
Found init rule in `\SB_DFFER.$proc$/home/leonardo/miniconda3/envs/digital/bin/../share/yosys/ice40/cells_sim.v:0$261'.
  Set init value: \Q = 1'0
Found init rule in `\SB_DFFESR.$proc$/home/leonardo/miniconda3/envs/digital/bin/../share/yosys/ice40/cells_sim.v:0$257'.
  Set init value: \Q = 1'0
Found init rule in `\SB_DFFS.$proc$/home/leonardo/miniconda3/envs/digital/bin/../share/yosys/ice40/cells_sim.v:0$250'.
  Set init value: \Q = 1'0
Found init rule in `\SB_DFFSS.$proc$/home/leonardo/miniconda3/envs/digital/bin/../share/yosys/ice40/cells_sim.v:0$247'.
  Set init value: \Q = 1'0
Found init rule in `\SB_DFFR.$proc$/home/leonardo/miniconda3/envs/digital/bin/../share/yosys/ice40/cells_sim.v:0$244'.
  Set init value: \Q = 1'0
Found init rule in `\SB_DFFSR.$proc$/home/leonardo/miniconda3/envs/digital/bin/../share/yosys/ice40/cells_sim.v:0$241'.
  Set init value: \Q = 1'0
Found init rule in `\SB_DFFE.$proc$/home/leonardo/miniconda3/envs/digital/bin/../share/yosys/ice40/cells_sim.v:0$238'.
  Set init value: \Q = 1'0
Found init rule in `\SB_DFF.$proc$/home/leonardo/miniconda3/envs/digital/bin/../share/yosys/ice40/cells_sim.v:0$236'.
  Set init value: \Q = 1'0

5.3.5. Executing PROC_ARST pass (detect async resets in processes).
Found async reset \S in `\SB_DFFNES.$proc$/home/leonardo/miniconda3/envs/digital/bin/../share/yosys/ice40/cells_sim.v:1414$307'.
Found async reset \R in `\SB_DFFNER.$proc$/home/leonardo/miniconda3/envs/digital/bin/../share/yosys/ice40/cells_sim.v:1273$296'.
Found async reset \S in `\SB_DFFNS.$proc$/home/leonardo/miniconda3/envs/digital/bin/../share/yosys/ice40/cells_sim.v:1138$286'.
Found async reset \R in `\SB_DFFNR.$proc$/home/leonardo/miniconda3/envs/digital/bin/../share/yosys/ice40/cells_sim.v:1017$280'.
Found async reset \S in `\SB_DFFES.$proc$/home/leonardo/miniconda3/envs/digital/bin/../share/yosys/ice40/cells_sim.v:803$269'.
Found async reset \R in `\SB_DFFER.$proc$/home/leonardo/miniconda3/envs/digital/bin/../share/yosys/ice40/cells_sim.v:662$258'.
Found async reset \S in `\SB_DFFS.$proc$/home/leonardo/miniconda3/envs/digital/bin/../share/yosys/ice40/cells_sim.v:527$248'.
Found async reset \R in `\SB_DFFR.$proc$/home/leonardo/miniconda3/envs/digital/bin/../share/yosys/ice40/cells_sim.v:406$242'.
Found async reset \reset in `\DC.$proc$addrCtrl.v:86$24'.
Found async reset \reset in `\control_SPI.$proc$SPI.v:205$21'.

5.3.6. Executing PROC_ROM pass (convert switches to ROMs).
Converted 0 switches.

5.3.7. Executing PROC_MUX pass (convert decision trees to multiplexers).
Creating decoders for process `\SB_DFFNES.$proc$/home/leonardo/miniconda3/envs/digital/bin/../share/yosys/ice40/cells_sim.v:0$310'.
Creating decoders for process `\SB_DFFNES.$proc$/home/leonardo/miniconda3/envs/digital/bin/../share/yosys/ice40/cells_sim.v:1414$307'.
     1/1: $0\Q[0:0]
Creating decoders for process `\SB_DFFNESS.$proc$/home/leonardo/miniconda3/envs/digital/bin/../share/yosys/ice40/cells_sim.v:0$306'.
Creating decoders for process `\SB_DFFNESS.$proc$/home/leonardo/miniconda3/envs/digital/bin/../share/yosys/ice40/cells_sim.v:1353$300'.
     1/1: $0\Q[0:0]
Creating decoders for process `\SB_DFFNER.$proc$/home/leonardo/miniconda3/envs/digital/bin/../share/yosys/ice40/cells_sim.v:0$299'.
Creating decoders for process `\SB_DFFNER.$proc$/home/leonardo/miniconda3/envs/digital/bin/../share/yosys/ice40/cells_sim.v:1273$296'.
     1/1: $0\Q[0:0]
Creating decoders for process `\SB_DFFNESR.$proc$/home/leonardo/miniconda3/envs/digital/bin/../share/yosys/ice40/cells_sim.v:0$295'.
Creating decoders for process `\SB_DFFNESR.$proc$/home/leonardo/miniconda3/envs/digital/bin/../share/yosys/ice40/cells_sim.v:1212$289'.
     1/1: $0\Q[0:0]
Creating decoders for process `\SB_DFFNS.$proc$/home/leonardo/miniconda3/envs/digital/bin/../share/yosys/ice40/cells_sim.v:0$288'.
Creating decoders for process `\SB_DFFNS.$proc$/home/leonardo/miniconda3/envs/digital/bin/../share/yosys/ice40/cells_sim.v:1138$286'.
     1/1: $0\Q[0:0]
Creating decoders for process `\SB_DFFNSS.$proc$/home/leonardo/miniconda3/envs/digital/bin/../share/yosys/ice40/cells_sim.v:0$285'.
Creating decoders for process `\SB_DFFNSS.$proc$/home/leonardo/miniconda3/envs/digital/bin/../share/yosys/ice40/cells_sim.v:1088$283'.
     1/1: $0\Q[0:0]
Creating decoders for process `\SB_DFFNR.$proc$/home/leonardo/miniconda3/envs/digital/bin/../share/yosys/ice40/cells_sim.v:0$282'.
Creating decoders for process `\SB_DFFNR.$proc$/home/leonardo/miniconda3/envs/digital/bin/../share/yosys/ice40/cells_sim.v:1017$280'.
     1/1: $0\Q[0:0]
Creating decoders for process `\SB_DFFNSR.$proc$/home/leonardo/miniconda3/envs/digital/bin/../share/yosys/ice40/cells_sim.v:0$279'.
Creating decoders for process `\SB_DFFNSR.$proc$/home/leonardo/miniconda3/envs/digital/bin/../share/yosys/ice40/cells_sim.v:967$277'.
     1/1: $0\Q[0:0]
Creating decoders for process `\SB_DFFNE.$proc$/home/leonardo/miniconda3/envs/digital/bin/../share/yosys/ice40/cells_sim.v:0$276'.
Creating decoders for process `\SB_DFFNE.$proc$/home/leonardo/miniconda3/envs/digital/bin/../share/yosys/ice40/cells_sim.v:922$275'.
     1/1: $0\Q[0:0]
Creating decoders for process `\SB_DFFN.$proc$/home/leonardo/miniconda3/envs/digital/bin/../share/yosys/ice40/cells_sim.v:0$274'.
Creating decoders for process `\SB_DFFN.$proc$/home/leonardo/miniconda3/envs/digital/bin/../share/yosys/ice40/cells_sim.v:882$273'.
Creating decoders for process `\SB_DFFES.$proc$/home/leonardo/miniconda3/envs/digital/bin/../share/yosys/ice40/cells_sim.v:0$272'.
Creating decoders for process `\SB_DFFES.$proc$/home/leonardo/miniconda3/envs/digital/bin/../share/yosys/ice40/cells_sim.v:803$269'.
     1/1: $0\Q[0:0]
Creating decoders for process `\SB_DFFESS.$proc$/home/leonardo/miniconda3/envs/digital/bin/../share/yosys/ice40/cells_sim.v:0$268'.
Creating decoders for process `\SB_DFFESS.$proc$/home/leonardo/miniconda3/envs/digital/bin/../share/yosys/ice40/cells_sim.v:742$262'.
     1/1: $0\Q[0:0]
Creating decoders for process `\SB_DFFER.$proc$/home/leonardo/miniconda3/envs/digital/bin/../share/yosys/ice40/cells_sim.v:0$261'.
Creating decoders for process `\SB_DFFER.$proc$/home/leonardo/miniconda3/envs/digital/bin/../share/yosys/ice40/cells_sim.v:662$258'.
     1/1: $0\Q[0:0]
Creating decoders for process `\SB_DFFESR.$proc$/home/leonardo/miniconda3/envs/digital/bin/../share/yosys/ice40/cells_sim.v:0$257'.
Creating decoders for process `\SB_DFFESR.$proc$/home/leonardo/miniconda3/envs/digital/bin/../share/yosys/ice40/cells_sim.v:601$251'.
     1/1: $0\Q[0:0]
Creating decoders for process `\SB_DFFS.$proc$/home/leonardo/miniconda3/envs/digital/bin/../share/yosys/ice40/cells_sim.v:0$250'.
Creating decoders for process `\SB_DFFS.$proc$/home/leonardo/miniconda3/envs/digital/bin/../share/yosys/ice40/cells_sim.v:527$248'.
     1/1: $0\Q[0:0]
Creating decoders for process `\SB_DFFSS.$proc$/home/leonardo/miniconda3/envs/digital/bin/../share/yosys/ice40/cells_sim.v:0$247'.
Creating decoders for process `\SB_DFFSS.$proc$/home/leonardo/miniconda3/envs/digital/bin/../share/yosys/ice40/cells_sim.v:477$245'.
     1/1: $0\Q[0:0]
Creating decoders for process `\SB_DFFR.$proc$/home/leonardo/miniconda3/envs/digital/bin/../share/yosys/ice40/cells_sim.v:0$244'.
Creating decoders for process `\SB_DFFR.$proc$/home/leonardo/miniconda3/envs/digital/bin/../share/yosys/ice40/cells_sim.v:406$242'.
     1/1: $0\Q[0:0]
Creating decoders for process `\SB_DFFSR.$proc$/home/leonardo/miniconda3/envs/digital/bin/../share/yosys/ice40/cells_sim.v:0$241'.
Creating decoders for process `\SB_DFFSR.$proc$/home/leonardo/miniconda3/envs/digital/bin/../share/yosys/ice40/cells_sim.v:356$239'.
     1/1: $0\Q[0:0]
Creating decoders for process `\SB_DFFE.$proc$/home/leonardo/miniconda3/envs/digital/bin/../share/yosys/ice40/cells_sim.v:0$238'.
Creating decoders for process `\SB_DFFE.$proc$/home/leonardo/miniconda3/envs/digital/bin/../share/yosys/ice40/cells_sim.v:311$237'.
     1/1: $0\Q[0:0]
Creating decoders for process `\SB_DFF.$proc$/home/leonardo/miniconda3/envs/digital/bin/../share/yosys/ice40/cells_sim.v:0$236'.
Creating decoders for process `\SB_DFF.$proc$/home/leonardo/miniconda3/envs/digital/bin/../share/yosys/ice40/cells_sim.v:271$235'.
Creating decoders for process `\dpram.$proc$dpram.v:45$54'.
     1/7: $2$memwr$\ram$dpram.v:49$51_EN[15:0]$63
     2/7: $2$memwr$\ram$dpram.v:49$51_DATA[15:0]$62
     3/7: $2$memwr$\ram$dpram.v:49$51_ADDR[12:0]$61
     4/7: $1$memwr$\ram$dpram.v:49$51_EN[15:0]$60
     5/7: $1$memwr$\ram$dpram.v:49$51_DATA[15:0]$59
     6/7: $1$memwr$\ram$dpram.v:49$51_ADDR[12:0]$58
     7/7: $0\dat_a_out[15:0]
Creating decoders for process `\dpram.$proc$dpram.v:35$52'.
     1/1: $0\dat_b[15:0]
Creating decoders for process `$paramod\spi_datapath\number_of_bits=s32'00000000000000000000000000001000.$proc$SPI.v:100$463'.
     1/5: $0\data[15:0]
     2/5: $0\sub_state[1:0]
     3/5: $0\bit_cnt[6:0]
     4/5: $0\MOSI[0:0]
     5/5: $0\data_rx[15:0]
Creating decoders for process `\addr.$proc$addrCtrl.v:162$41'.
Creating decoders for process `\addr.$proc$addrCtrl.v:145$37'.
     1/2: $0\pointerResets[4:0]
     2/2: $0\address[11:0]
Creating decoders for process `\DC.$proc$addrCtrl.v:86$24'.
     1/3: $0\SPI_init[0:0]
     2/3: $0\displayCS[0:0]
     3/3: $0\DC[0:0]
Creating decoders for process `$paramod\control_addr\slowing_factor=s32'00000000000000000000000000100110.$proc$addrCtrl.v:240$482'.
     1/4: $1\sd[0:0]
     2/4: $1\ld[0:0]
     3/4: $1\sh[0:0]
     4/4: $1\dn[0:0]
Creating decoders for process `$paramod\control_addr\slowing_factor=s32'00000000000000000000000000100110.$proc$addrCtrl.v:193$478'.
     1/8: $5\delay_cnt[28:0]
     2/8: $4\delay_cnt[28:0]
     3/8: $3\delay_cnt[28:0]
     4/8: $2\state[2:0]
     5/8: $2\delay_cnt[28:0]
     6/8: $0\displayReset[0:0]
     7/8: $1\delay_cnt[28:0]
     8/8: $1\state[2:0]
Creating decoders for process `\control_SPI.$proc$SPI.v:249$23'.
     1/5: $1\frst_done[0:0]
     2/5: $1\scnd_ld[0:0]
     3/5: $1\stop[0:0]
     4/5: $1\ld[0:0]
     5/5: $1\dn[0:0]
Creating decoders for process `\control_SPI.$proc$SPI.v:205$21'.
     1/3: $0\state[2:0]
     2/3: $0\Config_mode[0:0]
     3/3: $0\second_pack[0:0]
Creating decoders for process `$paramod\spiclk\slowing_factor=s32'00000000000000000000000000100110.$proc$SPI.v:161$471'.
     1/5: $3\flag_for_edge[0:0]
     2/5: $2\flag_for_edge[0:0]
     3/5: $0\clk_div[15:0]
     4/5: $1\flag_for_edge[0:0]
     5/5: $0\spi_clk[0:0]

5.3.8. Executing PROC_DLATCH pass (convert process syncs to latches).
No latch inferred for signal `\addr.\delay' from process `\addr.$proc$addrCtrl.v:162$41'.
No latch inferred for signal `$paramod\control_addr\slowing_factor=s32'00000000000000000000000000100110.\dn' from process `$paramod\control_addr\slowing_factor=s32'00000000000000000000000000100110.$proc$addrCtrl.v:240$482'.
No latch inferred for signal `$paramod\control_addr\slowing_factor=s32'00000000000000000000000000100110.\ld' from process `$paramod\control_addr\slowing_factor=s32'00000000000000000000000000100110.$proc$addrCtrl.v:240$482'.
No latch inferred for signal `$paramod\control_addr\slowing_factor=s32'00000000000000000000000000100110.\sd' from process `$paramod\control_addr\slowing_factor=s32'00000000000000000000000000100110.$proc$addrCtrl.v:240$482'.
No latch inferred for signal `$paramod\control_addr\slowing_factor=s32'00000000000000000000000000100110.\sh' from process `$paramod\control_addr\slowing_factor=s32'00000000000000000000000000100110.$proc$addrCtrl.v:240$482'.
No latch inferred for signal `\control_SPI.\frst_done' from process `\control_SPI.$proc$SPI.v:249$23'.
No latch inferred for signal `\control_SPI.\scnd_ld' from process `\control_SPI.$proc$SPI.v:249$23'.
No latch inferred for signal `\control_SPI.\stop' from process `\control_SPI.$proc$SPI.v:249$23'.
No latch inferred for signal `\control_SPI.\dn' from process `\control_SPI.$proc$SPI.v:249$23'.
No latch inferred for signal `\control_SPI.\ld' from process `\control_SPI.$proc$SPI.v:249$23'.

5.3.9. Executing PROC_DFF pass (convert process syncs to FFs).
Creating register for signal `\SB_DFFNES.\Q' using process `\SB_DFFNES.$proc$/home/leonardo/miniconda3/envs/digital/bin/../share/yosys/ice40/cells_sim.v:1414$307'.
  created $adff cell `$procdff$886' with negative edge clock and positive level reset.
Creating register for signal `\SB_DFFNESS.\Q' using process `\SB_DFFNESS.$proc$/home/leonardo/miniconda3/envs/digital/bin/../share/yosys/ice40/cells_sim.v:1353$300'.
  created $dff cell `$procdff$887' with negative edge clock.
Creating register for signal `\SB_DFFNER.\Q' using process `\SB_DFFNER.$proc$/home/leonardo/miniconda3/envs/digital/bin/../share/yosys/ice40/cells_sim.v:1273$296'.
  created $adff cell `$procdff$888' with negative edge clock and positive level reset.
Creating register for signal `\SB_DFFNESR.\Q' using process `\SB_DFFNESR.$proc$/home/leonardo/miniconda3/envs/digital/bin/../share/yosys/ice40/cells_sim.v:1212$289'.
  created $dff cell `$procdff$889' with negative edge clock.
Creating register for signal `\SB_DFFNS.\Q' using process `\SB_DFFNS.$proc$/home/leonardo/miniconda3/envs/digital/bin/../share/yosys/ice40/cells_sim.v:1138$286'.
  created $adff cell `$procdff$890' with negative edge clock and positive level reset.
Creating register for signal `\SB_DFFNSS.\Q' using process `\SB_DFFNSS.$proc$/home/leonardo/miniconda3/envs/digital/bin/../share/yosys/ice40/cells_sim.v:1088$283'.
  created $dff cell `$procdff$891' with negative edge clock.
Creating register for signal `\SB_DFFNR.\Q' using process `\SB_DFFNR.$proc$/home/leonardo/miniconda3/envs/digital/bin/../share/yosys/ice40/cells_sim.v:1017$280'.
  created $adff cell `$procdff$892' with negative edge clock and positive level reset.
Creating register for signal `\SB_DFFNSR.\Q' using process `\SB_DFFNSR.$proc$/home/leonardo/miniconda3/envs/digital/bin/../share/yosys/ice40/cells_sim.v:967$277'.
  created $dff cell `$procdff$893' with negative edge clock.
Creating register for signal `\SB_DFFNE.\Q' using process `\SB_DFFNE.$proc$/home/leonardo/miniconda3/envs/digital/bin/../share/yosys/ice40/cells_sim.v:922$275'.
  created $dff cell `$procdff$894' with negative edge clock.
Creating register for signal `\SB_DFFN.\Q' using process `\SB_DFFN.$proc$/home/leonardo/miniconda3/envs/digital/bin/../share/yosys/ice40/cells_sim.v:882$273'.
  created $dff cell `$procdff$895' with negative edge clock.
Creating register for signal `\SB_DFFES.\Q' using process `\SB_DFFES.$proc$/home/leonardo/miniconda3/envs/digital/bin/../share/yosys/ice40/cells_sim.v:803$269'.
  created $adff cell `$procdff$896' with positive edge clock and positive level reset.
Creating register for signal `\SB_DFFESS.\Q' using process `\SB_DFFESS.$proc$/home/leonardo/miniconda3/envs/digital/bin/../share/yosys/ice40/cells_sim.v:742$262'.
  created $dff cell `$procdff$897' with positive edge clock.
Creating register for signal `\SB_DFFER.\Q' using process `\SB_DFFER.$proc$/home/leonardo/miniconda3/envs/digital/bin/../share/yosys/ice40/cells_sim.v:662$258'.
  created $adff cell `$procdff$898' with positive edge clock and positive level reset.
Creating register for signal `\SB_DFFESR.\Q' using process `\SB_DFFESR.$proc$/home/leonardo/miniconda3/envs/digital/bin/../share/yosys/ice40/cells_sim.v:601$251'.
  created $dff cell `$procdff$899' with positive edge clock.
Creating register for signal `\SB_DFFS.\Q' using process `\SB_DFFS.$proc$/home/leonardo/miniconda3/envs/digital/bin/../share/yosys/ice40/cells_sim.v:527$248'.
  created $adff cell `$procdff$900' with positive edge clock and positive level reset.
Creating register for signal `\SB_DFFSS.\Q' using process `\SB_DFFSS.$proc$/home/leonardo/miniconda3/envs/digital/bin/../share/yosys/ice40/cells_sim.v:477$245'.
  created $dff cell `$procdff$901' with positive edge clock.
Creating register for signal `\SB_DFFR.\Q' using process `\SB_DFFR.$proc$/home/leonardo/miniconda3/envs/digital/bin/../share/yosys/ice40/cells_sim.v:406$242'.
  created $adff cell `$procdff$902' with positive edge clock and positive level reset.
Creating register for signal `\SB_DFFSR.\Q' using process `\SB_DFFSR.$proc$/home/leonardo/miniconda3/envs/digital/bin/../share/yosys/ice40/cells_sim.v:356$239'.
  created $dff cell `$procdff$903' with positive edge clock.
Creating register for signal `\SB_DFFE.\Q' using process `\SB_DFFE.$proc$/home/leonardo/miniconda3/envs/digital/bin/../share/yosys/ice40/cells_sim.v:311$237'.
  created $dff cell `$procdff$904' with positive edge clock.
Creating register for signal `\SB_DFF.\Q' using process `\SB_DFF.$proc$/home/leonardo/miniconda3/envs/digital/bin/../share/yosys/ice40/cells_sim.v:271$235'.
  created $dff cell `$procdff$905' with positive edge clock.
Creating register for signal `\dpram.\dat_a_out' using process `\dpram.$proc$dpram.v:45$54'.
  created $dff cell `$procdff$906' with positive edge clock.
Creating register for signal `\dpram.$memwr$\ram$dpram.v:49$51_ADDR' using process `\dpram.$proc$dpram.v:45$54'.
  created $dff cell `$procdff$907' with positive edge clock.
Creating register for signal `\dpram.$memwr$\ram$dpram.v:49$51_DATA' using process `\dpram.$proc$dpram.v:45$54'.
  created $dff cell `$procdff$908' with positive edge clock.
Creating register for signal `\dpram.$memwr$\ram$dpram.v:49$51_EN' using process `\dpram.$proc$dpram.v:45$54'.
  created $dff cell `$procdff$909' with positive edge clock.
Creating register for signal `\dpram.\dat_b' using process `\dpram.$proc$dpram.v:35$52'.
  created $dff cell `$procdff$910' with positive edge clock.
Creating register for signal `$paramod\spi_datapath\number_of_bits=s32'00000000000000000000000000001000.\data_rx' using process `$paramod\spi_datapath\number_of_bits=s32'00000000000000000000000000001000.$proc$SPI.v:100$463'.
  created $dff cell `$procdff$911' with positive edge clock.
Creating register for signal `$paramod\spi_datapath\number_of_bits=s32'00000000000000000000000000001000.\MOSI' using process `$paramod\spi_datapath\number_of_bits=s32'00000000000000000000000000001000.$proc$SPI.v:100$463'.
  created $dff cell `$procdff$912' with positive edge clock.
Creating register for signal `$paramod\spi_datapath\number_of_bits=s32'00000000000000000000000000001000.\bit_cnt' using process `$paramod\spi_datapath\number_of_bits=s32'00000000000000000000000000001000.$proc$SPI.v:100$463'.
  created $dff cell `$procdff$913' with positive edge clock.
Creating register for signal `$paramod\spi_datapath\number_of_bits=s32'00000000000000000000000000001000.\sub_state' using process `$paramod\spi_datapath\number_of_bits=s32'00000000000000000000000000001000.$proc$SPI.v:100$463'.
  created $dff cell `$procdff$914' with positive edge clock.
Creating register for signal `$paramod\spi_datapath\number_of_bits=s32'00000000000000000000000000001000.\data' using process `$paramod\spi_datapath\number_of_bits=s32'00000000000000000000000000001000.$proc$SPI.v:100$463'.
  created $dff cell `$procdff$915' with positive edge clock.
Creating register for signal `\addr.\address' using process `\addr.$proc$addrCtrl.v:145$37'.
  created $dff cell `$procdff$916' with negative edge clock.
Creating register for signal `\addr.\pointerResets' using process `\addr.$proc$addrCtrl.v:145$37'.
  created $dff cell `$procdff$917' with negative edge clock.
Creating register for signal `\DC.\DC' using process `\DC.$proc$addrCtrl.v:86$24'.
  created $adff cell `$procdff$918' with negative edge clock and positive level reset.
Creating register for signal `\DC.\displayCS' using process `\DC.$proc$addrCtrl.v:86$24'.
  created $adff cell `$procdff$919' with negative edge clock and positive level reset.
Creating register for signal `\DC.\SPI_init' using process `\DC.$proc$addrCtrl.v:86$24'.
  created $adff cell `$procdff$920' with negative edge clock and positive level reset.
Creating register for signal `$paramod\control_addr\slowing_factor=s32'00000000000000000000000000100110.\displayReset' using process `$paramod\control_addr\slowing_factor=s32'00000000000000000000000000100110.$proc$addrCtrl.v:193$478'.
  created $dff cell `$procdff$921' with positive edge clock.
Creating register for signal `$paramod\control_addr\slowing_factor=s32'00000000000000000000000000100110.\state' using process `$paramod\control_addr\slowing_factor=s32'00000000000000000000000000100110.$proc$addrCtrl.v:193$478'.
  created $dff cell `$procdff$922' with positive edge clock.
Creating register for signal `$paramod\control_addr\slowing_factor=s32'00000000000000000000000000100110.\delay_cnt' using process `$paramod\control_addr\slowing_factor=s32'00000000000000000000000000100110.$proc$addrCtrl.v:193$478'.
  created $dff cell `$procdff$923' with positive edge clock.
Creating register for signal `\control_SPI.\state' using process `\control_SPI.$proc$SPI.v:205$21'.
  created $adff cell `$procdff$924' with positive edge clock and positive level reset.
Creating register for signal `\control_SPI.\second_pack' using process `\control_SPI.$proc$SPI.v:205$21'.
  created $dff cell `$procdff$927' with positive edge clock.
Creating register for signal `\control_SPI.\Config_mode' using process `\control_SPI.$proc$SPI.v:205$21'.
  created $dff cell `$procdff$930' with positive edge clock.
Creating register for signal `$paramod\spiclk\slowing_factor=s32'00000000000000000000000000100110.\spi_clk' using process `$paramod\spiclk\slowing_factor=s32'00000000000000000000000000100110.$proc$SPI.v:161$471'.
  created $dff cell `$procdff$931' with negative edge clock.
Creating register for signal `$paramod\spiclk\slowing_factor=s32'00000000000000000000000000100110.\flag_for_edge' using process `$paramod\spiclk\slowing_factor=s32'00000000000000000000000000100110.$proc$SPI.v:161$471'.
  created $dff cell `$procdff$932' with negative edge clock.
Creating register for signal `$paramod\spiclk\slowing_factor=s32'00000000000000000000000000100110.\clk_div' using process `$paramod\spiclk\slowing_factor=s32'00000000000000000000000000100110.$proc$SPI.v:161$471'.
  created $dff cell `$procdff$933' with negative edge clock.

5.3.10. Executing PROC_MEMWR pass (convert process memory writes to cells).

5.3.11. Executing PROC_CLEAN pass (remove empty switches from decision trees).
Removing empty process `SB_DFFNES.$proc$/home/leonardo/miniconda3/envs/digital/bin/../share/yosys/ice40/cells_sim.v:0$310'.
Found and cleaned up 1 empty switch in `\SB_DFFNES.$proc$/home/leonardo/miniconda3/envs/digital/bin/../share/yosys/ice40/cells_sim.v:1414$307'.
Removing empty process `SB_DFFNES.$proc$/home/leonardo/miniconda3/envs/digital/bin/../share/yosys/ice40/cells_sim.v:1414$307'.
Removing empty process `SB_DFFNESS.$proc$/home/leonardo/miniconda3/envs/digital/bin/../share/yosys/ice40/cells_sim.v:0$306'.
Found and cleaned up 2 empty switches in `\SB_DFFNESS.$proc$/home/leonardo/miniconda3/envs/digital/bin/../share/yosys/ice40/cells_sim.v:1353$300'.
Removing empty process `SB_DFFNESS.$proc$/home/leonardo/miniconda3/envs/digital/bin/../share/yosys/ice40/cells_sim.v:1353$300'.
Removing empty process `SB_DFFNER.$proc$/home/leonardo/miniconda3/envs/digital/bin/../share/yosys/ice40/cells_sim.v:0$299'.
Found and cleaned up 1 empty switch in `\SB_DFFNER.$proc$/home/leonardo/miniconda3/envs/digital/bin/../share/yosys/ice40/cells_sim.v:1273$296'.
Removing empty process `SB_DFFNER.$proc$/home/leonardo/miniconda3/envs/digital/bin/../share/yosys/ice40/cells_sim.v:1273$296'.
Removing empty process `SB_DFFNESR.$proc$/home/leonardo/miniconda3/envs/digital/bin/../share/yosys/ice40/cells_sim.v:0$295'.
Found and cleaned up 2 empty switches in `\SB_DFFNESR.$proc$/home/leonardo/miniconda3/envs/digital/bin/../share/yosys/ice40/cells_sim.v:1212$289'.
Removing empty process `SB_DFFNESR.$proc$/home/leonardo/miniconda3/envs/digital/bin/../share/yosys/ice40/cells_sim.v:1212$289'.
Removing empty process `SB_DFFNS.$proc$/home/leonardo/miniconda3/envs/digital/bin/../share/yosys/ice40/cells_sim.v:0$288'.
Removing empty process `SB_DFFNS.$proc$/home/leonardo/miniconda3/envs/digital/bin/../share/yosys/ice40/cells_sim.v:1138$286'.
Removing empty process `SB_DFFNSS.$proc$/home/leonardo/miniconda3/envs/digital/bin/../share/yosys/ice40/cells_sim.v:0$285'.
Found and cleaned up 1 empty switch in `\SB_DFFNSS.$proc$/home/leonardo/miniconda3/envs/digital/bin/../share/yosys/ice40/cells_sim.v:1088$283'.
Removing empty process `SB_DFFNSS.$proc$/home/leonardo/miniconda3/envs/digital/bin/../share/yosys/ice40/cells_sim.v:1088$283'.
Removing empty process `SB_DFFNR.$proc$/home/leonardo/miniconda3/envs/digital/bin/../share/yosys/ice40/cells_sim.v:0$282'.
Removing empty process `SB_DFFNR.$proc$/home/leonardo/miniconda3/envs/digital/bin/../share/yosys/ice40/cells_sim.v:1017$280'.
Removing empty process `SB_DFFNSR.$proc$/home/leonardo/miniconda3/envs/digital/bin/../share/yosys/ice40/cells_sim.v:0$279'.
Found and cleaned up 1 empty switch in `\SB_DFFNSR.$proc$/home/leonardo/miniconda3/envs/digital/bin/../share/yosys/ice40/cells_sim.v:967$277'.
Removing empty process `SB_DFFNSR.$proc$/home/leonardo/miniconda3/envs/digital/bin/../share/yosys/ice40/cells_sim.v:967$277'.
Removing empty process `SB_DFFNE.$proc$/home/leonardo/miniconda3/envs/digital/bin/../share/yosys/ice40/cells_sim.v:0$276'.
Found and cleaned up 1 empty switch in `\SB_DFFNE.$proc$/home/leonardo/miniconda3/envs/digital/bin/../share/yosys/ice40/cells_sim.v:922$275'.
Removing empty process `SB_DFFNE.$proc$/home/leonardo/miniconda3/envs/digital/bin/../share/yosys/ice40/cells_sim.v:922$275'.
Removing empty process `SB_DFFN.$proc$/home/leonardo/miniconda3/envs/digital/bin/../share/yosys/ice40/cells_sim.v:0$274'.
Removing empty process `SB_DFFN.$proc$/home/leonardo/miniconda3/envs/digital/bin/../share/yosys/ice40/cells_sim.v:882$273'.
Removing empty process `SB_DFFES.$proc$/home/leonardo/miniconda3/envs/digital/bin/../share/yosys/ice40/cells_sim.v:0$272'.
Found and cleaned up 1 empty switch in `\SB_DFFES.$proc$/home/leonardo/miniconda3/envs/digital/bin/../share/yosys/ice40/cells_sim.v:803$269'.
Removing empty process `SB_DFFES.$proc$/home/leonardo/miniconda3/envs/digital/bin/../share/yosys/ice40/cells_sim.v:803$269'.
Removing empty process `SB_DFFESS.$proc$/home/leonardo/miniconda3/envs/digital/bin/../share/yosys/ice40/cells_sim.v:0$268'.
Found and cleaned up 2 empty switches in `\SB_DFFESS.$proc$/home/leonardo/miniconda3/envs/digital/bin/../share/yosys/ice40/cells_sim.v:742$262'.
Removing empty process `SB_DFFESS.$proc$/home/leonardo/miniconda3/envs/digital/bin/../share/yosys/ice40/cells_sim.v:742$262'.
Removing empty process `SB_DFFER.$proc$/home/leonardo/miniconda3/envs/digital/bin/../share/yosys/ice40/cells_sim.v:0$261'.
Found and cleaned up 1 empty switch in `\SB_DFFER.$proc$/home/leonardo/miniconda3/envs/digital/bin/../share/yosys/ice40/cells_sim.v:662$258'.
Removing empty process `SB_DFFER.$proc$/home/leonardo/miniconda3/envs/digital/bin/../share/yosys/ice40/cells_sim.v:662$258'.
Removing empty process `SB_DFFESR.$proc$/home/leonardo/miniconda3/envs/digital/bin/../share/yosys/ice40/cells_sim.v:0$257'.
Found and cleaned up 2 empty switches in `\SB_DFFESR.$proc$/home/leonardo/miniconda3/envs/digital/bin/../share/yosys/ice40/cells_sim.v:601$251'.
Removing empty process `SB_DFFESR.$proc$/home/leonardo/miniconda3/envs/digital/bin/../share/yosys/ice40/cells_sim.v:601$251'.
Removing empty process `SB_DFFS.$proc$/home/leonardo/miniconda3/envs/digital/bin/../share/yosys/ice40/cells_sim.v:0$250'.
Removing empty process `SB_DFFS.$proc$/home/leonardo/miniconda3/envs/digital/bin/../share/yosys/ice40/cells_sim.v:527$248'.
Removing empty process `SB_DFFSS.$proc$/home/leonardo/miniconda3/envs/digital/bin/../share/yosys/ice40/cells_sim.v:0$247'.
Found and cleaned up 1 empty switch in `\SB_DFFSS.$proc$/home/leonardo/miniconda3/envs/digital/bin/../share/yosys/ice40/cells_sim.v:477$245'.
Removing empty process `SB_DFFSS.$proc$/home/leonardo/miniconda3/envs/digital/bin/../share/yosys/ice40/cells_sim.v:477$245'.
Removing empty process `SB_DFFR.$proc$/home/leonardo/miniconda3/envs/digital/bin/../share/yosys/ice40/cells_sim.v:0$244'.
Removing empty process `SB_DFFR.$proc$/home/leonardo/miniconda3/envs/digital/bin/../share/yosys/ice40/cells_sim.v:406$242'.
Removing empty process `SB_DFFSR.$proc$/home/leonardo/miniconda3/envs/digital/bin/../share/yosys/ice40/cells_sim.v:0$241'.
Found and cleaned up 1 empty switch in `\SB_DFFSR.$proc$/home/leonardo/miniconda3/envs/digital/bin/../share/yosys/ice40/cells_sim.v:356$239'.
Removing empty process `SB_DFFSR.$proc$/home/leonardo/miniconda3/envs/digital/bin/../share/yosys/ice40/cells_sim.v:356$239'.
Removing empty process `SB_DFFE.$proc$/home/leonardo/miniconda3/envs/digital/bin/../share/yosys/ice40/cells_sim.v:0$238'.
Found and cleaned up 1 empty switch in `\SB_DFFE.$proc$/home/leonardo/miniconda3/envs/digital/bin/../share/yosys/ice40/cells_sim.v:311$237'.
Removing empty process `SB_DFFE.$proc$/home/leonardo/miniconda3/envs/digital/bin/../share/yosys/ice40/cells_sim.v:311$237'.
Removing empty process `SB_DFF.$proc$/home/leonardo/miniconda3/envs/digital/bin/../share/yosys/ice40/cells_sim.v:0$236'.
Removing empty process `SB_DFF.$proc$/home/leonardo/miniconda3/envs/digital/bin/../share/yosys/ice40/cells_sim.v:271$235'.
Found and cleaned up 2 empty switches in `\dpram.$proc$dpram.v:45$54'.
Removing empty process `dpram.$proc$dpram.v:45$54'.
Found and cleaned up 2 empty switches in `\dpram.$proc$dpram.v:35$52'.
Removing empty process `dpram.$proc$dpram.v:35$52'.
Found and cleaned up 5 empty switches in `$paramod\spi_datapath\number_of_bits=s32'00000000000000000000000000001000.$proc$SPI.v:100$463'.
Removing empty process `$paramod\spi_datapath\number_of_bits=s32'00000000000000000000000000001000.$proc$SPI.v:100$463'.
Removing empty process `addr.$proc$addrCtrl.v:162$41'.
Found and cleaned up 4 empty switches in `\addr.$proc$addrCtrl.v:145$37'.
Removing empty process `addr.$proc$addrCtrl.v:145$37'.
Found and cleaned up 3 empty switches in `\DC.$proc$addrCtrl.v:86$24'.
Removing empty process `DC.$proc$addrCtrl.v:86$24'.
Found and cleaned up 1 empty switch in `$paramod\control_addr\slowing_factor=s32'00000000000000000000000000100110.$proc$addrCtrl.v:240$482'.
Removing empty process `$paramod\control_addr\slowing_factor=s32'00000000000000000000000000100110.$proc$addrCtrl.v:240$482'.
Found and cleaned up 9 empty switches in `$paramod\control_addr\slowing_factor=s32'00000000000000000000000000100110.$proc$addrCtrl.v:193$478'.
Removing empty process `$paramod\control_addr\slowing_factor=s32'00000000000000000000000000100110.$proc$addrCtrl.v:193$478'.
Found and cleaned up 1 empty switch in `\control_SPI.$proc$SPI.v:249$23'.
Removing empty process `control_SPI.$proc$SPI.v:249$23'.
Found and cleaned up 6 empty switches in `\control_SPI.$proc$SPI.v:205$21'.
Removing empty process `control_SPI.$proc$SPI.v:205$21'.
Found and cleaned up 3 empty switches in `$paramod\spiclk\slowing_factor=s32'00000000000000000000000000100110.$proc$SPI.v:161$471'.
Removing empty process `$paramod\spiclk\slowing_factor=s32'00000000000000000000000000100110.$proc$SPI.v:161$471'.
Cleaned up 54 empty switches.

5.3.12. Executing OPT_EXPR pass (perform const folding).
Optimizing module dpram.
Optimizing module $paramod\spi_datapath\number_of_bits=s32'00000000000000000000000000001000.
Optimizing module addr.
Optimizing module DC.
Optimizing module $paramod\control_addr\slowing_factor=s32'00000000000000000000000000100110.
Optimizing module control_SPI.
Optimizing module $paramod\spiclk\slowing_factor=s32'00000000000000000000000000100110.
Optimizing module $paramod\addrCtrl\slowing_factor=s32'00000000000000000000000000100110.
Optimizing module $paramod$157d5bd568672011744b42139657351a6a904fb1\SPI.
Optimizing module Display.

5.4. Executing FLATTEN pass (flatten design).
Deleting now unused module dpram.
Deleting now unused module $paramod\spi_datapath\number_of_bits=s32'00000000000000000000000000001000.
Deleting now unused module addr.
Deleting now unused module DC.
Deleting now unused module $paramod\control_addr\slowing_factor=s32'00000000000000000000000000100110.
Deleting now unused module control_SPI.
Deleting now unused module $paramod\spiclk\slowing_factor=s32'00000000000000000000000000100110.
Deleting now unused module $paramod\addrCtrl\slowing_factor=s32'00000000000000000000000000100110.
Deleting now unused module $paramod$157d5bd568672011744b42139657351a6a904fb1\SPI.

5.5. Executing TRIBUF pass.

5.6. Executing DEMINOUT pass (demote inout ports to input or output).

5.7. Executing OPT_EXPR pass (perform const folding).
Optimizing module Display.

5.8. Executing OPT_CLEAN pass (remove unused cells and wires).
Finding unused cells or wires in module \Display..
Removed 4 unused cells and 165 unused wires.

5.9. Executing CHECK pass (checking for obvious problems).
Checking module Display...
Found and reported 0 problems.

5.10. Executing OPT pass (performing simple optimizations).

5.10.1. Executing OPT_EXPR pass (perform const folding).
Optimizing module Display.

5.10.2. Executing OPT_MERGE pass (detect identical cells).
Finding identical cells in module `\Display'.
Removed a total of 28 cells.

5.10.3. Executing OPT_MUXTREE pass (detect dead branches in mux trees).
Running muxtree optimizer on module \Display..
  Creating internal representation of mux trees.
  Evaluating internal representation of mux trees.
  Analyzing evaluation results.
    dead port 1/2 on $mux $flatten\SPI0.\spiclk0.$procmux$854.
    dead port 1/2 on $mux $flatten\SPI0.\spiclk0.$procmux$857.
    dead port 1/2 on $mux $flatten\SPI0.\spiclk0.$procmux$863.
    dead port 1/2 on $mux $flatten\addrCtrl0.\control_addr0.$procmux$697.
    dead port 2/2 on $mux $flatten\addrCtrl0.\control_addr0.$procmux$699.
    dead port 2/2 on $mux $flatten\addrCtrl0.\control_addr0.$procmux$701.
    dead port 1/2 on $mux $flatten\addrCtrl0.\control_addr0.$procmux$704.
    dead port 2/2 on $mux $flatten\addrCtrl0.\control_addr0.$procmux$713.
    dead port 2/2 on $mux $flatten\addrCtrl0.\control_addr0.$procmux$715.
    dead port 1/2 on $mux $flatten\addrCtrl0.\control_addr0.$procmux$718.
    dead port 2/2 on $mux $flatten\addrCtrl0.\control_addr0.$procmux$726.
    dead port 1/2 on $mux $flatten\addrCtrl0.\control_addr0.$procmux$729.
    dead port 1/2 on $mux $flatten\addrCtrl0.\control_addr0.$procmux$758.
    dead port 1/2 on $mux $flatten\addrCtrl0.\control_addr0.$procmux$773.
    dead port 2/2 on $mux $flatten\dp_ram0.$procmux$531.
    dead port 2/2 on $mux $flatten\dp_ram0.$procmux$537.
    dead port 2/2 on $mux $flatten\dp_ram0.$procmux$543.
Removed 17 multiplexer ports.

5.10.4. Executing OPT_REDUCE pass (consolidate $*mux and $reduce_* inputs).
  Optimizing cells in module \Display.
    New ctrl vector for $pmux cell $flatten\SPI0.\control_SPI0.$procmux$793: $auto$opt_reduce.cc:134:opt_pmux$936
    New ctrl vector for $pmux cell $flatten\addrCtrl0.\control_addr0.$procmux$668: $auto$opt_reduce.cc:134:opt_pmux$938
    New ctrl vector for $pmux cell $flatten\addrCtrl0.\control_addr0.$procmux$731: { $flatten\addrCtrl0.\control_addr0.$procmux$688_CMP $flatten\addrCtrl0.\control_addr0.$procmux$671_CMP $flatten\addrCtrl0.\control_addr0.$procmux$702_CMP $auto$opt_reduce.cc:134:opt_pmux$942 $flatten\addrCtrl0.\control_addr0.$procmux$741_CMP $auto$opt_reduce.cc:134:opt_pmux$940 }
    New ctrl vector for $pmux cell $flatten\SPI0.\control_SPI0.$procmux$810: { $flatten\SPI0.\control_SPI0.$procmux$808_CMP $flatten\SPI0.\control_SPI0.$procmux$823_CMP $flatten\SPI0.\control_SPI0.$procmux$795_CMP $flatten\SPI0.\control_SPI0.$procmux$787_CMP $auto$opt_reduce.cc:134:opt_pmux$944 }
    New ctrl vector for $pmux cell $flatten\addrCtrl0.\control_addr0.$procmux$760: { $flatten\addrCtrl0.\control_addr0.$procmux$702_CMP $flatten\addrCtrl0.\control_addr0.$procmux$741_CMP $auto$opt_reduce.cc:134:opt_pmux$946 }
    Consolidated identical input bits for $mux cell $flatten\dp_ram0.$procmux$529:
      Old ports: A=16'0000000000000000, B=16'1111111111111111, Y=$flatten\dp_ram0.$procmux$529_Y
      New ports: A=1'0, B=1'1, Y=$flatten\dp_ram0.$procmux$529_Y [0]
      New connections: $flatten\dp_ram0.$procmux$529_Y [15:1] = { $flatten\dp_ram0.$procmux$529_Y [0] $flatten\dp_ram0.$procmux$529_Y [0] $flatten\dp_ram0.$procmux$529_Y [0] $flatten\dp_ram0.$procmux$529_Y [0] $flatten\dp_ram0.$procmux$529_Y [0] $flatten\dp_ram0.$procmux$529_Y [0] $flatten\dp_ram0.$procmux$529_Y [0] $flatten\dp_ram0.$procmux$529_Y [0] $flatten\dp_ram0.$procmux$529_Y [0] $flatten\dp_ram0.$procmux$529_Y [0] $flatten\dp_ram0.$procmux$529_Y [0] $flatten\dp_ram0.$procmux$529_Y [0] $flatten\dp_ram0.$procmux$529_Y [0] $flatten\dp_ram0.$procmux$529_Y [0] $flatten\dp_ram0.$procmux$529_Y [0] }
  Optimizing cells in module \Display.
    Consolidated identical input bits for $mux cell $flatten\dp_ram0.$procmux$546:
      Old ports: A=16'0000000000000000, B=$flatten\dp_ram0.$2$memwr$\ram$dpram.v:49$51_EN[15:0]$63, Y=$flatten\dp_ram0.$0$memwr$\ram$dpram.v:49$51_EN[15:0]$57
      New ports: A=1'0, B=$flatten\dp_ram0.$procmux$529_Y [0], Y=$flatten\dp_ram0.$0$memwr$\ram$dpram.v:49$51_EN[15:0]$57 [0]
      New connections: $flatten\dp_ram0.$0$memwr$\ram$dpram.v:49$51_EN[15:0]$57 [15:1] = { $flatten\dp_ram0.$0$memwr$\ram$dpram.v:49$51_EN[15:0]$57 [0] $flatten\dp_ram0.$0$memwr$\ram$dpram.v:49$51_EN[15:0]$57 [0] $flatten\dp_ram0.$0$memwr$\ram$dpram.v:49$51_EN[15:0]$57 [0] $flatten\dp_ram0.$0$memwr$\ram$dpram.v:49$51_EN[15:0]$57 [0] $flatten\dp_ram0.$0$memwr$\ram$dpram.v:49$51_EN[15:0]$57 [0] $flatten\dp_ram0.$0$memwr$\ram$dpram.v:49$51_EN[15:0]$57 [0] $flatten\dp_ram0.$0$memwr$\ram$dpram.v:49$51_EN[15:0]$57 [0] $flatten\dp_ram0.$0$memwr$\ram$dpram.v:49$51_EN[15:0]$57 [0] $flatten\dp_ram0.$0$memwr$\ram$dpram.v:49$51_EN[15:0]$57 [0] $flatten\dp_ram0.$0$memwr$\ram$dpram.v:49$51_EN[15:0]$57 [0] $flatten\dp_ram0.$0$memwr$\ram$dpram.v:49$51_EN[15:0]$57 [0] $flatten\dp_ram0.$0$memwr$\ram$dpram.v:49$51_EN[15:0]$57 [0] $flatten\dp_ram0.$0$memwr$\ram$dpram.v:49$51_EN[15:0]$57 [0] $flatten\dp_ram0.$0$memwr$\ram$dpram.v:49$51_EN[15:0]$57 [0] $flatten\dp_ram0.$0$memwr$\ram$dpram.v:49$51_EN[15:0]$57 [0] }
  Optimizing cells in module \Display.
Performed a total of 7 changes.

5.10.5. Executing OPT_MERGE pass (detect identical cells).
Finding identical cells in module `\Display'.
Removed a total of 0 cells.

5.10.6. Executing OPT_DFF pass (perform DFF optimizations).

5.10.7. Executing OPT_CLEAN pass (remove unused cells and wires).
Finding unused cells or wires in module \Display..
Removed 0 unused cells and 45 unused wires.

5.10.8. Executing OPT_EXPR pass (perform const folding).
Optimizing module Display.

5.10.9. Rerunning OPT passes. (Maybe there is more to do..)

5.10.10. Executing OPT_MUXTREE pass (detect dead branches in mux trees).
Running muxtree optimizer on module \Display..
  Creating internal representation of mux trees.
  Evaluating internal representation of mux trees.
  Analyzing evaluation results.
Removed 0 multiplexer ports.

5.10.11. Executing OPT_REDUCE pass (consolidate $*mux and $reduce_* inputs).
  Optimizing cells in module \Display.
Performed a total of 0 changes.

5.10.12. Executing OPT_MERGE pass (detect identical cells).
Finding identical cells in module `\Display'.
Removed a total of 0 cells.

5.10.13. Executing OPT_DFF pass (perform DFF optimizations).

5.10.14. Executing OPT_CLEAN pass (remove unused cells and wires).
Finding unused cells or wires in module \Display..

5.10.15. Executing OPT_EXPR pass (perform const folding).
Optimizing module Display.

5.10.16. Finished OPT passes. (There is nothing left to do.)

5.11. Executing FSM pass (extract and optimize FSM).

5.11.1. Executing FSM_DETECT pass (finding FSMs in design).
Found FSM state register Display.SPI0.control_SPI0.state.
Found FSM state register Display.SPI0.spi_datapath0.sub_state.
Found FSM state register Display.addrCtrl0.control_addr0.state.

5.11.2. Executing FSM_EXTRACT pass (extracting FSM from design).
Extracting FSM `\SPI0.control_SPI0.state' from module `\Display'.
  found $adff cell for state register: $flatten\SPI0.\control_SPI0.$procdff$924
  root of input selection tree: $flatten\SPI0.\control_SPI0.$0\state[2:0]
  found reset state: 3'000 (from async reset)
  found ctrl input: \busy
  found state code: 3'011
  found ctrl input: $auto$opt_reduce.cc:134:opt_pmux$944
  found ctrl input: $flatten\SPI0.\control_SPI0.$procmux$787_CMP
  found ctrl input: $flatten\SPI0.\control_SPI0.$procmux$795_CMP
  found ctrl input: $flatten\SPI0.\control_SPI0.$procmux$823_CMP
  found ctrl input: $flatten\SPI0.\control_SPI0.$procmux$808_CMP
  found state code: 3'010
  found ctrl input: \addrCtrl0.DC0.SPI_init
  found state code: 3'101
  found state code: 3'100
  found state code: 3'001
  found ctrl input: \SPI0.control_SPI0.ending
  found ctrl input: $flatten\SPI0.\control_SPI0.$logic_or$SPI.v:227$22_Y
  found ctrl output: $flatten\SPI0.\control_SPI0.$procmux$787_CMP
  found ctrl output: $flatten\SPI0.\control_SPI0.$procmux$790_CMP
  found ctrl output: $flatten\SPI0.\control_SPI0.$procmux$795_CMP
  found ctrl output: $flatten\SPI0.\control_SPI0.$procmux$801_CMP
  found ctrl output: $flatten\SPI0.\control_SPI0.$procmux$808_CMP
  found ctrl output: $flatten\SPI0.\control_SPI0.$procmux$823_CMP
  ctrl inputs: { $flatten\SPI0.\control_SPI0.$logic_or$SPI.v:227$22_Y $auto$opt_reduce.cc:134:opt_pmux$944 \SPI0.control_SPI0.ending \addrCtrl0.DC0.SPI_init \busy }
  ctrl outputs: { $flatten\SPI0.\control_SPI0.$procmux$823_CMP $flatten\SPI0.\control_SPI0.$procmux$808_CMP $flatten\SPI0.\control_SPI0.$procmux$801_CMP $flatten\SPI0.\control_SPI0.$procmux$795_CMP $flatten\SPI0.\control_SPI0.$procmux$790_CMP $flatten\SPI0.\control_SPI0.$procmux$787_CMP $flatten\SPI0.\control_SPI0.$0\state[2:0] }
  transition:      3'000 5'----0 ->      3'011 9'010000011
  transition:      3'000 5'---01 ->      3'000 9'010000000
  transition:      3'000 5'---11 ->      3'001 9'010000001
  transition:      3'100 5'----0 ->      3'011 9'000010011
  transition:      3'100 5'----1 ->      3'010 9'000010010
  transition:      3'010 5'----0 ->      3'011 9'100000011
  transition:      3'010 5'--0-1 ->      3'010 9'100000010
  transition:      3'010 5'0-1-1 ->      3'101 9'100000101
  transition:      3'010 5'1-1-1 ->      3'000 9'100000000
  transition:      3'001 5'----0 ->      3'011 9'001000011
  transition:      3'001 5'----1 ->      3'010 9'001000010
  transition:      3'101 5'----0 ->      3'011 9'000001011
  transition:      3'101 5'---01 ->      3'101 9'000001101
  transition:      3'101 5'---11 ->      3'100 9'000001100
  transition:      3'011 5'----0 ->      3'011 9'000100011
  transition:      3'011 5'----1 ->      3'001 9'000100001
Extracting FSM `\SPI0.spi_datapath0.sub_state' from module `\Display'.
  found $dff cell for state register: $flatten\SPI0.\spi_datapath0.$procdff$914
  root of input selection tree: $flatten\SPI0.\spi_datapath0.$0\sub_state[1:0]
  found reset state: 2'10 (guessed from mux tree)
  found ctrl input: $flatten\SPI0.\spi_datapath0.$logic_or$SPI.v:101$464_Y
  found ctrl input: \SPI0.spiclk0.scnd_ld
  found ctrl input: \SPI0.spiclk0.load
  found ctrl input: $flatten\SPI0.\spi_datapath0.$logic_and$SPI.v:118$466_Y
  found ctrl input: $flatten\SPI0.\spi_datapath0.$logic_and$SPI.v:125$470_Y
  found state code: 2'01
  found state code: 2'00
  found state code: 2'10
  found ctrl output: $flatten\SPI0.\spi_datapath0.$eq$SPI.v:118$465_Y
  found ctrl output: $flatten\SPI0.\spi_datapath0.$eq$SPI.v:125$469_Y
  ctrl inputs: { $flatten\SPI0.\spi_datapath0.$logic_and$SPI.v:125$470_Y $flatten\SPI0.\spi_datapath0.$logic_and$SPI.v:118$466_Y $flatten\SPI0.\spi_datapath0.$logic_or$SPI.v:101$464_Y \SPI0.spiclk0.scnd_ld \SPI0.spiclk0.load }
  ctrl outputs: { $flatten\SPI0.\spi_datapath0.$eq$SPI.v:125$469_Y $flatten\SPI0.\spi_datapath0.$eq$SPI.v:118$465_Y $flatten\SPI0.\spi_datapath0.$0\sub_state[1:0] }
  transition:       2'00 5'00000 ->       2'00 4'1000
  transition:       2'00 5'10000 ->       2'01 4'1001
  transition:       2'00 5'-1000 ->       2'00 4'1000
  transition:       2'00 5'--001 ->       2'01 4'1001
  transition:       2'00 5'--01- ->       2'01 4'1001
  transition:       2'00 5'--1-- ->       2'10 4'1010
  transition:       2'10 5'00000 ->       2'10 4'0010
  transition:       2'10 5'10000 ->       2'01 4'0001
  transition:       2'10 5'-1000 ->       2'00 4'0000
  transition:       2'10 5'--001 ->       2'01 4'0001
  transition:       2'10 5'--01- ->       2'01 4'0001
  transition:       2'10 5'--1-- ->       2'10 4'0010
  transition:       2'01 5'00000 ->       2'01 4'0101
  transition:       2'01 5'10000 ->       2'01 4'0101
  transition:       2'01 5'-1000 ->       2'00 4'0100
  transition:       2'01 5'--001 ->       2'01 4'0101
  transition:       2'01 5'--01- ->       2'01 4'0101
  transition:       2'01 5'--1-- ->       2'10 4'0110
Extracting FSM `\addrCtrl0.control_addr0.state' from module `\Display'.
  found $dff cell for state register: $flatten\addrCtrl0.\control_addr0.$procdff$922
  root of input selection tree: $flatten\addrCtrl0.\control_addr0.$0\state[2:0]
  found reset state: 3'110 (guessed from mux tree)
  found ctrl input: \reset
  found ctrl input: $auto$opt_reduce.cc:134:opt_pmux$940
  found ctrl input: $flatten\addrCtrl0.\control_addr0.$procmux$741_CMP
  found ctrl input: $auto$opt_reduce.cc:134:opt_pmux$942
  found ctrl input: $flatten\addrCtrl0.\control_addr0.$procmux$702_CMP
  found ctrl input: $flatten\addrCtrl0.\control_addr0.$procmux$671_CMP
  found ctrl input: $flatten\addrCtrl0.\control_addr0.$procmux$688_CMP
  found state code: 3'010
  found ctrl input: $flatten\addrCtrl0.\control_addr0.$procmux$740_CMP
  found ctrl input: \SPI0.spi_datapath0.done
  found ctrl input: \addrCtrl0.DC0.frst_done
  found state code: 3'111
  found state code: 3'100
  found ctrl input: $flatten\addrCtrl0.\control_addr0.$logic_or$addrCtrl.v:213$479_Y
  found ctrl input: \addrCtrl0.addr0.frameFinished
  found state code: 3'101
  found state code: 3'000
  found state code: 3'011
  found ctrl input: \init
  found state code: 3'001
  found state code: 3'110
  found ctrl output: $flatten\addrCtrl0.\control_addr0.$procmux$669_CMP
  found ctrl output: $flatten\addrCtrl0.\control_addr0.$procmux$670_CMP
  found ctrl output: $flatten\addrCtrl0.\control_addr0.$procmux$671_CMP
  found ctrl output: $flatten\addrCtrl0.\control_addr0.$procmux$677_CMP
  found ctrl output: $flatten\addrCtrl0.\control_addr0.$procmux$688_CMP
  found ctrl output: $flatten\addrCtrl0.\control_addr0.$procmux$702_CMP
  found ctrl output: $flatten\addrCtrl0.\control_addr0.$procmux$732_CMP
  found ctrl output: $flatten\addrCtrl0.\control_addr0.$procmux$741_CMP
  ctrl inputs: { \SPI0.spi_datapath0.done $auto$opt_reduce.cc:134:opt_pmux$940 $auto$opt_reduce.cc:134:opt_pmux$942 \addrCtrl0.DC0.frst_done \addrCtrl0.addr0.frameFinished $flatten\addrCtrl0.\control_addr0.$procmux$740_CMP $flatten\addrCtrl0.\control_addr0.$logic_or$addrCtrl.v:213$479_Y \reset \init }
  ctrl outputs: { $flatten\addrCtrl0.\control_addr0.$procmux$741_CMP $flatten\addrCtrl0.\control_addr0.$procmux$732_CMP $flatten\addrCtrl0.\control_addr0.$procmux$702_CMP $flatten\addrCtrl0.\control_addr0.$procmux$688_CMP $flatten\addrCtrl0.\control_addr0.$procmux$677_CMP $flatten\addrCtrl0.\control_addr0.$procmux$671_CMP $flatten\addrCtrl0.\control_addr0.$procmux$670_CMP $flatten\addrCtrl0.\control_addr0.$procmux$669_CMP $flatten\addrCtrl0.\control_addr0.$0\state[2:0] }
  transition:      3'000 9'-------00 ->      3'010 11'00010000010
  transition:      3'000 9'-------01 ->      3'001 11'00010000001
  transition:      3'000 9'-------1- ->      3'110 11'00010000110
  transition:      3'100 9'------00- ->      3'100 11'00100000100
  transition:      3'100 9'----0-10- ->      3'101 11'00100000101
  transition:      3'100 9'----1-10- ->      3'000 11'00100000000
  transition:      3'100 9'-------1- ->      3'110 11'00100000110
  transition:      3'010 9'-------0- ->      3'011 11'00000100011
  transition:      3'010 9'-------1- ->      3'110 11'00000100110
  transition:      3'110 9'--0----0- ->      3'010 11'01000000010
  transition:      3'110 9'-------1- ->      3'110 11'01000000110
  transition:      3'001 9'--0----0- ->      3'010 11'00001000010
  transition:      3'001 9'-------1- ->      3'110 11'00001000110
  transition:      3'101 9'0--0-0-0- ->      3'101 11'10000000101
  transition:      3'101 9'0--1-0-0- ->      3'111 11'10000000111
  transition:      3'101 9'1----0-0- ->      3'010 11'10000000010
  transition:      3'101 9'-----1-0- ->      3'101 11'10000000101
  transition:      3'101 9'-------1- ->      3'110 11'10000000110
  transition:      3'011 9'-------0- ->      3'100 11'00000010100
  transition:      3'011 9'-------1- ->      3'110 11'00000010110
  transition:      3'111 9'-------0- ->      3'100 11'00000001100
  transition:      3'111 9'-------1- ->      3'110 11'00000001110

5.11.3. Executing FSM_OPT pass (simple optimizations of FSMs).
Optimizing FSM `$fsm$\addrCtrl0.control_addr0.state$959' from module `\Display'.
  Removing unused input signal $auto$opt_reduce.cc:134:opt_pmux$940.
Optimizing FSM `$fsm$\SPI0.spi_datapath0.sub_state$955' from module `\Display'.
  Merging pattern 5'00000 and 5'10000 from group (2 2 4'0101).
  Merging pattern 5'10000 and 5'00000 from group (2 2 4'0101).
Optimizing FSM `$fsm$\SPI0.control_SPI0.state$947' from module `\Display'.
  Removing unused input signal $auto$opt_reduce.cc:134:opt_pmux$944.

5.11.4. Executing OPT_CLEAN pass (remove unused cells and wires).
Finding unused cells or wires in module \Display..
Removed 40 unused cells and 40 unused wires.

5.11.5. Executing FSM_OPT pass (simple optimizations of FSMs).
Optimizing FSM `$fsm$\SPI0.control_SPI0.state$947' from module `\Display'.
  Removing unused output signal $flatten\SPI0.\control_SPI0.$0\state[2:0] [0].
  Removing unused output signal $flatten\SPI0.\control_SPI0.$0\state[2:0] [1].
  Removing unused output signal $flatten\SPI0.\control_SPI0.$0\state[2:0] [2].
  Removing unused output signal $flatten\SPI0.\control_SPI0.$procmux$823_CMP.
Optimizing FSM `$fsm$\SPI0.spi_datapath0.sub_state$955' from module `\Display'.
  Removing unused output signal $flatten\SPI0.\spi_datapath0.$0\sub_state[1:0] [0].
  Removing unused output signal $flatten\SPI0.\spi_datapath0.$0\sub_state[1:0] [1].
Optimizing FSM `$fsm$\addrCtrl0.control_addr0.state$959' from module `\Display'.
  Removing unused output signal $flatten\addrCtrl0.\control_addr0.$0\state[2:0] [0].
  Removing unused output signal $flatten\addrCtrl0.\control_addr0.$0\state[2:0] [1].
  Removing unused output signal $flatten\addrCtrl0.\control_addr0.$0\state[2:0] [2].

5.11.6. Executing FSM_RECODE pass (re-assigning FSM state encoding).
Recoding FSM `$fsm$\SPI0.control_SPI0.state$947' from module `\Display' using `auto' encoding:
  mapping auto encoding to `one-hot` for this FSM.
  000 -> -----1
  100 -> ----1-
  010 -> ---1--
  001 -> --1---
  101 -> -1----
  011 -> 1-----
Recoding FSM `$fsm$\SPI0.spi_datapath0.sub_state$955' from module `\Display' using `auto' encoding:
  mapping auto encoding to `one-hot` for this FSM.
  00 -> -1-
  10 -> --1
  01 -> 1--
Recoding FSM `$fsm$\addrCtrl0.control_addr0.state$959' from module `\Display' using `auto' encoding:
  mapping auto encoding to `one-hot` for this FSM.
  000 -> ------1-
  100 -> -----1--
  010 -> ----1---
  110 -> -------1
  001 -> ---1----
  101 -> --1-----
  011 -> -1------
  111 -> 1-------

5.11.7. Executing FSM_INFO pass (dumping all available information on FSM cells).

FSM `$fsm$\SPI0.control_SPI0.state$947' from module `Display':
-------------------------------------

  Information on FSM $fsm$\SPI0.control_SPI0.state$947 (\SPI0.control_SPI0.state):

  Number of input signals:    4
  Number of output signals:   5
  Number of state bits:       6

  Input signals:
    0: \busy
    1: \addrCtrl0.DC0.SPI_init
    2: \SPI0.control_SPI0.ending
    3: $flatten\SPI0.\control_SPI0.$logic_or$SPI.v:227$22_Y

  Output signals:
    0: $flatten\SPI0.\control_SPI0.$procmux$787_CMP
    1: $flatten\SPI0.\control_SPI0.$procmux$790_CMP
    2: $flatten\SPI0.\control_SPI0.$procmux$795_CMP
    3: $flatten\SPI0.\control_SPI0.$procmux$801_CMP
    4: $flatten\SPI0.\control_SPI0.$procmux$808_CMP

  State encoding:
    0:   6'-----1  <RESET STATE>
    1:   6'----1-
    2:   6'---1--
    3:   6'--1---
    4:   6'-1----
    5:   6'1-----

  Transition Table (state_in, ctrl_in, state_out, ctrl_out):
      0:     0 4'--01   ->     0 5'10000
      1:     0 4'--11   ->     3 5'10000
      2:     0 4'---0   ->     5 5'10000
      3:     1 4'---1   ->     2 5'00010
      4:     1 4'---0   ->     5 5'00010
      5:     2 4'11-1   ->     0 5'00000
      6:     2 4'-0-1   ->     2 5'00000
      7:     2 4'01-1   ->     4 5'00000
      8:     2 4'---0   ->     5 5'00000
      9:     3 4'---1   ->     2 5'01000
     10:     3 4'---0   ->     5 5'01000
     11:     4 4'--11   ->     1 5'00001
     12:     4 4'--01   ->     4 5'00001
     13:     4 4'---0   ->     5 5'00001
     14:     5 4'---1   ->     3 5'00100
     15:     5 4'---0   ->     5 5'00100

-------------------------------------

FSM `$fsm$\SPI0.spi_datapath0.sub_state$955' from module `Display':
-------------------------------------

  Information on FSM $fsm$\SPI0.spi_datapath0.sub_state$955 (\SPI0.spi_datapath0.sub_state):

  Number of input signals:    5
  Number of output signals:   2
  Number of state bits:       3

  Input signals:
    0: \SPI0.spiclk0.load
    1: \SPI0.spiclk0.scnd_ld
    2: $flatten\SPI0.\spi_datapath0.$logic_or$SPI.v:101$464_Y
    3: $flatten\SPI0.\spi_datapath0.$logic_and$SPI.v:118$466_Y
    4: $flatten\SPI0.\spi_datapath0.$logic_and$SPI.v:125$470_Y

  Output signals:
    0: $flatten\SPI0.\spi_datapath0.$eq$SPI.v:118$465_Y
    1: $flatten\SPI0.\spi_datapath0.$eq$SPI.v:125$469_Y

  State encoding:
    0:      3'-1-
    1:      3'--1  <RESET STATE>
    2:      3'1--

  Transition Table (state_in, ctrl_in, state_out, ctrl_out):
      0:     0 5'00000   ->     0 2'10
      1:     0 5'-1000   ->     0 2'10
      2:     0 5'--1--   ->     1 2'10
      3:     0 5'10000   ->     2 2'10
      4:     0 5'--001   ->     2 2'10
      5:     0 5'--01-   ->     2 2'10
      6:     1 5'-1000   ->     0 2'00
      7:     1 5'00000   ->     1 2'00
      8:     1 5'--1--   ->     1 2'00
      9:     1 5'10000   ->     2 2'00
     10:     1 5'--001   ->     2 2'00
     11:     1 5'--01-   ->     2 2'00
     12:     2 5'-1000   ->     0 2'01
     13:     2 5'--1--   ->     1 2'01
     14:     2 5'-0000   ->     2 2'01
     15:     2 5'--001   ->     2 2'01
     16:     2 5'--01-   ->     2 2'01

-------------------------------------

FSM `$fsm$\addrCtrl0.control_addr0.state$959' from module `Display':
-------------------------------------

  Information on FSM $fsm$\addrCtrl0.control_addr0.state$959 (\addrCtrl0.control_addr0.state):

  Number of input signals:    8
  Number of output signals:   8
  Number of state bits:       8

  Input signals:
    0: \init
    1: \reset
    2: $flatten\addrCtrl0.\control_addr0.$logic_or$addrCtrl.v:213$479_Y
    3: $flatten\addrCtrl0.\control_addr0.$procmux$740_CMP
    4: \addrCtrl0.addr0.frameFinished
    5: \addrCtrl0.DC0.frst_done
    6: $auto$opt_reduce.cc:134:opt_pmux$942
    7: \SPI0.spi_datapath0.done

  Output signals:
    0: $flatten\addrCtrl0.\control_addr0.$procmux$669_CMP
    1: $flatten\addrCtrl0.\control_addr0.$procmux$670_CMP
    2: $flatten\addrCtrl0.\control_addr0.$procmux$671_CMP
    3: $flatten\addrCtrl0.\control_addr0.$procmux$677_CMP
    4: $flatten\addrCtrl0.\control_addr0.$procmux$688_CMP
    5: $flatten\addrCtrl0.\control_addr0.$procmux$702_CMP
    6: $flatten\addrCtrl0.\control_addr0.$procmux$732_CMP
    7: $flatten\addrCtrl0.\control_addr0.$procmux$741_CMP

  State encoding:
    0: 8'------1-
    1: 8'-----1--
    2: 8'----1---
    3: 8'-------1  <RESET STATE>
    4: 8'---1----
    5: 8'--1-----
    6: 8'-1------
    7: 8'1-------

  Transition Table (state_in, ctrl_in, state_out, ctrl_out):
      0:     0 8'------00   ->     2 8'00010000
      1:     0 8'------1-   ->     3 8'00010000
      2:     0 8'------01   ->     4 8'00010000
      3:     1 8'---1-10-   ->     0 8'00100000
      4:     1 8'-----00-   ->     1 8'00100000
      5:     1 8'------1-   ->     3 8'00100000
      6:     1 8'---0-10-   ->     5 8'00100000
      7:     2 8'------1-   ->     3 8'00000100
      8:     2 8'------0-   ->     6 8'00000100
      9:     3 8'-0----0-   ->     2 8'01000000
     10:     3 8'------1-   ->     3 8'01000000
     11:     4 8'-0----0-   ->     2 8'00001000
     12:     4 8'------1-   ->     3 8'00001000
     13:     5 8'1---0-0-   ->     2 8'10000000
     14:     5 8'------1-   ->     3 8'10000000
     15:     5 8'0-0-0-0-   ->     5 8'10000000
     16:     5 8'----1-0-   ->     5 8'10000000
     17:     5 8'0-1-0-0-   ->     7 8'10000000
     18:     6 8'------0-   ->     1 8'00000010
     19:     6 8'------1-   ->     3 8'00000010
     20:     7 8'------0-   ->     1 8'00000001
     21:     7 8'------1-   ->     3 8'00000001

-------------------------------------

5.11.8. Executing FSM_MAP pass (mapping FSMs to basic logic).
Mapping FSM `$fsm$\SPI0.control_SPI0.state$947' from module `\Display'.
Mapping FSM `$fsm$\SPI0.spi_datapath0.sub_state$955' from module `\Display'.
Mapping FSM `$fsm$\addrCtrl0.control_addr0.state$959' from module `\Display'.

5.12. Executing OPT pass (performing simple optimizations).

5.12.1. Executing OPT_EXPR pass (perform const folding).
Optimizing module Display.

5.12.2. Executing OPT_MERGE pass (detect identical cells).
Finding identical cells in module `\Display'.
Removed a total of 5 cells.

5.12.3. Executing OPT_MUXTREE pass (detect dead branches in mux trees).
Running muxtree optimizer on module \Display..
  Creating internal representation of mux trees.
  Evaluating internal representation of mux trees.
  Analyzing evaluation results.
Removed 0 multiplexer ports.

5.12.4. Executing OPT_REDUCE pass (consolidate $*mux and $reduce_* inputs).
  Optimizing cells in module \Display.
Performed a total of 0 changes.

5.12.5. Executing OPT_MERGE pass (detect identical cells).
Finding identical cells in module `\Display'.
Removed a total of 0 cells.

5.12.6. Executing OPT_DFF pass (perform DFF optimizations).
Adding EN signal on $flatten\dp_ram0.$procdff$906 ($dff) from module Display (D = $flatten\dp_ram0.$memrd$\ram$dpram.v:50$64_DATA, Q = \dp_ram0.dat_a_out).
Adding SRST signal on $flatten\addrCtrl0.\control_addr0.$procdff$923 ($dff) from module Display (D = $flatten\addrCtrl0.\control_addr0.$2\delay_cnt[28:0], Q = \addrCtrl0.control_addr0.delay_cnt, rval = 29'00000000000000000000000000000).
Adding EN signal on $auto$ff.cc:266:slice$1112 ($sdff) from module Display (D = $flatten\addrCtrl0.\control_addr0.$2\delay_cnt[28:0], Q = \addrCtrl0.control_addr0.delay_cnt).
Adding SRST signal on $flatten\addrCtrl0.\addr0.$procdff$917 ($dff) from module Display (D = $flatten\addrCtrl0.\addr0.$procmux$631_Y, Q = \addrCtrl0.addr0.pointerResets, rval = 5'00000).
Adding EN signal on $auto$ff.cc:266:slice$1124 ($sdff) from module Display (D = $flatten\addrCtrl0.\addr0.$add$addrCtrl.v:157$40_Y [4:0], Q = \addrCtrl0.addr0.pointerResets).
Adding SRST signal on $flatten\addrCtrl0.\addr0.$procdff$916 ($dff) from module Display (D = { $flatten\addrCtrl0.\addr0.$procmux$645_Y [5] $flatten\addrCtrl0.\addr0.$procmux$645_Y [3] $flatten\addrCtrl0.\addr0.$procmux$645_Y [1:0] }, Q = { \addrCtrl0.addr0.address [5] \addrCtrl0.addr0.address [3] \addrCtrl0.addr0.address [1:0] }, rval = 4'0000).
Adding SRST signal on $flatten\addrCtrl0.\addr0.$procdff$916 ($dff) from module Display (D = { $flatten\addrCtrl0.\addr0.$procmux$642_Y [11:6] $flatten\addrCtrl0.\addr0.$procmux$642_Y [4] $flatten\addrCtrl0.\addr0.$procmux$642_Y [2] }, Q = { \addrCtrl0.addr0.address [11:6] \addrCtrl0.addr0.address [4] \addrCtrl0.addr0.address [2] }, rval = 8'00000000).
Adding EN signal on $auto$ff.cc:266:slice$1133 ($sdff) from module Display (D = { $flatten\addrCtrl0.\addr0.$procmux$640_Y [11:6] $flatten\addrCtrl0.\addr0.$procmux$640_Y [4] $flatten\addrCtrl0.\addr0.$procmux$640_Y [2] }, Q = { \addrCtrl0.addr0.address [11:6] \addrCtrl0.addr0.address [4] \addrCtrl0.addr0.address [2] }).
Adding EN signal on $auto$ff.cc:266:slice$1132 ($sdff) from module Display (D = { $flatten\addrCtrl0.\addr0.$procmux$645_Y [5] $flatten\addrCtrl0.\addr0.$procmux$645_Y [3] $flatten\addrCtrl0.\addr0.$procmux$645_Y [1:0] }, Q = { \addrCtrl0.addr0.address [5] \addrCtrl0.addr0.address [3] \addrCtrl0.addr0.address [1:0] }).
Adding EN signal on $flatten\addrCtrl0.\DC0.$procdff$919 ($adff) from module Display (D = $flatten\addrCtrl0.\DC0.$0\displayCS[0:0], Q = \addrCtrl0.DC0.displayCS).
Adding EN signal on $flatten\addrCtrl0.\DC0.$procdff$918 ($adff) from module Display (D = $flatten\addrCtrl0.\DC0.$procmux$663_Y, Q = \addrCtrl0.DC0.DC).
Adding SRST signal on $flatten\SPI0.\spiclk0.$procdff$933 ($dff) from module Display (D = $flatten\SPI0.\spiclk0.$add$SPI.v:176$477_Y [15:0], Q = \SPI0.spiclk0.clk_div, rval = 16'0000000000000000).
Adding SRST signal on $flatten\SPI0.\spiclk0.$procdff$932 ($dff) from module Display (D = $flatten\SPI0.\spiclk0.$2\flag_for_edge[0:0], Q = \SPI0.spiclk0.flag_for_edge, rval = 1'0).
Adding SRST signal on $flatten\SPI0.\spiclk0.$procdff$931 ($dff) from module Display (D = $flatten\SPI0.\spiclk0.$procmux$878_Y, Q = \SPI0.spiclk0.spi_clk, rval = 1'0).
Adding EN signal on $auto$ff.cc:266:slice$1148 ($sdff) from module Display (D = $flatten\SPI0.\spiclk0.$not$SPI.v:172$476_Y, Q = \SPI0.spiclk0.spi_clk).
Adding EN signal on $flatten\SPI0.\spi_datapath0.$procdff$915 ($dff) from module Display (D = $flatten\SPI0.\spi_datapath0.$procmux$568_Y, Q = \SPI0.spi_datapath0.data).
Adding SRST signal on $flatten\SPI0.\spi_datapath0.$procdff$913 ($dff) from module Display (D = $flatten\SPI0.\spi_datapath0.$procmux$591_Y, Q = \SPI0.spi_datapath0.bit_cnt, rval = 7'0000000).
Adding EN signal on $auto$ff.cc:266:slice$1161 ($sdff) from module Display (D = $flatten\SPI0.\spi_datapath0.$add$SPI.v:123$468_Y [6:0], Q = \SPI0.spi_datapath0.bit_cnt).
Adding SRST signal on $flatten\SPI0.\spi_datapath0.$procdff$912 ($dff) from module Display (D = $flatten\SPI0.\spi_datapath0.$procmux$611_Y, Q = \SPI0.spi_datapath0.MOSI, rval = 1'0).
Adding EN signal on $auto$ff.cc:266:slice$1165 ($sdff) from module Display (D = $flatten\SPI0.\spi_datapath0.$procmux$611_Y, Q = \SPI0.spi_datapath0.MOSI).
Adding SRST signal on $flatten\SPI0.\spi_datapath0.$procdff$911 ($dff) from module Display (D = $flatten\SPI0.\spi_datapath0.$procmux$623_Y, Q = \SPI0.spi_datapath0.data_rx, rval = 16'0000000000000000).
Adding EN signal on $auto$ff.cc:266:slice$1173 ($sdff) from module Display (D = { \SPI0.spi_datapath0.data_rx [14:0] \MISO }, Q = \SPI0.spi_datapath0.data_rx).
Adding EN signal on $flatten\SPI0.\control_SPI0.$procdff$930 ($dff) from module Display (D = \SPI0.control_SPI0.configState, Q = \SPI0.control_SPI0.Config_mode).
Adding EN signal on $flatten\SPI0.\control_SPI0.$procdff$927 ($dff) from module Display (D = $flatten\SPI0.\control_SPI0.$procmux$844_Y, Q = \SPI0.control_SPI0.second_pack).

5.12.7. Executing OPT_CLEAN pass (remove unused cells and wires).
Finding unused cells or wires in module \Display..
Removed 32 unused cells and 67 unused wires.

5.12.8. Executing OPT_EXPR pass (perform const folding).
Optimizing module Display.

5.12.9. Rerunning OPT passes. (Maybe there is more to do..)

5.12.10. Executing OPT_MUXTREE pass (detect dead branches in mux trees).
Running muxtree optimizer on module \Display..
  Creating internal representation of mux trees.
  Evaluating internal representation of mux trees.
  Analyzing evaluation results.
Removed 0 multiplexer ports.

5.12.11. Executing OPT_REDUCE pass (consolidate $*mux and $reduce_* inputs).
  Optimizing cells in module \Display.
    New ctrl vector for $pmux cell $flatten\addrCtrl0.\control_addr0.$procmux$760: { \addrCtrl0.control_addr0.state [2] \addrCtrl0.control_addr0.state [5] }
  Optimizing cells in module \Display.
Performed a total of 1 changes.

5.12.12. Executing OPT_MERGE pass (detect identical cells).
Finding identical cells in module `\Display'.
Removed a total of 4 cells.

5.12.13. Executing OPT_DFF pass (perform DFF optimizations).

5.12.14. Executing OPT_CLEAN pass (remove unused cells and wires).
Finding unused cells or wires in module \Display..
Removed 0 unused cells and 4 unused wires.

5.12.15. Executing OPT_EXPR pass (perform const folding).
Optimizing module Display.

5.12.16. Rerunning OPT passes. (Maybe there is more to do..)

5.12.17. Executing OPT_MUXTREE pass (detect dead branches in mux trees).
Running muxtree optimizer on module \Display..
  Creating internal representation of mux trees.
  Evaluating internal representation of mux trees.
  Analyzing evaluation results.
Removed 0 multiplexer ports.

5.12.18. Executing OPT_REDUCE pass (consolidate $*mux and $reduce_* inputs).
  Optimizing cells in module \Display.
Performed a total of 0 changes.

5.12.19. Executing OPT_MERGE pass (detect identical cells).
Finding identical cells in module `\Display'.
Removed a total of 0 cells.

5.12.20. Executing OPT_DFF pass (perform DFF optimizations).

5.12.21. Executing OPT_CLEAN pass (remove unused cells and wires).
Finding unused cells or wires in module \Display..

5.12.22. Executing OPT_EXPR pass (perform const folding).
Optimizing module Display.

5.12.23. Finished OPT passes. (There is nothing left to do.)

5.13. Executing WREDUCE pass (reducing word size of cells).
Removed top 1 address bits (of 13) from memory init port Display.$flatten\dp_ram0.$auto$proc_memwr.cc:45:proc_memwr$934 (dp_ram0.ram).
Removed top 20 address bits (of 32) from memory init port Display.$flatten\dp_ram0.$meminit$\ram$dpram.v:0$65 (dp_ram0.ram).
Removed top 1 address bits (of 13) from memory read port Display.$flatten\dp_ram0.$memrd$\ram$dpram.v:39$53 (dp_ram0.ram).
Removed top 1 address bits (of 13) from memory read port Display.$flatten\dp_ram0.$memrd$\ram$dpram.v:50$64 (dp_ram0.ram).
Removed top 1 bits (of 13) from mux cell Display.$flatten\dp_ram0.$procmux$552 ($mux).
Removed top 1 bits (of 13) from mux cell Display.$flatten\dp_ram0.$procmux$541 ($mux).
Removed top 1 bits (of 4) from port B of cell Display.$auto$fsm_map.cc:77:implement_pattern_cache$1104 ($eq).
Removed top 31 bits (of 32) from port B of cell Display.$flatten\addrCtrl0.\control_addr0.$sub$addrCtrl.v:227$481 ($sub).
Removed top 3 bits (of 32) from port Y of cell Display.$flatten\addrCtrl0.\control_addr0.$sub$addrCtrl.v:227$481 ($sub).
Removed top 1 bits (of 2) from port B of cell Display.$auto$fsm_map.cc:77:implement_pattern_cache$1044 ($eq).
Removed top 20 bits (of 29) from mux cell Display.$flatten\addrCtrl0.\control_addr0.$procmux$694 ($mux).
Removed top 2 bits (of 3) from port B of cell Display.$auto$fsm_map.cc:77:implement_pattern_cache$1042 ($eq).
Removed top 1 bits (of 3) from port B of cell Display.$auto$fsm_map.cc:77:implement_pattern_cache$1087 ($eq).
Removed top 1 bits (of 2) from port B of cell Display.$auto$fsm_map.cc:77:implement_pattern_cache$1083 ($eq).
Removed top 31 bits (of 32) from mux cell Display.$flatten\addrCtrl0.\addr0.$ternary$addrCtrl.v:142$30 ($mux).
Removed top 26 bits (of 32) from port B of cell Display.$flatten\addrCtrl0.\addr0.$lt$addrCtrl.v:143$32 ($lt).
Removed top 20 bits (of 32) from port B of cell Display.$flatten\addrCtrl0.\addr0.$gt$addrCtrl.v:143$34 ($gt).
Removed top 31 bits (of 32) from mux cell Display.$flatten\addrCtrl0.\addr0.$ternary$addrCtrl.v:143$36 ($mux).
Removed top 20 bits (of 32) from port B of cell Display.$flatten\addrCtrl0.\addr0.$lt$addrCtrl.v:155$38 ($lt).
Removed top 31 bits (of 32) from port B of cell Display.$flatten\addrCtrl0.\addr0.$add$addrCtrl.v:155$39 ($add).
Removed top 20 bits (of 32) from port Y of cell Display.$flatten\addrCtrl0.\addr0.$add$addrCtrl.v:155$39 ($add).
Removed top 31 bits (of 32) from port B of cell Display.$flatten\addrCtrl0.\addr0.$add$addrCtrl.v:157$40 ($add).
Removed top 27 bits (of 32) from port Y of cell Display.$flatten\addrCtrl0.\addr0.$add$addrCtrl.v:157$40 ($add).
Removed top 10 bits (of 12) from port B of cell Display.$flatten\addrCtrl0.\addr0.$eq$addrCtrl.v:163$42 ($eq).
Removed top 6 bits (of 12) from port B of cell Display.$flatten\addrCtrl0.\addr0.$eq$addrCtrl.v:163$43 ($eq).
Removed top 31 bits (of 32) from mux cell Display.$flatten\addrCtrl0.\addr0.$ternary$addrCtrl.v:163$45 ($mux).
Removed top 6 bits (of 12) from mux cell Display.$flatten\addrCtrl0.\addr0.$procmux$645 ($mux).
Removed top 1 bits (of 2) from port B of cell Display.$auto$fsm_map.cc:77:implement_pattern_cache$987 ($eq).
Removed top 1 bits (of 2) from port B of cell Display.$auto$fsm_map.cc:77:implement_pattern_cache$1007 ($eq).
Removed top 10 bits (of 16) from port B of cell Display.$flatten\SPI0.\spiclk0.$eq$SPI.v:171$475 ($eq).
Removed top 31 bits (of 32) from port B of cell Display.$flatten\SPI0.\spiclk0.$add$SPI.v:176$477 ($add).
Removed top 16 bits (of 32) from port Y of cell Display.$flatten\SPI0.\spiclk0.$add$SPI.v:176$477 ($add).
Removed top 31 bits (of 32) from mux cell Display.$flatten\SPI0.\spi_datapath0.$ternary$SPI.v:96$462 ($mux).
Removed top 31 bits (of 32) from port B of cell Display.$flatten\SPI0.\spi_datapath0.$add$SPI.v:123$468 ($add).
Removed top 25 bits (of 32) from port Y of cell Display.$flatten\SPI0.\spi_datapath0.$add$SPI.v:123$468 ($add).
Removed top 1 bits (of 3) from port B of cell Display.$auto$fsm_map.cc:77:implement_pattern_cache$1011 ($eq).
Removed top 3 bits (of 7) from port B of cell Display.$flatten\SPI0.\spi_datapath0.$eq$SPI.v:96$459 ($eq).
Removed top 6 bits (of 12) from mux cell Display.$flatten\addrCtrl0.\addr0.$procmux$642 ($mux).
Removed top 25 bits (of 32) from wire Display.$flatten\SPI0.\spi_datapath0.$add$SPI.v:123$468_Y.
Removed top 16 bits (of 32) from wire Display.$flatten\SPI0.\spiclk0.$add$SPI.v:176$477_Y.
Removed top 20 bits (of 32) from wire Display.$flatten\addrCtrl0.\addr0.$add$addrCtrl.v:155$39_Y.
Removed top 20 bits (of 29) from wire Display.$flatten\addrCtrl0.\control_addr0.$5\delay_cnt[28:0].
Removed top 3 bits (of 32) from wire Display.$flatten\addrCtrl0.\control_addr0.$sub$addrCtrl.v:227$481_Y.
Removed top 1 bits (of 13) from wire Display.$flatten\dp_ram0.$0$memwr$\ram$dpram.v:49$51_ADDR[12:0]$55.
Removed top 1 bits (of 13) from wire Display.$flatten\dp_ram0.$2$memwr$\ram$dpram.v:49$51_ADDR[12:0]$61.

5.14. Executing PEEPOPT pass (run peephole optimizers).

5.15. Executing OPT_CLEAN pass (remove unused cells and wires).
Finding unused cells or wires in module \Display..
Removed 0 unused cells and 11 unused wires.

5.16. Executing SHARE pass (SAT-based resource sharing).

5.17. Executing TECHMAP pass (map to technology primitives).

5.17.1. Executing Verilog-2005 frontend: /home/leonardo/miniconda3/envs/digital/bin/../share/yosys/cmp2lut.v
Parsing Verilog input from `/home/leonardo/miniconda3/envs/digital/bin/../share/yosys/cmp2lut.v' to AST representation.
Generating RTLIL representation for module `\_90_lut_cmp_'.
Successfully finished Verilog frontend.

5.17.2. Continuing TECHMAP pass.
No more expansions possible.

5.18. Executing OPT_EXPR pass (perform const folding).
Optimizing module Display.

5.19. Executing OPT_CLEAN pass (remove unused cells and wires).
Finding unused cells or wires in module \Display..

5.20. Executing ALUMACC pass (create $alu and $macc cells).
Extracting $alu and $macc cells in module Display:
  creating $macc model for $flatten\SPI0.\spi_datapath0.$add$SPI.v:123$468 ($add).
  creating $macc model for $flatten\SPI0.\spiclk0.$add$SPI.v:176$477 ($add).
  creating $macc model for $flatten\addrCtrl0.\addr0.$add$addrCtrl.v:155$39 ($add).
  creating $macc model for $flatten\addrCtrl0.\addr0.$add$addrCtrl.v:157$40 ($add).
  creating $macc model for $flatten\addrCtrl0.\control_addr0.$sub$addrCtrl.v:227$481 ($sub).
  creating $alu model for $macc $flatten\addrCtrl0.\control_addr0.$sub$addrCtrl.v:227$481.
  creating $alu model for $macc $flatten\addrCtrl0.\addr0.$add$addrCtrl.v:157$40.
  creating $alu model for $macc $flatten\addrCtrl0.\addr0.$add$addrCtrl.v:155$39.
  creating $alu model for $macc $flatten\SPI0.\spiclk0.$add$SPI.v:176$477.
  creating $alu model for $macc $flatten\SPI0.\spi_datapath0.$add$SPI.v:123$468.
  creating $alu model for $flatten\addrCtrl0.\addr0.$gt$addrCtrl.v:143$34 ($gt): new $alu
  creating $alu model for $flatten\addrCtrl0.\addr0.$lt$addrCtrl.v:143$32 ($lt): new $alu
  creating $alu model for $flatten\addrCtrl0.\addr0.$lt$addrCtrl.v:155$38 ($lt): new $alu
  creating $alu model for $flatten\addrCtrl0.\addr0.$eq$addrCtrl.v:142$28 ($eq): merged with $flatten\addrCtrl0.\addr0.$lt$addrCtrl.v:155$38.
  creating $alu cell for $flatten\addrCtrl0.\addr0.$lt$addrCtrl.v:155$38, $flatten\addrCtrl0.\addr0.$eq$addrCtrl.v:142$28: $auto$alumacc.cc:485:replace_alu$1204
  creating $alu cell for $flatten\addrCtrl0.\addr0.$lt$addrCtrl.v:143$32: $auto$alumacc.cc:485:replace_alu$1211
  creating $alu cell for $flatten\addrCtrl0.\addr0.$gt$addrCtrl.v:143$34: $auto$alumacc.cc:485:replace_alu$1222
  creating $alu cell for $flatten\SPI0.\spi_datapath0.$add$SPI.v:123$468: $auto$alumacc.cc:485:replace_alu$1233
  creating $alu cell for $flatten\SPI0.\spiclk0.$add$SPI.v:176$477: $auto$alumacc.cc:485:replace_alu$1236
  creating $alu cell for $flatten\addrCtrl0.\addr0.$add$addrCtrl.v:155$39: $auto$alumacc.cc:485:replace_alu$1239
  creating $alu cell for $flatten\addrCtrl0.\addr0.$add$addrCtrl.v:157$40: $auto$alumacc.cc:485:replace_alu$1242
  creating $alu cell for $flatten\addrCtrl0.\control_addr0.$sub$addrCtrl.v:227$481: $auto$alumacc.cc:485:replace_alu$1245
  created 8 $alu and 0 $macc cells.

5.21. Executing OPT pass (performing simple optimizations).

5.21.1. Executing OPT_EXPR pass (perform const folding).
Optimizing module Display.

5.21.2. Executing OPT_MERGE pass (detect identical cells).
Finding identical cells in module `\Display'.
Removed a total of 0 cells.

5.21.3. Executing OPT_MUXTREE pass (detect dead branches in mux trees).
Running muxtree optimizer on module \Display..
  Creating internal representation of mux trees.
  Evaluating internal representation of mux trees.
  Analyzing evaluation results.
Removed 0 multiplexer ports.

5.21.4. Executing OPT_REDUCE pass (consolidate $*mux and $reduce_* inputs).
  Optimizing cells in module \Display.
Performed a total of 0 changes.

5.21.5. Executing OPT_MERGE pass (detect identical cells).
Finding identical cells in module `\Display'.
Removed a total of 0 cells.

5.21.6. Executing OPT_DFF pass (perform DFF optimizations).

5.21.7. Executing OPT_CLEAN pass (remove unused cells and wires).
Finding unused cells or wires in module \Display..
Removed 1 unused cells and 6 unused wires.

5.21.8. Executing OPT_EXPR pass (perform const folding).
Optimizing module Display.

5.21.9. Rerunning OPT passes. (Maybe there is more to do..)

5.21.10. Executing OPT_MUXTREE pass (detect dead branches in mux trees).
Running muxtree optimizer on module \Display..
  Creating internal representation of mux trees.
  Evaluating internal representation of mux trees.
  Analyzing evaluation results.
Removed 0 multiplexer ports.

5.21.11. Executing OPT_REDUCE pass (consolidate $*mux and $reduce_* inputs).
  Optimizing cells in module \Display.
Performed a total of 0 changes.

5.21.12. Executing OPT_MERGE pass (detect identical cells).
Finding identical cells in module `\Display'.
Removed a total of 0 cells.

5.21.13. Executing OPT_DFF pass (perform DFF optimizations).

5.21.14. Executing OPT_CLEAN pass (remove unused cells and wires).
Finding unused cells or wires in module \Display..

5.21.15. Executing OPT_EXPR pass (perform const folding).
Optimizing module Display.

5.21.16. Finished OPT passes. (There is nothing left to do.)

5.22. Executing MEMORY pass.

5.22.1. Executing OPT_MEM pass (optimize memories).
Performed a total of 0 transformations.

5.22.2. Executing OPT_MEM_PRIORITY pass (removing unnecessary memory write priority relations).
Performed a total of 0 transformations.

5.22.3. Executing OPT_MEM_FEEDBACK pass (finding memory read-to-write feedback paths).
  Analyzing Display.dp_ram0.ram write port 0.

5.22.4. Executing MEMORY_BMUX2ROM pass (converting muxes to ROMs).

5.22.5. Executing MEMORY_DFF pass (merging $dff cells to $memrd).
Checking read port `\dp_ram0.ram'[0] in module `\Display': merging output FF to cell.
    Write port 0: don't care on collision.
Checking read port `\dp_ram0.ram'[1] in module `\Display': merging output FF to cell.
    Write port 0: non-transparent.

5.22.6. Executing OPT_CLEAN pass (remove unused cells and wires).
Finding unused cells or wires in module \Display..
Removed 2 unused cells and 34 unused wires.

5.22.7. Executing MEMORY_SHARE pass (consolidating $memrd/$memwr cells).
Consolidating read ports of memory Display.dp_ram0.ram by address:

5.22.8. Executing OPT_MEM_WIDEN pass (optimize memories where all ports are wide).
Performed a total of 0 transformations.

5.22.9. Executing OPT_CLEAN pass (remove unused cells and wires).
Finding unused cells or wires in module \Display..

5.22.10. Executing MEMORY_COLLECT pass (generating $mem cells).

5.23. Executing OPT_CLEAN pass (remove unused cells and wires).
Finding unused cells or wires in module \Display..

5.24. Executing MEMORY_LIBMAP pass (mapping memories to cells).
mapping memory Display.dp_ram0.ram via $__ICE40_RAM4K_

5.25. Executing TECHMAP pass (map to technology primitives).

5.25.1. Executing Verilog-2005 frontend: /home/leonardo/miniconda3/envs/digital/bin/../share/yosys/ice40/brams_map.v
Parsing Verilog input from `/home/leonardo/miniconda3/envs/digital/bin/../share/yosys/ice40/brams_map.v' to AST representation.
Generating RTLIL representation for module `\$__ICE40_RAM4K_'.
Successfully finished Verilog frontend.

5.25.2. Executing Verilog-2005 frontend: /home/leonardo/miniconda3/envs/digital/bin/../share/yosys/ice40/spram_map.v
Parsing Verilog input from `/home/leonardo/miniconda3/envs/digital/bin/../share/yosys/ice40/spram_map.v' to AST representation.
Generating RTLIL representation for module `\$__ICE40_SPRAM_'.
Successfully finished Verilog frontend.

5.25.3. Continuing TECHMAP pass.
Using template $paramod$3576ef889ac3e85f87564590e46f7fc6bb736f4a\$__ICE40_RAM4K_ for cells of type $__ICE40_RAM4K_.
Using template $paramod$4a8c6d1700213536e849f5128da45222ffbbba8b\$__ICE40_RAM4K_ for cells of type $__ICE40_RAM4K_.
Using template $paramod$3cd2a0feac7e532210bec189b58a4c13d6c5ecc2\$__ICE40_RAM4K_ for cells of type $__ICE40_RAM4K_.
Using template $paramod$2f2c451e8fd970cfca26cfb585bc43892ca5dc94\$__ICE40_RAM4K_ for cells of type $__ICE40_RAM4K_.
Using template $paramod$51ec0c5b8311b0d4ccd77867cfebe4bcd12744d5\$__ICE40_RAM4K_ for cells of type $__ICE40_RAM4K_.
Using template $paramod$0266c60a815f5cba1e2ddfa00d027df158b86790\$__ICE40_RAM4K_ for cells of type $__ICE40_RAM4K_.
Using template $paramod$bc55c1ec911e79008c93c044a301ccf17188c98e\$__ICE40_RAM4K_ for cells of type $__ICE40_RAM4K_.
Using template $paramod$a9f0d201db34bbd42f514840294926835cdba13f\$__ICE40_RAM4K_ for cells of type $__ICE40_RAM4K_.
Using template $paramod$12ba0c96b98d0a58852bdcc3445e6e1c7f8ed91b\$__ICE40_RAM4K_ for cells of type $__ICE40_RAM4K_.
No more expansions possible.

5.26. Executing ICE40_BRAMINIT pass.

5.27. Executing OPT pass (performing simple optimizations).

5.27.1. Executing OPT_EXPR pass (perform const folding).
Optimizing module Display.

5.27.2. Executing OPT_MERGE pass (detect identical cells).
Finding identical cells in module `\Display'.
Removed a total of 1 cells.

5.27.3. Executing OPT_DFF pass (perform DFF optimizations).
Removing always-active EN on $auto$memory_libmap.cc:1625:generate_mux$1334 ($dffe) from module Display.
Adding SRST signal on $auto$mem.cc:1616:emulate_read_first$1287 ($dff) from module Display (D = $flatten\dp_ram0.$2$memwr$\ram$dpram.v:49$51_EN[15:0]$63 [15], Q = $auto$mem.cc:1613:emulate_read_first$1284, rval = 1'0).
Removing always-active EN on $auto$mem.cc:1137:emulate_transparency$1299 ($dffe) from module Display.

5.27.4. Executing OPT_CLEAN pass (remove unused cells and wires).
Finding unused cells or wires in module \Display..
Removed 1 unused cells and 472 unused wires.

5.27.5. Rerunning OPT passes. (Removed registers in this run.)

5.27.6. Executing OPT_EXPR pass (perform const folding).
Optimizing module Display.

5.27.7. Executing OPT_MERGE pass (detect identical cells).
Finding identical cells in module `\Display'.
Removed a total of 0 cells.

5.27.8. Executing OPT_DFF pass (perform DFF optimizations).
Adding SRST signal on $auto$ff.cc:266:slice$1152 ($dffe) from module Display (D = \dp_ram0.dat_b [0], Q = \SPI0.spi_datapath0.data [0], rval = 1'0).

5.27.9. Executing OPT_CLEAN pass (remove unused cells and wires).
Finding unused cells or wires in module \Display..

5.27.10. Rerunning OPT passes. (Removed registers in this run.)

5.27.11. Executing OPT_EXPR pass (perform const folding).
Optimizing module Display.

5.27.12. Executing OPT_MERGE pass (detect identical cells).
Finding identical cells in module `\Display'.
Removed a total of 0 cells.

5.27.13. Executing OPT_DFF pass (perform DFF optimizations).

5.27.14. Executing OPT_CLEAN pass (remove unused cells and wires).
Finding unused cells or wires in module \Display..

5.27.15. Finished fast OPT passes.

5.28. Executing MEMORY_MAP pass (converting memories to logic and flip-flops).

5.29. Executing OPT pass (performing simple optimizations).

5.29.1. Executing OPT_EXPR pass (perform const folding).
Optimizing module Display.

5.29.2. Executing OPT_MERGE pass (detect identical cells).
Finding identical cells in module `\Display'.
Removed a total of 0 cells.

5.29.3. Executing OPT_MUXTREE pass (detect dead branches in mux trees).
Running muxtree optimizer on module \Display..
  Creating internal representation of mux trees.
  Evaluating internal representation of mux trees.
  Analyzing evaluation results.
Removed 0 multiplexer ports.

5.29.4. Executing OPT_REDUCE pass (consolidate $*mux and $reduce_* inputs).
  Optimizing cells in module \Display.
    Consolidated identical input bits for $mux cell $flatten\addrCtrl0.\control_addr0.$procmux$694:
      Old ports: A=9'000100110, B=9'100101100, Y=$auto$wreduce.cc:461:run$1196 [8:0]
      New ports: A=2'01, B=2'10, Y={ $auto$wreduce.cc:461:run$1196 [3] $auto$wreduce.cc:461:run$1196 [1] }
      New connections: { $auto$wreduce.cc:461:run$1196 [8:4] $auto$wreduce.cc:461:run$1196 [2] $auto$wreduce.cc:461:run$1196 [0] } = { $auto$wreduce.cc:461:run$1196 [3] 6'001010 }
  Optimizing cells in module \Display.
Performed a total of 3 changes.

5.29.5. Executing OPT_MERGE pass (detect identical cells).
Finding identical cells in module `\Display'.
Removed a total of 0 cells.

5.29.6. Executing OPT_DFF pass (perform DFF optimizations).

5.29.7. Executing OPT_CLEAN pass (remove unused cells and wires).
Finding unused cells or wires in module \Display..

5.29.8. Executing OPT_EXPR pass (perform const folding).
Optimizing module Display.

5.29.9. Rerunning OPT passes. (Maybe there is more to do..)

5.29.10. Executing OPT_MUXTREE pass (detect dead branches in mux trees).
Running muxtree optimizer on module \Display..
  Creating internal representation of mux trees.
  Evaluating internal representation of mux trees.
  Analyzing evaluation results.
Removed 0 multiplexer ports.

5.29.11. Executing OPT_REDUCE pass (consolidate $*mux and $reduce_* inputs).
  Optimizing cells in module \Display.
Performed a total of 0 changes.

5.29.12. Executing OPT_MERGE pass (detect identical cells).
Finding identical cells in module `\Display'.
Removed a total of 0 cells.

5.29.13. Executing OPT_DFF pass (perform DFF optimizations).

5.29.14. Executing OPT_CLEAN pass (remove unused cells and wires).
Finding unused cells or wires in module \Display..

5.29.15. Executing OPT_EXPR pass (perform const folding).
Optimizing module Display.

5.29.16. Finished OPT passes. (There is nothing left to do.)

5.30. Executing ICE40_WRAPCARRY pass (wrap carries).

5.31. Executing TECHMAP pass (map to technology primitives).

5.31.1. Executing Verilog-2005 frontend: /home/leonardo/miniconda3/envs/digital/bin/../share/yosys/techmap.v
Parsing Verilog input from `/home/leonardo/miniconda3/envs/digital/bin/../share/yosys/techmap.v' to AST representation.
Generating RTLIL representation for module `\_90_simplemap_bool_ops'.
Generating RTLIL representation for module `\_90_simplemap_reduce_ops'.
Generating RTLIL representation for module `\_90_simplemap_logic_ops'.
Generating RTLIL representation for module `\_90_simplemap_compare_ops'.
Generating RTLIL representation for module `\_90_simplemap_various'.
Generating RTLIL representation for module `\_90_simplemap_registers'.
Generating RTLIL representation for module `\_90_shift_ops_shr_shl_sshl_sshr'.
Generating RTLIL representation for module `\_90_shift_shiftx'.
Generating RTLIL representation for module `\_90_fa'.
Generating RTLIL representation for module `\_90_lcu'.
Generating RTLIL representation for module `\_90_alu'.
Generating RTLIL representation for module `\_90_macc'.
Generating RTLIL representation for module `\_90_alumacc'.
Generating RTLIL representation for module `\$__div_mod_u'.
Generating RTLIL representation for module `\$__div_mod_trunc'.
Generating RTLIL representation for module `\_90_div'.
Generating RTLIL representation for module `\_90_mod'.
Generating RTLIL representation for module `\$__div_mod_floor'.
Generating RTLIL representation for module `\_90_divfloor'.
Generating RTLIL representation for module `\_90_modfloor'.
Generating RTLIL representation for module `\_90_pow'.
Generating RTLIL representation for module `\_90_pmux'.
Generating RTLIL representation for module `\_90_demux'.
Generating RTLIL representation for module `\_90_lut'.
Successfully finished Verilog frontend.

5.31.2. Executing Verilog-2005 frontend: /home/leonardo/miniconda3/envs/digital/bin/../share/yosys/ice40/arith_map.v
Parsing Verilog input from `/home/leonardo/miniconda3/envs/digital/bin/../share/yosys/ice40/arith_map.v' to AST representation.
Generating RTLIL representation for module `\_80_ice40_alu'.
Successfully finished Verilog frontend.

5.31.3. Continuing TECHMAP pass.
Using extmapper simplemap for cells of type $sdffce.
Using extmapper simplemap for cells of type $dffe.
Using extmapper simplemap for cells of type $eq.
Using extmapper simplemap for cells of type $and.
Using extmapper simplemap for cells of type $adffe.
Using extmapper simplemap for cells of type $reduce_or.
Using template $paramod$824a2ca00d29d886599434cf8ea60471635f2955\_90_demux for cells of type $demux.
Using extmapper simplemap for cells of type $not.
Using extmapper simplemap for cells of type $reduce_and.
Using extmapper simplemap for cells of type $or.
Using extmapper simplemap for cells of type $adff.
Using extmapper simplemap for cells of type $ne.
Using extmapper simplemap for cells of type $logic_not.
Using extmapper simplemap for cells of type $dff.
Using extmapper simplemap for cells of type $reduce_bool.
Using extmapper simplemap for cells of type $mux.
Using extmapper simplemap for cells of type $sdffe.
Using template $paramod$b4f77559cc9a241738bc2a5f6c0923147e9a0644\_80_ice40_alu for cells of type $alu.
Using extmapper simplemap for cells of type $logic_and.
Using template $paramod$ee3d784672cdb1cb32d9a801a3af776716f16b74\_80_ice40_alu for cells of type $alu.
Using template $paramod$103b4016182df467cceab67bcf3e18e6361ec0fd\_80_ice40_alu for cells of type $alu.
Using extmapper simplemap for cells of type $logic_or.
Using template $paramod$672a140277c71df8314410f22acc08d55222c3c7\_80_ice40_alu for cells of type $alu.
Using template $paramod$b15d28721ac58edd44c77fb51c9f8c001a741924\_80_ice40_alu for cells of type $alu.
Using extmapper simplemap for cells of type $sdff.
Using template $paramod$8f780356cb6cdb52f6a744190131b65634639c4e\_80_ice40_alu for cells of type $alu.
Using template $paramod$2af30114e9bd4ccb04dad757b3f0a8f6bf0615b0\_80_ice40_alu for cells of type $alu.
Using extmapper simplemap for cells of type $xor.
Using extmapper simplemap for cells of type $pos.
No more expansions possible.

5.32. Executing OPT pass (performing simple optimizations).

5.32.1. Executing OPT_EXPR pass (perform const folding).
Optimizing module Display.

5.32.2. Executing OPT_MERGE pass (detect identical cells).
Finding identical cells in module `\Display'.
Removed a total of 83 cells.

5.32.3. Executing OPT_DFF pass (perform DFF optimizations).

5.32.4. Executing OPT_CLEAN pass (remove unused cells and wires).
Finding unused cells or wires in module \Display..
Removed 60 unused cells and 295 unused wires.

5.32.5. Finished fast OPT passes.

5.33. Executing ICE40_OPT pass (performing simple optimizations).

5.33.1. Running ICE40 specific optimizations.
Optimized $__ICE40_CARRY_WRAPPER cell back to logic (without SB_CARRY) Display.$auto$alumacc.cc:485:replace_alu$1204.slice[0].carry: CO=\addrCtrl0.addr0.address [0]
Optimized $__ICE40_CARRY_WRAPPER cell back to logic (without SB_CARRY) Display.$auto$alumacc.cc:485:replace_alu$1211.slice[0].carry: CO=$auto$alumacc.cc:485:replace_alu$1211.BB [0]
Optimized $__ICE40_CARRY_WRAPPER cell back to logic (without SB_CARRY) Display.$auto$alumacc.cc:485:replace_alu$1222.slice[0].carry: CO=\addrCtrl0.addr0.address [0]
Optimized $__ICE40_CARRY_WRAPPER cell back to logic (without SB_CARRY) Display.$auto$alumacc.cc:485:replace_alu$1233.slice[0].carry: CO=\SPI0.spi_datapath0.bit_cnt [0]
Optimized $__ICE40_CARRY_WRAPPER cell back to logic (without SB_CARRY) Display.$auto$alumacc.cc:485:replace_alu$1236.slice[0].carry: CO=\SPI0.spiclk0.clk_div [0]
Optimized $__ICE40_CARRY_WRAPPER cell back to logic (without SB_CARRY) Display.$auto$alumacc.cc:485:replace_alu$1239.slice[0].carry: CO=\addrCtrl0.addr0.address [0]
Optimized $__ICE40_CARRY_WRAPPER cell back to logic (without SB_CARRY) Display.$auto$alumacc.cc:485:replace_alu$1242.slice[0].carry: CO=\addrCtrl0.addr0.pointerResets [0]
Optimized $__ICE40_CARRY_WRAPPER cell back to logic (without SB_CARRY) Display.$auto$alumacc.cc:485:replace_alu$1245.slice[0].carry: CO=\addrCtrl0.control_addr0.delay_cnt [0]

5.33.2. Executing OPT_EXPR pass (perform const folding).
Optimizing module Display.

5.33.3. Executing OPT_MERGE pass (detect identical cells).
Finding identical cells in module `\Display'.
Removed a total of 1 cells.

5.33.4. Executing OPT_DFF pass (perform DFF optimizations).

5.33.5. Executing OPT_CLEAN pass (remove unused cells and wires).
Finding unused cells or wires in module \Display..
Removed 2 unused cells and 1 unused wires.

5.33.6. Rerunning OPT passes. (Removed registers in this run.)

5.33.7. Running ICE40 specific optimizations.

5.33.8. Executing OPT_EXPR pass (perform const folding).
Optimizing module Display.

5.33.9. Executing OPT_MERGE pass (detect identical cells).
Finding identical cells in module `\Display'.
Removed a total of 0 cells.

5.33.10. Executing OPT_DFF pass (perform DFF optimizations).

5.33.11. Executing OPT_CLEAN pass (remove unused cells and wires).
Finding unused cells or wires in module \Display..

5.33.12. Finished OPT passes. (There is nothing left to do.)

5.34. Executing DFFLEGALIZE pass (convert FFs to types supported by the target).

5.35. Executing TECHMAP pass (map to technology primitives).

5.35.1. Executing Verilog-2005 frontend: /home/leonardo/miniconda3/envs/digital/bin/../share/yosys/ice40/ff_map.v
Parsing Verilog input from `/home/leonardo/miniconda3/envs/digital/bin/../share/yosys/ice40/ff_map.v' to AST representation.
Generating RTLIL representation for module `\$_DFF_N_'.
Generating RTLIL representation for module `\$_DFF_P_'.
Generating RTLIL representation for module `\$_DFFE_NP_'.
Generating RTLIL representation for module `\$_DFFE_PP_'.
Generating RTLIL representation for module `\$_DFF_NP0_'.
Generating RTLIL representation for module `\$_DFF_NP1_'.
Generating RTLIL representation for module `\$_DFF_PP0_'.
Generating RTLIL representation for module `\$_DFF_PP1_'.
Generating RTLIL representation for module `\$_DFFE_NP0P_'.
Generating RTLIL representation for module `\$_DFFE_NP1P_'.
Generating RTLIL representation for module `\$_DFFE_PP0P_'.
Generating RTLIL representation for module `\$_DFFE_PP1P_'.
Generating RTLIL representation for module `\$_SDFF_NP0_'.
Generating RTLIL representation for module `\$_SDFF_NP1_'.
Generating RTLIL representation for module `\$_SDFF_PP0_'.
Generating RTLIL representation for module `\$_SDFF_PP1_'.
Generating RTLIL representation for module `\$_SDFFCE_NP0P_'.
Generating RTLIL representation for module `\$_SDFFCE_NP1P_'.
Generating RTLIL representation for module `\$_SDFFCE_PP0P_'.
Generating RTLIL representation for module `\$_SDFFCE_PP1P_'.
Successfully finished Verilog frontend.

5.35.2. Continuing TECHMAP pass.
Using template \$_SDFFCE_PP0P_ for cells of type $_SDFFCE_PP0P_.
Using template \$_SDFF_NP0_ for cells of type $_SDFF_NP0_.
Using template \$_SDFFCE_NP0P_ for cells of type $_SDFFCE_NP0P_.
Using template \$_DFF_P_ for cells of type $_DFF_P_.
Using template \$_DFFE_PP_ for cells of type $_DFFE_PP_.
Using template \$_DFF_PP0_ for cells of type $_DFF_PP0_.
Using template \$_DFFE_NP1P_ for cells of type $_DFFE_NP1P_.
Using template \$_DFF_PP1_ for cells of type $_DFF_PP1_.
Using template \$_DFFE_NP0P_ for cells of type $_DFFE_NP0P_.
Using template \$_DFF_NP0_ for cells of type $_DFF_NP0_.
Using template \$_SDFF_PP0_ for cells of type $_SDFF_PP0_.
No more expansions possible.

5.36. Executing OPT_EXPR pass (perform const folding).
Optimizing module Display.

5.37. Executing SIMPLEMAP pass (map simple cells to gate primitives).
Mapping Display.$auto$alumacc.cc:485:replace_alu$1233.slice[0].carry ($lut).
Mapping Display.$auto$alumacc.cc:485:replace_alu$1236.slice[0].carry ($lut).
Mapping Display.$auto$alumacc.cc:485:replace_alu$1239.slice[0].carry ($lut).
Mapping Display.$auto$alumacc.cc:485:replace_alu$1242.slice[0].carry ($lut).
Mapping Display.$auto$alumacc.cc:485:replace_alu$1245.slice[0].carry ($lut).

5.38. Executing ICE40_OPT pass (performing simple optimizations).

5.38.1. Running ICE40 specific optimizations.

5.38.2. Executing OPT_EXPR pass (perform const folding).
Optimizing module Display.

5.38.3. Executing OPT_MERGE pass (detect identical cells).
Finding identical cells in module `\Display'.
Removed a total of 66 cells.

5.38.4. Executing OPT_DFF pass (perform DFF optimizations).

5.38.5. Executing OPT_CLEAN pass (remove unused cells and wires).
Finding unused cells or wires in module \Display..
Removed 0 unused cells and 1052 unused wires.

5.38.6. Rerunning OPT passes. (Removed registers in this run.)

5.38.7. Running ICE40 specific optimizations.

5.38.8. Executing OPT_EXPR pass (perform const folding).
Optimizing module Display.

5.38.9. Executing OPT_MERGE pass (detect identical cells).
Finding identical cells in module `\Display'.
Removed a total of 0 cells.

5.38.10. Executing OPT_DFF pass (perform DFF optimizations).

5.38.11. Executing OPT_CLEAN pass (remove unused cells and wires).
Finding unused cells or wires in module \Display..

5.38.12. Finished OPT passes. (There is nothing left to do.)

5.39. Executing TECHMAP pass (map to technology primitives).

5.39.1. Executing Verilog-2005 frontend: /home/leonardo/miniconda3/envs/digital/bin/../share/yosys/ice40/latches_map.v
Parsing Verilog input from `/home/leonardo/miniconda3/envs/digital/bin/../share/yosys/ice40/latches_map.v' to AST representation.
Generating RTLIL representation for module `\$_DLATCH_N_'.
Generating RTLIL representation for module `\$_DLATCH_P_'.
Successfully finished Verilog frontend.

5.39.2. Continuing TECHMAP pass.
No more expansions possible.

5.40. Executing ABC pass (technology mapping using ABC).

5.40.1. Extracting gate netlist of module `\Display' to `<abc-temp-dir>/input.blif'..
Extracted 476 gates and 756 wires to a netlist network with 278 inputs and 135 outputs.

5.40.1.1. Executing ABC.
Running ABC command: "<yosys-exe-dir>/yosys-abc" -s -f <abc-temp-dir>/abc.script 2>&1
ABC: ABC command line: "source <abc-temp-dir>/abc.script".
ABC: 
ABC: + read_blif <abc-temp-dir>/input.blif 
ABC: + read_lut <abc-temp-dir>/lutdefs.txt 
ABC: + strash 
ABC: + &get -n 
ABC: + &fraig -x 
ABC: + &put 
ABC: + scorr 
ABC: Warning: The network is combinational (run "fraig" or "fraig_sweep").
ABC: + dc2 
ABC: + dretime 
ABC: + strash 
ABC: + dch -f 
ABC: + if 
ABC: + mfs2 
ABC: + lutpack -S 1 
ABC: + dress <abc-temp-dir>/input.blif 
ABC: Total number of equiv classes                =     207.
ABC: Participating nodes from both networks       =     434.
ABC: Participating nodes from the first network   =     209. (  83.27 % of nodes)
ABC: Participating nodes from the second network  =     225. (  89.64 % of nodes)
ABC: Node pairs (any polarity)                    =     209. (  83.27 % of names can be moved)
ABC: Node pairs (same polarity)                   =     153. (  60.96 % of names can be moved)
ABC: Total runtime =     0.01 sec
ABC: + write_blif <abc-temp-dir>/output.blif 

5.40.1.2. Re-integrating ABC results.
ABC RESULTS:              $lut cells:      250
ABC RESULTS:        internal signals:      343
ABC RESULTS:           input signals:      278
ABC RESULTS:          output signals:      135
Removing temp directory.

5.41. Executing ICE40_WRAPCARRY pass (wrap carries).

5.42. Executing TECHMAP pass (map to technology primitives).

5.42.1. Executing Verilog-2005 frontend: /home/leonardo/miniconda3/envs/digital/bin/../share/yosys/ice40/ff_map.v
Parsing Verilog input from `/home/leonardo/miniconda3/envs/digital/bin/../share/yosys/ice40/ff_map.v' to AST representation.
Generating RTLIL representation for module `\$_DFF_N_'.
Generating RTLIL representation for module `\$_DFF_P_'.
Generating RTLIL representation for module `\$_DFFE_NP_'.
Generating RTLIL representation for module `\$_DFFE_PP_'.
Generating RTLIL representation for module `\$_DFF_NP0_'.
Generating RTLIL representation for module `\$_DFF_NP1_'.
Generating RTLIL representation for module `\$_DFF_PP0_'.
Generating RTLIL representation for module `\$_DFF_PP1_'.
Generating RTLIL representation for module `\$_DFFE_NP0P_'.
Generating RTLIL representation for module `\$_DFFE_NP1P_'.
Generating RTLIL representation for module `\$_DFFE_PP0P_'.
Generating RTLIL representation for module `\$_DFFE_PP1P_'.
Generating RTLIL representation for module `\$_SDFF_NP0_'.
Generating RTLIL representation for module `\$_SDFF_NP1_'.
Generating RTLIL representation for module `\$_SDFF_PP0_'.
Generating RTLIL representation for module `\$_SDFF_PP1_'.
Generating RTLIL representation for module `\$_SDFFCE_NP0P_'.
Generating RTLIL representation for module `\$_SDFFCE_NP1P_'.
Generating RTLIL representation for module `\$_SDFFCE_PP0P_'.
Generating RTLIL representation for module `\$_SDFFCE_PP1P_'.
Successfully finished Verilog frontend.

5.42.2. Continuing TECHMAP pass.
No more expansions possible.
Removed 38 unused cells and 467 unused wires.

5.43. Executing OPT_LUT pass (optimize LUTs).
Discovering LUTs.
Number of LUTs:      313
  1-LUT               20
  2-LUT               67
  3-LUT              166
  4-LUT               60
  with \SB_CARRY    (#0)   59
  with \SB_CARRY    (#1)   60

Eliminating LUTs.
Number of LUTs:      313
  1-LUT               20
  2-LUT               67
  3-LUT              166
  4-LUT               60
  with \SB_CARRY    (#0)   59
  with \SB_CARRY    (#1)   60

Combining LUTs.
Number of LUTs:      280
  1-LUT               20
  2-LUT               32
  3-LUT              137
  4-LUT               91
  with \SB_CARRY    (#0)   59
  with \SB_CARRY    (#1)   60

Eliminated 0 LUTs.
Combined 33 LUTs.

5.44. Executing TECHMAP pass (map to technology primitives).

5.44.1. Executing Verilog-2005 frontend: /home/leonardo/miniconda3/envs/digital/bin/../share/yosys/ice40/cells_map.v
Parsing Verilog input from `/home/leonardo/miniconda3/envs/digital/bin/../share/yosys/ice40/cells_map.v' to AST representation.
Generating RTLIL representation for module `\$lut'.
Successfully finished Verilog frontend.

5.44.2. Continuing TECHMAP pass.
Using template $paramod\$lut\WIDTH=32'00000000000000000000000000000011\LUT=8'00110101 for cells of type $lut.
Using template $paramod\$lut\WIDTH=32'00000000000000000000000000000011\LUT=8'01011100 for cells of type $lut.
Using template $paramod\$lut\WIDTH=32'00000000000000000000000000000011\LUT=8'00111010 for cells of type $lut.
Using template $paramod$658b9ed803f0d3d335616d3858b53e0a2522f1e8\$lut for cells of type $lut.
Using template $paramod\$lut\WIDTH=32'00000000000000000000000000000011\LUT=8'01000000 for cells of type $lut.
Using template $paramod$d7f4570f04f68175b1fa25c1bac92938027a2c96\$lut for cells of type $lut.
Using template $paramod\$lut\WIDTH=32'00000000000000000000000000000011\LUT=8'10000000 for cells of type $lut.
Using template $paramod\$lut\WIDTH=32'00000000000000000000000000000001\LUT=2'01 for cells of type $lut.
Using template $paramod\$lut\WIDTH=32'00000000000000000000000000000010\LUT=4'0001 for cells of type $lut.
Using template $paramod\$lut\WIDTH=32'00000000000000000000000000000011\LUT=8'11101111 for cells of type $lut.
Using template $paramod\$lut\WIDTH=32'00000000000000000000000000000010\LUT=4'1011 for cells of type $lut.
Using template $paramod$272652f6c6fbe9a75eff76e45cc7e2788835518b\$lut for cells of type $lut.
Using template $paramod$6e238df02989b317f10820a22773676e71120644\$lut for cells of type $lut.
Using template $paramod$571404c0889eaf57f492cb5e37f8acb5df5852f9\$lut for cells of type $lut.
Using template $paramod\$lut\WIDTH=32'00000000000000000000000000000010\LUT=4'1110 for cells of type $lut.
Using template $paramod$175104ad114973f30397e1a69eae08cff730fc58\$lut for cells of type $lut.
Using template $paramod$2d07c1a6c53c7b878509360922c4fa5ebedc3011\$lut for cells of type $lut.
Using template $paramod\$lut\WIDTH=32'00000000000000000000000000000011\LUT=8'10100011 for cells of type $lut.
Using template $paramod$12e9049d8709286a770fe60b59ec4d94c39ce3c9\$lut for cells of type $lut.
Using template $paramod\$lut\WIDTH=32'00000000000000000000000000000011\LUT=8'11110001 for cells of type $lut.
Using template $paramod$0de052767abdccc3aefc818722bdc3c7850d25d6\$lut for cells of type $lut.
Using template $paramod\$lut\WIDTH=32'00000000000000000000000000000010\LUT=4'1000 for cells of type $lut.
Using template $paramod$fd904e9e35cfd343a9df248824bd3f1408724879\$lut for cells of type $lut.
Using template $paramod\$lut\WIDTH=32'00000000000000000000000000000011\LUT=8'11111000 for cells of type $lut.
Using template $paramod\$lut\WIDTH=32'00000000000000000000000000000011\LUT=8'00010000 for cells of type $lut.
Using template $paramod\$lut\WIDTH=32'00000000000000000000000000000011\LUT=8'00001011 for cells of type $lut.
Using template $paramod\$lut\WIDTH=32'00000000000000000000000000000011\LUT=8'01010011 for cells of type $lut.
Using template $paramod$a59507d273cd827eb6c46c37820d50a1b717efdf\$lut for cells of type $lut.
Using template $paramod\$lut\WIDTH=32'00000000000000000000000000000011\LUT=8'00000001 for cells of type $lut.
Using template $paramod$1bf62ab10e48d71d6497bccacf5c70420c470fe9\$lut for cells of type $lut.
Using template $paramod\$lut\WIDTH=32'00000000000000000000000000000010\LUT=4'0100 for cells of type $lut.
Using template $paramod$d4fae2c0d9ad2966369cd4e39b81c71bcd1327c9\$lut for cells of type $lut.
Using template $paramod\$lut\WIDTH=32'00000000000000000000000000000011\LUT=8'11100000 for cells of type $lut.
Using template $paramod\$lut\WIDTH=32'00000000000000000000000000000011\LUT=8'00001101 for cells of type $lut.
Using template $paramod$6e46ec5a196ba1a24b8e69ab094cadc07c13ac1f\$lut for cells of type $lut.
Using template $paramod$b4f15f202f50520dbc381cd0880ac94f830f05a8\$lut for cells of type $lut.
Using template $paramod$6d6beead1425af15cf78b27fd9b11b41b5d4bce8\$lut for cells of type $lut.
Using template $paramod$9850450c7f2ce6ec6d61697515f47872a7c4eee5\$lut for cells of type $lut.
Using template $paramod\$lut\WIDTH=32'00000000000000000000000000000011\LUT=8'11111110 for cells of type $lut.
Using template $paramod$6b0849254d6c87461fb93e37cc18f089f61eb912\$lut for cells of type $lut.
Using template $paramod$1b006f6294a954502e34ffd3347cb58c2cb14ad8\$lut for cells of type $lut.
Using template $paramod$bb4fff1cc3b827238aa40993cafede1c5beecbe3\$lut for cells of type $lut.
Using template $paramod\$lut\WIDTH=32'00000000000000000000000000000011\LUT=8'11110100 for cells of type $lut.
Using template $paramod$c24ed72ebb67e9ead6029e42e909ef7fc0abbb11\$lut for cells of type $lut.
Using template $paramod$e5759512db67494ff77fbdfc66dff4006376568f\$lut for cells of type $lut.
Using template $paramod\$lut\WIDTH=32'00000000000000000000000000000010\LUT=4'0111 for cells of type $lut.
Using template $paramod$973818279bc95792902f3c09371fd2407d04a2a5\$lut for cells of type $lut.
Using template $paramod\$lut\WIDTH=32'00000000000000000000000000000011\LUT=8'01110000 for cells of type $lut.
Using template $paramod$c471af5667a682bd131a5b479e58e470d1b2b7cd\$lut for cells of type $lut.
Using template $paramod$8c24dc0cdd336b7fb88bbf7eed45cec5cbae862b\$lut for cells of type $lut.
No more expansions possible.
Removed 0 unused cells and 667 unused wires.

5.45. Executing AUTONAME pass.
Renamed 8443 objects in module Display (40 iterations).

5.46. Executing HIERARCHY pass (managing design hierarchy).

5.46.1. Analyzing design hierarchy..
Top module:  \Display

5.46.2. Analyzing design hierarchy..
Top module:  \Display
Removed 0 unused modules.

5.47. Printing statistics.

=== Display ===

   Number of wires:                402
   Number of wire bits:           1698
   Number of public wires:         402
   Number of public wire bits:    1698
   Number of memories:               0
   Number of memory bits:            0
   Number of processes:              0
   Number of cells:                594
     SB_CARRY                       92
     SB_DFF                         56
     SB_DFFE                        35
     SB_DFFESR                      54
     SB_DFFNER                       1
     SB_DFFNES                       1
     SB_DFFNESR                     18
     SB_DFFNR                        1
     SB_DFFNSR                      17
     SB_DFFR                         5
     SB_DFFS                         1
     SB_DFFSR                        1
     SB_LUT4                       280
     SB_RAM40_4K                    32

5.48. Executing CHECK pass (checking for obvious problems).
Checking module Display...
Found and reported 0 problems.

6. Executing Verilog backend.

6.1. Executing BMUXMAP pass.

6.2. Executing DEMUXMAP pass.
Dumping module `\Display'.

Warnings: 5 unique messages, 9 total
End of script. Logfile hash: 7f0084e748, CPU: user 2.91s system 0.01s, MEM: 27.28 MB peak
Yosys 0.33+6 (git sha1 41b34a193, x86_64-conda-linux-gnu-cc 11.2.0 -fvisibility-inlines-hidden -fmessage-length=0 -march=nocona -mtune=haswell -ftree-vectorize -fPIC -fstack-protector-strong -fno-plt -O2 -ffunction-sections -fdebug-prefix-map=/root/conda-eda/conda-eda/workdir/conda-env/conda-bld/yosys_1694128612374/work=/usr/local/src/conda/yosys-0.33_7_g41b34a193 -fdebug-prefix-map=/home/leonardo/miniconda3/envs/digital=/usr/local/src/conda-prefix -fPIC -Os -fno-merge-constants)
Time spent: 70% 7x techmap (2 sec), 9% 16x read_verilog (0 sec), ...
