
 /----------------------------------------------------------------------------\
 |                                                                            |
 |  yosys -- Yosys Open SYnthesis Suite                                       |
 |                                                                            |
 |  Copyright (C) 2012 - 2020  Claire Xenia Wolf <claire@yosyshq.com>         |
 |                                                                            |
 |  Permission to use, copy, modify, and/or distribute this software for any  |
 |  purpose with or without fee is hereby granted, provided that the above    |
 |  copyright notice and this permission notice appear in all copies.         |
 |                                                                            |
 |  THE SOFTWARE IS PROVIDED "AS IS" AND THE AUTHOR DISCLAIMS ALL WARRANTIES  |
 |  WITH REGARD TO THIS SOFTWARE INCLUDING ALL IMPLIED WARRANTIES OF          |
 |  MERCHANTABILITY AND FITNESS. IN NO EVENT SHALL THE AUTHOR BE LIABLE FOR   |
 |  ANY SPECIAL, DIRECT, INDIRECT, OR CONSEQUENTIAL DAMAGES OR ANY DAMAGES    |
 |  WHATSOEVER RESULTING FROM LOSS OF USE, DATA OR PROFITS, WHETHER IN AN     |
 |  ACTION OF CONTRACT, NEGLIGENCE OR OTHER TORTIOUS ACTION, ARISING OUT OF   |
 |  OR IN CONNECTION WITH THE USE OR PERFORMANCE OF THIS SOFTWARE.            |
 |                                                                            |
 \----------------------------------------------------------------------------/

 Yosys 0.33+6 (git sha1 41b34a193, x86_64-conda-linux-gnu-cc 11.2.0 -fvisibility-inlines-hidden -fmessage-length=0 -march=nocona -mtune=haswell -ftree-vectorize -fPIC -fstack-protector-strong -fno-plt -O2 -ffunction-sections -fdebug-prefix-map=/root/conda-eda/conda-eda/workdir/conda-env/conda-bld/yosys_1694128612374/work=/usr/local/src/conda/yosys-0.33_7_g41b34a193 -fdebug-prefix-map=/home/leonardo/miniconda3/envs/digital=/usr/local/src/conda-prefix -fPIC -Os -fno-merge-constants)


-- Parsing `SOC.v' using frontend ` -vlog2k' --

1. Executing Verilog-2005 frontend: SOC.v
Parsing Verilog input from `SOC.v' to AST representation.
Storing AST representation for module `$abstract\SOC'.
Successfully finished Verilog frontend.

-- Parsing `cores/bram/bram.v' using frontend ` -vlog2k' --

2. Executing Verilog-2005 frontend: cores/bram/bram.v
Parsing Verilog input from `cores/bram/bram.v' to AST representation.
Storing AST representation for module `$abstract\bram'.
Successfully finished Verilog frontend.

-- Parsing `cores/cpu/femtorv32_quark_V2.v' using frontend ` -vlog2k' --

3. Executing Verilog-2005 frontend: cores/cpu/femtorv32_quark_V2.v
Parsing Verilog input from `cores/cpu/femtorv32_quark_V2.v' to AST representation.
Storing AST representation for module `$abstract\FemtoRV32'.
Successfully finished Verilog frontend.

-- Parsing `cores/uart/perip_uart.v' using frontend ` -vlog2k' --

4. Executing Verilog-2005 frontend: cores/uart/perip_uart.v
Parsing Verilog input from `cores/uart/perip_uart.v' to AST representation.
Storing AST representation for module `$abstract\peripheral_uart'.
Successfully finished Verilog frontend.

-- Parsing `cores/uart/uart.v' using frontend ` -vlog2k' --

5. Executing Verilog-2005 frontend: cores/uart/uart.v
Parsing Verilog input from `cores/uart/uart.v' to AST representation.
Storing AST representation for module `$abstract\uart'.
Successfully finished Verilog frontend.

-- Parsing `cores/MiCalculadora/Led/bcd_siete_seg.v' using frontend ` -vlog2k' --

6. Executing Verilog-2005 frontend: cores/MiCalculadora/Led/bcd_siete_seg.v
Parsing Verilog input from `cores/MiCalculadora/Led/bcd_siete_seg.v' to AST representation.
Storing AST representation for module `$abstract\bcd_siete_seg'.
Successfully finished Verilog frontend.

-- Parsing `cores/MiCalculadora/Led/Com.v' using frontend ` -vlog2k' --

7. Executing Verilog-2005 frontend: cores/MiCalculadora/Led/Com.v
Parsing Verilog input from `cores/MiCalculadora/Led/Com.v' to AST representation.
Storing AST representation for module `$abstract\Com'.
Storing AST representation for module `$abstract\data_path_Com'.
Storing AST representation for module `$abstract\clk_div'.
Storing AST representation for module `$abstract\Control_Com'.
Successfully finished Verilog frontend.

-- Parsing `cores/MiCalculadora/Led/frac_bcd.v' using frontend ` -vlog2k' --

8. Executing Verilog-2005 frontend: cores/MiCalculadora/Led/frac_bcd.v
Parsing Verilog input from `cores/MiCalculadora/Led/frac_bcd.v' to AST representation.
Storing AST representation for module `$abstract\frac_bcd'.
Storing AST representation for module `$abstract\data_path_frac'.
Storing AST representation for module `$abstract\Control_frac'.
Successfully finished Verilog frontend.

-- Parsing `cores/MiCalculadora/Led/Led.v' using frontend ` -vlog2k' --

9. Executing Verilog-2005 frontend: cores/MiCalculadora/Led/Led.v
Parsing Verilog input from `cores/MiCalculadora/Led/Led.v' to AST representation.
Storing AST representation for module `$abstract\Led'.
Successfully finished Verilog frontend.

-- Parsing `cores/MiCalculadora/Led/perip_Led.v' using frontend ` -vlog2k' --

10. Executing Verilog-2005 frontend: cores/MiCalculadora/Led/perip_Led.v
Parsing Verilog input from `cores/MiCalculadora/Led/perip_Led.v' to AST representation.
Storing AST representation for module `$abstract\peripheral_Led'.
Successfully finished Verilog frontend.

-- Parsing `cores/MiCalculadora/Teclado/Teclado.v' using frontend ` -vlog2k' --

11. Executing Verilog-2005 frontend: cores/MiCalculadora/Teclado/Teclado.v
Parsing Verilog input from `cores/MiCalculadora/Teclado/Teclado.v' to AST representation.
Warning: Literal has a width of 5 bit, but value requires 6 bit. (cores/MiCalculadora/Teclado/Teclado.v:122)
Storing AST representation for module `$abstract\Teclado'.
Storing AST representation for module `$abstract\data_tcl'.
Storing AST representation for module `$abstract\Control_Teclado'.
Successfully finished Verilog frontend.

-- Parsing `cores/MiCalculadora/Teclado/perip_Teclado.v' using frontend ` -vlog2k' --

12. Executing Verilog-2005 frontend: cores/MiCalculadora/Teclado/perip_Teclado.v
Parsing Verilog input from `cores/MiCalculadora/Teclado/perip_Teclado.v' to AST representation.
Storing AST representation for module `$abstract\peripheral_Teclado'.
Successfully finished Verilog frontend.

-- Parsing `cores/MiCalculadora/Operadores/Bcd_Binario/perip_Rev_Double_Dabble.v' using frontend ` -vlog2k' --

13. Executing Verilog-2005 frontend: cores/MiCalculadora/Operadores/Bcd_Binario/perip_Rev_Double_Dabble.v
Parsing Verilog input from `cores/MiCalculadora/Operadores/Bcd_Binario/perip_Rev_Double_Dabble.v' to AST representation.
Storing AST representation for module `$abstract\peripheral_Rdd'.
Successfully finished Verilog frontend.

-- Parsing `cores/MiCalculadora/Operadores/Bcd_Binario/Rev_Double_Dabble.v' using frontend ` -vlog2k' --

14. Executing Verilog-2005 frontend: cores/MiCalculadora/Operadores/Bcd_Binario/Rev_Double_Dabble.v
Parsing Verilog input from `cores/MiCalculadora/Operadores/Bcd_Binario/Rev_Double_Dabble.v' to AST representation.
Storing AST representation for module `$abstract\Rev_Double_Dabble'.
Storing AST representation for module `$abstract\out_reg'.
Storing AST representation for module `$abstract\R_Nbl'.
Storing AST representation for module `$abstract\Control'.
Successfully finished Verilog frontend.

-- Parsing `cores/MiCalculadora/Operadores/Binario_Bcd/perip_Double_Dabble.v' using frontend ` -vlog2k' --

15. Executing Verilog-2005 frontend: cores/MiCalculadora/Operadores/Binario_Bcd/perip_Double_Dabble.v
Parsing Verilog input from `cores/MiCalculadora/Operadores/Binario_Bcd/perip_Double_Dabble.v' to AST representation.
Storing AST representation for module `$abstract\peripheral_dd'.
Successfully finished Verilog frontend.

-- Parsing `cores/MiCalculadora/Operadores/Binario_Bcd/Double_Dabble.v' using frontend ` -vlog2k' --

16. Executing Verilog-2005 frontend: cores/MiCalculadora/Operadores/Binario_Bcd/Double_Dabble.v
Parsing Verilog input from `cores/MiCalculadora/Operadores/Binario_Bcd/Double_Dabble.v' to AST representation.
Storing AST representation for module `$abstract\Double_Dabble'.
Storing AST representation for module `$abstract\initial_reg'.
Storing AST representation for module `$abstract\Nbl'.
Storing AST representation for module `$abstract\Nbl7'.
Storing AST representation for module `$abstract\Control_DD'.
Successfully finished Verilog frontend.

-- Parsing `cores/MiCalculadora/Operadores/División/perip_Div.v' using frontend ` -vlog2k' --

17. Executing Verilog-2005 frontend: cores/MiCalculadora/Operadores/División/perip_Div.v
Parsing Verilog input from `cores/MiCalculadora/Operadores/División/perip_Div.v' to AST representation.
Storing AST representation for module `$abstract\peripheral_div'.
Successfully finished Verilog frontend.

-- Parsing `cores/MiCalculadora/Operadores/División/Div.v' using frontend ` -vlog2k' --

18. Executing Verilog-2005 frontend: cores/MiCalculadora/Operadores/División/Div.v
Parsing Verilog input from `cores/MiCalculadora/Operadores/División/Div.v' to AST representation.
Storing AST representation for module `$abstract\Div'.
Storing AST representation for module `$abstract\Data_path_Div'.
Storing AST representation for module `$abstract\Control_Div'.
Successfully finished Verilog frontend.

-- Parsing `cores/MiCalculadora/Operadores/Multiplicación/perip_mult.v' using frontend ` -vlog2k' --

19. Executing Verilog-2005 frontend: cores/MiCalculadora/Operadores/Multiplicación/perip_mult.v
Parsing Verilog input from `cores/MiCalculadora/Operadores/Multiplicación/perip_mult.v' to AST representation.
Storing AST representation for module `$abstract\peripheral_mult'.
Successfully finished Verilog frontend.

-- Parsing `cores/MiCalculadora/Operadores/Multiplicación/mult_32.v' using frontend ` -vlog2k' --

20. Executing Verilog-2005 frontend: cores/MiCalculadora/Operadores/Multiplicación/mult_32.v
Parsing Verilog input from `cores/MiCalculadora/Operadores/Multiplicación/mult_32.v' to AST representation.
Storing AST representation for module `$abstract\mult_32'.
Successfully finished Verilog frontend.

-- Parsing `cores/MiCalculadora/Operadores/Multiplicación/acc.v' using frontend ` -vlog2k' --

21. Executing Verilog-2005 frontend: cores/MiCalculadora/Operadores/Multiplicación/acc.v
Parsing Verilog input from `cores/MiCalculadora/Operadores/Multiplicación/acc.v' to AST representation.
Storing AST representation for module `$abstract\acc'.
Successfully finished Verilog frontend.

-- Parsing `cores/MiCalculadora/Operadores/Multiplicación/comp.v' using frontend ` -vlog2k' --

22. Executing Verilog-2005 frontend: cores/MiCalculadora/Operadores/Multiplicación/comp.v
Parsing Verilog input from `cores/MiCalculadora/Operadores/Multiplicación/comp.v' to AST representation.
Storing AST representation for module `$abstract\comp'.
Successfully finished Verilog frontend.

-- Parsing `cores/MiCalculadora/Operadores/Multiplicación/lsr_mult.v' using frontend ` -vlog2k' --

23. Executing Verilog-2005 frontend: cores/MiCalculadora/Operadores/Multiplicación/lsr_mult.v
Parsing Verilog input from `cores/MiCalculadora/Operadores/Multiplicación/lsr_mult.v' to AST representation.
Storing AST representation for module `$abstract\lsr_mult'.
Successfully finished Verilog frontend.

-- Parsing `cores/MiCalculadora/Operadores/Multiplicación/control_mult.v' using frontend ` -vlog2k' --

24. Executing Verilog-2005 frontend: cores/MiCalculadora/Operadores/Multiplicación/control_mult.v
Parsing Verilog input from `cores/MiCalculadora/Operadores/Multiplicación/control_mult.v' to AST representation.
Storing AST representation for module `$abstract\control_mult'.
Successfully finished Verilog frontend.

-- Parsing `cores/MiCalculadora/Operadores/Multiplicación/rsr.v' using frontend ` -vlog2k' --

25. Executing Verilog-2005 frontend: cores/MiCalculadora/Operadores/Multiplicación/rsr.v
Parsing Verilog input from `cores/MiCalculadora/Operadores/Multiplicación/rsr.v' to AST representation.
Storing AST representation for module `$abstract\rsr'.
Successfully finished Verilog frontend.

-- Parsing `cores/MiCalculadora/Operadores/Raiz/perip_Root.v' using frontend ` -vlog2k' --

26. Executing Verilog-2005 frontend: cores/MiCalculadora/Operadores/Raiz/perip_Root.v
Parsing Verilog input from `cores/MiCalculadora/Operadores/Raiz/perip_Root.v' to AST representation.
Storing AST representation for module `$abstract\peripheral_Root'.
Successfully finished Verilog frontend.

-- Parsing `cores/MiCalculadora/Operadores/Raiz/Root.v' using frontend ` -vlog2k' --

27. Executing Verilog-2005 frontend: cores/MiCalculadora/Operadores/Raiz/Root.v
Parsing Verilog input from `cores/MiCalculadora/Operadores/Raiz/Root.v' to AST representation.
Storing AST representation for module `$abstract\Root'.
Storing AST representation for module `$abstract\Data_path_sqrt'.
Storing AST representation for module `$abstract\Control_sqrt'.
Successfully finished Verilog frontend.

-- Parsing `cores/DISPLAY/Integraciòn/addrCtrl.v' using frontend ` -vlog2k' --

28. Executing Verilog-2005 frontend: cores/DISPLAY/Integraciòn/addrCtrl.v
Parsing Verilog input from `cores/DISPLAY/Integraciòn/addrCtrl.v' to AST representation.
Storing AST representation for module `$abstract\addrCtrl'.
Storing AST representation for module `$abstract\DC'.
Storing AST representation for module `$abstract\addr'.
Storing AST representation for module `$abstract\control_addr'.
Successfully finished Verilog frontend.

-- Parsing `cores/DISPLAY/Integraciòn/SPI.v' using frontend ` -vlog2k' --

29. Executing Verilog-2005 frontend: cores/DISPLAY/Integraciòn/SPI.v
Parsing Verilog input from `cores/DISPLAY/Integraciòn/SPI.v' to AST representation.
Storing AST representation for module `$abstract\SPI'.
Storing AST representation for module `$abstract\spi_datapath'.
Storing AST representation for module `$abstract\spiclk'.
Storing AST representation for module `$abstract\control_SPI'.
Successfully finished Verilog frontend.

-- Parsing `cores/DISPLAY/Integraciòn/dpram.v' using frontend ` -vlog2k' --

30. Executing Verilog-2005 frontend: cores/DISPLAY/Integraciòn/dpram.v
Parsing Verilog input from `cores/DISPLAY/Integraciòn/dpram.v' to AST representation.
Storing AST representation for module `$abstract\dpram'.
Successfully finished Verilog frontend.

-- Parsing `cores/DISPLAY/Integraciòn/Display.v' using frontend ` -vlog2k' --

31. Executing Verilog-2005 frontend: cores/DISPLAY/Integraciòn/Display.v
Parsing Verilog input from `cores/DISPLAY/Integraciòn/Display.v' to AST representation.
Storing AST representation for module `$abstract\Display'.
Successfully finished Verilog frontend.

-- Parsing `cores/DISPLAY/Integraciòn/perip_Display.v' using frontend ` -vlog2k' --

32. Executing Verilog-2005 frontend: cores/DISPLAY/Integraciòn/perip_Display.v
Parsing Verilog input from `cores/DISPLAY/Integraciòn/perip_Display.v' to AST representation.
Storing AST representation for module `$abstract\peripheral_Display'.
Successfully finished Verilog frontend.

-- Running command ` synth_ecp5 -top SOC -json SOC.json; write_verilog -attr2comment SOC_synth.v' --

33. Executing SYNTH_ECP5 pass.

33.1. Executing Verilog-2005 frontend: /home/leonardo/miniconda3/envs/digital/bin/../share/yosys/ecp5/cells_sim.v
Parsing Verilog input from `/home/leonardo/miniconda3/envs/digital/bin/../share/yosys/ecp5/cells_sim.v' to AST representation.
Generating RTLIL representation for module `\LUT4'.
Generating RTLIL representation for module `\$__ABC9_LUT5'.
Generating RTLIL representation for module `\$__ABC9_LUT6'.
Generating RTLIL representation for module `\$__ABC9_LUT7'.
Generating RTLIL representation for module `\L6MUX21'.
Generating RTLIL representation for module `\CCU2C'.
Generating RTLIL representation for module `\TRELLIS_RAM16X2'.
Generating RTLIL representation for module `\PFUMX'.
Generating RTLIL representation for module `\TRELLIS_DPR16X4'.
Generating RTLIL representation for module `\DPR16X4C'.
Generating RTLIL representation for module `\LUT2'.
Generating RTLIL representation for module `\TRELLIS_FF'.
Generating RTLIL representation for module `\TRELLIS_IO'.
Generating RTLIL representation for module `\INV'.
Generating RTLIL representation for module `\TRELLIS_COMB'.
Generating RTLIL representation for module `\DP16KD'.
Generating RTLIL representation for module `\FD1P3AX'.
Generating RTLIL representation for module `\FD1P3AY'.
Generating RTLIL representation for module `\FD1P3BX'.
Generating RTLIL representation for module `\FD1P3DX'.
Generating RTLIL representation for module `\FD1P3IX'.
Generating RTLIL representation for module `\FD1P3JX'.
Generating RTLIL representation for module `\FD1S3AX'.
Generating RTLIL representation for module `\FD1S3AY'.
Generating RTLIL representation for module `\FD1S3BX'.
Generating RTLIL representation for module `\FD1S3DX'.
Generating RTLIL representation for module `\FD1S3IX'.
Generating RTLIL representation for module `\FD1S3JX'.
Generating RTLIL representation for module `\IFS1P3BX'.
Generating RTLIL representation for module `\IFS1P3DX'.
Generating RTLIL representation for module `\IFS1P3IX'.
Generating RTLIL representation for module `\IFS1P3JX'.
Generating RTLIL representation for module `\OFS1P3BX'.
Generating RTLIL representation for module `\OFS1P3DX'.
Generating RTLIL representation for module `\OFS1P3IX'.
Generating RTLIL representation for module `\OFS1P3JX'.
Generating RTLIL representation for module `\IB'.
Generating RTLIL representation for module `\IBPU'.
Generating RTLIL representation for module `\IBPD'.
Generating RTLIL representation for module `\OB'.
Generating RTLIL representation for module `\OBZ'.
Generating RTLIL representation for module `\OBZPU'.
Generating RTLIL representation for module `\OBZPD'.
Generating RTLIL representation for module `\OBCO'.
Generating RTLIL representation for module `\BB'.
Generating RTLIL representation for module `\BBPU'.
Generating RTLIL representation for module `\BBPD'.
Generating RTLIL representation for module `\ILVDS'.
Generating RTLIL representation for module `\OLVDS'.
Successfully finished Verilog frontend.

33.2. Executing Verilog-2005 frontend: /home/leonardo/miniconda3/envs/digital/bin/../share/yosys/ecp5/cells_bb.v
Parsing Verilog input from `/home/leonardo/miniconda3/envs/digital/bin/../share/yosys/ecp5/cells_bb.v' to AST representation.
Generating RTLIL representation for module `\MULT18X18D'.
Generating RTLIL representation for module `\ALU54B'.
Generating RTLIL representation for module `\EHXPLLL'.
Generating RTLIL representation for module `\DTR'.
Generating RTLIL representation for module `\OSCG'.
Generating RTLIL representation for module `\USRMCLK'.
Generating RTLIL representation for module `\JTAGG'.
Generating RTLIL representation for module `\DELAYF'.
Generating RTLIL representation for module `\DELAYG'.
Generating RTLIL representation for module `\IDDRX1F'.
Generating RTLIL representation for module `\IDDRX2F'.
Generating RTLIL representation for module `\IDDR71B'.
Generating RTLIL representation for module `\IDDRX2DQA'.
Generating RTLIL representation for module `\ODDRX1F'.
Generating RTLIL representation for module `\ODDRX2F'.
Generating RTLIL representation for module `\ODDR71B'.
Generating RTLIL representation for module `\OSHX2A'.
Generating RTLIL representation for module `\ODDRX2DQA'.
Generating RTLIL representation for module `\ODDRX2DQSB'.
Generating RTLIL representation for module `\TSHX2DQA'.
Generating RTLIL representation for module `\TSHX2DQSA'.
Generating RTLIL representation for module `\DQSBUFM'.
Generating RTLIL representation for module `\DDRDLLA'.
Generating RTLIL representation for module `\DLLDELD'.
Generating RTLIL representation for module `\CLKDIVF'.
Generating RTLIL representation for module `\ECLKSYNCB'.
Generating RTLIL representation for module `\ECLKBRIDGECS'.
Generating RTLIL representation for module `\DCCA'.
Generating RTLIL representation for module `\DCSC'.
Generating RTLIL representation for module `\DCUA'.
Generating RTLIL representation for module `\EXTREFB'.
Generating RTLIL representation for module `\PCSCLKDIV'.
Generating RTLIL representation for module `\PUR'.
Generating RTLIL representation for module `\GSR'.
Generating RTLIL representation for module `\SGSR'.
Generating RTLIL representation for module `\PDPW16KD'.
Successfully finished Verilog frontend.

33.3. Executing HIERARCHY pass (managing design hierarchy).

33.4. Executing AST frontend in derive mode using pre-parsed AST for module `\SOC'.
Generating RTLIL representation for module `\SOC'.
SOC.v:100: Warning: Identifier `\C0' is implicitly declared.
SOC.v:101: Warning: Identifier `\C1' is implicitly declared.
SOC.v:102: Warning: Identifier `\C2' is implicitly declared.
SOC.v:103: Warning: Identifier `\C3' is implicitly declared.
SOC.v:104: Warning: Identifier `\R0' is implicitly declared.
SOC.v:105: Warning: Identifier `\R1' is implicitly declared.
SOC.v:106: Warning: Identifier `\R2' is implicitly declared.
SOC.v:107: Warning: Identifier `\R3' is implicitly declared.

33.4.1. Analyzing design hierarchy..
Top module:  \SOC

33.4.2. Executing AST frontend in derive mode using pre-parsed AST for module `\peripheral_Display'.
Generating RTLIL representation for module `\peripheral_Display'.

33.4.3. Executing AST frontend in derive mode using pre-parsed AST for module `\peripheral_dd'.
Generating RTLIL representation for module `\peripheral_dd'.

33.4.4. Executing AST frontend in derive mode using pre-parsed AST for module `\peripheral_Root'.
Generating RTLIL representation for module `\peripheral_Root'.

33.4.5. Executing AST frontend in derive mode using pre-parsed AST for module `\peripheral_div'.
Generating RTLIL representation for module `\peripheral_div'.

33.4.6. Executing AST frontend in derive mode using pre-parsed AST for module `\peripheral_mult'.
Generating RTLIL representation for module `\peripheral_mult'.

33.4.7. Executing AST frontend in derive mode using pre-parsed AST for module `\peripheral_Rdd'.
Generating RTLIL representation for module `\peripheral_Rdd'.

33.4.8. Executing AST frontend in derive mode using pre-parsed AST for module `\peripheral_Teclado'.
Generating RTLIL representation for module `\peripheral_Teclado'.
Parameter \clk_freq = 26000000
Parameter \baud = 115200

33.4.9. Executing AST frontend in derive mode using pre-parsed AST for module `\peripheral_uart'.
Parameter \clk_freq = 26000000
Parameter \baud = 115200
Generating RTLIL representation for module `$paramod$e6d04b969bf2e003005da0092106b7e60df8a87d\peripheral_uart'.

33.4.10. Executing AST frontend in derive mode using pre-parsed AST for module `\bram'.
Generating RTLIL representation for module `\bram'.

33.4.11. Executing AST frontend in derive mode using pre-parsed AST for module `\FemtoRV32'.
Generating RTLIL representation for module `\FemtoRV32'.

33.4.12. Analyzing design hierarchy..
Top module:  \SOC
Used module:     \peripheral_Display
Used module:     \peripheral_dd
Used module:     \peripheral_Root
Used module:     \peripheral_div
Used module:     \peripheral_mult
Used module:     \peripheral_Rdd
Used module:     \peripheral_Teclado
Used module:     $paramod$e6d04b969bf2e003005da0092106b7e60df8a87d\peripheral_uart
Used module:     \bram
Used module:     \FemtoRV32

33.4.13. Executing AST frontend in derive mode using pre-parsed AST for module `\Teclado'.
Generating RTLIL representation for module `\Teclado'.

33.4.14. Executing AST frontend in derive mode using pre-parsed AST for module `\Rev_Double_Dabble'.
Generating RTLIL representation for module `\Rev_Double_Dabble'.
cores/MiCalculadora/Operadores/Bcd_Binario/Rev_Double_Dabble.v:43: Warning: Identifier `\w_LSBN7' is implicitly declared.

33.4.15. Executing AST frontend in derive mode using pre-parsed AST for module `\mult_32'.
Generating RTLIL representation for module `\mult_32'.

33.4.16. Executing AST frontend in derive mode using pre-parsed AST for module `\Div'.
Generating RTLIL representation for module `\Div'.

33.4.17. Executing AST frontend in derive mode using pre-parsed AST for module `\Root'.
Generating RTLIL representation for module `\Root'.

33.4.18. Executing AST frontend in derive mode using pre-parsed AST for module `\Double_Dabble'.
Generating RTLIL representation for module `\Double_Dabble'.

33.4.19. Executing AST frontend in derive mode using pre-parsed AST for module `\Display'.
Generating RTLIL representation for module `\Display'.
cores/DISPLAY/Integraciòn/Display.v:76: Warning: Identifier `\frst_done' is implicitly declared.
Parameter \freq_hz = 26000000
Parameter \baud = 115200

33.4.20. Executing AST frontend in derive mode using pre-parsed AST for module `\uart'.
Parameter \freq_hz = 26000000
Parameter \baud = 115200
Generating RTLIL representation for module `$paramod$3e616a0e06e4648ce82d4c7cdb2269fbdad4d203\uart'.

33.4.21. Analyzing design hierarchy..
Top module:  \SOC
Used module:     \peripheral_Display
Used module:         \Display
Used module:     \peripheral_dd
Used module:         \Double_Dabble
Used module:     \peripheral_Root
Used module:         \Root
Used module:     \peripheral_div
Used module:         \Div
Used module:     \peripheral_mult
Used module:         \mult_32
Used module:     \peripheral_Rdd
Used module:         \Rev_Double_Dabble
Used module:     \peripheral_Teclado
Used module:         \Teclado
Used module:     $paramod$e6d04b969bf2e003005da0092106b7e60df8a87d\peripheral_uart
Used module:         $paramod$3e616a0e06e4648ce82d4c7cdb2269fbdad4d203\uart
Used module:     \bram
Used module:     \FemtoRV32
Parameter \slowing_factor = 38
Parameter \number_of_bits = 8

33.4.22. Executing AST frontend in derive mode using pre-parsed AST for module `\SPI'.
Parameter \slowing_factor = 38
Parameter \number_of_bits = 8
Generating RTLIL representation for module `$paramod$157d5bd568672011744b42139657351a6a904fb1\SPI'.
Parameter \slowing_factor = 38

33.4.23. Executing AST frontend in derive mode using pre-parsed AST for module `\addrCtrl'.
Parameter \slowing_factor = 38
Generating RTLIL representation for module `$paramod\addrCtrl\slowing_factor=s32'00000000000000000000000000100110'.

33.4.24. Executing AST frontend in derive mode using pre-parsed AST for module `\dpram'.
Generating RTLIL representation for module `\dpram'.

33.4.25. Executing AST frontend in derive mode using pre-parsed AST for module `\Nbl7'.
Generating RTLIL representation for module `\Nbl7'.

33.4.26. Executing AST frontend in derive mode using pre-parsed AST for module `\Nbl'.
Generating RTLIL representation for module `\Nbl'.

33.4.27. Executing AST frontend in derive mode using pre-parsed AST for module `\initial_reg'.
Generating RTLIL representation for module `\initial_reg'.

33.4.28. Executing AST frontend in derive mode using pre-parsed AST for module `\Control_DD'.
Generating RTLIL representation for module `\Control_DD'.

33.4.29. Executing AST frontend in derive mode using pre-parsed AST for module `\Data_path_sqrt'.
Generating RTLIL representation for module `\Data_path_sqrt'.

33.4.30. Executing AST frontend in derive mode using pre-parsed AST for module `\Control_sqrt'.
Generating RTLIL representation for module `\Control_sqrt'.

33.4.31. Executing AST frontend in derive mode using pre-parsed AST for module `\Data_path_Div'.
Generating RTLIL representation for module `\Data_path_Div'.

33.4.32. Executing AST frontend in derive mode using pre-parsed AST for module `\Control_Div'.
Generating RTLIL representation for module `\Control_Div'.

33.4.33. Executing AST frontend in derive mode using pre-parsed AST for module `\control_mult'.
Generating RTLIL representation for module `\control_mult'.

33.4.34. Executing AST frontend in derive mode using pre-parsed AST for module `\acc'.
Generating RTLIL representation for module `\acc'.

33.4.35. Executing AST frontend in derive mode using pre-parsed AST for module `\comp'.
Generating RTLIL representation for module `\comp'.

33.4.36. Executing AST frontend in derive mode using pre-parsed AST for module `\lsr_mult'.
Generating RTLIL representation for module `\lsr_mult'.

33.4.37. Executing AST frontend in derive mode using pre-parsed AST for module `\rsr'.
Generating RTLIL representation for module `\rsr'.

33.4.38. Executing AST frontend in derive mode using pre-parsed AST for module `\R_Nbl'.
Generating RTLIL representation for module `\R_Nbl'.

33.4.39. Executing AST frontend in derive mode using pre-parsed AST for module `\out_reg'.
Generating RTLIL representation for module `\out_reg'.

33.4.40. Executing AST frontend in derive mode using pre-parsed AST for module `\Control'.
Generating RTLIL representation for module `\Control'.

33.4.41. Executing AST frontend in derive mode using pre-parsed AST for module `\Control_Teclado'.
Generating RTLIL representation for module `\Control_Teclado'.

33.4.42. Executing AST frontend in derive mode using pre-parsed AST for module `\data_tcl'.
Generating RTLIL representation for module `\data_tcl'.

33.4.43. Analyzing design hierarchy..
Top module:  \SOC
Used module:     \peripheral_Display
Used module:         \Display
Used module:             $paramod$157d5bd568672011744b42139657351a6a904fb1\SPI
Used module:             $paramod\addrCtrl\slowing_factor=s32'00000000000000000000000000100110
Used module:             \dpram
Used module:     \peripheral_dd
Used module:         \Double_Dabble
Used module:             \Nbl7
Used module:             \Nbl
Used module:             \initial_reg
Used module:             \Control_DD
Used module:     \peripheral_Root
Used module:         \Root
Used module:             \Data_path_sqrt
Used module:             \Control_sqrt
Used module:     \peripheral_div
Used module:         \Div
Used module:             \Data_path_Div
Used module:             \Control_Div
Used module:     \peripheral_mult
Used module:         \mult_32
Used module:             \control_mult
Used module:             \acc
Used module:             \comp
Used module:             \lsr_mult
Used module:             \rsr
Used module:     \peripheral_Rdd
Used module:         \Rev_Double_Dabble
Used module:             \R_Nbl
Used module:             \out_reg
Used module:             \Control
Used module:     \peripheral_Teclado
Used module:         \Teclado
Used module:             \Control_Teclado
Used module:             \data_tcl
Used module:     $paramod$e6d04b969bf2e003005da0092106b7e60df8a87d\peripheral_uart
Used module:         $paramod$3e616a0e06e4648ce82d4c7cdb2269fbdad4d203\uart
Used module:     \bram
Used module:     \FemtoRV32

33.4.44. Executing AST frontend in derive mode using pre-parsed AST for module `\control_SPI'.
Generating RTLIL representation for module `\control_SPI'.
Parameter \slowing_factor = 38

33.4.45. Executing AST frontend in derive mode using pre-parsed AST for module `\spiclk'.
Parameter \slowing_factor = 38
Generating RTLIL representation for module `$paramod\spiclk\slowing_factor=s32'00000000000000000000000000100110'.
Parameter \number_of_bits = 8

33.4.46. Executing AST frontend in derive mode using pre-parsed AST for module `\spi_datapath'.
Parameter \number_of_bits = 8
Generating RTLIL representation for module `$paramod\spi_datapath\number_of_bits=s32'00000000000000000000000000001000'.
Parameter \slowing_factor = 38

33.4.47. Executing AST frontend in derive mode using pre-parsed AST for module `\control_addr'.
Parameter \slowing_factor = 38
Generating RTLIL representation for module `$paramod\control_addr\slowing_factor=s32'00000000000000000000000000100110'.

33.4.48. Executing AST frontend in derive mode using pre-parsed AST for module `\addr'.
Generating RTLIL representation for module `\addr'.

33.4.49. Executing AST frontend in derive mode using pre-parsed AST for module `\DC'.
Generating RTLIL representation for module `\DC'.

33.4.50. Analyzing design hierarchy..
Top module:  \SOC
Used module:     \peripheral_Display
Used module:         \Display
Used module:             $paramod$157d5bd568672011744b42139657351a6a904fb1\SPI
Used module:                 \control_SPI
Used module:                 $paramod\spiclk\slowing_factor=s32'00000000000000000000000000100110
Used module:                 $paramod\spi_datapath\number_of_bits=s32'00000000000000000000000000001000
Used module:             $paramod\addrCtrl\slowing_factor=s32'00000000000000000000000000100110
Used module:                 $paramod\control_addr\slowing_factor=s32'00000000000000000000000000100110
Used module:                 \addr
Used module:                 \DC
Used module:             \dpram
Used module:     \peripheral_dd
Used module:         \Double_Dabble
Used module:             \Nbl7
Used module:             \Nbl
Used module:             \initial_reg
Used module:             \Control_DD
Used module:     \peripheral_Root
Used module:         \Root
Used module:             \Data_path_sqrt
Used module:             \Control_sqrt
Used module:     \peripheral_div
Used module:         \Div
Used module:             \Data_path_Div
Used module:             \Control_Div
Used module:     \peripheral_mult
Used module:         \mult_32
Used module:             \control_mult
Used module:             \acc
Used module:             \comp
Used module:             \lsr_mult
Used module:             \rsr
Used module:     \peripheral_Rdd
Used module:         \Rev_Double_Dabble
Used module:             \R_Nbl
Used module:             \out_reg
Used module:             \Control
Used module:     \peripheral_Teclado
Used module:         \Teclado
Used module:             \Control_Teclado
Used module:             \data_tcl
Used module:     $paramod$e6d04b969bf2e003005da0092106b7e60df8a87d\peripheral_uart
Used module:         $paramod$3e616a0e06e4648ce82d4c7cdb2269fbdad4d203\uart
Used module:     \bram
Used module:     \FemtoRV32

33.4.51. Analyzing design hierarchy..
Top module:  \SOC
Used module:     \peripheral_Display
Used module:         \Display
Used module:             $paramod$157d5bd568672011744b42139657351a6a904fb1\SPI
Used module:                 \control_SPI
Used module:                 $paramod\spiclk\slowing_factor=s32'00000000000000000000000000100110
Used module:                 $paramod\spi_datapath\number_of_bits=s32'00000000000000000000000000001000
Used module:             $paramod\addrCtrl\slowing_factor=s32'00000000000000000000000000100110
Used module:                 $paramod\control_addr\slowing_factor=s32'00000000000000000000000000100110
Used module:                 \addr
Used module:                 \DC
Used module:             \dpram
Used module:     \peripheral_dd
Used module:         \Double_Dabble
Used module:             \Nbl7
Used module:             \Nbl
Used module:             \initial_reg
Used module:             \Control_DD
Used module:     \peripheral_Root
Used module:         \Root
Used module:             \Data_path_sqrt
Used module:             \Control_sqrt
Used module:     \peripheral_div
Used module:         \Div
Used module:             \Data_path_Div
Used module:             \Control_Div
Used module:     \peripheral_mult
Used module:         \mult_32
Used module:             \control_mult
Used module:             \acc
Used module:             \comp
Used module:             \lsr_mult
Used module:             \rsr
Used module:     \peripheral_Rdd
Used module:         \Rev_Double_Dabble
Used module:             \R_Nbl
Used module:             \out_reg
Used module:             \Control
Used module:     \peripheral_Teclado
Used module:         \Teclado
Used module:             \Control_Teclado
Used module:             \data_tcl
Used module:     $paramod$e6d04b969bf2e003005da0092106b7e60df8a87d\peripheral_uart
Used module:         $paramod$3e616a0e06e4648ce82d4c7cdb2269fbdad4d203\uart
Used module:     \bram
Used module:     \FemtoRV32
Removing unused module `$abstract\peripheral_Display'.
Removing unused module `$abstract\Display'.
Removing unused module `$abstract\dpram'.
Removing unused module `$abstract\control_SPI'.
Removing unused module `$abstract\spiclk'.
Removing unused module `$abstract\spi_datapath'.
Removing unused module `$abstract\SPI'.
Removing unused module `$abstract\control_addr'.
Removing unused module `$abstract\addr'.
Removing unused module `$abstract\DC'.
Removing unused module `$abstract\addrCtrl'.
Removing unused module `$abstract\Control_sqrt'.
Removing unused module `$abstract\Data_path_sqrt'.
Removing unused module `$abstract\Root'.
Removing unused module `$abstract\peripheral_Root'.
Removing unused module `$abstract\rsr'.
Removing unused module `$abstract\control_mult'.
Removing unused module `$abstract\lsr_mult'.
Removing unused module `$abstract\comp'.
Removing unused module `$abstract\acc'.
Removing unused module `$abstract\mult_32'.
Removing unused module `$abstract\peripheral_mult'.
Removing unused module `$abstract\Control_Div'.
Removing unused module `$abstract\Data_path_Div'.
Removing unused module `$abstract\Div'.
Removing unused module `$abstract\peripheral_div'.
Removing unused module `$abstract\Control_DD'.
Removing unused module `$abstract\Nbl7'.
Removing unused module `$abstract\Nbl'.
Removing unused module `$abstract\initial_reg'.
Removing unused module `$abstract\Double_Dabble'.
Removing unused module `$abstract\peripheral_dd'.
Removing unused module `$abstract\Control'.
Removing unused module `$abstract\R_Nbl'.
Removing unused module `$abstract\out_reg'.
Removing unused module `$abstract\Rev_Double_Dabble'.
Removing unused module `$abstract\peripheral_Rdd'.
Removing unused module `$abstract\peripheral_Teclado'.
Removing unused module `$abstract\Control_Teclado'.
Removing unused module `$abstract\data_tcl'.
Removing unused module `$abstract\Teclado'.
Removing unused module `$abstract\peripheral_Led'.
Removing unused module `$abstract\Led'.
Removing unused module `$abstract\Control_frac'.
Removing unused module `$abstract\data_path_frac'.
Removing unused module `$abstract\frac_bcd'.
Removing unused module `$abstract\Control_Com'.
Removing unused module `$abstract\clk_div'.
Removing unused module `$abstract\data_path_Com'.
Removing unused module `$abstract\Com'.
Removing unused module `$abstract\bcd_siete_seg'.
Removing unused module `$abstract\uart'.
Removing unused module `$abstract\peripheral_uart'.
Removing unused module `$abstract\FemtoRV32'.
Removing unused module `$abstract\bram'.
Removing unused module `$abstract\SOC'.
Removed 56 unused modules.
Warning: Resizing cell port Display.dp_ram0.adr_b from 12 bits to 13 bits.
Warning: Resizing cell port Display.dp_ram0.adr_a from 12 bits to 13 bits.
Warning: Resizing cell port SOC.peripheral_Display0.d_out from 32 bits to 16 bits.
Warning: Resizing cell port SOC.peripheral_Display0.d_in from 32 bits to 16 bits.
Warning: Resizing cell port SOC.DD1.addr from 5 bits to 7 bits.
Warning: Resizing cell port SOC.root1.addr from 5 bits to 7 bits.
Warning: Resizing cell port SOC.div1.addr from 5 bits to 7 bits.
Warning: Resizing cell port SOC.mult1.d_in from 32 bits to 16 bits.
Warning: Resizing cell port SOC.RDD1.addr from 5 bits to 7 bits.
Warning: Resizing cell port SOC.tcl1.addr from 5 bits to 7 bits.
Warning: Resizing cell port SOC.tcl1.d_in from 1 bits to 32 bits.

33.5. Executing PROC pass (convert processes to netlists).

33.5.1. Executing PROC_CLEAN pass (remove empty switches from decision trees).
Found and cleaned up 1 empty switch in `\TRELLIS_DPR16X4.$proc$/home/leonardo/miniconda3/envs/digital/bin/../share/yosys/ecp5/cells_sim.v:213$117'.
Removing empty process `dpram.$proc$cores/DISPLAY/Integraci$c3$b2n/dpram.v:0$559'.
Removing empty process `bram.$proc$cores/bram/bram.v:0$364'.
Cleaned up 1 empty switch.

33.5.2. Executing PROC_RMDEAD pass (remove dead branches from decision trees).
Marked 1 switch rules as full_case in process $proc$/home/leonardo/miniconda3/envs/digital/bin/../share/yosys/ecp5/cells_sim.v:350$224 in module TRELLIS_FF.
Marked 1 switch rules as full_case in process $proc$/home/leonardo/miniconda3/envs/digital/bin/../share/yosys/ecp5/cells_sim.v:285$176 in module DPR16X4C.
Marked 1 switch rules as full_case in process $proc$/home/leonardo/miniconda3/envs/digital/bin/../share/yosys/ecp5/cells_sim.v:221$118 in module TRELLIS_DPR16X4.
Marked 4 switch rules as full_case in process $proc$cores/DISPLAY/Integraci$c3$b2n/addrCtrl.v:84$694 in module DC.
Marked 3 switch rules as full_case in process $proc$cores/DISPLAY/Integraci$c3$b2n/addrCtrl.v:143$685 in module addr.
Removed 1 dead cases from process $proc$cores/DISPLAY/Integraci$c3$b2n/addrCtrl.v:235$674 in module $paramod\control_addr\slowing_factor=s32'00000000000000000000000000100110.
Marked 1 switch rules as full_case in process $proc$cores/DISPLAY/Integraci$c3$b2n/addrCtrl.v:235$674 in module $paramod\control_addr\slowing_factor=s32'00000000000000000000000000100110.
Removed 1 dead cases from process $proc$cores/DISPLAY/Integraci$c3$b2n/addrCtrl.v:190$670 in module $paramod\control_addr\slowing_factor=s32'00000000000000000000000000100110.
Marked 8 switch rules as full_case in process $proc$cores/DISPLAY/Integraci$c3$b2n/addrCtrl.v:190$670 in module $paramod\control_addr\slowing_factor=s32'00000000000000000000000000100110.
Marked 4 switch rules as full_case in process $proc$cores/DISPLAY/Integraci$c3$b2n/SPI.v:100$662 in module $paramod\spi_datapath\number_of_bits=s32'00000000000000000000000000001000.
Marked 3 switch rules as full_case in process $proc$cores/DISPLAY/Integraci$c3$b2n/SPI.v:161$651 in module $paramod\spiclk\slowing_factor=s32'00000000000000000000000000100110.
Marked 1 switch rules as full_case in process $proc$cores/DISPLAY/Integraci$c3$b2n/SPI.v:249$650 in module control_SPI.
Marked 7 switch rules as full_case in process $proc$cores/DISPLAY/Integraci$c3$b2n/SPI.v:205$648 in module control_SPI.
Marked 6 switch rules as full_case in process $proc$cores/MiCalculadora/Teclado/Teclado.v:118$630 in module data_tcl.
Marked 18 switch rules as full_case in process $proc$cores/MiCalculadora/Teclado/Teclado.v:91$629 in module data_tcl.
Marked 2 switch rules as full_case in process $proc$cores/MiCalculadora/Teclado/Teclado.v:264$628 in module Control_Teclado.
Marked 10 switch rules as full_case in process $proc$cores/MiCalculadora/Teclado/Teclado.v:201$625 in module Control_Teclado.
Marked 1 switch rules as full_case in process $proc$cores/MiCalculadora/Teclado/Teclado.v:192$624 in module Control_Teclado.
Marked 1 switch rules as full_case in process $proc$cores/MiCalculadora/Operadores/Bcd_Binario/Rev_Double_Dabble.v:150$623 in module Control.
Marked 4 switch rules as full_case in process $proc$cores/MiCalculadora/Operadores/Bcd_Binario/Rev_Double_Dabble.v:132$622 in module Control.
Marked 3 switch rules as full_case in process $proc$cores/MiCalculadora/Operadores/Bcd_Binario/Rev_Double_Dabble.v:63$617 in module out_reg.
Marked 6 switch rules as full_case in process $proc$cores/MiCalculadora/Operadores/Bcd_Binario/Rev_Double_Dabble.v:96$614 in module R_Nbl.
Marked 2 switch rules as full_case in process $proc$cores/MiCalculadora/Operadores/Multiplicaci$c3$b3n/rsr.v:8$612 in module rsr.
Marked 2 switch rules as full_case in process $proc$cores/MiCalculadora/Operadores/Multiplicaci$c3$b3n/lsr_mult.v:8$610 in module lsr_mult.
Marked 2 switch rules as full_case in process $proc$cores/MiCalculadora/Operadores/Multiplicaci$c3$b3n/acc.v:10$603 in module acc.
Marked 5 switch rules as full_case in process $proc$cores/MiCalculadora/Operadores/Multiplicaci$c3$b3n/control_mult.v:34$598 in module control_mult.
Removed 1 dead cases from process $proc$cores/MiCalculadora/Operadores/Divisi$c3$b3n/Div.v:115$597 in module Control_Div.
Marked 1 switch rules as full_case in process $proc$cores/MiCalculadora/Operadores/Divisi$c3$b3n/Div.v:115$597 in module Control_Div.
Removed 1 dead cases from process $proc$cores/MiCalculadora/Operadores/Divisi$c3$b3n/Div.v:98$596 in module Control_Div.
Marked 4 switch rules as full_case in process $proc$cores/MiCalculadora/Operadores/Divisi$c3$b3n/Div.v:98$596 in module Control_Div.
Marked 3 switch rules as full_case in process $proc$cores/MiCalculadora/Operadores/Divisi$c3$b3n/Div.v:44$586 in module Data_path_Div.
Removed 1 dead cases from process $proc$cores/MiCalculadora/Operadores/Raiz/Root.v:113$585 in module Control_sqrt.
Marked 1 switch rules as full_case in process $proc$cores/MiCalculadora/Operadores/Raiz/Root.v:113$585 in module Control_sqrt.
Removed 1 dead cases from process $proc$cores/MiCalculadora/Operadores/Raiz/Root.v:96$584 in module Control_sqrt.
Marked 4 switch rules as full_case in process $proc$cores/MiCalculadora/Operadores/Raiz/Root.v:96$584 in module Control_sqrt.
Marked 3 switch rules as full_case in process $proc$cores/MiCalculadora/Operadores/Raiz/Root.v:42$574 in module Data_path_sqrt.
Marked 1 switch rules as full_case in process $proc$cores/MiCalculadora/Operadores/Binario_Bcd/Double_Dabble.v:192$573 in module Control_DD.
Marked 4 switch rules as full_case in process $proc$cores/MiCalculadora/Operadores/Binario_Bcd/Double_Dabble.v:174$572 in module Control_DD.
Marked 4 switch rules as full_case in process $proc$cores/MiCalculadora/Operadores/Binario_Bcd/Double_Dabble.v:75$566 in module initial_reg.
Marked 6 switch rules as full_case in process $proc$cores/MiCalculadora/Operadores/Binario_Bcd/Double_Dabble.v:113$563 in module Nbl.
Marked 5 switch rules as full_case in process $proc$cores/MiCalculadora/Operadores/Binario_Bcd/Double_Dabble.v:141$560 in module Nbl7.
Marked 2 switch rules as full_case in process $proc$cores/DISPLAY/Integraci$c3$b2n/dpram.v:44$547 in module dpram.
Marked 4 switch rules as full_case in process $proc$cores/uart/uart.v:122$534 in module $paramod$3e616a0e06e4648ce82d4c7cdb2269fbdad4d203\uart.
Marked 5 switch rules as full_case in process $proc$cores/uart/uart.v:66$526 in module $paramod$3e616a0e06e4648ce82d4c7cdb2269fbdad4d203\uart.
Marked 1 switch rules as full_case in process $proc$cores/uart/uart.v:34$522 in module $paramod$3e616a0e06e4648ce82d4c7cdb2269fbdad4d203\uart.
Marked 1 switch rules as full_case in process $proc$cores/MiCalculadora/Operadores/Binario_Bcd/Double_Dabble.v:48$519 in module Double_Dabble.
Marked 1 switch rules as full_case in process $proc$cores/cpu/femtorv32_quark_V2.v:290$513 in module FemtoRV32.
Marked 2 switch rules as full_case in process $proc$cores/cpu/femtorv32_quark_V2.v:249$500 in module FemtoRV32.
Marked 1 switch rules as full_case in process $proc$cores/cpu/femtorv32_quark_V2.v:188$463 in module FemtoRV32.
Marked 3 switch rules as full_case in process $proc$cores/cpu/femtorv32_quark_V2.v:179$446 in module FemtoRV32.
Marked 4 switch rules as full_case in process $proc$cores/bram/bram.v:20$337 in module bram.
Marked 1 switch rules as full_case in process $proc$cores/uart/perip_uart.v:45$329 in module $paramod$e6d04b969bf2e003005da0092106b7e60df8a87d\peripheral_uart.
Marked 1 switch rules as full_case in process $proc$cores/uart/perip_uart.v:29$321 in module $paramod$e6d04b969bf2e003005da0092106b7e60df8a87d\peripheral_uart.
Marked 1 switch rules as full_case in process $proc$cores/MiCalculadora/Teclado/perip_Teclado.v:46$320 in module peripheral_Teclado.
Marked 1 switch rules as full_case in process $proc$cores/MiCalculadora/Teclado/perip_Teclado.v:31$313 in module peripheral_Teclado.
Marked 1 switch rules as full_case in process $proc$cores/MiCalculadora/Operadores/Bcd_Binario/perip_Rev_Double_Dabble.v:40$312 in module peripheral_Rdd.
Marked 1 switch rules as full_case in process $proc$cores/MiCalculadora/Operadores/Bcd_Binario/perip_Rev_Double_Dabble.v:23$302 in module peripheral_Rdd.
Marked 3 switch rules as full_case in process $proc$cores/MiCalculadora/Operadores/Multiplicaci$c3$b3n/perip_mult.v:56$301 in module peripheral_mult.
Marked 2 switch rules as full_case in process $proc$cores/MiCalculadora/Operadores/Multiplicaci$c3$b3n/perip_mult.v:38$296 in module peripheral_mult.
Marked 2 switch rules as full_case in process $proc$cores/MiCalculadora/Operadores/Multiplicaci$c3$b3n/perip_mult.v:20$295 in module peripheral_mult.
Marked 1 switch rules as full_case in process $proc$cores/MiCalculadora/Operadores/Divisi$c3$b3n/perip_Div.v:46$294 in module peripheral_div.
Marked 1 switch rules as full_case in process $proc$cores/MiCalculadora/Operadores/Divisi$c3$b3n/perip_Div.v:26$280 in module peripheral_div.
Marked 1 switch rules as full_case in process $proc$cores/MiCalculadora/Operadores/Raiz/perip_Root.v:42$279 in module peripheral_Root.
Marked 1 switch rules as full_case in process $proc$cores/MiCalculadora/Operadores/Raiz/perip_Root.v:24$268 in module peripheral_Root.
Marked 1 switch rules as full_case in process $proc$cores/MiCalculadora/Operadores/Binario_Bcd/perip_Double_Dabble.v:40$267 in module peripheral_dd.
Marked 1 switch rules as full_case in process $proc$cores/MiCalculadora/Operadores/Binario_Bcd/perip_Double_Dabble.v:23$257 in module peripheral_dd.
Marked 1 switch rules as full_case in process $proc$cores/DISPLAY/Integraci$c3$b2n/perip_Display.v:55$256 in module peripheral_Display.
Marked 1 switch rules as full_case in process $proc$cores/DISPLAY/Integraci$c3$b2n/perip_Display.v:33$239 in module peripheral_Display.
Marked 1 switch rules as full_case in process $proc$SOC.v:231$238 in module SOC.
Marked 1 switch rules as full_case in process $proc$SOC.v:215$237 in module SOC.
Removed a total of 6 dead cases.

33.5.3. Executing PROC_PRUNE pass (remove redundant assignments in processes).
Removed 11 redundant assignments.
Promoted 190 assignments to connections.

33.5.4. Executing PROC_INIT pass (extract init attributes).
Found init rule in `\TRELLIS_FF.$proc$/home/leonardo/miniconda3/envs/digital/bin/../share/yosys/ecp5/cells_sim.v:0$225'.
  Set init value: \Q = 1'0
Found init rule in `\comp.$proc$cores/MiCalculadora/Operadores/Multiplicaci$c3$b3n/comp.v:0$609'.
  Set init value: \tmp = 1'0
Found init rule in `\acc.$proc$cores/MiCalculadora/Operadores/Multiplicaci$c3$b3n/acc.v:0$605'.
  Set init value: \pp = 0
Found init rule in `\control_mult.$proc$cores/MiCalculadora/Operadores/Multiplicaci$c3$b3n/control_mult.v:0$602'.
  Set init value: \reset = 1'0
  Set init value: \done = 1'0
  Set init value: \state = 3'000
  Set init value: \sh = 1'0
  Set init value: \add = 1'0
Found init rule in `\FemtoRV32.$proc$cores/cpu/femtorv32_quark_V2.v:0$517'.
  Set init value: \cycles = 0
  Set init value: \aluShamt = 5'00000
Found init rule in `$paramod$e6d04b969bf2e003005da0092106b7e60df8a87d\peripheral_uart.$proc$cores/uart/perip_uart.v:21$332'.
  Set init value: \uart_ctrl = 8'00000000
Found init rule in `$paramod$e6d04b969bf2e003005da0092106b7e60df8a87d\peripheral_uart.$proc$cores/uart/perip_uart.v:20$331'.
  Set init value: \d_in_uart = 8'00000000
Found init rule in `$paramod$e6d04b969bf2e003005da0092106b7e60df8a87d\peripheral_uart.$proc$cores/uart/perip_uart.v:0$330'.
  Set init value: \ledout = 1'0

33.5.5. Executing PROC_ARST pass (detect async resets in processes).
Found async reset \reset in `\DC.$proc$cores/DISPLAY/Integraci$c3$b2n/addrCtrl.v:84$694'.
Found async reset \reset in `\control_SPI.$proc$cores/DISPLAY/Integraci$c3$b2n/SPI.v:205$648'.
Found async reset \reset in `\data_tcl.$proc$cores/MiCalculadora/Teclado/Teclado.v:118$630'.
Found async reset \reset in `\Control_Teclado.$proc$cores/MiCalculadora/Teclado/Teclado.v:201$625'.
Found async reset \reset in `\Control_Teclado.$proc$cores/MiCalculadora/Teclado/Teclado.v:192$624'.
Found async reset \reset in `\Control.$proc$cores/MiCalculadora/Operadores/Bcd_Binario/Rev_Double_Dabble.v:132$622'.
Found async reset \reset in `\out_reg.$proc$cores/MiCalculadora/Operadores/Bcd_Binario/Rev_Double_Dabble.v:63$617'.
Found async reset \reset in `\R_Nbl.$proc$cores/MiCalculadora/Operadores/Bcd_Binario/Rev_Double_Dabble.v:96$614'.
Found async reset \reset in `\Control_Div.$proc$cores/MiCalculadora/Operadores/Divisi$c3$b3n/Div.v:98$596'.
Found async reset \reset in `\Data_path_Div.$proc$cores/MiCalculadora/Operadores/Divisi$c3$b3n/Div.v:44$586'.
Found async reset \reset in `\Control_sqrt.$proc$cores/MiCalculadora/Operadores/Raiz/Root.v:96$584'.
Found async reset \reset in `\Data_path_sqrt.$proc$cores/MiCalculadora/Operadores/Raiz/Root.v:42$574'.
Found async reset \reset in `\Control_DD.$proc$cores/MiCalculadora/Operadores/Binario_Bcd/Double_Dabble.v:174$572'.
Found async reset \reset in `\initial_reg.$proc$cores/MiCalculadora/Operadores/Binario_Bcd/Double_Dabble.v:75$566'.
Found async reset \reset in `\Nbl.$proc$cores/MiCalculadora/Operadores/Binario_Bcd/Double_Dabble.v:113$563'.
Found async reset \reset in `\Nbl7.$proc$cores/MiCalculadora/Operadores/Binario_Bcd/Double_Dabble.v:141$560'.
Found async reset \reset in `\Double_Dabble.$proc$cores/MiCalculadora/Operadores/Binario_Bcd/Double_Dabble.v:48$519'.

33.5.6. Executing PROC_ROM pass (convert switches to ROMs).
Converted 0 switches.

33.5.7. Executing PROC_MUX pass (convert decision trees to multiplexers).
Creating decoders for process `\TRELLIS_FF.$proc$/home/leonardo/miniconda3/envs/digital/bin/../share/yosys/ecp5/cells_sim.v:0$225'.
Creating decoders for process `\TRELLIS_FF.$proc$/home/leonardo/miniconda3/envs/digital/bin/../share/yosys/ecp5/cells_sim.v:350$224'.
     1/1: $0\Q[0:0]
Creating decoders for process `\DPR16X4C.$proc$/home/leonardo/miniconda3/envs/digital/bin/../share/yosys/ecp5/cells_sim.v:0$199'.
Creating decoders for process `\DPR16X4C.$proc$/home/leonardo/miniconda3/envs/digital/bin/../share/yosys/ecp5/cells_sim.v:285$176'.
     1/3: $1$memwr$\ram$/home/leonardo/miniconda3/envs/digital/bin/../share/yosys/ecp5/cells_sim.v:287$175_EN[3:0]$182
     2/3: $1$memwr$\ram$/home/leonardo/miniconda3/envs/digital/bin/../share/yosys/ecp5/cells_sim.v:287$175_DATA[3:0]$181
     3/3: $1$memwr$\ram$/home/leonardo/miniconda3/envs/digital/bin/../share/yosys/ecp5/cells_sim.v:287$175_ADDR[3:0]$180
Creating decoders for process `\TRELLIS_DPR16X4.$proc$/home/leonardo/miniconda3/envs/digital/bin/../share/yosys/ecp5/cells_sim.v:0$142'.
Creating decoders for process `\TRELLIS_DPR16X4.$proc$/home/leonardo/miniconda3/envs/digital/bin/../share/yosys/ecp5/cells_sim.v:221$118'.
     1/3: $1$memwr$\mem$/home/leonardo/miniconda3/envs/digital/bin/../share/yosys/ecp5/cells_sim.v:223$116_EN[3:0]$124
     2/3: $1$memwr$\mem$/home/leonardo/miniconda3/envs/digital/bin/../share/yosys/ecp5/cells_sim.v:223$116_DATA[3:0]$123
     3/3: $1$memwr$\mem$/home/leonardo/miniconda3/envs/digital/bin/../share/yosys/ecp5/cells_sim.v:223$116_ADDR[3:0]$122
Creating decoders for process `\TRELLIS_DPR16X4.$proc$/home/leonardo/miniconda3/envs/digital/bin/../share/yosys/ecp5/cells_sim.v:213$117'.
Creating decoders for process `\DC.$proc$cores/DISPLAY/Integraci$c3$b2n/addrCtrl.v:84$694'.
     1/3: $0\SPI_init[0:0]
     2/3: $0\displayCS[0:0]
     3/3: $0\DC[0:0]
Creating decoders for process `\addr.$proc$cores/DISPLAY/Integraci$c3$b2n/addrCtrl.v:160$689'.
Creating decoders for process `\addr.$proc$cores/DISPLAY/Integraci$c3$b2n/addrCtrl.v:143$685'.
     1/2: $0\pointerResets[4:0]
     2/2: $0\address[11:0]
Creating decoders for process `$paramod\control_addr\slowing_factor=s32'00000000000000000000000000100110.$proc$cores/DISPLAY/Integraci$c3$b2n/addrCtrl.v:235$674'.
     1/4: $1\sd[0:0]
     2/4: $1\ld[0:0]
     3/4: $1\sh[0:0]
     4/4: $1\dn[0:0]
Creating decoders for process `$paramod\control_addr\slowing_factor=s32'00000000000000000000000000100110.$proc$cores/DISPLAY/Integraci$c3$b2n/addrCtrl.v:190$670'.
     1/7: $5\delay_cnt[28:0]
     2/7: $4\delay_cnt[28:0]
     3/7: $3\delay_cnt[28:0]
     4/7: $2\state[2:0]
     5/7: $2\delay_cnt[28:0]
     6/7: $1\delay_cnt[28:0]
     7/7: $1\state[2:0]
Creating decoders for process `$paramod\spi_datapath\number_of_bits=s32'00000000000000000000000000001000.$proc$cores/DISPLAY/Integraci$c3$b2n/SPI.v:100$662'.
     1/5: $0\data[15:0]
     2/5: $0\sub_state[1:0]
     3/5: $0\bit_cnt[6:0]
     4/5: $0\data_rx[15:0]
     5/5: $0\MOSI[0:0]
Creating decoders for process `$paramod\spiclk\slowing_factor=s32'00000000000000000000000000100110.$proc$cores/DISPLAY/Integraci$c3$b2n/SPI.v:161$651'.
     1/5: $3\flag_for_edge[0:0]
     2/5: $2\flag_for_edge[0:0]
     3/5: $0\clk_div[15:0]
     4/5: $1\flag_for_edge[0:0]
     5/5: $0\spi_clk[0:0]
Creating decoders for process `\control_SPI.$proc$cores/DISPLAY/Integraci$c3$b2n/SPI.v:249$650'.
     1/5: $1\frst_done[0:0]
     2/5: $1\scnd_ld[0:0]
     3/5: $1\stop[0:0]
     4/5: $1\ld[0:0]
     5/5: $1\dn[0:0]
Creating decoders for process `\control_SPI.$proc$cores/DISPLAY/Integraci$c3$b2n/SPI.v:205$648'.
     1/3: $0\state[2:0]
     2/3: $0\Config_mode[0:0]
     3/3: $0\second_pack[0:0]
Creating decoders for process `\data_tcl.$proc$cores/MiCalculadora/Teclado/Teclado.v:156$643'.
Creating decoders for process `\data_tcl.$proc$cores/MiCalculadora/Teclado/Teclado.v:118$630'.
     1/5: $0\Prev_tecla[5:0]
     2/5: $0\last_tcl[5:0]
     3/5: $0\Antirebote[6:0]
     4/5: $0\unique_flag[5:0]
     5/5: $0\tecla[5:0]
Creating decoders for process `\data_tcl.$proc$cores/MiCalculadora/Teclado/Teclado.v:91$629'.
     1/18: $18\next_tecla[5:0]
     2/18: $17\next_tecla[5:0]
     3/18: $16\next_tecla[5:0]
     4/18: $15\next_tecla[5:0]
     5/18: $14\next_tecla[5:0]
     6/18: $13\next_tecla[5:0]
     7/18: $12\next_tecla[5:0]
     8/18: $11\next_tecla[5:0]
     9/18: $10\next_tecla[5:0]
    10/18: $9\next_tecla[5:0]
    11/18: $8\next_tecla[5:0]
    12/18: $7\next_tecla[5:0]
    13/18: $6\next_tecla[5:0]
    14/18: $5\next_tecla[5:0]
    15/18: $4\next_tecla[5:0]
    16/18: $3\next_tecla[5:0]
    17/18: $2\next_tecla[5:0]
    18/18: $1\next_tecla[5:0]
Creating decoders for process `\Control_Teclado.$proc$cores/MiCalculadora/Teclado/Teclado.v:264$628'.
     1/9: $2\r3[0:0]
     2/9: $2\r2[0:0]
     3/9: $2\r1[0:0]
     4/9: $2\r0[0:0]
     5/9: $1\done[0:0]
     6/9: $1\r3[0:0]
     7/9: $1\r2[0:0]
     8/9: $1\r1[0:0]
     9/9: $1\r0[0:0]
Creating decoders for process `\Control_Teclado.$proc$cores/MiCalculadora/Teclado/Teclado.v:201$625'.
     1/3: $0\state[2:0]
     2/3: $0\cnt[2:0]
     3/3: $0\prev_row[2:0]
Creating decoders for process `\Control_Teclado.$proc$cores/MiCalculadora/Teclado/Teclado.v:192$624'.
     1/1: $0\rd_flag_sync[0:0]
Creating decoders for process `\Control.$proc$cores/MiCalculadora/Operadores/Bcd_Binario/Rev_Double_Dabble.v:150$623'.
     1/5: $1\ld_Nib[0:0]
     2/5: $1\dn[0:0]
     3/5: $1\chk[0:0]
     4/5: $1\ld[0:0]
     5/5: $1\sh[0:0]
Creating decoders for process `\Control.$proc$cores/MiCalculadora/Operadores/Bcd_Binario/Rev_Double_Dabble.v:132$622'.
     1/4: $4\state[2:0]
     2/4: $3\state[2:0]
     3/4: $2\state[2:0]
     4/4: $1\state[2:0]
Creating decoders for process `\out_reg.$proc$cores/MiCalculadora/Operadores/Bcd_Binario/Rev_Double_Dabble.v:76$619'.
Creating decoders for process `\out_reg.$proc$cores/MiCalculadora/Operadores/Bcd_Binario/Rev_Double_Dabble.v:63$617'.
     1/4: $3\Shifts_cnt[4:0]
     2/4: $2\Shifts_cnt[4:0]
     3/4: $1\Shifts_cnt[4:0]
     4/4: $0\out_Bin[26:0]
Creating decoders for process `\R_Nbl.$proc$cores/MiCalculadora/Operadores/Bcd_Binario/Rev_Double_Dabble.v:96$614'.
     1/9: $6\nibble[3:0]
     2/9: $5\nibble[3:0]
     3/9: $3\last_LSB[0:0]
     4/9: $4\nibble[3:0]
     5/9: $3\nibble[3:0]
     6/9: $2\nibble[3:0]
     7/9: $2\last_LSB[0:0]
     8/9: $1\nibble[3:0]
     9/9: $1\last_LSB[0:0]
Creating decoders for process `\rsr.$proc$cores/MiCalculadora/Operadores/Multiplicaci$c3$b3n/rsr.v:8$612'.
     1/2: $2\s_B[15:0]
     2/2: $1\s_B[15:0]
Creating decoders for process `\lsr_mult.$proc$cores/MiCalculadora/Operadores/Multiplicaci$c3$b3n/lsr_mult.v:8$610'.
     1/2: $2\s_A[31:0]
     2/2: $1\s_A[31:0]
Creating decoders for process `\comp.$proc$cores/MiCalculadora/Operadores/Multiplicaci$c3$b3n/comp.v:0$609'.
Creating decoders for process `\comp.$proc$cores/MiCalculadora/Operadores/Multiplicaci$c3$b3n/comp.v:9$606'.
Creating decoders for process `\acc.$proc$cores/MiCalculadora/Operadores/Multiplicaci$c3$b3n/acc.v:0$605'.
Creating decoders for process `\acc.$proc$cores/MiCalculadora/Operadores/Multiplicaci$c3$b3n/acc.v:10$603'.
     1/2: $2\pp[31:0]
     2/2: $1\pp[31:0]
Creating decoders for process `\control_mult.$proc$cores/MiCalculadora/Operadores/Multiplicaci$c3$b3n/control_mult.v:0$602'.
Creating decoders for process `\control_mult.$proc$cores/MiCalculadora/Operadores/Multiplicaci$c3$b3n/control_mult.v:34$598'.
     1/15: $5\state[2:0]
     2/15: $4\state[2:0]
     3/15: $3\state[2:0]
     4/15: $2\state[2:0]
     5/15: $2\count[4:0]
     6/15: $2\add[0:0]
     7/15: $2\reset[0:0]
     8/15: $2\sh[0:0]
     9/15: $2\done[0:0]
    10/15: $1\state[2:0]
    11/15: $1\count[4:0]
    12/15: $1\add[0:0]
    13/15: $1\sh[0:0]
    14/15: $1\done[0:0]
    15/15: $1\reset[0:0]
Creating decoders for process `\Control_Div.$proc$cores/MiCalculadora/Operadores/Divisi$c3$b3n/Div.v:115$597'.
     1/4: $1\dn[0:0]
     2/4: $1\chk[0:0]
     3/4: $1\ld[0:0]
     4/4: $1\sh[0:0]
Creating decoders for process `\Control_Div.$proc$cores/MiCalculadora/Operadores/Divisi$c3$b3n/Div.v:98$596'.
     1/4: $4\state[1:0]
     2/4: $3\state[1:0]
     3/4: $2\state[1:0]
     4/4: $1\state[1:0]
Creating decoders for process `\Data_path_Div.$proc$cores/MiCalculadora/Operadores/Divisi$c3$b3n/Div.v:74$593'.
Creating decoders for process `\Data_path_Div.$proc$cores/MiCalculadora/Operadores/Divisi$c3$b3n/Div.v:44$586'.
     1/11: $3\Residuo_Aux[26:0]
     2/11: $2\Residuo[26:0]
     3/11: $2\Cociente[26:0]
     4/11: $2\Shifts_cnt[4:0]
     5/11: $2\Div[26:0]
     6/11: $2\Residuo_Aux[26:0]
     7/11: $1\Residuo_Aux[26:0]
     8/11: $1\Shifts_cnt[4:0]
     9/11: $1\Div[26:0]
    10/11: $1\Cociente[26:0]
    11/11: $1\Residuo[26:0]
Creating decoders for process `\Control_sqrt.$proc$cores/MiCalculadora/Operadores/Raiz/Root.v:113$585'.
     1/4: $1\dn[0:0]
     2/4: $1\chk[0:0]
     3/4: $1\ld[0:0]
     4/4: $1\sh[0:0]
Creating decoders for process `\Control_sqrt.$proc$cores/MiCalculadora/Operadores/Raiz/Root.v:96$584'.
     1/4: $4\state[1:0]
     2/4: $3\state[1:0]
     3/4: $2\state[1:0]
     4/4: $1\state[1:0]
Creating decoders for process `\Data_path_sqrt.$proc$cores/MiCalculadora/Operadores/Raiz/Root.v:70$581'.
Creating decoders for process `\Data_path_sqrt.$proc$cores/MiCalculadora/Operadores/Raiz/Root.v:42$574'.
     1/9: $3\Residuo_Aux[27:0]
     2/9: $2\Residuo[27:0]
     3/9: $2\Raiz[13:0]
     4/9: $2\Shifts_cnt[4:0]
     5/9: $2\Residuo_Aux[27:0]
     6/9: $1\Residuo_Aux[27:0]
     7/9: $1\Shifts_cnt[4:0]
     8/9: $1\Residuo[27:0]
     9/9: $1\Raiz[13:0]
Creating decoders for process `\Control_DD.$proc$cores/MiCalculadora/Operadores/Binario_Bcd/Double_Dabble.v:192$573'.
     1/5: $1\ld_Nib[0:0]
     2/5: $1\dn[0:0]
     3/5: $1\chk[0:0]
     4/5: $1\ld[0:0]
     5/5: $1\sh[0:0]
Creating decoders for process `\Control_DD.$proc$cores/MiCalculadora/Operadores/Binario_Bcd/Double_Dabble.v:174$572'.
     1/4: $4\state[2:0]
     2/4: $3\state[2:0]
     3/4: $2\state[2:0]
     4/4: $1\state[2:0]
Creating decoders for process `\initial_reg.$proc$cores/MiCalculadora/Operadores/Binario_Bcd/Double_Dabble.v:93$569'.
Creating decoders for process `\initial_reg.$proc$cores/MiCalculadora/Operadores/Binario_Bcd/Double_Dabble.v:75$566'.
     1/8: $3\Shifts_cnt[4:0]
     2/8: $3\Entrada[26:0]
     3/8: $2\MSB_A[0:0]
     4/8: $2\Shifts_cnt[4:0]
     5/8: $2\Entrada[26:0]
     6/8: $1\Shifts_cnt[4:0]
     7/8: $1\Entrada[26:0]
     8/8: $1\MSB_A[0:0]
Creating decoders for process `\Nbl.$proc$cores/MiCalculadora/Operadores/Binario_Bcd/Double_Dabble.v:113$563'.
     1/10: $6\Nibble_out[3:0]
     2/10: $4\last_MSB[0:0]
     3/10: $5\Nibble_out[3:0]
     4/10: $4\Nibble_out[3:0]
     5/10: $3\last_MSB[0:0]
     6/10: $3\Nibble_out[3:0]
     7/10: $2\Nibble_out[3:0]
     8/10: $2\last_MSB[0:0]
     9/10: $1\last_MSB[0:0]
    10/10: $1\Nibble_out[3:0]
Creating decoders for process `\Nbl7.$proc$cores/MiCalculadora/Operadores/Binario_Bcd/Double_Dabble.v:141$560'.
     1/5: $5\Nibble_out[3:0]
     2/5: $4\Nibble_out[3:0]
     3/5: $3\Nibble_out[3:0]
     4/5: $2\Nibble_out[3:0]
     5/5: $1\Nibble_out[3:0]
Creating decoders for process `\dpram.$proc$cores/DISPLAY/Integraci$c3$b2n/dpram.v:44$547'.
     1/7: $2$memwr$\ram$cores/DISPLAY/Integraci$c3$b2n/dpram.v:48$544_EN[15:0]$556
     2/7: $2$memwr$\ram$cores/DISPLAY/Integraci$c3$b2n/dpram.v:48$544_DATA[15:0]$555
     3/7: $2$memwr$\ram$cores/DISPLAY/Integraci$c3$b2n/dpram.v:48$544_ADDR[12:0]$554
     4/7: $1$memwr$\ram$cores/DISPLAY/Integraci$c3$b2n/dpram.v:48$544_EN[15:0]$553
     5/7: $1$memwr$\ram$cores/DISPLAY/Integraci$c3$b2n/dpram.v:48$544_DATA[15:0]$552
     6/7: $1$memwr$\ram$cores/DISPLAY/Integraci$c3$b2n/dpram.v:48$544_ADDR[12:0]$551
     7/7: $0\dat_a_out[15:0]
Creating decoders for process `\dpram.$proc$cores/DISPLAY/Integraci$c3$b2n/dpram.v:34$545'.
     1/1: $0\dat_b[15:0]
Creating decoders for process `$paramod$3e616a0e06e4648ce82d4c7cdb2269fbdad4d203\uart.$proc$cores/uart/uart.v:122$534'.
     1/5: $0\txd_reg[7:0]
     2/5: $0\tx_count16[3:0]
     3/5: $0\tx_bitcount[3:0]
     4/5: $0\uart_txd[0:0]
     5/5: $0\tx_busy[0:0]
Creating decoders for process `$paramod$3e616a0e06e4648ce82d4c7cdb2269fbdad4d203\uart.$proc$cores/uart/uart.v:66$526'.
     1/7: $0\rxd_reg[7:0]
     2/7: $0\rx_bitcount[3:0]
     3/7: $0\rx_count16[3:0]
     4/7: $0\rx_busy[0:0]
     5/7: $0\rx_avail[0:0]
     6/7: $0\rx_error[0:0]
     7/7: $0\rx_data[7:0]
Creating decoders for process `$paramod$3e616a0e06e4648ce82d4c7cdb2269fbdad4d203\uart.$proc$cores/uart/uart.v:52$525'.
Creating decoders for process `$paramod$3e616a0e06e4648ce82d4c7cdb2269fbdad4d203\uart.$proc$cores/uart/uart.v:34$522'.
     1/1: $0\enable16_counter[15:0]
Creating decoders for process `\Double_Dabble.$proc$cores/MiCalculadora/Operadores/Binario_Bcd/Double_Dabble.v:48$519'.
     1/1: $0\out_Bcd[31:0]
Creating decoders for process `\FemtoRV32.$proc$cores/cpu/femtorv32_quark_V2.v:0$517'.
Creating decoders for process `\FemtoRV32.$proc$cores/cpu/femtorv32_quark_V2.v:290$513'.
     1/1: $0\cycles[31:0]
Creating decoders for process `\FemtoRV32.$proc$cores/cpu/femtorv32_quark_V2.v:249$500'.
     1/5: $0\rs2[31:0]
     2/5: $0\rs1[31:0]
     3/5: $0\state[3:0]
     4/5: $0\instr[29:0]
     5/5: $0\PC[23:0]
Creating decoders for process `\FemtoRV32.$proc$cores/cpu/femtorv32_quark_V2.v:188$463'.
     1/2: $0\aluShamt[4:0]
     2/2: $0\aluReg[31:0]
Creating decoders for process `\FemtoRV32.$proc$cores/cpu/femtorv32_quark_V2.v:179$446'.
     1/10: $3$memwr$\registerFile$cores/cpu/femtorv32_quark_V2.v:185$366_EN[31:0]$462
     2/10: $3$memwr$\registerFile$cores/cpu/femtorv32_quark_V2.v:185$366_DATA[31:0]$461
     3/10: $3$memwr$\registerFile$cores/cpu/femtorv32_quark_V2.v:185$366_ADDR[4:0]$460
     4/10: $2$memwr$\registerFile$cores/cpu/femtorv32_quark_V2.v:185$366_EN[31:0]$458
     5/10: $2$memwr$\registerFile$cores/cpu/femtorv32_quark_V2.v:185$366_DATA[31:0]$457
     6/10: $2$memwr$\registerFile$cores/cpu/femtorv32_quark_V2.v:185$366_ADDR[4:0]$456
     7/10: $1$memwr$\registerFile$cores/cpu/femtorv32_quark_V2.v:181$365_EN[31:0]$452
     8/10: $1$memwr$\registerFile$cores/cpu/femtorv32_quark_V2.v:185$366_EN[31:0]$455
     9/10: $1$memwr$\registerFile$cores/cpu/femtorv32_quark_V2.v:185$366_DATA[31:0]$454
    10/10: $1$memwr$\registerFile$cores/cpu/femtorv32_quark_V2.v:185$366_ADDR[4:0]$453
Creating decoders for process `\bram.$proc$cores/bram/bram.v:20$337'.
     1/13: $1$memwr$\MEM$cores/bram/bram.v:27$336_EN[31:0]$362
     2/13: $1$memwr$\MEM$cores/bram/bram.v:27$336_DATA[31:0]$361
     3/13: $1$memwr$\MEM$cores/bram/bram.v:27$336_ADDR[29:0]$360
     4/13: $1$memwr$\MEM$cores/bram/bram.v:26$335_EN[31:0]$359
     5/13: $1$memwr$\MEM$cores/bram/bram.v:26$335_DATA[31:0]$358
     6/13: $1$memwr$\MEM$cores/bram/bram.v:26$335_ADDR[29:0]$357
     7/13: $1$memwr$\MEM$cores/bram/bram.v:25$334_EN[31:0]$356
     8/13: $1$memwr$\MEM$cores/bram/bram.v:25$334_DATA[31:0]$355
     9/13: $1$memwr$\MEM$cores/bram/bram.v:25$334_ADDR[29:0]$354
    10/13: $1$memwr$\MEM$cores/bram/bram.v:24$333_EN[31:0]$353
    11/13: $1$memwr$\MEM$cores/bram/bram.v:24$333_DATA[31:0]$352
    12/13: $1$memwr$\MEM$cores/bram/bram.v:24$333_ADDR[29:0]$351
    13/13: $0\mem_rdata[31:0]
Creating decoders for process `$paramod$e6d04b969bf2e003005da0092106b7e60df8a87d\peripheral_uart.$proc$cores/uart/perip_uart.v:21$332'.
Creating decoders for process `$paramod$e6d04b969bf2e003005da0092106b7e60df8a87d\peripheral_uart.$proc$cores/uart/perip_uart.v:20$331'.
Creating decoders for process `$paramod$e6d04b969bf2e003005da0092106b7e60df8a87d\peripheral_uart.$proc$cores/uart/perip_uart.v:0$330'.
Creating decoders for process `$paramod$e6d04b969bf2e003005da0092106b7e60df8a87d\peripheral_uart.$proc$cores/uart/perip_uart.v:45$329'.
     1/1: $1\d_out[31:0]
Creating decoders for process `$paramod$e6d04b969bf2e003005da0092106b7e60df8a87d\peripheral_uart.$proc$cores/uart/perip_uart.v:38$324'.
Creating decoders for process `$paramod$e6d04b969bf2e003005da0092106b7e60df8a87d\peripheral_uart.$proc$cores/uart/perip_uart.v:29$321'.
     1/1: $1\s[1:0]
Creating decoders for process `\peripheral_Teclado.$proc$cores/MiCalculadora/Teclado/perip_Teclado.v:46$320'.
     1/1: $1\d_out[31:0]
Creating decoders for process `\peripheral_Teclado.$proc$cores/MiCalculadora/Teclado/perip_Teclado.v:41$317'.
Creating decoders for process `\peripheral_Teclado.$proc$cores/MiCalculadora/Teclado/perip_Teclado.v:31$313'.
     1/1: $1\s[2:0]
Creating decoders for process `\peripheral_Rdd.$proc$cores/MiCalculadora/Operadores/Bcd_Binario/perip_Rev_Double_Dabble.v:40$312'.
     1/2: $1\d_out[31:0] [31:27]
     2/2: $1\d_out[31:0] [26:0]
Creating decoders for process `\peripheral_Rdd.$proc$cores/MiCalculadora/Operadores/Bcd_Binario/perip_Rev_Double_Dabble.v:34$307'.
Creating decoders for process `\peripheral_Rdd.$proc$cores/MiCalculadora/Operadores/Bcd_Binario/perip_Rev_Double_Dabble.v:23$302'.
     1/1: $1\s[3:0]
Creating decoders for process `\peripheral_mult.$proc$cores/MiCalculadora/Operadores/Multiplicaci$c3$b3n/perip_mult.v:56$301'.
     1/3: $3\d_out[31:0]
     2/3: $2\d_out[31:0]
     3/3: $1\d_out[31:0]
Creating decoders for process `\peripheral_mult.$proc$cores/MiCalculadora/Operadores/Multiplicaci$c3$b3n/perip_mult.v:38$296'.
     1/6: $2\init[0:0]
     2/6: $2\B[15:0]
     3/6: $2\A[15:0]
     4/6: $1\B[15:0]
     5/6: $1\A[15:0]
     6/6: $1\init[0:0]
Creating decoders for process `\peripheral_mult.$proc$cores/MiCalculadora/Operadores/Multiplicaci$c3$b3n/perip_mult.v:20$295'.
     1/2: $2\s[4:0]
     2/2: $1\s[4:0]
Creating decoders for process `\peripheral_div.$proc$cores/MiCalculadora/Operadores/Divisi$c3$b3n/perip_Div.v:46$294'.
     1/1: $1\d_out[31:0]
Creating decoders for process `\peripheral_div.$proc$cores/MiCalculadora/Operadores/Divisi$c3$b3n/perip_Div.v:39$287'.
Creating decoders for process `\peripheral_div.$proc$cores/MiCalculadora/Operadores/Divisi$c3$b3n/perip_Div.v:26$280'.
     1/1: $1\s[5:0]
Creating decoders for process `\peripheral_Root.$proc$cores/MiCalculadora/Operadores/Raiz/perip_Root.v:42$279'.
     1/1: $1\d_out[31:0]
Creating decoders for process `\peripheral_Root.$proc$cores/MiCalculadora/Operadores/Raiz/perip_Root.v:36$274'.
Creating decoders for process `\peripheral_Root.$proc$cores/MiCalculadora/Operadores/Raiz/perip_Root.v:24$268'.
     1/1: $1\s[4:0]
Creating decoders for process `\peripheral_dd.$proc$cores/MiCalculadora/Operadores/Binario_Bcd/perip_Double_Dabble.v:40$267'.
     1/1: $1\d_out[31:0]
Creating decoders for process `\peripheral_dd.$proc$cores/MiCalculadora/Operadores/Binario_Bcd/perip_Double_Dabble.v:34$262'.
Creating decoders for process `\peripheral_dd.$proc$cores/MiCalculadora/Operadores/Binario_Bcd/perip_Double_Dabble.v:23$257'.
     1/1: $1\s[3:0]
Creating decoders for process `\peripheral_Display.$proc$cores/DISPLAY/Integraci$c3$b2n/perip_Display.v:55$256'.
     1/1: $1\d_out[15:0]
Creating decoders for process `\peripheral_Display.$proc$cores/DISPLAY/Integraci$c3$b2n/perip_Display.v:47$247'.
Creating decoders for process `\peripheral_Display.$proc$cores/DISPLAY/Integraci$c3$b2n/perip_Display.v:33$239'.
     1/1: $1\s[6:0]
Creating decoders for process `\SOC.$proc$SOC.v:231$238'.
     1/1: $1\mem_rdata[31:0]
Creating decoders for process `\SOC.$proc$SOC.v:215$237'.
     1/1: $1\cs[8:0]

33.5.8. Executing PROC_DLATCH pass (convert process syncs to latches).
No latch inferred for signal `\addr.\delay' from process `\addr.$proc$cores/DISPLAY/Integraci$c3$b2n/addrCtrl.v:160$689'.
No latch inferred for signal `$paramod\control_addr\slowing_factor=s32'00000000000000000000000000100110.\dn' from process `$paramod\control_addr\slowing_factor=s32'00000000000000000000000000100110.$proc$cores/DISPLAY/Integraci$c3$b2n/addrCtrl.v:235$674'.
No latch inferred for signal `$paramod\control_addr\slowing_factor=s32'00000000000000000000000000100110.\ld' from process `$paramod\control_addr\slowing_factor=s32'00000000000000000000000000100110.$proc$cores/DISPLAY/Integraci$c3$b2n/addrCtrl.v:235$674'.
No latch inferred for signal `$paramod\control_addr\slowing_factor=s32'00000000000000000000000000100110.\sh' from process `$paramod\control_addr\slowing_factor=s32'00000000000000000000000000100110.$proc$cores/DISPLAY/Integraci$c3$b2n/addrCtrl.v:235$674'.
No latch inferred for signal `$paramod\control_addr\slowing_factor=s32'00000000000000000000000000100110.\sd' from process `$paramod\control_addr\slowing_factor=s32'00000000000000000000000000100110.$proc$cores/DISPLAY/Integraci$c3$b2n/addrCtrl.v:235$674'.
No latch inferred for signal `\control_SPI.\dn' from process `\control_SPI.$proc$cores/DISPLAY/Integraci$c3$b2n/SPI.v:249$650'.
No latch inferred for signal `\control_SPI.\ld' from process `\control_SPI.$proc$cores/DISPLAY/Integraci$c3$b2n/SPI.v:249$650'.
No latch inferred for signal `\control_SPI.\frst_done' from process `\control_SPI.$proc$cores/DISPLAY/Integraci$c3$b2n/SPI.v:249$650'.
No latch inferred for signal `\control_SPI.\scnd_ld' from process `\control_SPI.$proc$cores/DISPLAY/Integraci$c3$b2n/SPI.v:249$650'.
No latch inferred for signal `\control_SPI.\stop' from process `\control_SPI.$proc$cores/DISPLAY/Integraci$c3$b2n/SPI.v:249$650'.
No latch inferred for signal `\data_tcl.\end_flag' from process `\data_tcl.$proc$cores/MiCalculadora/Teclado/Teclado.v:156$643'.
No latch inferred for signal `\data_tcl.\rd_flag' from process `\data_tcl.$proc$cores/MiCalculadora/Teclado/Teclado.v:156$643'.
No latch inferred for signal `\data_tcl.\next_tecla' from process `\data_tcl.$proc$cores/MiCalculadora/Teclado/Teclado.v:91$629'.
No latch inferred for signal `\Control_Teclado.\done' from process `\Control_Teclado.$proc$cores/MiCalculadora/Teclado/Teclado.v:264$628'.
No latch inferred for signal `\Control_Teclado.\r0' from process `\Control_Teclado.$proc$cores/MiCalculadora/Teclado/Teclado.v:264$628'.
No latch inferred for signal `\Control_Teclado.\r1' from process `\Control_Teclado.$proc$cores/MiCalculadora/Teclado/Teclado.v:264$628'.
No latch inferred for signal `\Control_Teclado.\r2' from process `\Control_Teclado.$proc$cores/MiCalculadora/Teclado/Teclado.v:264$628'.
No latch inferred for signal `\Control_Teclado.\r3' from process `\Control_Teclado.$proc$cores/MiCalculadora/Teclado/Teclado.v:264$628'.
No latch inferred for signal `\Control.\dn' from process `\Control.$proc$cores/MiCalculadora/Operadores/Bcd_Binario/Rev_Double_Dabble.v:150$623'.
No latch inferred for signal `\Control.\ld' from process `\Control.$proc$cores/MiCalculadora/Operadores/Bcd_Binario/Rev_Double_Dabble.v:150$623'.
No latch inferred for signal `\Control.\ld_Nib' from process `\Control.$proc$cores/MiCalculadora/Operadores/Bcd_Binario/Rev_Double_Dabble.v:150$623'.
No latch inferred for signal `\Control.\sh' from process `\Control.$proc$cores/MiCalculadora/Operadores/Bcd_Binario/Rev_Double_Dabble.v:150$623'.
No latch inferred for signal `\Control.\chk' from process `\Control.$proc$cores/MiCalculadora/Operadores/Bcd_Binario/Rev_Double_Dabble.v:150$623'.
No latch inferred for signal `\out_reg.\z' from process `\out_reg.$proc$cores/MiCalculadora/Operadores/Bcd_Binario/Rev_Double_Dabble.v:76$619'.
No latch inferred for signal `\comp.\tmp' from process `\comp.$proc$cores/MiCalculadora/Operadores/Multiplicaci$c3$b3n/comp.v:9$606'.
Removing init bit 1'0 for non-memory siginal `\comp.\tmp` in process `\comp.$proc$cores/MiCalculadora/Operadores/Multiplicaci$c3$b3n/comp.v:9$606`.
No latch inferred for signal `\Control_Div.\dn' from process `\Control_Div.$proc$cores/MiCalculadora/Operadores/Divisi$c3$b3n/Div.v:115$597'.
No latch inferred for signal `\Control_Div.\ld' from process `\Control_Div.$proc$cores/MiCalculadora/Operadores/Divisi$c3$b3n/Div.v:115$597'.
No latch inferred for signal `\Control_Div.\sh' from process `\Control_Div.$proc$cores/MiCalculadora/Operadores/Divisi$c3$b3n/Div.v:115$597'.
No latch inferred for signal `\Control_Div.\chk' from process `\Control_Div.$proc$cores/MiCalculadora/Operadores/Divisi$c3$b3n/Div.v:115$597'.
No latch inferred for signal `\Data_path_Div.\z' from process `\Data_path_Div.$proc$cores/MiCalculadora/Operadores/Divisi$c3$b3n/Div.v:74$593'.
No latch inferred for signal `\Control_sqrt.\dn' from process `\Control_sqrt.$proc$cores/MiCalculadora/Operadores/Raiz/Root.v:113$585'.
No latch inferred for signal `\Control_sqrt.\ld' from process `\Control_sqrt.$proc$cores/MiCalculadora/Operadores/Raiz/Root.v:113$585'.
No latch inferred for signal `\Control_sqrt.\sh' from process `\Control_sqrt.$proc$cores/MiCalculadora/Operadores/Raiz/Root.v:113$585'.
No latch inferred for signal `\Control_sqrt.\chk' from process `\Control_sqrt.$proc$cores/MiCalculadora/Operadores/Raiz/Root.v:113$585'.
No latch inferred for signal `\Data_path_sqrt.\z' from process `\Data_path_sqrt.$proc$cores/MiCalculadora/Operadores/Raiz/Root.v:70$581'.
No latch inferred for signal `\Data_path_sqrt.\Raiz_Aux' from process `\Data_path_sqrt.$proc$cores/MiCalculadora/Operadores/Raiz/Root.v:70$581'.
No latch inferred for signal `\Control_DD.\dn' from process `\Control_DD.$proc$cores/MiCalculadora/Operadores/Binario_Bcd/Double_Dabble.v:192$573'.
No latch inferred for signal `\Control_DD.\ld' from process `\Control_DD.$proc$cores/MiCalculadora/Operadores/Binario_Bcd/Double_Dabble.v:192$573'.
No latch inferred for signal `\Control_DD.\ld_Nib' from process `\Control_DD.$proc$cores/MiCalculadora/Operadores/Binario_Bcd/Double_Dabble.v:192$573'.
No latch inferred for signal `\Control_DD.\sh' from process `\Control_DD.$proc$cores/MiCalculadora/Operadores/Binario_Bcd/Double_Dabble.v:192$573'.
No latch inferred for signal `\Control_DD.\chk' from process `\Control_DD.$proc$cores/MiCalculadora/Operadores/Binario_Bcd/Double_Dabble.v:192$573'.
No latch inferred for signal `\initial_reg.\z' from process `\initial_reg.$proc$cores/MiCalculadora/Operadores/Binario_Bcd/Double_Dabble.v:93$569'.
No latch inferred for signal `\FemtoRV32.$memwr$\registerFile$cores/cpu/femtorv32_quark_V2.v:301$367_EN' from process `\FemtoRV32.$proc$cores/cpu/femtorv32_quark_V2.v:0$517'.
No latch inferred for signal `$paramod$e6d04b969bf2e003005da0092106b7e60df8a87d\peripheral_uart.\s' from process `$paramod$e6d04b969bf2e003005da0092106b7e60df8a87d\peripheral_uart.$proc$cores/uart/perip_uart.v:29$321'.
No latch inferred for signal `\peripheral_Teclado.\s' from process `\peripheral_Teclado.$proc$cores/MiCalculadora/Teclado/perip_Teclado.v:31$313'.
No latch inferred for signal `\peripheral_Rdd.\s' from process `\peripheral_Rdd.$proc$cores/MiCalculadora/Operadores/Bcd_Binario/perip_Rev_Double_Dabble.v:23$302'.
No latch inferred for signal `\peripheral_mult.\s' from process `\peripheral_mult.$proc$cores/MiCalculadora/Operadores/Multiplicaci$c3$b3n/perip_mult.v:20$295'.
No latch inferred for signal `\peripheral_div.\s' from process `\peripheral_div.$proc$cores/MiCalculadora/Operadores/Divisi$c3$b3n/perip_Div.v:26$280'.
No latch inferred for signal `\peripheral_Root.\s' from process `\peripheral_Root.$proc$cores/MiCalculadora/Operadores/Raiz/perip_Root.v:24$268'.
No latch inferred for signal `\peripheral_dd.\s' from process `\peripheral_dd.$proc$cores/MiCalculadora/Operadores/Binario_Bcd/perip_Double_Dabble.v:23$257'.
No latch inferred for signal `\peripheral_Display.\s' from process `\peripheral_Display.$proc$cores/DISPLAY/Integraci$c3$b2n/perip_Display.v:33$239'.
Latch inferred for signal `\SOC.\mem_rdata' from process `\SOC.$proc$SOC.v:231$238': $auto$proc_dlatch.cc:427:proc_dlatch$2585
No latch inferred for signal `\SOC.\cs' from process `\SOC.$proc$SOC.v:215$237'.

33.5.9. Executing PROC_DFF pass (convert process syncs to FFs).
Creating register for signal `\TRELLIS_FF.\Q' using process `\TRELLIS_FF.$proc$/home/leonardo/miniconda3/envs/digital/bin/../share/yosys/ecp5/cells_sim.v:350$224'.
  created $dff cell `$procdff$2586' with positive edge clock.
Creating register for signal `\DPR16X4C.\i' using process `\DPR16X4C.$proc$/home/leonardo/miniconda3/envs/digital/bin/../share/yosys/ecp5/cells_sim.v:0$199'.
  created direct connection (no actual register cell created).
Creating register for signal `\DPR16X4C.$memwr$\ram$/home/leonardo/miniconda3/envs/digital/bin/../share/yosys/ecp5/cells_sim.v:281$160_EN' using process `\DPR16X4C.$proc$/home/leonardo/miniconda3/envs/digital/bin/../share/yosys/ecp5/cells_sim.v:0$199'.
  created direct connection (no actual register cell created).
Creating register for signal `\DPR16X4C.$memwr$\ram$/home/leonardo/miniconda3/envs/digital/bin/../share/yosys/ecp5/cells_sim.v:281$161_EN' using process `\DPR16X4C.$proc$/home/leonardo/miniconda3/envs/digital/bin/../share/yosys/ecp5/cells_sim.v:0$199'.
  created direct connection (no actual register cell created).
Creating register for signal `\DPR16X4C.$memwr$\ram$/home/leonardo/miniconda3/envs/digital/bin/../share/yosys/ecp5/cells_sim.v:281$162_EN' using process `\DPR16X4C.$proc$/home/leonardo/miniconda3/envs/digital/bin/../share/yosys/ecp5/cells_sim.v:0$199'.
  created direct connection (no actual register cell created).
Creating register for signal `\DPR16X4C.$memwr$\ram$/home/leonardo/miniconda3/envs/digital/bin/../share/yosys/ecp5/cells_sim.v:281$163_EN' using process `\DPR16X4C.$proc$/home/leonardo/miniconda3/envs/digital/bin/../share/yosys/ecp5/cells_sim.v:0$199'.
  created direct connection (no actual register cell created).
Creating register for signal `\DPR16X4C.$memwr$\ram$/home/leonardo/miniconda3/envs/digital/bin/../share/yosys/ecp5/cells_sim.v:281$164_EN' using process `\DPR16X4C.$proc$/home/leonardo/miniconda3/envs/digital/bin/../share/yosys/ecp5/cells_sim.v:0$199'.
  created direct connection (no actual register cell created).
Creating register for signal `\DPR16X4C.$memwr$\ram$/home/leonardo/miniconda3/envs/digital/bin/../share/yosys/ecp5/cells_sim.v:281$165_EN' using process `\DPR16X4C.$proc$/home/leonardo/miniconda3/envs/digital/bin/../share/yosys/ecp5/cells_sim.v:0$199'.
  created direct connection (no actual register cell created).
Creating register for signal `\DPR16X4C.$memwr$\ram$/home/leonardo/miniconda3/envs/digital/bin/../share/yosys/ecp5/cells_sim.v:281$166_EN' using process `\DPR16X4C.$proc$/home/leonardo/miniconda3/envs/digital/bin/../share/yosys/ecp5/cells_sim.v:0$199'.
  created direct connection (no actual register cell created).
Creating register for signal `\DPR16X4C.$memwr$\ram$/home/leonardo/miniconda3/envs/digital/bin/../share/yosys/ecp5/cells_sim.v:281$167_EN' using process `\DPR16X4C.$proc$/home/leonardo/miniconda3/envs/digital/bin/../share/yosys/ecp5/cells_sim.v:0$199'.
  created direct connection (no actual register cell created).
Creating register for signal `\DPR16X4C.$memwr$\ram$/home/leonardo/miniconda3/envs/digital/bin/../share/yosys/ecp5/cells_sim.v:281$168_EN' using process `\DPR16X4C.$proc$/home/leonardo/miniconda3/envs/digital/bin/../share/yosys/ecp5/cells_sim.v:0$199'.
  created direct connection (no actual register cell created).
Creating register for signal `\DPR16X4C.$memwr$\ram$/home/leonardo/miniconda3/envs/digital/bin/../share/yosys/ecp5/cells_sim.v:281$169_EN' using process `\DPR16X4C.$proc$/home/leonardo/miniconda3/envs/digital/bin/../share/yosys/ecp5/cells_sim.v:0$199'.
  created direct connection (no actual register cell created).
Creating register for signal `\DPR16X4C.$memwr$\ram$/home/leonardo/miniconda3/envs/digital/bin/../share/yosys/ecp5/cells_sim.v:281$170_EN' using process `\DPR16X4C.$proc$/home/leonardo/miniconda3/envs/digital/bin/../share/yosys/ecp5/cells_sim.v:0$199'.
  created direct connection (no actual register cell created).
Creating register for signal `\DPR16X4C.$memwr$\ram$/home/leonardo/miniconda3/envs/digital/bin/../share/yosys/ecp5/cells_sim.v:281$171_EN' using process `\DPR16X4C.$proc$/home/leonardo/miniconda3/envs/digital/bin/../share/yosys/ecp5/cells_sim.v:0$199'.
  created direct connection (no actual register cell created).
Creating register for signal `\DPR16X4C.$memwr$\ram$/home/leonardo/miniconda3/envs/digital/bin/../share/yosys/ecp5/cells_sim.v:281$172_EN' using process `\DPR16X4C.$proc$/home/leonardo/miniconda3/envs/digital/bin/../share/yosys/ecp5/cells_sim.v:0$199'.
  created direct connection (no actual register cell created).
Creating register for signal `\DPR16X4C.$memwr$\ram$/home/leonardo/miniconda3/envs/digital/bin/../share/yosys/ecp5/cells_sim.v:281$173_EN' using process `\DPR16X4C.$proc$/home/leonardo/miniconda3/envs/digital/bin/../share/yosys/ecp5/cells_sim.v:0$199'.
  created direct connection (no actual register cell created).
Creating register for signal `\DPR16X4C.$memwr$\ram$/home/leonardo/miniconda3/envs/digital/bin/../share/yosys/ecp5/cells_sim.v:281$174_EN' using process `\DPR16X4C.$proc$/home/leonardo/miniconda3/envs/digital/bin/../share/yosys/ecp5/cells_sim.v:0$199'.
  created direct connection (no actual register cell created).
Creating register for signal `\DPR16X4C.$memwr$\ram$/home/leonardo/miniconda3/envs/digital/bin/../share/yosys/ecp5/cells_sim.v:287$175_ADDR' using process `\DPR16X4C.$proc$/home/leonardo/miniconda3/envs/digital/bin/../share/yosys/ecp5/cells_sim.v:285$176'.
  created $dff cell `$procdff$2587' with positive edge clock.
Creating register for signal `\DPR16X4C.$memwr$\ram$/home/leonardo/miniconda3/envs/digital/bin/../share/yosys/ecp5/cells_sim.v:287$175_DATA' using process `\DPR16X4C.$proc$/home/leonardo/miniconda3/envs/digital/bin/../share/yosys/ecp5/cells_sim.v:285$176'.
  created $dff cell `$procdff$2588' with positive edge clock.
Creating register for signal `\DPR16X4C.$memwr$\ram$/home/leonardo/miniconda3/envs/digital/bin/../share/yosys/ecp5/cells_sim.v:287$175_EN' using process `\DPR16X4C.$proc$/home/leonardo/miniconda3/envs/digital/bin/../share/yosys/ecp5/cells_sim.v:285$176'.
  created $dff cell `$procdff$2589' with positive edge clock.
Creating register for signal `\TRELLIS_DPR16X4.\i' using process `\TRELLIS_DPR16X4.$proc$/home/leonardo/miniconda3/envs/digital/bin/../share/yosys/ecp5/cells_sim.v:0$142'.
  created direct connection (no actual register cell created).
Creating register for signal `\TRELLIS_DPR16X4.$memwr$\mem$/home/leonardo/miniconda3/envs/digital/bin/../share/yosys/ecp5/cells_sim.v:207$100_EN' using process `\TRELLIS_DPR16X4.$proc$/home/leonardo/miniconda3/envs/digital/bin/../share/yosys/ecp5/cells_sim.v:0$142'.
  created direct connection (no actual register cell created).
Creating register for signal `\TRELLIS_DPR16X4.$memwr$\mem$/home/leonardo/miniconda3/envs/digital/bin/../share/yosys/ecp5/cells_sim.v:207$101_EN' using process `\TRELLIS_DPR16X4.$proc$/home/leonardo/miniconda3/envs/digital/bin/../share/yosys/ecp5/cells_sim.v:0$142'.
  created direct connection (no actual register cell created).
Creating register for signal `\TRELLIS_DPR16X4.$memwr$\mem$/home/leonardo/miniconda3/envs/digital/bin/../share/yosys/ecp5/cells_sim.v:207$102_EN' using process `\TRELLIS_DPR16X4.$proc$/home/leonardo/miniconda3/envs/digital/bin/../share/yosys/ecp5/cells_sim.v:0$142'.
  created direct connection (no actual register cell created).
Creating register for signal `\TRELLIS_DPR16X4.$memwr$\mem$/home/leonardo/miniconda3/envs/digital/bin/../share/yosys/ecp5/cells_sim.v:207$103_EN' using process `\TRELLIS_DPR16X4.$proc$/home/leonardo/miniconda3/envs/digital/bin/../share/yosys/ecp5/cells_sim.v:0$142'.
  created direct connection (no actual register cell created).
Creating register for signal `\TRELLIS_DPR16X4.$memwr$\mem$/home/leonardo/miniconda3/envs/digital/bin/../share/yosys/ecp5/cells_sim.v:207$104_EN' using process `\TRELLIS_DPR16X4.$proc$/home/leonardo/miniconda3/envs/digital/bin/../share/yosys/ecp5/cells_sim.v:0$142'.
  created direct connection (no actual register cell created).
Creating register for signal `\TRELLIS_DPR16X4.$memwr$\mem$/home/leonardo/miniconda3/envs/digital/bin/../share/yosys/ecp5/cells_sim.v:207$105_EN' using process `\TRELLIS_DPR16X4.$proc$/home/leonardo/miniconda3/envs/digital/bin/../share/yosys/ecp5/cells_sim.v:0$142'.
  created direct connection (no actual register cell created).
Creating register for signal `\TRELLIS_DPR16X4.$memwr$\mem$/home/leonardo/miniconda3/envs/digital/bin/../share/yosys/ecp5/cells_sim.v:207$106_EN' using process `\TRELLIS_DPR16X4.$proc$/home/leonardo/miniconda3/envs/digital/bin/../share/yosys/ecp5/cells_sim.v:0$142'.
  created direct connection (no actual register cell created).
Creating register for signal `\TRELLIS_DPR16X4.$memwr$\mem$/home/leonardo/miniconda3/envs/digital/bin/../share/yosys/ecp5/cells_sim.v:207$107_EN' using process `\TRELLIS_DPR16X4.$proc$/home/leonardo/miniconda3/envs/digital/bin/../share/yosys/ecp5/cells_sim.v:0$142'.
  created direct connection (no actual register cell created).
Creating register for signal `\TRELLIS_DPR16X4.$memwr$\mem$/home/leonardo/miniconda3/envs/digital/bin/../share/yosys/ecp5/cells_sim.v:207$108_EN' using process `\TRELLIS_DPR16X4.$proc$/home/leonardo/miniconda3/envs/digital/bin/../share/yosys/ecp5/cells_sim.v:0$142'.
  created direct connection (no actual register cell created).
Creating register for signal `\TRELLIS_DPR16X4.$memwr$\mem$/home/leonardo/miniconda3/envs/digital/bin/../share/yosys/ecp5/cells_sim.v:207$109_EN' using process `\TRELLIS_DPR16X4.$proc$/home/leonardo/miniconda3/envs/digital/bin/../share/yosys/ecp5/cells_sim.v:0$142'.
  created direct connection (no actual register cell created).
Creating register for signal `\TRELLIS_DPR16X4.$memwr$\mem$/home/leonardo/miniconda3/envs/digital/bin/../share/yosys/ecp5/cells_sim.v:207$110_EN' using process `\TRELLIS_DPR16X4.$proc$/home/leonardo/miniconda3/envs/digital/bin/../share/yosys/ecp5/cells_sim.v:0$142'.
  created direct connection (no actual register cell created).
Creating register for signal `\TRELLIS_DPR16X4.$memwr$\mem$/home/leonardo/miniconda3/envs/digital/bin/../share/yosys/ecp5/cells_sim.v:207$111_EN' using process `\TRELLIS_DPR16X4.$proc$/home/leonardo/miniconda3/envs/digital/bin/../share/yosys/ecp5/cells_sim.v:0$142'.
  created direct connection (no actual register cell created).
Creating register for signal `\TRELLIS_DPR16X4.$memwr$\mem$/home/leonardo/miniconda3/envs/digital/bin/../share/yosys/ecp5/cells_sim.v:207$112_EN' using process `\TRELLIS_DPR16X4.$proc$/home/leonardo/miniconda3/envs/digital/bin/../share/yosys/ecp5/cells_sim.v:0$142'.
  created direct connection (no actual register cell created).
Creating register for signal `\TRELLIS_DPR16X4.$memwr$\mem$/home/leonardo/miniconda3/envs/digital/bin/../share/yosys/ecp5/cells_sim.v:207$113_EN' using process `\TRELLIS_DPR16X4.$proc$/home/leonardo/miniconda3/envs/digital/bin/../share/yosys/ecp5/cells_sim.v:0$142'.
  created direct connection (no actual register cell created).
Creating register for signal `\TRELLIS_DPR16X4.$memwr$\mem$/home/leonardo/miniconda3/envs/digital/bin/../share/yosys/ecp5/cells_sim.v:207$114_EN' using process `\TRELLIS_DPR16X4.$proc$/home/leonardo/miniconda3/envs/digital/bin/../share/yosys/ecp5/cells_sim.v:0$142'.
  created direct connection (no actual register cell created).
Creating register for signal `\TRELLIS_DPR16X4.$memwr$\mem$/home/leonardo/miniconda3/envs/digital/bin/../share/yosys/ecp5/cells_sim.v:207$115_EN' using process `\TRELLIS_DPR16X4.$proc$/home/leonardo/miniconda3/envs/digital/bin/../share/yosys/ecp5/cells_sim.v:0$142'.
  created direct connection (no actual register cell created).
Creating register for signal `\TRELLIS_DPR16X4.$memwr$\mem$/home/leonardo/miniconda3/envs/digital/bin/../share/yosys/ecp5/cells_sim.v:223$116_ADDR' using process `\TRELLIS_DPR16X4.$proc$/home/leonardo/miniconda3/envs/digital/bin/../share/yosys/ecp5/cells_sim.v:221$118'.
  created $dff cell `$procdff$2590' with positive edge clock.
Creating register for signal `\TRELLIS_DPR16X4.$memwr$\mem$/home/leonardo/miniconda3/envs/digital/bin/../share/yosys/ecp5/cells_sim.v:223$116_DATA' using process `\TRELLIS_DPR16X4.$proc$/home/leonardo/miniconda3/envs/digital/bin/../share/yosys/ecp5/cells_sim.v:221$118'.
  created $dff cell `$procdff$2591' with positive edge clock.
Creating register for signal `\TRELLIS_DPR16X4.$memwr$\mem$/home/leonardo/miniconda3/envs/digital/bin/../share/yosys/ecp5/cells_sim.v:223$116_EN' using process `\TRELLIS_DPR16X4.$proc$/home/leonardo/miniconda3/envs/digital/bin/../share/yosys/ecp5/cells_sim.v:221$118'.
  created $dff cell `$procdff$2592' with positive edge clock.
Creating register for signal `\TRELLIS_DPR16X4.\muxwre' using process `\TRELLIS_DPR16X4.$proc$/home/leonardo/miniconda3/envs/digital/bin/../share/yosys/ecp5/cells_sim.v:213$117'.
  created direct connection (no actual register cell created).
Creating register for signal `\DC.\DC' using process `\DC.$proc$cores/DISPLAY/Integraci$c3$b2n/addrCtrl.v:84$694'.
  created $adff cell `$procdff$2593' with negative edge clock and positive level reset.
Creating register for signal `\DC.\displayCS' using process `\DC.$proc$cores/DISPLAY/Integraci$c3$b2n/addrCtrl.v:84$694'.
  created $adff cell `$procdff$2594' with negative edge clock and positive level reset.
Creating register for signal `\DC.\SPI_init' using process `\DC.$proc$cores/DISPLAY/Integraci$c3$b2n/addrCtrl.v:84$694'.
  created $adff cell `$procdff$2595' with negative edge clock and positive level reset.
Creating register for signal `\addr.\address' using process `\addr.$proc$cores/DISPLAY/Integraci$c3$b2n/addrCtrl.v:143$685'.
  created $dff cell `$procdff$2596' with negative edge clock.
Creating register for signal `\addr.\pointerResets' using process `\addr.$proc$cores/DISPLAY/Integraci$c3$b2n/addrCtrl.v:143$685'.
  created $dff cell `$procdff$2597' with negative edge clock.
Creating register for signal `$paramod\control_addr\slowing_factor=s32'00000000000000000000000000100110.\state' using process `$paramod\control_addr\slowing_factor=s32'00000000000000000000000000100110.$proc$cores/DISPLAY/Integraci$c3$b2n/addrCtrl.v:190$670'.
  created $dff cell `$procdff$2598' with positive edge clock.
Creating register for signal `$paramod\control_addr\slowing_factor=s32'00000000000000000000000000100110.\delay_cnt' using process `$paramod\control_addr\slowing_factor=s32'00000000000000000000000000100110.$proc$cores/DISPLAY/Integraci$c3$b2n/addrCtrl.v:190$670'.
  created $dff cell `$procdff$2599' with positive edge clock.
Creating register for signal `$paramod\spi_datapath\number_of_bits=s32'00000000000000000000000000001000.\MOSI' using process `$paramod\spi_datapath\number_of_bits=s32'00000000000000000000000000001000.$proc$cores/DISPLAY/Integraci$c3$b2n/SPI.v:100$662'.
  created $dff cell `$procdff$2600' with positive edge clock.
Creating register for signal `$paramod\spi_datapath\number_of_bits=s32'00000000000000000000000000001000.\data_rx' using process `$paramod\spi_datapath\number_of_bits=s32'00000000000000000000000000001000.$proc$cores/DISPLAY/Integraci$c3$b2n/SPI.v:100$662'.
  created $dff cell `$procdff$2601' with positive edge clock.
Creating register for signal `$paramod\spi_datapath\number_of_bits=s32'00000000000000000000000000001000.\bit_cnt' using process `$paramod\spi_datapath\number_of_bits=s32'00000000000000000000000000001000.$proc$cores/DISPLAY/Integraci$c3$b2n/SPI.v:100$662'.
  created $dff cell `$procdff$2602' with positive edge clock.
Creating register for signal `$paramod\spi_datapath\number_of_bits=s32'00000000000000000000000000001000.\sub_state' using process `$paramod\spi_datapath\number_of_bits=s32'00000000000000000000000000001000.$proc$cores/DISPLAY/Integraci$c3$b2n/SPI.v:100$662'.
  created $dff cell `$procdff$2603' with positive edge clock.
Creating register for signal `$paramod\spi_datapath\number_of_bits=s32'00000000000000000000000000001000.\data' using process `$paramod\spi_datapath\number_of_bits=s32'00000000000000000000000000001000.$proc$cores/DISPLAY/Integraci$c3$b2n/SPI.v:100$662'.
  created $dff cell `$procdff$2604' with positive edge clock.
Creating register for signal `$paramod\spiclk\slowing_factor=s32'00000000000000000000000000100110.\spi_clk' using process `$paramod\spiclk\slowing_factor=s32'00000000000000000000000000100110.$proc$cores/DISPLAY/Integraci$c3$b2n/SPI.v:161$651'.
  created $dff cell `$procdff$2605' with negative edge clock.
Creating register for signal `$paramod\spiclk\slowing_factor=s32'00000000000000000000000000100110.\flag_for_edge' using process `$paramod\spiclk\slowing_factor=s32'00000000000000000000000000100110.$proc$cores/DISPLAY/Integraci$c3$b2n/SPI.v:161$651'.
  created $dff cell `$procdff$2606' with negative edge clock.
Creating register for signal `$paramod\spiclk\slowing_factor=s32'00000000000000000000000000100110.\clk_div' using process `$paramod\spiclk\slowing_factor=s32'00000000000000000000000000100110.$proc$cores/DISPLAY/Integraci$c3$b2n/SPI.v:161$651'.
  created $dff cell `$procdff$2607' with negative edge clock.
Creating register for signal `\control_SPI.\state' using process `\control_SPI.$proc$cores/DISPLAY/Integraci$c3$b2n/SPI.v:205$648'.
  created $adff cell `$procdff$2608' with positive edge clock and positive level reset.
Creating register for signal `\control_SPI.\second_pack' using process `\control_SPI.$proc$cores/DISPLAY/Integraci$c3$b2n/SPI.v:205$648'.
  created $dff cell `$procdff$2611' with positive edge clock.
Creating register for signal `\control_SPI.\Config_mode' using process `\control_SPI.$proc$cores/DISPLAY/Integraci$c3$b2n/SPI.v:205$648'.
  created $dff cell `$procdff$2614' with positive edge clock.
Creating register for signal `\data_tcl.\tecla' using process `\data_tcl.$proc$cores/MiCalculadora/Teclado/Teclado.v:118$630'.
  created $adff cell `$procdff$2615' with positive edge clock and positive level reset.
Creating register for signal `\data_tcl.\unique_flag' using process `\data_tcl.$proc$cores/MiCalculadora/Teclado/Teclado.v:118$630'.
  created $adff cell `$procdff$2616' with positive edge clock and positive level reset.
Creating register for signal `\data_tcl.\Antirebote' using process `\data_tcl.$proc$cores/MiCalculadora/Teclado/Teclado.v:118$630'.
  created $adff cell `$procdff$2617' with positive edge clock and positive level reset.
Creating register for signal `\data_tcl.\Prev_tecla' using process `\data_tcl.$proc$cores/MiCalculadora/Teclado/Teclado.v:118$630'.
  created $adff cell `$procdff$2618' with positive edge clock and positive level reset.
Creating register for signal `\data_tcl.\last_tcl' using process `\data_tcl.$proc$cores/MiCalculadora/Teclado/Teclado.v:118$630'.
  created $dff cell `$procdff$2621' with positive edge clock.
Creating register for signal `\Control_Teclado.\state' using process `\Control_Teclado.$proc$cores/MiCalculadora/Teclado/Teclado.v:201$625'.
  created $adff cell `$procdff$2622' with negative edge clock and positive level reset.
Creating register for signal `\Control_Teclado.\prev_row' using process `\Control_Teclado.$proc$cores/MiCalculadora/Teclado/Teclado.v:201$625'.
  created $adff cell `$procdff$2623' with negative edge clock and positive level reset.
Creating register for signal `\Control_Teclado.\cnt' using process `\Control_Teclado.$proc$cores/MiCalculadora/Teclado/Teclado.v:201$625'.
  created $adff cell `$procdff$2624' with negative edge clock and positive level reset.
Creating register for signal `\Control_Teclado.\rd_flag_sync' using process `\Control_Teclado.$proc$cores/MiCalculadora/Teclado/Teclado.v:192$624'.
  created $adff cell `$procdff$2625' with negative edge clock and positive level reset.
Creating register for signal `\Control.\state' using process `\Control.$proc$cores/MiCalculadora/Operadores/Bcd_Binario/Rev_Double_Dabble.v:132$622'.
  created $adff cell `$procdff$2626' with negative edge clock and positive level reset.
Creating register for signal `\out_reg.\out_Bin' using process `\out_reg.$proc$cores/MiCalculadora/Operadores/Bcd_Binario/Rev_Double_Dabble.v:63$617'.
  created $adff cell `$procdff$2627' with positive edge clock and positive level reset.
Creating register for signal `\out_reg.\Shifts_cnt' using process `\out_reg.$proc$cores/MiCalculadora/Operadores/Bcd_Binario/Rev_Double_Dabble.v:63$617'.
  created $adff cell `$procdff$2628' with positive edge clock and positive level reset.
Creating register for signal `\R_Nbl.\last_LSB' using process `\R_Nbl.$proc$cores/MiCalculadora/Operadores/Bcd_Binario/Rev_Double_Dabble.v:96$614'.
  created $adff cell `$procdff$2629' with positive edge clock and positive level reset.
Creating register for signal `\R_Nbl.\nibble' using process `\R_Nbl.$proc$cores/MiCalculadora/Operadores/Bcd_Binario/Rev_Double_Dabble.v:96$614'.
  created $adff cell `$procdff$2630' with positive edge clock and positive level reset.
Creating register for signal `\rsr.\s_B' using process `\rsr.$proc$cores/MiCalculadora/Operadores/Multiplicaci$c3$b3n/rsr.v:8$612'.
  created $dff cell `$procdff$2631' with negative edge clock.
Creating register for signal `\lsr_mult.\s_A' using process `\lsr_mult.$proc$cores/MiCalculadora/Operadores/Multiplicaci$c3$b3n/lsr_mult.v:8$610'.
  created $dff cell `$procdff$2632' with negative edge clock.
Creating register for signal `\acc.\pp' using process `\acc.$proc$cores/MiCalculadora/Operadores/Multiplicaci$c3$b3n/acc.v:10$603'.
  created $dff cell `$procdff$2633' with negative edge clock.
Creating register for signal `\control_mult.\reset' using process `\control_mult.$proc$cores/MiCalculadora/Operadores/Multiplicaci$c3$b3n/control_mult.v:34$598'.
  created $dff cell `$procdff$2634' with positive edge clock.
Creating register for signal `\control_mult.\done' using process `\control_mult.$proc$cores/MiCalculadora/Operadores/Multiplicaci$c3$b3n/control_mult.v:34$598'.
  created $dff cell `$procdff$2635' with positive edge clock.
Creating register for signal `\control_mult.\state' using process `\control_mult.$proc$cores/MiCalculadora/Operadores/Multiplicaci$c3$b3n/control_mult.v:34$598'.
  created $dff cell `$procdff$2636' with positive edge clock.
Creating register for signal `\control_mult.\sh' using process `\control_mult.$proc$cores/MiCalculadora/Operadores/Multiplicaci$c3$b3n/control_mult.v:34$598'.
  created $dff cell `$procdff$2637' with positive edge clock.
Creating register for signal `\control_mult.\add' using process `\control_mult.$proc$cores/MiCalculadora/Operadores/Multiplicaci$c3$b3n/control_mult.v:34$598'.
  created $dff cell `$procdff$2638' with positive edge clock.
Creating register for signal `\control_mult.\count' using process `\control_mult.$proc$cores/MiCalculadora/Operadores/Multiplicaci$c3$b3n/control_mult.v:34$598'.
  created $dff cell `$procdff$2639' with positive edge clock.
Creating register for signal `\Control_Div.\state' using process `\Control_Div.$proc$cores/MiCalculadora/Operadores/Divisi$c3$b3n/Div.v:98$596'.
  created $adff cell `$procdff$2640' with negative edge clock and positive level reset.
Creating register for signal `\Data_path_Div.\Residuo' using process `\Data_path_Div.$proc$cores/MiCalculadora/Operadores/Divisi$c3$b3n/Div.v:44$586'.
  created $adff cell `$procdff$2641' with positive edge clock and positive level reset.
Creating register for signal `\Data_path_Div.\Cociente' using process `\Data_path_Div.$proc$cores/MiCalculadora/Operadores/Divisi$c3$b3n/Div.v:44$586'.
  created $adff cell `$procdff$2642' with positive edge clock and positive level reset.
Creating register for signal `\Data_path_Div.\Div' using process `\Data_path_Div.$proc$cores/MiCalculadora/Operadores/Divisi$c3$b3n/Div.v:44$586'.
  created $adff cell `$procdff$2643' with positive edge clock and positive level reset.
Creating register for signal `\Data_path_Div.\Shifts_cnt' using process `\Data_path_Div.$proc$cores/MiCalculadora/Operadores/Divisi$c3$b3n/Div.v:44$586'.
  created $adff cell `$procdff$2644' with positive edge clock and positive level reset.
Creating register for signal `\Data_path_Div.\Residuo_Aux' using process `\Data_path_Div.$proc$cores/MiCalculadora/Operadores/Divisi$c3$b3n/Div.v:44$586'.
  created $adff cell `$procdff$2645' with positive edge clock and positive level reset.
Creating register for signal `\Control_sqrt.\state' using process `\Control_sqrt.$proc$cores/MiCalculadora/Operadores/Raiz/Root.v:96$584'.
  created $adff cell `$procdff$2646' with negative edge clock and positive level reset.
Creating register for signal `\Data_path_sqrt.\Raiz' using process `\Data_path_sqrt.$proc$cores/MiCalculadora/Operadores/Raiz/Root.v:42$574'.
  created $adff cell `$procdff$2647' with positive edge clock and positive level reset.
Creating register for signal `\Data_path_sqrt.\Residuo' using process `\Data_path_sqrt.$proc$cores/MiCalculadora/Operadores/Raiz/Root.v:42$574'.
  created $adff cell `$procdff$2648' with positive edge clock and positive level reset.
Creating register for signal `\Data_path_sqrt.\Shifts_cnt' using process `\Data_path_sqrt.$proc$cores/MiCalculadora/Operadores/Raiz/Root.v:42$574'.
  created $adff cell `$procdff$2649' with positive edge clock and positive level reset.
Creating register for signal `\Data_path_sqrt.\Residuo_Aux' using process `\Data_path_sqrt.$proc$cores/MiCalculadora/Operadores/Raiz/Root.v:42$574'.
  created $adff cell `$procdff$2650' with positive edge clock and positive level reset.
Creating register for signal `\Control_DD.\state' using process `\Control_DD.$proc$cores/MiCalculadora/Operadores/Binario_Bcd/Double_Dabble.v:174$572'.
  created $adff cell `$procdff$2651' with negative edge clock and positive level reset.
Creating register for signal `\initial_reg.\MSB_A' using process `\initial_reg.$proc$cores/MiCalculadora/Operadores/Binario_Bcd/Double_Dabble.v:75$566'.
  created $adff cell `$procdff$2652' with positive edge clock and positive level reset.
Creating register for signal `\initial_reg.\Entrada' using process `\initial_reg.$proc$cores/MiCalculadora/Operadores/Binario_Bcd/Double_Dabble.v:75$566'.
  created $adff cell `$procdff$2653' with positive edge clock and positive level reset.
Creating register for signal `\initial_reg.\Shifts_cnt' using process `\initial_reg.$proc$cores/MiCalculadora/Operadores/Binario_Bcd/Double_Dabble.v:75$566'.
  created $adff cell `$procdff$2654' with positive edge clock and positive level reset.
Creating register for signal `\Nbl.\Nibble_out' using process `\Nbl.$proc$cores/MiCalculadora/Operadores/Binario_Bcd/Double_Dabble.v:113$563'.
  created $adff cell `$procdff$2655' with positive edge clock and positive level reset.
Creating register for signal `\Nbl.\last_MSB' using process `\Nbl.$proc$cores/MiCalculadora/Operadores/Binario_Bcd/Double_Dabble.v:113$563'.
  created $adff cell `$procdff$2656' with positive edge clock and positive level reset.
Creating register for signal `\Nbl7.\Nibble_out' using process `\Nbl7.$proc$cores/MiCalculadora/Operadores/Binario_Bcd/Double_Dabble.v:141$560'.
  created $adff cell `$procdff$2657' with positive edge clock and positive level reset.
Creating register for signal `\dpram.\dat_a_out' using process `\dpram.$proc$cores/DISPLAY/Integraci$c3$b2n/dpram.v:44$547'.
  created $dff cell `$procdff$2658' with positive edge clock.
Creating register for signal `\dpram.$memwr$\ram$cores/DISPLAY/Integraci$c3$b2n/dpram.v:48$544_ADDR' using process `\dpram.$proc$cores/DISPLAY/Integraci$c3$b2n/dpram.v:44$547'.
  created $dff cell `$procdff$2659' with positive edge clock.
Creating register for signal `\dpram.$memwr$\ram$cores/DISPLAY/Integraci$c3$b2n/dpram.v:48$544_DATA' using process `\dpram.$proc$cores/DISPLAY/Integraci$c3$b2n/dpram.v:44$547'.
  created $dff cell `$procdff$2660' with positive edge clock.
Creating register for signal `\dpram.$memwr$\ram$cores/DISPLAY/Integraci$c3$b2n/dpram.v:48$544_EN' using process `\dpram.$proc$cores/DISPLAY/Integraci$c3$b2n/dpram.v:44$547'.
  created $dff cell `$procdff$2661' with positive edge clock.
Creating register for signal `\dpram.\dat_b' using process `\dpram.$proc$cores/DISPLAY/Integraci$c3$b2n/dpram.v:34$545'.
  created $dff cell `$procdff$2662' with positive edge clock.
Creating register for signal `$paramod$3e616a0e06e4648ce82d4c7cdb2269fbdad4d203\uart.\tx_busy' using process `$paramod$3e616a0e06e4648ce82d4c7cdb2269fbdad4d203\uart.$proc$cores/uart/uart.v:122$534'.
  created $dff cell `$procdff$2663' with positive edge clock.
Creating register for signal `$paramod$3e616a0e06e4648ce82d4c7cdb2269fbdad4d203\uart.\uart_txd' using process `$paramod$3e616a0e06e4648ce82d4c7cdb2269fbdad4d203\uart.$proc$cores/uart/uart.v:122$534'.
  created $dff cell `$procdff$2664' with positive edge clock.
Creating register for signal `$paramod$3e616a0e06e4648ce82d4c7cdb2269fbdad4d203\uart.\tx_bitcount' using process `$paramod$3e616a0e06e4648ce82d4c7cdb2269fbdad4d203\uart.$proc$cores/uart/uart.v:122$534'.
  created $dff cell `$procdff$2665' with positive edge clock.
Creating register for signal `$paramod$3e616a0e06e4648ce82d4c7cdb2269fbdad4d203\uart.\tx_count16' using process `$paramod$3e616a0e06e4648ce82d4c7cdb2269fbdad4d203\uart.$proc$cores/uart/uart.v:122$534'.
  created $dff cell `$procdff$2666' with positive edge clock.
Creating register for signal `$paramod$3e616a0e06e4648ce82d4c7cdb2269fbdad4d203\uart.\txd_reg' using process `$paramod$3e616a0e06e4648ce82d4c7cdb2269fbdad4d203\uart.$proc$cores/uart/uart.v:122$534'.
  created $dff cell `$procdff$2667' with positive edge clock.
Creating register for signal `$paramod$3e616a0e06e4648ce82d4c7cdb2269fbdad4d203\uart.\rx_data' using process `$paramod$3e616a0e06e4648ce82d4c7cdb2269fbdad4d203\uart.$proc$cores/uart/uart.v:66$526'.
  created $dff cell `$procdff$2668' with positive edge clock.
Creating register for signal `$paramod$3e616a0e06e4648ce82d4c7cdb2269fbdad4d203\uart.\rx_error' using process `$paramod$3e616a0e06e4648ce82d4c7cdb2269fbdad4d203\uart.$proc$cores/uart/uart.v:66$526'.
  created $dff cell `$procdff$2669' with positive edge clock.
Creating register for signal `$paramod$3e616a0e06e4648ce82d4c7cdb2269fbdad4d203\uart.\rx_avail' using process `$paramod$3e616a0e06e4648ce82d4c7cdb2269fbdad4d203\uart.$proc$cores/uart/uart.v:66$526'.
  created $dff cell `$procdff$2670' with positive edge clock.
Creating register for signal `$paramod$3e616a0e06e4648ce82d4c7cdb2269fbdad4d203\uart.\rx_busy' using process `$paramod$3e616a0e06e4648ce82d4c7cdb2269fbdad4d203\uart.$proc$cores/uart/uart.v:66$526'.
  created $dff cell `$procdff$2671' with positive edge clock.
Creating register for signal `$paramod$3e616a0e06e4648ce82d4c7cdb2269fbdad4d203\uart.\rx_count16' using process `$paramod$3e616a0e06e4648ce82d4c7cdb2269fbdad4d203\uart.$proc$cores/uart/uart.v:66$526'.
  created $dff cell `$procdff$2672' with positive edge clock.
Creating register for signal `$paramod$3e616a0e06e4648ce82d4c7cdb2269fbdad4d203\uart.\rx_bitcount' using process `$paramod$3e616a0e06e4648ce82d4c7cdb2269fbdad4d203\uart.$proc$cores/uart/uart.v:66$526'.
  created $dff cell `$procdff$2673' with positive edge clock.
Creating register for signal `$paramod$3e616a0e06e4648ce82d4c7cdb2269fbdad4d203\uart.\rxd_reg' using process `$paramod$3e616a0e06e4648ce82d4c7cdb2269fbdad4d203\uart.$proc$cores/uart/uart.v:66$526'.
  created $dff cell `$procdff$2674' with positive edge clock.
Creating register for signal `$paramod$3e616a0e06e4648ce82d4c7cdb2269fbdad4d203\uart.\uart_rxd1' using process `$paramod$3e616a0e06e4648ce82d4c7cdb2269fbdad4d203\uart.$proc$cores/uart/uart.v:52$525'.
  created $dff cell `$procdff$2675' with positive edge clock.
Creating register for signal `$paramod$3e616a0e06e4648ce82d4c7cdb2269fbdad4d203\uart.\uart_rxd2' using process `$paramod$3e616a0e06e4648ce82d4c7cdb2269fbdad4d203\uart.$proc$cores/uart/uart.v:52$525'.
  created $dff cell `$procdff$2676' with positive edge clock.
Creating register for signal `$paramod$3e616a0e06e4648ce82d4c7cdb2269fbdad4d203\uart.\enable16_counter' using process `$paramod$3e616a0e06e4648ce82d4c7cdb2269fbdad4d203\uart.$proc$cores/uart/uart.v:34$522'.
  created $dff cell `$procdff$2677' with positive edge clock.
Creating register for signal `\Double_Dabble.\out_Bcd' using process `\Double_Dabble.$proc$cores/MiCalculadora/Operadores/Binario_Bcd/Double_Dabble.v:48$519'.
  created $adff cell `$procdff$2678' with negative edge clock and positive level reset.
Creating register for signal `\FemtoRV32.\cycles' using process `\FemtoRV32.$proc$cores/cpu/femtorv32_quark_V2.v:290$513'.
  created $dff cell `$procdff$2679' with positive edge clock.
Creating register for signal `\FemtoRV32.\PC' using process `\FemtoRV32.$proc$cores/cpu/femtorv32_quark_V2.v:249$500'.
  created $dff cell `$procdff$2680' with positive edge clock.
Creating register for signal `\FemtoRV32.\instr' using process `\FemtoRV32.$proc$cores/cpu/femtorv32_quark_V2.v:249$500'.
  created $dff cell `$procdff$2681' with positive edge clock.
Creating register for signal `\FemtoRV32.\state' using process `\FemtoRV32.$proc$cores/cpu/femtorv32_quark_V2.v:249$500'.
  created $dff cell `$procdff$2682' with positive edge clock.
Creating register for signal `\FemtoRV32.\rs1' using process `\FemtoRV32.$proc$cores/cpu/femtorv32_quark_V2.v:249$500'.
  created $dff cell `$procdff$2683' with positive edge clock.
Creating register for signal `\FemtoRV32.\rs2' using process `\FemtoRV32.$proc$cores/cpu/femtorv32_quark_V2.v:249$500'.
  created $dff cell `$procdff$2684' with positive edge clock.
Creating register for signal `\FemtoRV32.\aluReg' using process `\FemtoRV32.$proc$cores/cpu/femtorv32_quark_V2.v:188$463'.
  created $dff cell `$procdff$2685' with positive edge clock.
Creating register for signal `\FemtoRV32.\aluShamt' using process `\FemtoRV32.$proc$cores/cpu/femtorv32_quark_V2.v:188$463'.
  created $dff cell `$procdff$2686' with positive edge clock.
Creating register for signal `\FemtoRV32.$memwr$\registerFile$cores/cpu/femtorv32_quark_V2.v:181$365_EN' using process `\FemtoRV32.$proc$cores/cpu/femtorv32_quark_V2.v:179$446'.
  created $dff cell `$procdff$2687' with positive edge clock.
Creating register for signal `\FemtoRV32.$memwr$\registerFile$cores/cpu/femtorv32_quark_V2.v:185$366_ADDR' using process `\FemtoRV32.$proc$cores/cpu/femtorv32_quark_V2.v:179$446'.
  created $dff cell `$procdff$2688' with positive edge clock.
Creating register for signal `\FemtoRV32.$memwr$\registerFile$cores/cpu/femtorv32_quark_V2.v:185$366_DATA' using process `\FemtoRV32.$proc$cores/cpu/femtorv32_quark_V2.v:179$446'.
  created $dff cell `$procdff$2689' with positive edge clock.
Creating register for signal `\FemtoRV32.$memwr$\registerFile$cores/cpu/femtorv32_quark_V2.v:185$366_EN' using process `\FemtoRV32.$proc$cores/cpu/femtorv32_quark_V2.v:179$446'.
  created $dff cell `$procdff$2690' with positive edge clock.
Creating register for signal `\bram.\mem_rdata' using process `\bram.$proc$cores/bram/bram.v:20$337'.
  created $dff cell `$procdff$2691' with positive edge clock.
Creating register for signal `\bram.$memwr$\MEM$cores/bram/bram.v:24$333_ADDR' using process `\bram.$proc$cores/bram/bram.v:20$337'.
  created $dff cell `$procdff$2692' with positive edge clock.
Creating register for signal `\bram.$memwr$\MEM$cores/bram/bram.v:24$333_DATA' using process `\bram.$proc$cores/bram/bram.v:20$337'.
  created $dff cell `$procdff$2693' with positive edge clock.
Creating register for signal `\bram.$memwr$\MEM$cores/bram/bram.v:24$333_EN' using process `\bram.$proc$cores/bram/bram.v:20$337'.
  created $dff cell `$procdff$2694' with positive edge clock.
Creating register for signal `\bram.$memwr$\MEM$cores/bram/bram.v:25$334_ADDR' using process `\bram.$proc$cores/bram/bram.v:20$337'.
  created $dff cell `$procdff$2695' with positive edge clock.
Creating register for signal `\bram.$memwr$\MEM$cores/bram/bram.v:25$334_DATA' using process `\bram.$proc$cores/bram/bram.v:20$337'.
  created $dff cell `$procdff$2696' with positive edge clock.
Creating register for signal `\bram.$memwr$\MEM$cores/bram/bram.v:25$334_EN' using process `\bram.$proc$cores/bram/bram.v:20$337'.
  created $dff cell `$procdff$2697' with positive edge clock.
Creating register for signal `\bram.$memwr$\MEM$cores/bram/bram.v:26$335_ADDR' using process `\bram.$proc$cores/bram/bram.v:20$337'.
  created $dff cell `$procdff$2698' with positive edge clock.
Creating register for signal `\bram.$memwr$\MEM$cores/bram/bram.v:26$335_DATA' using process `\bram.$proc$cores/bram/bram.v:20$337'.
  created $dff cell `$procdff$2699' with positive edge clock.
Creating register for signal `\bram.$memwr$\MEM$cores/bram/bram.v:26$335_EN' using process `\bram.$proc$cores/bram/bram.v:20$337'.
  created $dff cell `$procdff$2700' with positive edge clock.
Creating register for signal `\bram.$memwr$\MEM$cores/bram/bram.v:27$336_ADDR' using process `\bram.$proc$cores/bram/bram.v:20$337'.
  created $dff cell `$procdff$2701' with positive edge clock.
Creating register for signal `\bram.$memwr$\MEM$cores/bram/bram.v:27$336_DATA' using process `\bram.$proc$cores/bram/bram.v:20$337'.
  created $dff cell `$procdff$2702' with positive edge clock.
Creating register for signal `\bram.$memwr$\MEM$cores/bram/bram.v:27$336_EN' using process `\bram.$proc$cores/bram/bram.v:20$337'.
  created $dff cell `$procdff$2703' with positive edge clock.
Creating register for signal `$paramod$e6d04b969bf2e003005da0092106b7e60df8a87d\peripheral_uart.\d_out' using process `$paramod$e6d04b969bf2e003005da0092106b7e60df8a87d\peripheral_uart.$proc$cores/uart/perip_uart.v:45$329'.
  created $dff cell `$procdff$2704' with positive edge clock.
Creating register for signal `$paramod$e6d04b969bf2e003005da0092106b7e60df8a87d\peripheral_uart.\ledout' using process `$paramod$e6d04b969bf2e003005da0092106b7e60df8a87d\peripheral_uart.$proc$cores/uart/perip_uart.v:38$324'.
  created $dff cell `$procdff$2705' with positive edge clock.
Creating register for signal `$paramod$e6d04b969bf2e003005da0092106b7e60df8a87d\peripheral_uart.\d_in_uart' using process `$paramod$e6d04b969bf2e003005da0092106b7e60df8a87d\peripheral_uart.$proc$cores/uart/perip_uart.v:38$324'.
  created $dff cell `$procdff$2706' with positive edge clock.
Creating register for signal `$paramod$e6d04b969bf2e003005da0092106b7e60df8a87d\peripheral_uart.\uart_ctrl' using process `$paramod$e6d04b969bf2e003005da0092106b7e60df8a87d\peripheral_uart.$proc$cores/uart/perip_uart.v:38$324'.
  created $dff cell `$procdff$2707' with positive edge clock.
Creating register for signal `\peripheral_Teclado.\d_out' using process `\peripheral_Teclado.$proc$cores/MiCalculadora/Teclado/perip_Teclado.v:46$320'.
  created $dff cell `$procdff$2708' with positive edge clock.
Creating register for signal `\peripheral_Teclado.\init' using process `\peripheral_Teclado.$proc$cores/MiCalculadora/Teclado/perip_Teclado.v:41$317'.
  created $dff cell `$procdff$2709' with positive edge clock.
Creating register for signal `\peripheral_Rdd.\d_out' using process `\peripheral_Rdd.$proc$cores/MiCalculadora/Operadores/Bcd_Binario/perip_Rev_Double_Dabble.v:40$312'.
  created $dff cell `$procdff$2710' with positive edge clock.
Creating register for signal `\peripheral_Rdd.\init' using process `\peripheral_Rdd.$proc$cores/MiCalculadora/Operadores/Bcd_Binario/perip_Rev_Double_Dabble.v:34$307'.
  created $dff cell `$procdff$2711' with positive edge clock.
Creating register for signal `\peripheral_Rdd.\in_Bcd' using process `\peripheral_Rdd.$proc$cores/MiCalculadora/Operadores/Bcd_Binario/perip_Rev_Double_Dabble.v:34$307'.
  created $dff cell `$procdff$2712' with positive edge clock.
Creating register for signal `\peripheral_mult.\d_out' using process `\peripheral_mult.$proc$cores/MiCalculadora/Operadores/Multiplicaci$c3$b3n/perip_mult.v:56$301'.
  created $dff cell `$procdff$2713' with positive edge clock.
Creating register for signal `\peripheral_mult.\A' using process `\peripheral_mult.$proc$cores/MiCalculadora/Operadores/Multiplicaci$c3$b3n/perip_mult.v:38$296'.
  created $dff cell `$procdff$2714' with positive edge clock.
Creating register for signal `\peripheral_mult.\B' using process `\peripheral_mult.$proc$cores/MiCalculadora/Operadores/Multiplicaci$c3$b3n/perip_mult.v:38$296'.
  created $dff cell `$procdff$2715' with positive edge clock.
Creating register for signal `\peripheral_mult.\init' using process `\peripheral_mult.$proc$cores/MiCalculadora/Operadores/Multiplicaci$c3$b3n/perip_mult.v:38$296'.
  created $dff cell `$procdff$2716' with positive edge clock.
Creating register for signal `\peripheral_div.\d_out' using process `\peripheral_div.$proc$cores/MiCalculadora/Operadores/Divisi$c3$b3n/perip_Div.v:46$294'.
  created $dff cell `$procdff$2717' with positive edge clock.
Creating register for signal `\peripheral_div.\init' using process `\peripheral_div.$proc$cores/MiCalculadora/Operadores/Divisi$c3$b3n/perip_Div.v:39$287'.
  created $dff cell `$procdff$2718' with positive edge clock.
Creating register for signal `\peripheral_div.\Dividendo' using process `\peripheral_div.$proc$cores/MiCalculadora/Operadores/Divisi$c3$b3n/perip_Div.v:39$287'.
  created $dff cell `$procdff$2719' with positive edge clock.
Creating register for signal `\peripheral_div.\Divisor' using process `\peripheral_div.$proc$cores/MiCalculadora/Operadores/Divisi$c3$b3n/perip_Div.v:39$287'.
  created $dff cell `$procdff$2720' with positive edge clock.
Creating register for signal `\peripheral_Root.\d_out' using process `\peripheral_Root.$proc$cores/MiCalculadora/Operadores/Raiz/perip_Root.v:42$279'.
  created $dff cell `$procdff$2721' with positive edge clock.
Creating register for signal `\peripheral_Root.\init' using process `\peripheral_Root.$proc$cores/MiCalculadora/Operadores/Raiz/perip_Root.v:36$274'.
  created $dff cell `$procdff$2722' with positive edge clock.
Creating register for signal `\peripheral_Root.\Radicando' using process `\peripheral_Root.$proc$cores/MiCalculadora/Operadores/Raiz/perip_Root.v:36$274'.
  created $dff cell `$procdff$2723' with positive edge clock.
Creating register for signal `\peripheral_dd.\d_out' using process `\peripheral_dd.$proc$cores/MiCalculadora/Operadores/Binario_Bcd/perip_Double_Dabble.v:40$267'.
  created $dff cell `$procdff$2724' with positive edge clock.
Creating register for signal `\peripheral_dd.\init' using process `\peripheral_dd.$proc$cores/MiCalculadora/Operadores/Binario_Bcd/perip_Double_Dabble.v:34$262'.
  created $dff cell `$procdff$2725' with positive edge clock.
Creating register for signal `\peripheral_dd.\in_Bin' using process `\peripheral_dd.$proc$cores/MiCalculadora/Operadores/Binario_Bcd/perip_Double_Dabble.v:34$262'.
  created $dff cell `$procdff$2726' with positive edge clock.
Creating register for signal `\peripheral_Display.\d_out' using process `\peripheral_Display.$proc$cores/DISPLAY/Integraci$c3$b2n/perip_Display.v:55$256'.
  created $dff cell `$procdff$2727' with positive edge clock.
Creating register for signal `\peripheral_Display.\init' using process `\peripheral_Display.$proc$cores/DISPLAY/Integraci$c3$b2n/perip_Display.v:47$247'.
  created $dff cell `$procdff$2728' with positive edge clock.
Creating register for signal `\peripheral_Display.\dat_a' using process `\peripheral_Display.$proc$cores/DISPLAY/Integraci$c3$b2n/perip_Display.v:47$247'.
  created $dff cell `$procdff$2729' with positive edge clock.
Creating register for signal `\peripheral_Display.\adr_a' using process `\peripheral_Display.$proc$cores/DISPLAY/Integraci$c3$b2n/perip_Display.v:47$247'.
  created $dff cell `$procdff$2730' with positive edge clock.
Creating register for signal `\peripheral_Display.\mem_wr' using process `\peripheral_Display.$proc$cores/DISPLAY/Integraci$c3$b2n/perip_Display.v:47$247'.
  created $dff cell `$procdff$2731' with positive edge clock.

33.5.10. Executing PROC_MEMWR pass (convert process memory writes to cells).

33.5.11. Executing PROC_CLEAN pass (remove empty switches from decision trees).
Removing empty process `TRELLIS_FF.$proc$/home/leonardo/miniconda3/envs/digital/bin/../share/yosys/ecp5/cells_sim.v:0$225'.
Found and cleaned up 2 empty switches in `\TRELLIS_FF.$proc$/home/leonardo/miniconda3/envs/digital/bin/../share/yosys/ecp5/cells_sim.v:350$224'.
Removing empty process `TRELLIS_FF.$proc$/home/leonardo/miniconda3/envs/digital/bin/../share/yosys/ecp5/cells_sim.v:350$224'.
Removing empty process `DPR16X4C.$proc$/home/leonardo/miniconda3/envs/digital/bin/../share/yosys/ecp5/cells_sim.v:0$199'.
Found and cleaned up 1 empty switch in `\DPR16X4C.$proc$/home/leonardo/miniconda3/envs/digital/bin/../share/yosys/ecp5/cells_sim.v:285$176'.
Removing empty process `TRELLIS_DPR16X4.$proc$/home/leonardo/miniconda3/envs/digital/bin/../share/yosys/ecp5/cells_sim.v:0$142'.
Found and cleaned up 1 empty switch in `\TRELLIS_DPR16X4.$proc$/home/leonardo/miniconda3/envs/digital/bin/../share/yosys/ecp5/cells_sim.v:221$118'.
Removing empty process `TRELLIS_DPR16X4.$proc$/home/leonardo/miniconda3/envs/digital/bin/../share/yosys/ecp5/cells_sim.v:213$117'.
Found and cleaned up 3 empty switches in `\DC.$proc$cores/DISPLAY/Integraci$c3$b2n/addrCtrl.v:84$694'.
Removing empty process `DC.$proc$cores/DISPLAY/Integraci$c3$b2n/addrCtrl.v:84$694'.
Removing empty process `addr.$proc$cores/DISPLAY/Integraci$c3$b2n/addrCtrl.v:160$689'.
Found and cleaned up 4 empty switches in `\addr.$proc$cores/DISPLAY/Integraci$c3$b2n/addrCtrl.v:143$685'.
Removing empty process `addr.$proc$cores/DISPLAY/Integraci$c3$b2n/addrCtrl.v:143$685'.
Found and cleaned up 1 empty switch in `$paramod\control_addr\slowing_factor=s32'00000000000000000000000000100110.$proc$cores/DISPLAY/Integraci$c3$b2n/addrCtrl.v:235$674'.
Removing empty process `$paramod\control_addr\slowing_factor=s32'00000000000000000000000000100110.$proc$cores/DISPLAY/Integraci$c3$b2n/addrCtrl.v:235$674'.
Found and cleaned up 9 empty switches in `$paramod\control_addr\slowing_factor=s32'00000000000000000000000000100110.$proc$cores/DISPLAY/Integraci$c3$b2n/addrCtrl.v:190$670'.
Removing empty process `$paramod\control_addr\slowing_factor=s32'00000000000000000000000000100110.$proc$cores/DISPLAY/Integraci$c3$b2n/addrCtrl.v:190$670'.
Found and cleaned up 5 empty switches in `$paramod\spi_datapath\number_of_bits=s32'00000000000000000000000000001000.$proc$cores/DISPLAY/Integraci$c3$b2n/SPI.v:100$662'.
Removing empty process `$paramod\spi_datapath\number_of_bits=s32'00000000000000000000000000001000.$proc$cores/DISPLAY/Integraci$c3$b2n/SPI.v:100$662'.
Found and cleaned up 3 empty switches in `$paramod\spiclk\slowing_factor=s32'00000000000000000000000000100110.$proc$cores/DISPLAY/Integraci$c3$b2n/SPI.v:161$651'.
Removing empty process `$paramod\spiclk\slowing_factor=s32'00000000000000000000000000100110.$proc$cores/DISPLAY/Integraci$c3$b2n/SPI.v:161$651'.
Found and cleaned up 1 empty switch in `\control_SPI.$proc$cores/DISPLAY/Integraci$c3$b2n/SPI.v:249$650'.
Removing empty process `control_SPI.$proc$cores/DISPLAY/Integraci$c3$b2n/SPI.v:249$650'.
Found and cleaned up 6 empty switches in `\control_SPI.$proc$cores/DISPLAY/Integraci$c3$b2n/SPI.v:205$648'.
Removing empty process `control_SPI.$proc$cores/DISPLAY/Integraci$c3$b2n/SPI.v:205$648'.
Removing empty process `data_tcl.$proc$cores/MiCalculadora/Teclado/Teclado.v:156$643'.
Found and cleaned up 8 empty switches in `\data_tcl.$proc$cores/MiCalculadora/Teclado/Teclado.v:118$630'.
Removing empty process `data_tcl.$proc$cores/MiCalculadora/Teclado/Teclado.v:118$630'.
Found and cleaned up 18 empty switches in `\data_tcl.$proc$cores/MiCalculadora/Teclado/Teclado.v:91$629'.
Removing empty process `data_tcl.$proc$cores/MiCalculadora/Teclado/Teclado.v:91$629'.
Found and cleaned up 2 empty switches in `\Control_Teclado.$proc$cores/MiCalculadora/Teclado/Teclado.v:264$628'.
Removing empty process `Control_Teclado.$proc$cores/MiCalculadora/Teclado/Teclado.v:264$628'.
Found and cleaned up 9 empty switches in `\Control_Teclado.$proc$cores/MiCalculadora/Teclado/Teclado.v:201$625'.
Removing empty process `Control_Teclado.$proc$cores/MiCalculadora/Teclado/Teclado.v:201$625'.
Removing empty process `Control_Teclado.$proc$cores/MiCalculadora/Teclado/Teclado.v:192$624'.
Found and cleaned up 1 empty switch in `\Control.$proc$cores/MiCalculadora/Operadores/Bcd_Binario/Rev_Double_Dabble.v:150$623'.
Removing empty process `Control.$proc$cores/MiCalculadora/Operadores/Bcd_Binario/Rev_Double_Dabble.v:150$623'.
Found and cleaned up 3 empty switches in `\Control.$proc$cores/MiCalculadora/Operadores/Bcd_Binario/Rev_Double_Dabble.v:132$622'.
Removing empty process `Control.$proc$cores/MiCalculadora/Operadores/Bcd_Binario/Rev_Double_Dabble.v:132$622'.
Removing empty process `out_reg.$proc$cores/MiCalculadora/Operadores/Bcd_Binario/Rev_Double_Dabble.v:76$619'.
Found and cleaned up 2 empty switches in `\out_reg.$proc$cores/MiCalculadora/Operadores/Bcd_Binario/Rev_Double_Dabble.v:63$617'.
Removing empty process `out_reg.$proc$cores/MiCalculadora/Operadores/Bcd_Binario/Rev_Double_Dabble.v:63$617'.
Found and cleaned up 5 empty switches in `\R_Nbl.$proc$cores/MiCalculadora/Operadores/Bcd_Binario/Rev_Double_Dabble.v:96$614'.
Removing empty process `R_Nbl.$proc$cores/MiCalculadora/Operadores/Bcd_Binario/Rev_Double_Dabble.v:96$614'.
Found and cleaned up 2 empty switches in `\rsr.$proc$cores/MiCalculadora/Operadores/Multiplicaci$c3$b3n/rsr.v:8$612'.
Removing empty process `rsr.$proc$cores/MiCalculadora/Operadores/Multiplicaci$c3$b3n/rsr.v:8$612'.
Found and cleaned up 2 empty switches in `\lsr_mult.$proc$cores/MiCalculadora/Operadores/Multiplicaci$c3$b3n/lsr_mult.v:8$610'.
Removing empty process `lsr_mult.$proc$cores/MiCalculadora/Operadores/Multiplicaci$c3$b3n/lsr_mult.v:8$610'.
Removing empty process `comp.$proc$cores/MiCalculadora/Operadores/Multiplicaci$c3$b3n/comp.v:0$609'.
Removing empty process `comp.$proc$cores/MiCalculadora/Operadores/Multiplicaci$c3$b3n/comp.v:9$606'.
Removing empty process `acc.$proc$cores/MiCalculadora/Operadores/Multiplicaci$c3$b3n/acc.v:0$605'.
Found and cleaned up 2 empty switches in `\acc.$proc$cores/MiCalculadora/Operadores/Multiplicaci$c3$b3n/acc.v:10$603'.
Removing empty process `acc.$proc$cores/MiCalculadora/Operadores/Multiplicaci$c3$b3n/acc.v:10$603'.
Removing empty process `control_mult.$proc$cores/MiCalculadora/Operadores/Multiplicaci$c3$b3n/control_mult.v:0$602'.
Found and cleaned up 5 empty switches in `\control_mult.$proc$cores/MiCalculadora/Operadores/Multiplicaci$c3$b3n/control_mult.v:34$598'.
Removing empty process `control_mult.$proc$cores/MiCalculadora/Operadores/Multiplicaci$c3$b3n/control_mult.v:34$598'.
Found and cleaned up 1 empty switch in `\Control_Div.$proc$cores/MiCalculadora/Operadores/Divisi$c3$b3n/Div.v:115$597'.
Removing empty process `Control_Div.$proc$cores/MiCalculadora/Operadores/Divisi$c3$b3n/Div.v:115$597'.
Found and cleaned up 3 empty switches in `\Control_Div.$proc$cores/MiCalculadora/Operadores/Divisi$c3$b3n/Div.v:98$596'.
Removing empty process `Control_Div.$proc$cores/MiCalculadora/Operadores/Divisi$c3$b3n/Div.v:98$596'.
Removing empty process `Data_path_Div.$proc$cores/MiCalculadora/Operadores/Divisi$c3$b3n/Div.v:74$593'.
Found and cleaned up 4 empty switches in `\Data_path_Div.$proc$cores/MiCalculadora/Operadores/Divisi$c3$b3n/Div.v:44$586'.
Removing empty process `Data_path_Div.$proc$cores/MiCalculadora/Operadores/Divisi$c3$b3n/Div.v:44$586'.
Found and cleaned up 1 empty switch in `\Control_sqrt.$proc$cores/MiCalculadora/Operadores/Raiz/Root.v:113$585'.
Removing empty process `Control_sqrt.$proc$cores/MiCalculadora/Operadores/Raiz/Root.v:113$585'.
Found and cleaned up 3 empty switches in `\Control_sqrt.$proc$cores/MiCalculadora/Operadores/Raiz/Root.v:96$584'.
Removing empty process `Control_sqrt.$proc$cores/MiCalculadora/Operadores/Raiz/Root.v:96$584'.
Removing empty process `Data_path_sqrt.$proc$cores/MiCalculadora/Operadores/Raiz/Root.v:70$581'.
Found and cleaned up 4 empty switches in `\Data_path_sqrt.$proc$cores/MiCalculadora/Operadores/Raiz/Root.v:42$574'.
Removing empty process `Data_path_sqrt.$proc$cores/MiCalculadora/Operadores/Raiz/Root.v:42$574'.
Found and cleaned up 1 empty switch in `\Control_DD.$proc$cores/MiCalculadora/Operadores/Binario_Bcd/Double_Dabble.v:192$573'.
Removing empty process `Control_DD.$proc$cores/MiCalculadora/Operadores/Binario_Bcd/Double_Dabble.v:192$573'.
Found and cleaned up 3 empty switches in `\Control_DD.$proc$cores/MiCalculadora/Operadores/Binario_Bcd/Double_Dabble.v:174$572'.
Removing empty process `Control_DD.$proc$cores/MiCalculadora/Operadores/Binario_Bcd/Double_Dabble.v:174$572'.
Removing empty process `initial_reg.$proc$cores/MiCalculadora/Operadores/Binario_Bcd/Double_Dabble.v:93$569'.
Found and cleaned up 3 empty switches in `\initial_reg.$proc$cores/MiCalculadora/Operadores/Binario_Bcd/Double_Dabble.v:75$566'.
Removing empty process `initial_reg.$proc$cores/MiCalculadora/Operadores/Binario_Bcd/Double_Dabble.v:75$566'.
Found and cleaned up 5 empty switches in `\Nbl.$proc$cores/MiCalculadora/Operadores/Binario_Bcd/Double_Dabble.v:113$563'.
Removing empty process `Nbl.$proc$cores/MiCalculadora/Operadores/Binario_Bcd/Double_Dabble.v:113$563'.
Found and cleaned up 4 empty switches in `\Nbl7.$proc$cores/MiCalculadora/Operadores/Binario_Bcd/Double_Dabble.v:141$560'.
Removing empty process `Nbl7.$proc$cores/MiCalculadora/Operadores/Binario_Bcd/Double_Dabble.v:141$560'.
Found and cleaned up 2 empty switches in `\dpram.$proc$cores/DISPLAY/Integraci$c3$b2n/dpram.v:44$547'.
Removing empty process `dpram.$proc$cores/DISPLAY/Integraci$c3$b2n/dpram.v:44$547'.
Found and cleaned up 2 empty switches in `\dpram.$proc$cores/DISPLAY/Integraci$c3$b2n/dpram.v:34$545'.
Removing empty process `dpram.$proc$cores/DISPLAY/Integraci$c3$b2n/dpram.v:34$545'.
Found and cleaned up 7 empty switches in `$paramod$3e616a0e06e4648ce82d4c7cdb2269fbdad4d203\uart.$proc$cores/uart/uart.v:122$534'.
Removing empty process `$paramod$3e616a0e06e4648ce82d4c7cdb2269fbdad4d203\uart.$proc$cores/uart/uart.v:122$534'.
Found and cleaned up 10 empty switches in `$paramod$3e616a0e06e4648ce82d4c7cdb2269fbdad4d203\uart.$proc$cores/uart/uart.v:66$526'.
Removing empty process `$paramod$3e616a0e06e4648ce82d4c7cdb2269fbdad4d203\uart.$proc$cores/uart/uart.v:66$526'.
Removing empty process `$paramod$3e616a0e06e4648ce82d4c7cdb2269fbdad4d203\uart.$proc$cores/uart/uart.v:52$525'.
Found and cleaned up 2 empty switches in `$paramod$3e616a0e06e4648ce82d4c7cdb2269fbdad4d203\uart.$proc$cores/uart/uart.v:34$522'.
Removing empty process `$paramod$3e616a0e06e4648ce82d4c7cdb2269fbdad4d203\uart.$proc$cores/uart/uart.v:34$522'.
Removing empty process `Double_Dabble.$proc$cores/MiCalculadora/Operadores/Binario_Bcd/Double_Dabble.v:48$519'.
Removing empty process `FemtoRV32.$proc$cores/cpu/femtorv32_quark_V2.v:0$517'.
Found and cleaned up 1 empty switch in `\FemtoRV32.$proc$cores/cpu/femtorv32_quark_V2.v:290$513'.
Removing empty process `FemtoRV32.$proc$cores/cpu/femtorv32_quark_V2.v:290$513'.
Found and cleaned up 4 empty switches in `\FemtoRV32.$proc$cores/cpu/femtorv32_quark_V2.v:249$500'.
Removing empty process `FemtoRV32.$proc$cores/cpu/femtorv32_quark_V2.v:249$500'.
Found and cleaned up 4 empty switches in `\FemtoRV32.$proc$cores/cpu/femtorv32_quark_V2.v:188$463'.
Removing empty process `FemtoRV32.$proc$cores/cpu/femtorv32_quark_V2.v:188$463'.
Found and cleaned up 3 empty switches in `\FemtoRV32.$proc$cores/cpu/femtorv32_quark_V2.v:179$446'.
Removing empty process `FemtoRV32.$proc$cores/cpu/femtorv32_quark_V2.v:179$446'.
Found and cleaned up 5 empty switches in `\bram.$proc$cores/bram/bram.v:20$337'.
Removing empty process `bram.$proc$cores/bram/bram.v:20$337'.
Removing empty process `$paramod$e6d04b969bf2e003005da0092106b7e60df8a87d\peripheral_uart.$proc$cores/uart/perip_uart.v:21$332'.
Removing empty process `$paramod$e6d04b969bf2e003005da0092106b7e60df8a87d\peripheral_uart.$proc$cores/uart/perip_uart.v:20$331'.
Removing empty process `$paramod$e6d04b969bf2e003005da0092106b7e60df8a87d\peripheral_uart.$proc$cores/uart/perip_uart.v:0$330'.
Found and cleaned up 1 empty switch in `$paramod$e6d04b969bf2e003005da0092106b7e60df8a87d\peripheral_uart.$proc$cores/uart/perip_uart.v:45$329'.
Removing empty process `$paramod$e6d04b969bf2e003005da0092106b7e60df8a87d\peripheral_uart.$proc$cores/uart/perip_uart.v:45$329'.
Removing empty process `$paramod$e6d04b969bf2e003005da0092106b7e60df8a87d\peripheral_uart.$proc$cores/uart/perip_uart.v:38$324'.
Found and cleaned up 1 empty switch in `$paramod$e6d04b969bf2e003005da0092106b7e60df8a87d\peripheral_uart.$proc$cores/uart/perip_uart.v:29$321'.
Removing empty process `$paramod$e6d04b969bf2e003005da0092106b7e60df8a87d\peripheral_uart.$proc$cores/uart/perip_uart.v:29$321'.
Found and cleaned up 1 empty switch in `\peripheral_Teclado.$proc$cores/MiCalculadora/Teclado/perip_Teclado.v:46$320'.
Removing empty process `peripheral_Teclado.$proc$cores/MiCalculadora/Teclado/perip_Teclado.v:46$320'.
Removing empty process `peripheral_Teclado.$proc$cores/MiCalculadora/Teclado/perip_Teclado.v:41$317'.
Found and cleaned up 1 empty switch in `\peripheral_Teclado.$proc$cores/MiCalculadora/Teclado/perip_Teclado.v:31$313'.
Removing empty process `peripheral_Teclado.$proc$cores/MiCalculadora/Teclado/perip_Teclado.v:31$313'.
Found and cleaned up 1 empty switch in `\peripheral_Rdd.$proc$cores/MiCalculadora/Operadores/Bcd_Binario/perip_Rev_Double_Dabble.v:40$312'.
Removing empty process `peripheral_Rdd.$proc$cores/MiCalculadora/Operadores/Bcd_Binario/perip_Rev_Double_Dabble.v:40$312'.
Removing empty process `peripheral_Rdd.$proc$cores/MiCalculadora/Operadores/Bcd_Binario/perip_Rev_Double_Dabble.v:34$307'.
Found and cleaned up 1 empty switch in `\peripheral_Rdd.$proc$cores/MiCalculadora/Operadores/Bcd_Binario/perip_Rev_Double_Dabble.v:23$302'.
Removing empty process `peripheral_Rdd.$proc$cores/MiCalculadora/Operadores/Bcd_Binario/perip_Rev_Double_Dabble.v:23$302'.
Found and cleaned up 3 empty switches in `\peripheral_mult.$proc$cores/MiCalculadora/Operadores/Multiplicaci$c3$b3n/perip_mult.v:56$301'.
Removing empty process `peripheral_mult.$proc$cores/MiCalculadora/Operadores/Multiplicaci$c3$b3n/perip_mult.v:56$301'.
Found and cleaned up 2 empty switches in `\peripheral_mult.$proc$cores/MiCalculadora/Operadores/Multiplicaci$c3$b3n/perip_mult.v:38$296'.
Removing empty process `peripheral_mult.$proc$cores/MiCalculadora/Operadores/Multiplicaci$c3$b3n/perip_mult.v:38$296'.
Found and cleaned up 2 empty switches in `\peripheral_mult.$proc$cores/MiCalculadora/Operadores/Multiplicaci$c3$b3n/perip_mult.v:20$295'.
Removing empty process `peripheral_mult.$proc$cores/MiCalculadora/Operadores/Multiplicaci$c3$b3n/perip_mult.v:20$295'.
Found and cleaned up 1 empty switch in `\peripheral_div.$proc$cores/MiCalculadora/Operadores/Divisi$c3$b3n/perip_Div.v:46$294'.
Removing empty process `peripheral_div.$proc$cores/MiCalculadora/Operadores/Divisi$c3$b3n/perip_Div.v:46$294'.
Removing empty process `peripheral_div.$proc$cores/MiCalculadora/Operadores/Divisi$c3$b3n/perip_Div.v:39$287'.
Found and cleaned up 1 empty switch in `\peripheral_div.$proc$cores/MiCalculadora/Operadores/Divisi$c3$b3n/perip_Div.v:26$280'.
Removing empty process `peripheral_div.$proc$cores/MiCalculadora/Operadores/Divisi$c3$b3n/perip_Div.v:26$280'.
Found and cleaned up 1 empty switch in `\peripheral_Root.$proc$cores/MiCalculadora/Operadores/Raiz/perip_Root.v:42$279'.
Removing empty process `peripheral_Root.$proc$cores/MiCalculadora/Operadores/Raiz/perip_Root.v:42$279'.
Removing empty process `peripheral_Root.$proc$cores/MiCalculadora/Operadores/Raiz/perip_Root.v:36$274'.
Found and cleaned up 1 empty switch in `\peripheral_Root.$proc$cores/MiCalculadora/Operadores/Raiz/perip_Root.v:24$268'.
Removing empty process `peripheral_Root.$proc$cores/MiCalculadora/Operadores/Raiz/perip_Root.v:24$268'.
Found and cleaned up 1 empty switch in `\peripheral_dd.$proc$cores/MiCalculadora/Operadores/Binario_Bcd/perip_Double_Dabble.v:40$267'.
Removing empty process `peripheral_dd.$proc$cores/MiCalculadora/Operadores/Binario_Bcd/perip_Double_Dabble.v:40$267'.
Removing empty process `peripheral_dd.$proc$cores/MiCalculadora/Operadores/Binario_Bcd/perip_Double_Dabble.v:34$262'.
Found and cleaned up 1 empty switch in `\peripheral_dd.$proc$cores/MiCalculadora/Operadores/Binario_Bcd/perip_Double_Dabble.v:23$257'.
Removing empty process `peripheral_dd.$proc$cores/MiCalculadora/Operadores/Binario_Bcd/perip_Double_Dabble.v:23$257'.
Found and cleaned up 1 empty switch in `\peripheral_Display.$proc$cores/DISPLAY/Integraci$c3$b2n/perip_Display.v:55$256'.
Removing empty process `peripheral_Display.$proc$cores/DISPLAY/Integraci$c3$b2n/perip_Display.v:55$256'.
Removing empty process `peripheral_Display.$proc$cores/DISPLAY/Integraci$c3$b2n/perip_Display.v:47$247'.
Found and cleaned up 1 empty switch in `\peripheral_Display.$proc$cores/DISPLAY/Integraci$c3$b2n/perip_Display.v:33$239'.
Removing empty process `peripheral_Display.$proc$cores/DISPLAY/Integraci$c3$b2n/perip_Display.v:33$239'.
Found and cleaned up 1 empty switch in `\SOC.$proc$SOC.v:231$238'.
Removing empty process `SOC.$proc$SOC.v:231$238'.
Found and cleaned up 1 empty switch in `\SOC.$proc$SOC.v:215$237'.
Removing empty process `SOC.$proc$SOC.v:215$237'.
Cleaned up 190 empty switches.

33.5.12. Executing OPT_EXPR pass (perform const folding).
Optimizing module DC.
Optimizing module addr.
Optimizing module $paramod\control_addr\slowing_factor=s32'00000000000000000000000000100110.
Optimizing module $paramod\spi_datapath\number_of_bits=s32'00000000000000000000000000001000.
Optimizing module $paramod\spiclk\slowing_factor=s32'00000000000000000000000000100110.
Optimizing module control_SPI.
Optimizing module data_tcl.
Optimizing module Control_Teclado.
Optimizing module Control.
Optimizing module out_reg.
Optimizing module R_Nbl.
Optimizing module rsr.
Optimizing module lsr_mult.
Optimizing module comp.
Optimizing module acc.
Optimizing module control_mult.
Optimizing module Control_Div.
Optimizing module Data_path_Div.
Optimizing module Control_sqrt.
Optimizing module Data_path_sqrt.
Optimizing module Control_DD.
Optimizing module initial_reg.
Optimizing module Nbl.
Optimizing module Nbl7.
Optimizing module dpram.
Optimizing module $paramod\addrCtrl\slowing_factor=s32'00000000000000000000000000100110.
Optimizing module $paramod$157d5bd568672011744b42139657351a6a904fb1\SPI.
Optimizing module $paramod$3e616a0e06e4648ce82d4c7cdb2269fbdad4d203\uart.
Optimizing module Display.
Optimizing module Double_Dabble.
Optimizing module Root.
Optimizing module Div.
Optimizing module mult_32.
Optimizing module Rev_Double_Dabble.
Optimizing module Teclado.
Optimizing module FemtoRV32.
Optimizing module bram.
Optimizing module $paramod$e6d04b969bf2e003005da0092106b7e60df8a87d\peripheral_uart.
Optimizing module peripheral_Teclado.
Optimizing module peripheral_Rdd.
Optimizing module peripheral_mult.
Optimizing module peripheral_div.
Optimizing module peripheral_Root.
Optimizing module peripheral_dd.
Optimizing module peripheral_Display.
Optimizing module SOC.

33.6. Executing FLATTEN pass (flatten design).
Deleting now unused module DC.
Deleting now unused module addr.
Deleting now unused module $paramod\control_addr\slowing_factor=s32'00000000000000000000000000100110.
Deleting now unused module $paramod\spi_datapath\number_of_bits=s32'00000000000000000000000000001000.
Deleting now unused module $paramod\spiclk\slowing_factor=s32'00000000000000000000000000100110.
Deleting now unused module control_SPI.
Deleting now unused module data_tcl.
Deleting now unused module Control_Teclado.
Deleting now unused module Control.
Deleting now unused module out_reg.
Deleting now unused module R_Nbl.
Deleting now unused module rsr.
Deleting now unused module lsr_mult.
Deleting now unused module comp.
Deleting now unused module acc.
Deleting now unused module control_mult.
Deleting now unused module Control_Div.
Deleting now unused module Data_path_Div.
Deleting now unused module Control_sqrt.
Deleting now unused module Data_path_sqrt.
Deleting now unused module Control_DD.
Deleting now unused module initial_reg.
Deleting now unused module Nbl.
Deleting now unused module Nbl7.
Deleting now unused module dpram.
Deleting now unused module $paramod\addrCtrl\slowing_factor=s32'00000000000000000000000000100110.
Deleting now unused module $paramod$157d5bd568672011744b42139657351a6a904fb1\SPI.
Deleting now unused module $paramod$3e616a0e06e4648ce82d4c7cdb2269fbdad4d203\uart.
Deleting now unused module Display.
Deleting now unused module Double_Dabble.
Deleting now unused module Root.
Deleting now unused module Div.
Deleting now unused module mult_32.
Deleting now unused module Rev_Double_Dabble.
Deleting now unused module Teclado.
Deleting now unused module FemtoRV32.
Deleting now unused module bram.
Deleting now unused module $paramod$e6d04b969bf2e003005da0092106b7e60df8a87d\peripheral_uart.
Deleting now unused module peripheral_Teclado.
Deleting now unused module peripheral_Rdd.
Deleting now unused module peripheral_mult.
Deleting now unused module peripheral_div.
Deleting now unused module peripheral_Root.
Deleting now unused module peripheral_dd.
Deleting now unused module peripheral_Display.

33.7. Executing TRIBUF pass.

33.8. Executing DEMINOUT pass (demote inout ports to input or output).

33.9. Executing OPT_EXPR pass (perform const folding).
Optimizing module SOC.

33.10. Executing OPT_CLEAN pass (remove unused cells and wires).
Finding unused cells or wires in module \SOC..
Removed 37 unused cells and 1392 unused wires.

33.11. Executing CHECK pass (checking for obvious problems).
Checking module SOC...
Warning: Wire SOC.\tcl1.C0 is used but has no driver.
Warning: Wire SOC.\tcl1.C1 is used but has no driver.
Warning: Wire SOC.\tcl1.C2 is used but has no driver.
Warning: Wire SOC.\tcl1.C3 is used but has no driver.
Found and reported 4 problems.

33.12. Executing OPT pass (performing simple optimizations).

33.12.1. Executing OPT_EXPR pass (perform const folding).
Optimizing module SOC.

33.12.2. Executing OPT_MERGE pass (detect identical cells).
Finding identical cells in module `\SOC'.
Removed a total of 161 cells.

33.12.3. Executing OPT_MUXTREE pass (detect dead branches in mux trees).
Running muxtree optimizer on module \SOC..
  Creating internal representation of mux trees.
  Evaluating internal representation of mux trees.
      Replacing known input bits on port A of cell $flatten\per_uart.\uart0.$procmux$2123: \per_uart.uart0.rx_busy -> 1'1
      Replacing known input bits on port A of cell $flatten\per_uart.\uart0.$procmux$2119: \per_uart.uart0.rx_busy -> 1'1
      Replacing known input bits on port A of cell $flatten\per_uart.\uart0.$procmux$2116: \per_uart.uart0.rx_busy -> 1'1
      Replacing known input bits on port B of cell $flatten\per_uart.\uart0.$procmux$2126: \per_uart.uart0.rx_busy -> 1'0
      Replacing known input bits on port B of cell $flatten\CPU.$procmux$2225: \CPU.state -> { 3'100 \CPU.state [0] }
  Analyzing evaluation results.
    dead port 2/2 on $mux $flatten\DD1.\DD.\Control_DD0.$procmux$1851.
    dead port 2/2 on $mux $flatten\DD1.\DD.\Control_DD0.$procmux$1861.
    dead port 1/2 on $mux $flatten\DD1.\DD.\Nbl0.$procmux$1889.
    dead port 1/2 on $mux $flatten\DD1.\DD.\Nbl0.$procmux$1892.
    dead port 1/2 on $mux $flatten\DD1.\DD.\Nbl0.$procmux$1895.
    dead port 1/2 on $mux $flatten\DD1.\DD.\Nbl0.$procmux$1901.
    dead port 1/2 on $mux $flatten\DD1.\DD.\Nbl0.$procmux$1904.
    dead port 1/2 on $mux $flatten\DD1.\DD.\Nbl0.$procmux$1910.
    dead port 1/2 on $mux $flatten\DD1.\DD.\Nbl0.$procmux$1913.
    dead port 1/2 on $mux $flatten\DD1.\DD.\Nbl0.$procmux$1919.
    dead port 1/2 on $mux $flatten\DD1.\DD.\Nbl0.$procmux$1925.
    dead port 2/2 on $mux $flatten\DD1.\DD.\Nbl0.$procmux$1931.
    dead port 1/2 on $mux $flatten\DD1.\DD.\Nbl1.$procmux$1889.
    dead port 1/2 on $mux $flatten\DD1.\DD.\Nbl1.$procmux$1892.
    dead port 1/2 on $mux $flatten\DD1.\DD.\Nbl1.$procmux$1895.
    dead port 1/2 on $mux $flatten\DD1.\DD.\Nbl1.$procmux$1901.
    dead port 1/2 on $mux $flatten\DD1.\DD.\Nbl1.$procmux$1904.
    dead port 1/2 on $mux $flatten\DD1.\DD.\Nbl1.$procmux$1910.
    dead port 1/2 on $mux $flatten\DD1.\DD.\Nbl1.$procmux$1913.
    dead port 1/2 on $mux $flatten\DD1.\DD.\Nbl1.$procmux$1919.
    dead port 1/2 on $mux $flatten\DD1.\DD.\Nbl1.$procmux$1925.
    dead port 2/2 on $mux $flatten\DD1.\DD.\Nbl1.$procmux$1931.
    dead port 1/2 on $mux $flatten\DD1.\DD.\Nbl2.$procmux$1889.
    dead port 1/2 on $mux $flatten\DD1.\DD.\Nbl2.$procmux$1892.
    dead port 1/2 on $mux $flatten\DD1.\DD.\Nbl2.$procmux$1895.
    dead port 1/2 on $mux $flatten\DD1.\DD.\Nbl2.$procmux$1901.
    dead port 1/2 on $mux $flatten\DD1.\DD.\Nbl2.$procmux$1904.
    dead port 1/2 on $mux $flatten\DD1.\DD.\Nbl2.$procmux$1910.
    dead port 1/2 on $mux $flatten\DD1.\DD.\Nbl2.$procmux$1913.
    dead port 1/2 on $mux $flatten\DD1.\DD.\Nbl2.$procmux$1919.
    dead port 1/2 on $mux $flatten\DD1.\DD.\Nbl2.$procmux$1925.
    dead port 2/2 on $mux $flatten\DD1.\DD.\Nbl2.$procmux$1931.
    dead port 1/2 on $mux $flatten\DD1.\DD.\Nbl3.$procmux$1889.
    dead port 1/2 on $mux $flatten\DD1.\DD.\Nbl3.$procmux$1892.
    dead port 1/2 on $mux $flatten\DD1.\DD.\Nbl3.$procmux$1895.
    dead port 1/2 on $mux $flatten\DD1.\DD.\Nbl3.$procmux$1901.
    dead port 1/2 on $mux $flatten\DD1.\DD.\Nbl3.$procmux$1904.
    dead port 1/2 on $mux $flatten\DD1.\DD.\Nbl3.$procmux$1910.
    dead port 1/2 on $mux $flatten\DD1.\DD.\Nbl3.$procmux$1913.
    dead port 1/2 on $mux $flatten\DD1.\DD.\Nbl3.$procmux$1919.
    dead port 1/2 on $mux $flatten\DD1.\DD.\Nbl3.$procmux$1925.
    dead port 2/2 on $mux $flatten\DD1.\DD.\Nbl3.$procmux$1931.
    dead port 1/2 on $mux $flatten\DD1.\DD.\Nbl4.$procmux$1889.
    dead port 1/2 on $mux $flatten\DD1.\DD.\Nbl4.$procmux$1892.
    dead port 1/2 on $mux $flatten\DD1.\DD.\Nbl4.$procmux$1895.
    dead port 1/2 on $mux $flatten\DD1.\DD.\Nbl4.$procmux$1901.
    dead port 1/2 on $mux $flatten\DD1.\DD.\Nbl4.$procmux$1904.
    dead port 1/2 on $mux $flatten\DD1.\DD.\Nbl4.$procmux$1910.
    dead port 1/2 on $mux $flatten\DD1.\DD.\Nbl4.$procmux$1913.
    dead port 1/2 on $mux $flatten\DD1.\DD.\Nbl4.$procmux$1919.
    dead port 1/2 on $mux $flatten\DD1.\DD.\Nbl4.$procmux$1925.
    dead port 2/2 on $mux $flatten\DD1.\DD.\Nbl4.$procmux$1931.
    dead port 1/2 on $mux $flatten\DD1.\DD.\Nbl5.$procmux$1889.
    dead port 1/2 on $mux $flatten\DD1.\DD.\Nbl5.$procmux$1892.
    dead port 1/2 on $mux $flatten\DD1.\DD.\Nbl5.$procmux$1895.
    dead port 1/2 on $mux $flatten\DD1.\DD.\Nbl5.$procmux$1901.
    dead port 1/2 on $mux $flatten\DD1.\DD.\Nbl5.$procmux$1904.
    dead port 1/2 on $mux $flatten\DD1.\DD.\Nbl5.$procmux$1910.
    dead port 1/2 on $mux $flatten\DD1.\DD.\Nbl5.$procmux$1913.
    dead port 1/2 on $mux $flatten\DD1.\DD.\Nbl5.$procmux$1919.
    dead port 1/2 on $mux $flatten\DD1.\DD.\Nbl5.$procmux$1925.
    dead port 2/2 on $mux $flatten\DD1.\DD.\Nbl5.$procmux$1931.
    dead port 1/2 on $mux $flatten\DD1.\DD.\Nbl6.$procmux$1889.
    dead port 1/2 on $mux $flatten\DD1.\DD.\Nbl6.$procmux$1892.
    dead port 1/2 on $mux $flatten\DD1.\DD.\Nbl6.$procmux$1895.
    dead port 1/2 on $mux $flatten\DD1.\DD.\Nbl6.$procmux$1901.
    dead port 1/2 on $mux $flatten\DD1.\DD.\Nbl6.$procmux$1904.
    dead port 1/2 on $mux $flatten\DD1.\DD.\Nbl6.$procmux$1910.
    dead port 1/2 on $mux $flatten\DD1.\DD.\Nbl6.$procmux$1913.
    dead port 1/2 on $mux $flatten\DD1.\DD.\Nbl6.$procmux$1919.
    dead port 1/2 on $mux $flatten\DD1.\DD.\Nbl6.$procmux$1925.
    dead port 2/2 on $mux $flatten\DD1.\DD.\Nbl6.$procmux$1931.
    dead port 1/2 on $mux $flatten\DD1.\DD.\Nbl70.$procmux$1943.
    dead port 1/2 on $mux $flatten\DD1.\DD.\Nbl70.$procmux$1946.
    dead port 1/2 on $mux $flatten\DD1.\DD.\Nbl70.$procmux$1952.
    dead port 2/2 on $mux $flatten\DD1.\DD.\Nbl70.$procmux$1958.
    dead port 2/2 on $mux $flatten\RDD1.\RDD.\Control0.$procmux$1464.
    dead port 2/2 on $mux $flatten\RDD1.\RDD.\Control0.$procmux$1474.
    dead port 1/2 on $mux $flatten\RDD1.\RDD.\R_Nbl0.$procmux$1499.
    dead port 1/2 on $mux $flatten\RDD1.\RDD.\R_Nbl0.$procmux$1502.
    dead port 1/2 on $mux $flatten\RDD1.\RDD.\R_Nbl0.$procmux$1505.
    dead port 1/2 on $mux $flatten\RDD1.\RDD.\R_Nbl0.$procmux$1511.
    dead port 1/2 on $mux $flatten\RDD1.\RDD.\R_Nbl0.$procmux$1514.
    dead port 1/2 on $mux $flatten\RDD1.\RDD.\R_Nbl0.$procmux$1520.
    dead port 1/2 on $mux $flatten\RDD1.\RDD.\R_Nbl0.$procmux$1526.
    dead port 2/2 on $mux $flatten\RDD1.\RDD.\R_Nbl0.$procmux$1532.
    dead port 1/2 on $mux $flatten\RDD1.\RDD.\R_Nbl1.$procmux$1499.
    dead port 1/2 on $mux $flatten\RDD1.\RDD.\R_Nbl1.$procmux$1502.
    dead port 1/2 on $mux $flatten\RDD1.\RDD.\R_Nbl1.$procmux$1505.
    dead port 1/2 on $mux $flatten\RDD1.\RDD.\R_Nbl1.$procmux$1511.
    dead port 1/2 on $mux $flatten\RDD1.\RDD.\R_Nbl1.$procmux$1514.
    dead port 1/2 on $mux $flatten\RDD1.\RDD.\R_Nbl1.$procmux$1520.
    dead port 1/2 on $mux $flatten\RDD1.\RDD.\R_Nbl1.$procmux$1526.
    dead port 2/2 on $mux $flatten\RDD1.\RDD.\R_Nbl1.$procmux$1532.
    dead port 1/2 on $mux $flatten\RDD1.\RDD.\R_Nbl2.$procmux$1499.
    dead port 1/2 on $mux $flatten\RDD1.\RDD.\R_Nbl2.$procmux$1502.
    dead port 1/2 on $mux $flatten\RDD1.\RDD.\R_Nbl2.$procmux$1505.
    dead port 1/2 on $mux $flatten\RDD1.\RDD.\R_Nbl2.$procmux$1511.
    dead port 1/2 on $mux $flatten\RDD1.\RDD.\R_Nbl2.$procmux$1514.
    dead port 1/2 on $mux $flatten\RDD1.\RDD.\R_Nbl2.$procmux$1520.
    dead port 1/2 on $mux $flatten\RDD1.\RDD.\R_Nbl2.$procmux$1526.
    dead port 2/2 on $mux $flatten\RDD1.\RDD.\R_Nbl2.$procmux$1532.
    dead port 1/2 on $mux $flatten\RDD1.\RDD.\R_Nbl3.$procmux$1499.
    dead port 1/2 on $mux $flatten\RDD1.\RDD.\R_Nbl3.$procmux$1502.
    dead port 1/2 on $mux $flatten\RDD1.\RDD.\R_Nbl3.$procmux$1505.
    dead port 1/2 on $mux $flatten\RDD1.\RDD.\R_Nbl3.$procmux$1511.
    dead port 1/2 on $mux $flatten\RDD1.\RDD.\R_Nbl3.$procmux$1514.
    dead port 1/2 on $mux $flatten\RDD1.\RDD.\R_Nbl3.$procmux$1520.
    dead port 1/2 on $mux $flatten\RDD1.\RDD.\R_Nbl3.$procmux$1526.
    dead port 2/2 on $mux $flatten\RDD1.\RDD.\R_Nbl3.$procmux$1532.
    dead port 1/2 on $mux $flatten\RDD1.\RDD.\R_Nbl4.$procmux$1499.
    dead port 1/2 on $mux $flatten\RDD1.\RDD.\R_Nbl4.$procmux$1502.
    dead port 1/2 on $mux $flatten\RDD1.\RDD.\R_Nbl4.$procmux$1505.
    dead port 1/2 on $mux $flatten\RDD1.\RDD.\R_Nbl4.$procmux$1511.
    dead port 1/2 on $mux $flatten\RDD1.\RDD.\R_Nbl4.$procmux$1514.
    dead port 1/2 on $mux $flatten\RDD1.\RDD.\R_Nbl4.$procmux$1520.
    dead port 1/2 on $mux $flatten\RDD1.\RDD.\R_Nbl4.$procmux$1526.
    dead port 2/2 on $mux $flatten\RDD1.\RDD.\R_Nbl4.$procmux$1532.
    dead port 1/2 on $mux $flatten\RDD1.\RDD.\R_Nbl5.$procmux$1499.
    dead port 1/2 on $mux $flatten\RDD1.\RDD.\R_Nbl5.$procmux$1502.
    dead port 1/2 on $mux $flatten\RDD1.\RDD.\R_Nbl5.$procmux$1505.
    dead port 1/2 on $mux $flatten\RDD1.\RDD.\R_Nbl5.$procmux$1511.
    dead port 1/2 on $mux $flatten\RDD1.\RDD.\R_Nbl5.$procmux$1514.
    dead port 1/2 on $mux $flatten\RDD1.\RDD.\R_Nbl5.$procmux$1520.
    dead port 1/2 on $mux $flatten\RDD1.\RDD.\R_Nbl5.$procmux$1526.
    dead port 2/2 on $mux $flatten\RDD1.\RDD.\R_Nbl5.$procmux$1532.
    dead port 1/2 on $mux $flatten\RDD1.\RDD.\R_Nbl6.$procmux$1499.
    dead port 1/2 on $mux $flatten\RDD1.\RDD.\R_Nbl6.$procmux$1502.
    dead port 1/2 on $mux $flatten\RDD1.\RDD.\R_Nbl6.$procmux$1505.
    dead port 1/2 on $mux $flatten\RDD1.\RDD.\R_Nbl6.$procmux$1511.
    dead port 1/2 on $mux $flatten\RDD1.\RDD.\R_Nbl6.$procmux$1514.
    dead port 1/2 on $mux $flatten\RDD1.\RDD.\R_Nbl6.$procmux$1520.
    dead port 1/2 on $mux $flatten\RDD1.\RDD.\R_Nbl6.$procmux$1526.
    dead port 2/2 on $mux $flatten\RDD1.\RDD.\R_Nbl6.$procmux$1532.
    dead port 1/2 on $mux $flatten\RDD1.\RDD.\R_Nbl7.$procmux$1499.
    dead port 1/2 on $mux $flatten\RDD1.\RDD.\R_Nbl7.$procmux$1502.
    dead port 1/2 on $mux $flatten\RDD1.\RDD.\R_Nbl7.$procmux$1505.
    dead port 1/2 on $mux $flatten\RDD1.\RDD.\R_Nbl7.$procmux$1511.
    dead port 1/2 on $mux $flatten\RDD1.\RDD.\R_Nbl7.$procmux$1514.
    dead port 1/2 on $mux $flatten\RDD1.\RDD.\R_Nbl7.$procmux$1520.
    dead port 1/2 on $mux $flatten\RDD1.\RDD.\R_Nbl7.$procmux$1526.
    dead port 2/2 on $mux $flatten\RDD1.\RDD.\R_Nbl7.$procmux$1532.
    dead port 1/2 on $mux $flatten\RDD1.\RDD.\out_reg0.$procmux$1487.
    dead port 2/2 on $mux $flatten\div1.\Dv.\Control_Div0.$procmux$1702.
    dead port 2/2 on $mux $flatten\div1.\Dv.\Control_Div0.$procmux$1710.
    dead port 2/2 on $mux $flatten\mult1.$procmux$2402.
    dead port 2/2 on $mux $flatten\mult1.$procmux$2405.
    dead port 2/2 on $mux $flatten\mult1.$procmux$2411.
    dead port 2/2 on $mux $flatten\mult1.$procmux$2420.
    dead port 2/2 on $mux $flatten\mult1.$procmux$2426.
    dead port 2/2 on $mux $flatten\mult1.$procmux$2432.
    dead port 2/2 on $mux $flatten\mult1.$procmux$2451.
    dead port 1/2 on $mux $flatten\mult1.\mult1.\acc0.$procmux$1562.
    dead port 2/2 on $mux $flatten\mult1.\mult1.\control0.$procmux$1573.
    dead port 2/2 on $mux $flatten\mult1.\mult1.\control0.$procmux$1576.
    dead port 2/2 on $mux $flatten\mult1.\mult1.\control0.$procmux$1585.
    dead port 2/2 on $mux $flatten\mult1.\mult1.\control0.$procmux$1588.
    dead port 2/2 on $mux $flatten\mult1.\mult1.\control0.$procmux$1598.
    dead port 2/2 on $mux $flatten\mult1.\mult1.\control0.$procmux$1601.
    dead port 2/2 on $mux $flatten\mult1.\mult1.\control0.$procmux$1611.
    dead port 2/2 on $mux $flatten\mult1.\mult1.\control0.$procmux$1618.
    dead port 2/2 on $mux $flatten\mult1.\mult1.\control0.$procmux$1628.
    dead port 2/2 on $mux $flatten\mult1.\mult1.\control0.$procmux$1638.
    dead port 2/2 on $mux $flatten\mult1.\mult1.\control0.$procmux$1648.
    dead port 2/2 on $mux $flatten\mult1.\mult1.\control0.$procmux$1658.
    dead port 1/2 on $mux $flatten\mult1.\mult1.\lsr0.$procmux$1553.
    dead port 1/2 on $mux $flatten\mult1.\mult1.\rsr0.$procmux$1544.
    dead port 1/2 on $mux $flatten\peripheral_Display0.\Display0.\SPI0.\spiclk0.$procmux$941.
    dead port 1/2 on $mux $flatten\peripheral_Display0.\Display0.\SPI0.\spiclk0.$procmux$944.
    dead port 1/2 on $mux $flatten\peripheral_Display0.\Display0.\SPI0.\spiclk0.$procmux$950.
    dead port 1/2 on $mux $flatten\peripheral_Display0.\Display0.\addrCtrl0.\control_addr0.$procmux$789.
    dead port 2/2 on $mux $flatten\peripheral_Display0.\Display0.\addrCtrl0.\control_addr0.$procmux$791.
    dead port 2/2 on $mux $flatten\peripheral_Display0.\Display0.\addrCtrl0.\control_addr0.$procmux$793.
    dead port 2/2 on $mux $flatten\peripheral_Display0.\Display0.\addrCtrl0.\control_addr0.$procmux$796.
    dead port 2/2 on $mux $flatten\peripheral_Display0.\Display0.\addrCtrl0.\control_addr0.$procmux$805.
    dead port 2/2 on $mux $flatten\peripheral_Display0.\Display0.\addrCtrl0.\control_addr0.$procmux$807.
    dead port 2/2 on $mux $flatten\peripheral_Display0.\Display0.\addrCtrl0.\control_addr0.$procmux$810.
    dead port 2/2 on $mux $flatten\peripheral_Display0.\Display0.\addrCtrl0.\control_addr0.$procmux$818.
    dead port 2/2 on $mux $flatten\peripheral_Display0.\Display0.\addrCtrl0.\control_addr0.$procmux$821.
    dead port 2/2 on $mux $flatten\peripheral_Display0.\Display0.\addrCtrl0.\control_addr0.$procmux$850.
    dead port 2/2 on $mux $flatten\peripheral_Display0.\Display0.\addrCtrl0.\control_addr0.$procmux$865.
    dead port 2/2 on $mux $flatten\peripheral_Display0.\Display0.\dp_ram0.$procmux$1967.
    dead port 2/2 on $mux $flatten\peripheral_Display0.\Display0.\dp_ram0.$procmux$1973.
    dead port 2/2 on $mux $flatten\peripheral_Display0.\Display0.\dp_ram0.$procmux$1979.
    dead port 2/2 on $mux $flatten\root1.\Rt.\Control_sqrt0.$procmux$1775.
    dead port 2/2 on $mux $flatten\root1.\Rt.\Control_sqrt0.$procmux$1783.
    dead port 2/2 on $mux $flatten\CPU.$procmux$2275.
    dead port 2/2 on $mux $flatten\CPU.$procmux$2278.
    dead port 2/2 on $mux $flatten\tcl1.\Tcl.\ctrl_tcl0.$procmux$1328.
    dead port 2/2 on $mux $flatten\tcl1.\Tcl.\ctrl_tcl0.$procmux$1335.
    dead port 2/2 on $mux $flatten\CPU.$procmux$2284.
    dead port 2/2 on $mux $flatten\tcl1.\Tcl.\ctrl_tcl0.$procmux$1343.
    dead port 2/2 on $mux $flatten\CPU.$procmux$2287.
    dead port 2/2 on $mux $flatten\tcl1.\Tcl.\ctrl_tcl0.$procmux$1352.
    dead port 2/2 on $mux $flatten\CPU.$procmux$2293.
    dead port 2/2 on $mux $flatten\CPU.$procmux$2296.
    dead port 2/2 on $mux $flatten\CPU.$procmux$2302.
    dead port 2/2 on $mux $flatten\CPU.$procmux$2308.
    dead port 2/2 on $mux $flatten\CPU.$procmux$2314.
    dead port 1/2 on $mux $flatten\tcl1.\Tcl.\data_tcl0.$procmux$1092.
    dead port 1/2 on $mux $flatten\tcl1.\Tcl.\data_tcl0.$procmux$1095.
    dead port 1/2 on $mux $flatten\tcl1.\Tcl.\data_tcl0.$procmux$1098.
    dead port 2/2 on $mux $flatten\tcl1.\Tcl.\data_tcl0.$procmux$1100.
    dead port 1/2 on $mux $flatten\tcl1.\Tcl.\data_tcl0.$procmux$1103.
    dead port 1/2 on $mux $flatten\tcl1.\Tcl.\data_tcl0.$procmux$1106.
    dead port 1/2 on $mux $flatten\tcl1.\Tcl.\data_tcl0.$procmux$1109.
    dead port 1/2 on $mux $flatten\tcl1.\Tcl.\data_tcl0.$procmux$1116.
    dead port 1/2 on $mux $flatten\tcl1.\Tcl.\data_tcl0.$procmux$1119.
    dead port 2/2 on $mux $flatten\tcl1.\Tcl.\data_tcl0.$procmux$1121.
    dead port 1/2 on $mux $flatten\tcl1.\Tcl.\data_tcl0.$procmux$1124.
    dead port 1/2 on $mux $flatten\tcl1.\Tcl.\data_tcl0.$procmux$1127.
    dead port 1/2 on $mux $flatten\tcl1.\Tcl.\data_tcl0.$procmux$1130.
    dead port 1/2 on $mux $flatten\tcl1.\Tcl.\data_tcl0.$procmux$1137.
    dead port 2/2 on $mux $flatten\tcl1.\Tcl.\data_tcl0.$procmux$1139.
    dead port 1/2 on $mux $flatten\tcl1.\Tcl.\data_tcl0.$procmux$1142.
    dead port 1/2 on $mux $flatten\tcl1.\Tcl.\data_tcl0.$procmux$1145.
    dead port 1/2 on $mux $flatten\tcl1.\Tcl.\data_tcl0.$procmux$1148.
    dead port 2/2 on $mux $flatten\tcl1.\Tcl.\data_tcl0.$procmux$1154.
    dead port 1/2 on $mux $flatten\tcl1.\Tcl.\data_tcl0.$procmux$1157.
    dead port 1/2 on $mux $flatten\tcl1.\Tcl.\data_tcl0.$procmux$1160.
    dead port 1/2 on $mux $flatten\tcl1.\Tcl.\data_tcl0.$procmux$1163.
    dead port 1/2 on $mux $flatten\tcl1.\Tcl.\data_tcl0.$procmux$1169.
    dead port 1/2 on $mux $flatten\tcl1.\Tcl.\data_tcl0.$procmux$1172.
    dead port 1/2 on $mux $flatten\tcl1.\Tcl.\data_tcl0.$procmux$1175.
    dead port 1/2 on $mux $flatten\tcl1.\Tcl.\data_tcl0.$procmux$1182.
    dead port 1/2 on $mux $flatten\tcl1.\Tcl.\data_tcl0.$procmux$1185.
    dead port 1/2 on $mux $flatten\tcl1.\Tcl.\data_tcl0.$procmux$1188.
    dead port 2/2 on $mux $flatten\tcl1.\Tcl.\data_tcl0.$procmux$1190.
    dead port 1/2 on $mux $flatten\tcl1.\Tcl.\data_tcl0.$procmux$1193.
    dead port 1/2 on $mux $flatten\tcl1.\Tcl.\data_tcl0.$procmux$1196.
    dead port 1/2 on $mux $flatten\tcl1.\Tcl.\data_tcl0.$procmux$1203.
    dead port 1/2 on $mux $flatten\tcl1.\Tcl.\data_tcl0.$procmux$1206.
    dead port 2/2 on $mux $flatten\tcl1.\Tcl.\data_tcl0.$procmux$1208.
    dead port 1/2 on $mux $flatten\tcl1.\Tcl.\data_tcl0.$procmux$1211.
    dead port 1/2 on $mux $flatten\tcl1.\Tcl.\data_tcl0.$procmux$1214.
    dead port 1/2 on $mux $flatten\tcl1.\Tcl.\data_tcl0.$procmux$1221.
    dead port 2/2 on $mux $flatten\tcl1.\Tcl.\data_tcl0.$procmux$1223.
    dead port 1/2 on $mux $flatten\tcl1.\Tcl.\data_tcl0.$procmux$1226.
    dead port 1/2 on $mux $flatten\tcl1.\Tcl.\data_tcl0.$procmux$1229.
    dead port 2/2 on $mux $flatten\tcl1.\Tcl.\data_tcl0.$procmux$1235.
    dead port 1/2 on $mux $flatten\tcl1.\Tcl.\data_tcl0.$procmux$1238.
    dead port 1/2 on $mux $flatten\tcl1.\Tcl.\data_tcl0.$procmux$1241.
    dead port 1/2 on $mux $flatten\tcl1.\Tcl.\data_tcl0.$procmux$1247.
    dead port 1/2 on $mux $flatten\tcl1.\Tcl.\data_tcl0.$procmux$1250.
    dead port 1/2 on $mux $flatten\tcl1.\Tcl.\data_tcl0.$procmux$1257.
    dead port 1/2 on $mux $flatten\tcl1.\Tcl.\data_tcl0.$procmux$1260.
    dead port 2/2 on $mux $flatten\tcl1.\Tcl.\data_tcl0.$procmux$1262.
    dead port 1/2 on $mux $flatten\tcl1.\Tcl.\data_tcl0.$procmux$1265.
    dead port 1/2 on $mux $flatten\tcl1.\Tcl.\data_tcl0.$procmux$1272.
    dead port 2/2 on $mux $flatten\tcl1.\Tcl.\data_tcl0.$procmux$1274.
    dead port 1/2 on $mux $flatten\tcl1.\Tcl.\data_tcl0.$procmux$1277.
    dead port 2/2 on $mux $flatten\tcl1.\Tcl.\data_tcl0.$procmux$1283.
    dead port 1/2 on $mux $flatten\tcl1.\Tcl.\data_tcl0.$procmux$1286.
    dead port 1/2 on $mux $flatten\tcl1.\Tcl.\data_tcl0.$procmux$1292.
    dead port 1/2 on $mux $flatten\tcl1.\Tcl.\data_tcl0.$procmux$1299.
    dead port 1/2 on $mux $flatten\tcl1.\Tcl.\data_tcl0.$procmux$1302.
    dead port 2/2 on $mux $flatten\tcl1.\Tcl.\data_tcl0.$procmux$1304.
    dead port 1/2 on $mux $flatten\tcl1.\Tcl.\data_tcl0.$procmux$1311.
    dead port 2/2 on $mux $flatten\tcl1.\Tcl.\data_tcl0.$procmux$1313.
    dead port 2/2 on $mux $flatten\tcl1.\Tcl.\data_tcl0.$procmux$1319.
Removed 260 multiplexer ports.

33.12.4. Executing OPT_REDUCE pass (consolidate $*mux and $reduce_* inputs).
  Optimizing cells in module \SOC.
    Consolidated identical input bits for $mux cell $flatten\RAM.$procmux$2347:
      Old ports: A=0, B=65280, Y=$flatten\RAM.$0$memwr$\MEM$cores/bram/bram.v:25$334_EN[31:0]$343
      New ports: A=1'0, B=1'1, Y=$flatten\RAM.$0$memwr$\MEM$cores/bram/bram.v:25$334_EN[31:0]$343 [8]
      New connections: { $flatten\RAM.$0$memwr$\MEM$cores/bram/bram.v:25$334_EN[31:0]$343 [31:9] $flatten\RAM.$0$memwr$\MEM$cores/bram/bram.v:25$334_EN[31:0]$343 [7:0] } = { 16'0000000000000000 $flatten\RAM.$0$memwr$\MEM$cores/bram/bram.v:25$334_EN[31:0]$343 [8] $flatten\RAM.$0$memwr$\MEM$cores/bram/bram.v:25$334_EN[31:0]$343 [8] $flatten\RAM.$0$memwr$\MEM$cores/bram/bram.v:25$334_EN[31:0]$343 [8] $flatten\RAM.$0$memwr$\MEM$cores/bram/bram.v:25$334_EN[31:0]$343 [8] $flatten\RAM.$0$memwr$\MEM$cores/bram/bram.v:25$334_EN[31:0]$343 [8] $flatten\RAM.$0$memwr$\MEM$cores/bram/bram.v:25$334_EN[31:0]$343 [8] $flatten\RAM.$0$memwr$\MEM$cores/bram/bram.v:25$334_EN[31:0]$343 [8] 8'00000000 }
    Consolidated identical input bits for $mux cell $flatten\RAM.$procmux$2356:
      Old ports: A=0, B=255, Y=$flatten\RAM.$0$memwr$\MEM$cores/bram/bram.v:24$333_EN[31:0]$340
      New ports: A=1'0, B=1'1, Y=$flatten\RAM.$0$memwr$\MEM$cores/bram/bram.v:24$333_EN[31:0]$340 [0]
      New connections: $flatten\RAM.$0$memwr$\MEM$cores/bram/bram.v:24$333_EN[31:0]$340 [31:1] = { 24'000000000000000000000000 $flatten\RAM.$0$memwr$\MEM$cores/bram/bram.v:24$333_EN[31:0]$340 [0] $flatten\RAM.$0$memwr$\MEM$cores/bram/bram.v:24$333_EN[31:0]$340 [0] $flatten\RAM.$0$memwr$\MEM$cores/bram/bram.v:24$333_EN[31:0]$340 [0] $flatten\RAM.$0$memwr$\MEM$cores/bram/bram.v:24$333_EN[31:0]$340 [0] $flatten\RAM.$0$memwr$\MEM$cores/bram/bram.v:24$333_EN[31:0]$340 [0] $flatten\RAM.$0$memwr$\MEM$cores/bram/bram.v:24$333_EN[31:0]$340 [0] $flatten\RAM.$0$memwr$\MEM$cores/bram/bram.v:24$333_EN[31:0]$340 [0] }
    New ctrl vector for $pmux cell $flatten\RDD1.\RDD.\Control0.$procmux$1477: { $flatten\RDD1.\RDD.\Control0.$procmux$1445_CMP $flatten\RDD1.\RDD.\Control0.$procmux$1438_CMP $flatten\RDD1.\RDD.\Control0.$procmux$1458_CMP $auto$opt_reduce.cc:134:opt_pmux$2740 }
    New ctrl vector for $pmux cell $flatten\div1.\Dv.\Control_Div0.$procmux$1678: { $flatten\div1.\Dv.\Control_Div0.$procmux$1682_CMP $auto$opt_reduce.cc:134:opt_pmux$2742 }
    New ctrl vector for $pmux cell $flatten\div1.\Dv.\Control_Div0.$procmux$1683: { $auto$opt_reduce.cc:134:opt_pmux$2744 $flatten\div1.\Dv.\Control_Div0.$procmux$1679_CMP }
    New ctrl vector for $pmux cell $flatten\div1.\Dv.\Control_Div0.$procmux$1688: { $flatten\div1.\Dv.\Control_Div0.$procmux$1681_CMP $auto$opt_reduce.cc:134:opt_pmux$2746 }
    New ctrl vector for $pmux cell $flatten\div1.\Dv.\Control_Div0.$procmux$1693: { $flatten\div1.\Dv.\Control_Div0.$procmux$1680_CMP $auto$opt_reduce.cc:134:opt_pmux$2748 }
    New ctrl vector for $pmux cell $flatten\mult1.\mult1.\control0.$procmux$1621: { $flatten\mult1.\mult1.\control0.$procmux$1606_CMP $auto$opt_reduce.cc:134:opt_pmux$2750 }
    New ctrl vector for $pmux cell $flatten\mult1.\mult1.\control0.$procmux$1631: { $flatten\mult1.\mult1.\control0.$procmux$1599_CMP $auto$opt_reduce.cc:134:opt_pmux$2752 }
    New ctrl vector for $pmux cell $flatten\mult1.\mult1.\control0.$procmux$1641: { $flatten\mult1.\mult1.\control0.$procmux$1574_CMP $auto$opt_reduce.cc:134:opt_pmux$2754 }
    New ctrl vector for $pmux cell $flatten\mult1.\mult1.\control0.$procmux$1651: { $auto$opt_reduce.cc:134:opt_pmux$2758 $auto$opt_reduce.cc:134:opt_pmux$2756 }
    New ctrl vector for $pmux cell $flatten\peripheral_Display0.\Display0.\SPI0.\control_SPI0.$procmux$982: $auto$opt_reduce.cc:134:opt_pmux$2760
    New ctrl vector for $pmux cell $flatten\peripheral_Display0.\Display0.\SPI0.\control_SPI0.$procmux$999: { $flatten\peripheral_Display0.\Display0.\SPI0.\control_SPI0.$procmux$1017_CMP $flatten\peripheral_Display0.\Display0.\SPI0.\control_SPI0.$procmux$1012_CMP $flatten\peripheral_Display0.\Display0.\SPI0.\control_SPI0.$procmux$1005_CMP $flatten\peripheral_Display0.\Display0.\SPI0.\control_SPI0.$procmux$1004_CMP $auto$opt_reduce.cc:134:opt_pmux$2762 }
    New ctrl vector for $pmux cell $flatten\peripheral_Display0.\Display0.\addrCtrl0.\control_addr0.$procmux$760: $auto$opt_reduce.cc:134:opt_pmux$2764
    New ctrl vector for $pmux cell $flatten\peripheral_Display0.\Display0.\addrCtrl0.\control_addr0.$procmux$823: { $flatten\peripheral_Display0.\Display0.\addrCtrl0.\control_addr0.$procmux$780_CMP $flatten\peripheral_Display0.\Display0.\addrCtrl0.\control_addr0.$procmux$763_CMP $flatten\peripheral_Display0.\Display0.\addrCtrl0.\control_addr0.$procmux$794_CMP $auto$opt_reduce.cc:134:opt_pmux$2768 $flatten\peripheral_Display0.\Display0.\addrCtrl0.\control_addr0.$procmux$833_CMP $auto$opt_reduce.cc:134:opt_pmux$2766 }
    New ctrl vector for $pmux cell $flatten\peripheral_Display0.\Display0.\addrCtrl0.\control_addr0.$procmux$852: { $flatten\peripheral_Display0.\Display0.\addrCtrl0.\control_addr0.$procmux$794_CMP $flatten\peripheral_Display0.\Display0.\addrCtrl0.\control_addr0.$procmux$833_CMP $auto$opt_reduce.cc:134:opt_pmux$2770 }
    Consolidated identical input bits for $mux cell $flatten\peripheral_Display0.\Display0.\dp_ram0.$procmux$1965:
      Old ports: A=16'0000000000000000, B=16'1111111111111111, Y=$flatten\peripheral_Display0.\Display0.\dp_ram0.$procmux$1965_Y
      New ports: A=1'0, B=1'1, Y=$flatten\peripheral_Display0.\Display0.\dp_ram0.$procmux$1965_Y [0]
      New connections: $flatten\peripheral_Display0.\Display0.\dp_ram0.$procmux$1965_Y [15:1] = { $flatten\peripheral_Display0.\Display0.\dp_ram0.$procmux$1965_Y [0] $flatten\peripheral_Display0.\Display0.\dp_ram0.$procmux$1965_Y [0] $flatten\peripheral_Display0.\Display0.\dp_ram0.$procmux$1965_Y [0] $flatten\peripheral_Display0.\Display0.\dp_ram0.$procmux$1965_Y [0] $flatten\peripheral_Display0.\Display0.\dp_ram0.$procmux$1965_Y [0] $flatten\peripheral_Display0.\Display0.\dp_ram0.$procmux$1965_Y [0] $flatten\peripheral_Display0.\Display0.\dp_ram0.$procmux$1965_Y [0] $flatten\peripheral_Display0.\Display0.\dp_ram0.$procmux$1965_Y [0] $flatten\peripheral_Display0.\Display0.\dp_ram0.$procmux$1965_Y [0] $flatten\peripheral_Display0.\Display0.\dp_ram0.$procmux$1965_Y [0] $flatten\peripheral_Display0.\Display0.\dp_ram0.$procmux$1965_Y [0] $flatten\peripheral_Display0.\Display0.\dp_ram0.$procmux$1965_Y [0] $flatten\peripheral_Display0.\Display0.\dp_ram0.$procmux$1965_Y [0] $flatten\peripheral_Display0.\Display0.\dp_ram0.$procmux$1965_Y [0] $flatten\peripheral_Display0.\Display0.\dp_ram0.$procmux$1965_Y [0] }
    New ctrl vector for $pmux cell $flatten\root1.\Rt.\Control_sqrt0.$procmux$1751: { $flatten\root1.\Rt.\Control_sqrt0.$procmux$1755_CMP $auto$opt_reduce.cc:134:opt_pmux$2772 }
    New ctrl vector for $pmux cell $flatten\root1.\Rt.\Control_sqrt0.$procmux$1756: { $auto$opt_reduce.cc:134:opt_pmux$2774 $flatten\root1.\Rt.\Control_sqrt0.$procmux$1752_CMP }
    New ctrl vector for $pmux cell $flatten\root1.\Rt.\Control_sqrt0.$procmux$1761: { $flatten\root1.\Rt.\Control_sqrt0.$procmux$1754_CMP $auto$opt_reduce.cc:134:opt_pmux$2776 }
    New ctrl vector for $pmux cell $flatten\root1.\Rt.\Control_sqrt0.$procmux$1766: { $flatten\root1.\Rt.\Control_sqrt0.$procmux$1753_CMP $auto$opt_reduce.cc:134:opt_pmux$2778 }
    Consolidated identical input bits for $mux cell $flatten\CPU.$procmux$2273:
      Old ports: A=0, B=32'11111111111111111111111111111111, Y=$flatten\CPU.$procmux$2273_Y
      New ports: A=1'0, B=1'1, Y=$flatten\CPU.$procmux$2273_Y [0]
      New connections: $flatten\CPU.$procmux$2273_Y [31:1] = { $flatten\CPU.$procmux$2273_Y [0] $flatten\CPU.$procmux$2273_Y [0] $flatten\CPU.$procmux$2273_Y [0] $flatten\CPU.$procmux$2273_Y [0] $flatten\CPU.$procmux$2273_Y [0] $flatten\CPU.$procmux$2273_Y [0] $flatten\CPU.$procmux$2273_Y [0] $flatten\CPU.$procmux$2273_Y [0] $flatten\CPU.$procmux$2273_Y [0] $flatten\CPU.$procmux$2273_Y [0] $flatten\CPU.$procmux$2273_Y [0] $flatten\CPU.$procmux$2273_Y [0] $flatten\CPU.$procmux$2273_Y [0] $flatten\CPU.$procmux$2273_Y [0] $flatten\CPU.$procmux$2273_Y [0] $flatten\CPU.$procmux$2273_Y [0] $flatten\CPU.$procmux$2273_Y [0] $flatten\CPU.$procmux$2273_Y [0] $flatten\CPU.$procmux$2273_Y [0] $flatten\CPU.$procmux$2273_Y [0] $flatten\CPU.$procmux$2273_Y [0] $flatten\CPU.$procmux$2273_Y [0] $flatten\CPU.$procmux$2273_Y [0] $flatten\CPU.$procmux$2273_Y [0] $flatten\CPU.$procmux$2273_Y [0] $flatten\CPU.$procmux$2273_Y [0] $flatten\CPU.$procmux$2273_Y [0] $flatten\CPU.$procmux$2273_Y [0] $flatten\CPU.$procmux$2273_Y [0] $flatten\CPU.$procmux$2273_Y [0] $flatten\CPU.$procmux$2273_Y [0] }
    New ctrl vector for $pmux cell $flatten\tcl1.\Tcl.\ctrl_tcl0.$procmux$1355: $auto$opt_reduce.cc:134:opt_pmux$2780
    Consolidated identical input bits for $mux cell $flatten\CPU.$procmux$2317:
      Old ports: A=32'11111111111111111111111111111111, B=0, Y=$flatten\CPU.$0$memwr$\registerFile$cores/cpu/femtorv32_quark_V2.v:181$365_EN[31:0]$447
      New ports: A=1'1, B=1'0, Y=$flatten\CPU.$0$memwr$\registerFile$cores/cpu/femtorv32_quark_V2.v:181$365_EN[31:0]$447 [0]
      New connections: $flatten\CPU.$0$memwr$\registerFile$cores/cpu/femtorv32_quark_V2.v:181$365_EN[31:0]$447 [31:1] = { $flatten\CPU.$0$memwr$\registerFile$cores/cpu/femtorv32_quark_V2.v:181$365_EN[31:0]$447 [0] $flatten\CPU.$0$memwr$\registerFile$cores/cpu/femtorv32_quark_V2.v:181$365_EN[31:0]$447 [0] $flatten\CPU.$0$memwr$\registerFile$cores/cpu/femtorv32_quark_V2.v:181$365_EN[31:0]$447 [0] $flatten\CPU.$0$memwr$\registerFile$cores/cpu/femtorv32_quark_V2.v:181$365_EN[31:0]$447 [0] $flatten\CPU.$0$memwr$\registerFile$cores/cpu/femtorv32_quark_V2.v:181$365_EN[31:0]$447 [0] $flatten\CPU.$0$memwr$\registerFile$cores/cpu/femtorv32_quark_V2.v:181$365_EN[31:0]$447 [0] $flatten\CPU.$0$memwr$\registerFile$cores/cpu/femtorv32_quark_V2.v:181$365_EN[31:0]$447 [0] $flatten\CPU.$0$memwr$\registerFile$cores/cpu/femtorv32_quark_V2.v:181$365_EN[31:0]$447 [0] $flatten\CPU.$0$memwr$\registerFile$cores/cpu/femtorv32_quark_V2.v:181$365_EN[31:0]$447 [0] $flatten\CPU.$0$memwr$\registerFile$cores/cpu/femtorv32_quark_V2.v:181$365_EN[31:0]$447 [0] $flatten\CPU.$0$memwr$\registerFile$cores/cpu/femtorv32_quark_V2.v:181$365_EN[31:0]$447 [0] $flatten\CPU.$0$memwr$\registerFile$cores/cpu/femtorv32_quark_V2.v:181$365_EN[31:0]$447 [0] $flatten\CPU.$0$memwr$\registerFile$cores/cpu/femtorv32_quark_V2.v:181$365_EN[31:0]$447 [0] $flatten\CPU.$0$memwr$\registerFile$cores/cpu/femtorv32_quark_V2.v:181$365_EN[31:0]$447 [0] $flatten\CPU.$0$memwr$\registerFile$cores/cpu/femtorv32_quark_V2.v:181$365_EN[31:0]$447 [0] $flatten\CPU.$0$memwr$\registerFile$cores/cpu/femtorv32_quark_V2.v:181$365_EN[31:0]$447 [0] $flatten\CPU.$0$memwr$\registerFile$cores/cpu/femtorv32_quark_V2.v:181$365_EN[31:0]$447 [0] $flatten\CPU.$0$memwr$\registerFile$cores/cpu/femtorv32_quark_V2.v:181$365_EN[31:0]$447 [0] $flatten\CPU.$0$memwr$\registerFile$cores/cpu/femtorv32_quark_V2.v:181$365_EN[31:0]$447 [0] $flatten\CPU.$0$memwr$\registerFile$cores/cpu/femtorv32_quark_V2.v:181$365_EN[31:0]$447 [0] $flatten\CPU.$0$memwr$\registerFile$cores/cpu/femtorv32_quark_V2.v:181$365_EN[31:0]$447 [0] $flatten\CPU.$0$memwr$\registerFile$cores/cpu/femtorv32_quark_V2.v:181$365_EN[31:0]$447 [0] $flatten\CPU.$0$memwr$\registerFile$cores/cpu/femtorv32_quark_V2.v:181$365_EN[31:0]$447 [0] $flatten\CPU.$0$memwr$\registerFile$cores/cpu/femtorv32_quark_V2.v:181$365_EN[31:0]$447 [0] $flatten\CPU.$0$memwr$\registerFile$cores/cpu/femtorv32_quark_V2.v:181$365_EN[31:0]$447 [0] $flatten\CPU.$0$memwr$\registerFile$cores/cpu/femtorv32_quark_V2.v:181$365_EN[31:0]$447 [0] $flatten\CPU.$0$memwr$\registerFile$cores/cpu/femtorv32_quark_V2.v:181$365_EN[31:0]$447 [0] $flatten\CPU.$0$memwr$\registerFile$cores/cpu/femtorv32_quark_V2.v:181$365_EN[31:0]$447 [0] $flatten\CPU.$0$memwr$\registerFile$cores/cpu/femtorv32_quark_V2.v:181$365_EN[31:0]$447 [0] $flatten\CPU.$0$memwr$\registerFile$cores/cpu/femtorv32_quark_V2.v:181$365_EN[31:0]$447 [0] $flatten\CPU.$0$memwr$\registerFile$cores/cpu/femtorv32_quark_V2.v:181$365_EN[31:0]$447 [0] }
    New ctrl vector for $pmux cell $flatten\tcl1.\Tcl.\ctrl_tcl0.$procmux$1402: { $flatten\tcl1.\Tcl.\ctrl_tcl0.$procmux$1411_CMP $auto$opt_reduce.cc:134:opt_pmux$2782 $flatten\tcl1.\Tcl.\ctrl_tcl0.$procmux$1329_CMP }
    New ctrl vector for $pmux cell $flatten\tcl1.\Tcl.\ctrl_tcl0.$procmux$1419: { $flatten\tcl1.\Tcl.\ctrl_tcl0.$procmux$1411_CMP $auto$opt_reduce.cc:134:opt_pmux$2784 $flatten\tcl1.\Tcl.\ctrl_tcl0.$procmux$1329_CMP }
    New ctrl vector for $pmux cell $flatten\DD1.\DD.\Control_DD0.$procmux$1864: { $flatten\DD1.\DD.\Control_DD0.$procmux$1832_CMP $flatten\DD1.\DD.\Control_DD0.$procmux$1825_CMP $flatten\DD1.\DD.\Control_DD0.$procmux$1845_CMP $auto$opt_reduce.cc:134:opt_pmux$2786 }
    Consolidated identical input bits for $mux cell $flatten\RAM.$procmux$2329:
      Old ports: A=0, B=32'11111111000000000000000000000000, Y=$flatten\RAM.$0$memwr$\MEM$cores/bram/bram.v:27$336_EN[31:0]$349
      New ports: A=1'0, B=1'1, Y=$flatten\RAM.$0$memwr$\MEM$cores/bram/bram.v:27$336_EN[31:0]$349 [24]
      New connections: { $flatten\RAM.$0$memwr$\MEM$cores/bram/bram.v:27$336_EN[31:0]$349 [31:25] $flatten\RAM.$0$memwr$\MEM$cores/bram/bram.v:27$336_EN[31:0]$349 [23:0] } = { $flatten\RAM.$0$memwr$\MEM$cores/bram/bram.v:27$336_EN[31:0]$349 [24] $flatten\RAM.$0$memwr$\MEM$cores/bram/bram.v:27$336_EN[31:0]$349 [24] $flatten\RAM.$0$memwr$\MEM$cores/bram/bram.v:27$336_EN[31:0]$349 [24] $flatten\RAM.$0$memwr$\MEM$cores/bram/bram.v:27$336_EN[31:0]$349 [24] $flatten\RAM.$0$memwr$\MEM$cores/bram/bram.v:27$336_EN[31:0]$349 [24] $flatten\RAM.$0$memwr$\MEM$cores/bram/bram.v:27$336_EN[31:0]$349 [24] $flatten\RAM.$0$memwr$\MEM$cores/bram/bram.v:27$336_EN[31:0]$349 [24] 24'000000000000000000000000 }
    Consolidated identical input bits for $mux cell $flatten\RAM.$procmux$2338:
      Old ports: A=0, B=16711680, Y=$flatten\RAM.$0$memwr$\MEM$cores/bram/bram.v:26$335_EN[31:0]$346
      New ports: A=1'0, B=1'1, Y=$flatten\RAM.$0$memwr$\MEM$cores/bram/bram.v:26$335_EN[31:0]$346 [16]
      New connections: { $flatten\RAM.$0$memwr$\MEM$cores/bram/bram.v:26$335_EN[31:0]$346 [31:17] $flatten\RAM.$0$memwr$\MEM$cores/bram/bram.v:26$335_EN[31:0]$346 [15:0] } = { 8'00000000 $flatten\RAM.$0$memwr$\MEM$cores/bram/bram.v:26$335_EN[31:0]$346 [16] $flatten\RAM.$0$memwr$\MEM$cores/bram/bram.v:26$335_EN[31:0]$346 [16] $flatten\RAM.$0$memwr$\MEM$cores/bram/bram.v:26$335_EN[31:0]$346 [16] $flatten\RAM.$0$memwr$\MEM$cores/bram/bram.v:26$335_EN[31:0]$346 [16] $flatten\RAM.$0$memwr$\MEM$cores/bram/bram.v:26$335_EN[31:0]$346 [16] $flatten\RAM.$0$memwr$\MEM$cores/bram/bram.v:26$335_EN[31:0]$346 [16] $flatten\RAM.$0$memwr$\MEM$cores/bram/bram.v:26$335_EN[31:0]$346 [16] 16'0000000000000000 }
    New ctrl vector for $pmux cell $procmux$2506: { $procmux$2514_CMP $procmux$2513_CMP $procmux$2512_CMP $procmux$2511_CMP $procmux$2510_CMP $procmux$2509_CMP $procmux$2508_CMP $procmux$2507_CMP }
  Optimizing cells in module \SOC.
    Consolidated identical input bits for $mux cell $flatten\peripheral_Display0.\Display0.\dp_ram0.$procmux$1982:
      Old ports: A=16'0000000000000000, B=$flatten\peripheral_Display0.\Display0.\dp_ram0.$2$memwr$\ram$cores/DISPLAY/Integraci$c3$b2n/dpram.v:48$544_EN[15:0]$556, Y=$flatten\peripheral_Display0.\Display0.\dp_ram0.$0$memwr$\ram$cores/DISPLAY/Integraci$c3$b2n/dpram.v:48$544_EN[15:0]$550
      New ports: A=1'0, B=$flatten\peripheral_Display0.\Display0.\dp_ram0.$procmux$1965_Y [0], Y=$flatten\peripheral_Display0.\Display0.\dp_ram0.$0$memwr$\ram$cores/DISPLAY/Integraci$c3$b2n/dpram.v:48$544_EN[15:0]$550 [0]
      New connections: $flatten\peripheral_Display0.\Display0.\dp_ram0.$0$memwr$\ram$cores/DISPLAY/Integraci$c3$b2n/dpram.v:48$544_EN[15:0]$550 [15:1] = { $flatten\peripheral_Display0.\Display0.\dp_ram0.$0$memwr$\ram$cores/DISPLAY/Integraci$c3$b2n/dpram.v:48$544_EN[15:0]$550 [0] $flatten\peripheral_Display0.\Display0.\dp_ram0.$0$memwr$\ram$cores/DISPLAY/Integraci$c3$b2n/dpram.v:48$544_EN[15:0]$550 [0] $flatten\peripheral_Display0.\Display0.\dp_ram0.$0$memwr$\ram$cores/DISPLAY/Integraci$c3$b2n/dpram.v:48$544_EN[15:0]$550 [0] $flatten\peripheral_Display0.\Display0.\dp_ram0.$0$memwr$\ram$cores/DISPLAY/Integraci$c3$b2n/dpram.v:48$544_EN[15:0]$550 [0] $flatten\peripheral_Display0.\Display0.\dp_ram0.$0$memwr$\ram$cores/DISPLAY/Integraci$c3$b2n/dpram.v:48$544_EN[15:0]$550 [0] $flatten\peripheral_Display0.\Display0.\dp_ram0.$0$memwr$\ram$cores/DISPLAY/Integraci$c3$b2n/dpram.v:48$544_EN[15:0]$550 [0] $flatten\peripheral_Display0.\Display0.\dp_ram0.$0$memwr$\ram$cores/DISPLAY/Integraci$c3$b2n/dpram.v:48$544_EN[15:0]$550 [0] $flatten\peripheral_Display0.\Display0.\dp_ram0.$0$memwr$\ram$cores/DISPLAY/Integraci$c3$b2n/dpram.v:48$544_EN[15:0]$550 [0] $flatten\peripheral_Display0.\Display0.\dp_ram0.$0$memwr$\ram$cores/DISPLAY/Integraci$c3$b2n/dpram.v:48$544_EN[15:0]$550 [0] $flatten\peripheral_Display0.\Display0.\dp_ram0.$0$memwr$\ram$cores/DISPLAY/Integraci$c3$b2n/dpram.v:48$544_EN[15:0]$550 [0] $flatten\peripheral_Display0.\Display0.\dp_ram0.$0$memwr$\ram$cores/DISPLAY/Integraci$c3$b2n/dpram.v:48$544_EN[15:0]$550 [0] $flatten\peripheral_Display0.\Display0.\dp_ram0.$0$memwr$\ram$cores/DISPLAY/Integraci$c3$b2n/dpram.v:48$544_EN[15:0]$550 [0] $flatten\peripheral_Display0.\Display0.\dp_ram0.$0$memwr$\ram$cores/DISPLAY/Integraci$c3$b2n/dpram.v:48$544_EN[15:0]$550 [0] $flatten\peripheral_Display0.\Display0.\dp_ram0.$0$memwr$\ram$cores/DISPLAY/Integraci$c3$b2n/dpram.v:48$544_EN[15:0]$550 [0] $flatten\peripheral_Display0.\Display0.\dp_ram0.$0$memwr$\ram$cores/DISPLAY/Integraci$c3$b2n/dpram.v:48$544_EN[15:0]$550 [0] }
    Consolidated identical input bits for $mux cell $flatten\CPU.$procmux$2299:
      Old ports: A=0, B=$flatten\CPU.$3$memwr$\registerFile$cores/cpu/femtorv32_quark_V2.v:185$366_EN[31:0]$462, Y=$flatten\CPU.$procmux$2299_Y
      New ports: A=1'0, B=$flatten\CPU.$procmux$2273_Y [0], Y=$flatten\CPU.$procmux$2299_Y [0]
      New connections: $flatten\CPU.$procmux$2299_Y [31:1] = { $flatten\CPU.$procmux$2299_Y [0] $flatten\CPU.$procmux$2299_Y [0] $flatten\CPU.$procmux$2299_Y [0] $flatten\CPU.$procmux$2299_Y [0] $flatten\CPU.$procmux$2299_Y [0] $flatten\CPU.$procmux$2299_Y [0] $flatten\CPU.$procmux$2299_Y [0] $flatten\CPU.$procmux$2299_Y [0] $flatten\CPU.$procmux$2299_Y [0] $flatten\CPU.$procmux$2299_Y [0] $flatten\CPU.$procmux$2299_Y [0] $flatten\CPU.$procmux$2299_Y [0] $flatten\CPU.$procmux$2299_Y [0] $flatten\CPU.$procmux$2299_Y [0] $flatten\CPU.$procmux$2299_Y [0] $flatten\CPU.$procmux$2299_Y [0] $flatten\CPU.$procmux$2299_Y [0] $flatten\CPU.$procmux$2299_Y [0] $flatten\CPU.$procmux$2299_Y [0] $flatten\CPU.$procmux$2299_Y [0] $flatten\CPU.$procmux$2299_Y [0] $flatten\CPU.$procmux$2299_Y [0] $flatten\CPU.$procmux$2299_Y [0] $flatten\CPU.$procmux$2299_Y [0] $flatten\CPU.$procmux$2299_Y [0] $flatten\CPU.$procmux$2299_Y [0] $flatten\CPU.$procmux$2299_Y [0] $flatten\CPU.$procmux$2299_Y [0] $flatten\CPU.$procmux$2299_Y [0] $flatten\CPU.$procmux$2299_Y [0] $flatten\CPU.$procmux$2299_Y [0] }
  Optimizing cells in module \SOC.
    Consolidated identical input bits for $mux cell $flatten\CPU.$procmux$2320:
      Old ports: A=0, B=$flatten\CPU.$2$memwr$\registerFile$cores/cpu/femtorv32_quark_V2.v:185$366_EN[31:0]$458, Y=$flatten\CPU.$0$memwr$\registerFile$cores/cpu/femtorv32_quark_V2.v:185$366_EN[31:0]$450
      New ports: A=1'0, B=$flatten\CPU.$procmux$2299_Y [0], Y=$flatten\CPU.$0$memwr$\registerFile$cores/cpu/femtorv32_quark_V2.v:185$366_EN[31:0]$450 [0]
      New connections: $flatten\CPU.$0$memwr$\registerFile$cores/cpu/femtorv32_quark_V2.v:185$366_EN[31:0]$450 [31:1] = { $flatten\CPU.$0$memwr$\registerFile$cores/cpu/femtorv32_quark_V2.v:185$366_EN[31:0]$450 [0] $flatten\CPU.$0$memwr$\registerFile$cores/cpu/femtorv32_quark_V2.v:185$366_EN[31:0]$450 [0] $flatten\CPU.$0$memwr$\registerFile$cores/cpu/femtorv32_quark_V2.v:185$366_EN[31:0]$450 [0] $flatten\CPU.$0$memwr$\registerFile$cores/cpu/femtorv32_quark_V2.v:185$366_EN[31:0]$450 [0] $flatten\CPU.$0$memwr$\registerFile$cores/cpu/femtorv32_quark_V2.v:185$366_EN[31:0]$450 [0] $flatten\CPU.$0$memwr$\registerFile$cores/cpu/femtorv32_quark_V2.v:185$366_EN[31:0]$450 [0] $flatten\CPU.$0$memwr$\registerFile$cores/cpu/femtorv32_quark_V2.v:185$366_EN[31:0]$450 [0] $flatten\CPU.$0$memwr$\registerFile$cores/cpu/femtorv32_quark_V2.v:185$366_EN[31:0]$450 [0] $flatten\CPU.$0$memwr$\registerFile$cores/cpu/femtorv32_quark_V2.v:185$366_EN[31:0]$450 [0] $flatten\CPU.$0$memwr$\registerFile$cores/cpu/femtorv32_quark_V2.v:185$366_EN[31:0]$450 [0] $flatten\CPU.$0$memwr$\registerFile$cores/cpu/femtorv32_quark_V2.v:185$366_EN[31:0]$450 [0] $flatten\CPU.$0$memwr$\registerFile$cores/cpu/femtorv32_quark_V2.v:185$366_EN[31:0]$450 [0] $flatten\CPU.$0$memwr$\registerFile$cores/cpu/femtorv32_quark_V2.v:185$366_EN[31:0]$450 [0] $flatten\CPU.$0$memwr$\registerFile$cores/cpu/femtorv32_quark_V2.v:185$366_EN[31:0]$450 [0] $flatten\CPU.$0$memwr$\registerFile$cores/cpu/femtorv32_quark_V2.v:185$366_EN[31:0]$450 [0] $flatten\CPU.$0$memwr$\registerFile$cores/cpu/femtorv32_quark_V2.v:185$366_EN[31:0]$450 [0] $flatten\CPU.$0$memwr$\registerFile$cores/cpu/femtorv32_quark_V2.v:185$366_EN[31:0]$450 [0] $flatten\CPU.$0$memwr$\registerFile$cores/cpu/femtorv32_quark_V2.v:185$366_EN[31:0]$450 [0] $flatten\CPU.$0$memwr$\registerFile$cores/cpu/femtorv32_quark_V2.v:185$366_EN[31:0]$450 [0] $flatten\CPU.$0$memwr$\registerFile$cores/cpu/femtorv32_quark_V2.v:185$366_EN[31:0]$450 [0] $flatten\CPU.$0$memwr$\registerFile$cores/cpu/femtorv32_quark_V2.v:185$366_EN[31:0]$450 [0] $flatten\CPU.$0$memwr$\registerFile$cores/cpu/femtorv32_quark_V2.v:185$366_EN[31:0]$450 [0] $flatten\CPU.$0$memwr$\registerFile$cores/cpu/femtorv32_quark_V2.v:185$366_EN[31:0]$450 [0] $flatten\CPU.$0$memwr$\registerFile$cores/cpu/femtorv32_quark_V2.v:185$366_EN[31:0]$450 [0] $flatten\CPU.$0$memwr$\registerFile$cores/cpu/femtorv32_quark_V2.v:185$366_EN[31:0]$450 [0] $flatten\CPU.$0$memwr$\registerFile$cores/cpu/femtorv32_quark_V2.v:185$366_EN[31:0]$450 [0] $flatten\CPU.$0$memwr$\registerFile$cores/cpu/femtorv32_quark_V2.v:185$366_EN[31:0]$450 [0] $flatten\CPU.$0$memwr$\registerFile$cores/cpu/femtorv32_quark_V2.v:185$366_EN[31:0]$450 [0] $flatten\CPU.$0$memwr$\registerFile$cores/cpu/femtorv32_quark_V2.v:185$366_EN[31:0]$450 [0] $flatten\CPU.$0$memwr$\registerFile$cores/cpu/femtorv32_quark_V2.v:185$366_EN[31:0]$450 [0] $flatten\CPU.$0$memwr$\registerFile$cores/cpu/femtorv32_quark_V2.v:185$366_EN[31:0]$450 [0] }
  Optimizing cells in module \SOC.
Performed a total of 33 changes.

33.12.5. Executing OPT_MERGE pass (detect identical cells).
Finding identical cells in module `\SOC'.
Removed a total of 3 cells.

33.12.6. Executing OPT_DFF pass (perform DFF optimizations).

33.12.7. Executing OPT_CLEAN pass (remove unused cells and wires).
Finding unused cells or wires in module \SOC..
Removed 0 unused cells and 459 unused wires.

33.12.8. Executing OPT_EXPR pass (perform const folding).
Optimizing module SOC.

33.12.9. Rerunning OPT passes. (Maybe there is more to do..)

33.12.10. Executing OPT_MUXTREE pass (detect dead branches in mux trees).
Running muxtree optimizer on module \SOC..
  Creating internal representation of mux trees.
  Evaluating internal representation of mux trees.
  Analyzing evaluation results.
Removed 0 multiplexer ports.

33.12.11. Executing OPT_REDUCE pass (consolidate $*mux and $reduce_* inputs).
  Optimizing cells in module \SOC.
Performed a total of 0 changes.

33.12.12. Executing OPT_MERGE pass (detect identical cells).
Finding identical cells in module `\SOC'.
Removed a total of 0 cells.

33.12.13. Executing OPT_DFF pass (perform DFF optimizations).

33.12.14. Executing OPT_CLEAN pass (remove unused cells and wires).
Finding unused cells or wires in module \SOC..

33.12.15. Executing OPT_EXPR pass (perform const folding).
Optimizing module SOC.

33.12.16. Finished OPT passes. (There is nothing left to do.)

33.13. Executing FSM pass (extract and optimize FSM).

33.13.1. Executing FSM_DETECT pass (finding FSMs in design).
Not marking SOC.DD1.DD.Control_DD0.state as FSM state register:
    Circuit seems to be self-resetting.
Not marking SOC.RDD1.RDD.Control0.state as FSM state register:
    Circuit seems to be self-resetting.
Not marking SOC.div1.Dv.Control_Div0.state as FSM state register:
    Circuit seems to be self-resetting.
Not marking SOC.mult1.mult1.control0.state as FSM state register:
    Register has an initialization value.
Found FSM state register SOC.peripheral_Display0.Display0.SPI0.control_SPI0.state.
Found FSM state register SOC.peripheral_Display0.Display0.SPI0.spi_datapath0.sub_state.
Found FSM state register SOC.peripheral_Display0.Display0.addrCtrl0.control_addr0.state.
Not marking SOC.root1.Rt.Control_sqrt0.state as FSM state register:
    Circuit seems to be self-resetting.
Found FSM state register SOC.tcl1.Tcl.ctrl_tcl0.prev_row.
Not marking SOC.tcl1.Tcl.ctrl_tcl0.state as FSM state register:
    Circuit seems to be self-resetting.
Not marking SOC.tcl1.Tcl.data_tcl0.Prev_tecla as FSM state register:
    Users of register don't seem to benefit from recoding.
Not marking SOC.tcl1.Tcl.data_tcl0.tecla as FSM state register:
    Users of register don't seem to benefit from recoding.

33.13.2. Executing FSM_EXTRACT pass (extracting FSM from design).
Extracting FSM `\peripheral_Display0.Display0.SPI0.control_SPI0.state' from module `\SOC'.
  found $adff cell for state register: $flatten\peripheral_Display0.\Display0.\SPI0.\control_SPI0.$procdff$2608
  root of input selection tree: $flatten\peripheral_Display0.\Display0.\SPI0.\control_SPI0.$0\state[2:0]
  found reset state: 3'000 (from async reset)
  found ctrl input: \busy
  found state code: 3'011
  found ctrl input: $auto$opt_reduce.cc:134:opt_pmux$2762
  found ctrl input: $flatten\peripheral_Display0.\Display0.\SPI0.\control_SPI0.$procmux$1004_CMP
  found ctrl input: $flatten\peripheral_Display0.\Display0.\SPI0.\control_SPI0.$procmux$1005_CMP
  found ctrl input: $flatten\peripheral_Display0.\Display0.\SPI0.\control_SPI0.$procmux$1012_CMP
  found ctrl input: $flatten\peripheral_Display0.\Display0.\SPI0.\control_SPI0.$procmux$1017_CMP
  found state code: 3'010
  found ctrl input: \peripheral_Display0.Display0.addrCtrl0.DC0.SPI_init
  found state code: 3'101
  found state code: 3'100
  found state code: 3'001
  found ctrl input: \peripheral_Display0.Display0.SPI0.control_SPI0.ending
  found ctrl input: $flatten\peripheral_Display0.\Display0.\SPI0.\control_SPI0.$logic_or$cores/DISPLAY/Integraci$c3$b2n/SPI.v:227$649_Y
  found ctrl output: $flatten\peripheral_Display0.\Display0.\SPI0.\control_SPI0.$procmux$1000_CMP
  found ctrl output: $flatten\peripheral_Display0.\Display0.\SPI0.\control_SPI0.$procmux$1004_CMP
  found ctrl output: $flatten\peripheral_Display0.\Display0.\SPI0.\control_SPI0.$procmux$1005_CMP
  found ctrl output: $flatten\peripheral_Display0.\Display0.\SPI0.\control_SPI0.$procmux$1012_CMP
  found ctrl output: $flatten\peripheral_Display0.\Display0.\SPI0.\control_SPI0.$procmux$1013_CMP
  found ctrl output: $flatten\peripheral_Display0.\Display0.\SPI0.\control_SPI0.$procmux$1017_CMP
  ctrl inputs: { $flatten\peripheral_Display0.\Display0.\SPI0.\control_SPI0.$logic_or$cores/DISPLAY/Integraci$c3$b2n/SPI.v:227$649_Y \peripheral_Display0.Display0.SPI0.control_SPI0.ending \peripheral_Display0.Display0.addrCtrl0.DC0.SPI_init $auto$opt_reduce.cc:134:opt_pmux$2762 \busy }
  ctrl outputs: { $flatten\peripheral_Display0.\Display0.\SPI0.\control_SPI0.$procmux$1017_CMP $flatten\peripheral_Display0.\Display0.\SPI0.\control_SPI0.$procmux$1013_CMP $flatten\peripheral_Display0.\Display0.\SPI0.\control_SPI0.$procmux$1012_CMP $flatten\peripheral_Display0.\Display0.\SPI0.\control_SPI0.$procmux$1005_CMP $flatten\peripheral_Display0.\Display0.\SPI0.\control_SPI0.$procmux$1004_CMP $flatten\peripheral_Display0.\Display0.\SPI0.\control_SPI0.$procmux$1000_CMP $flatten\peripheral_Display0.\Display0.\SPI0.\control_SPI0.$0\state[2:0] }
  transition:      3'000 5'----0 ->      3'011 9'100000011
  transition:      3'000 5'--0-1 ->      3'000 9'100000000
  transition:      3'000 5'--1-1 ->      3'001 9'100000001
  transition:      3'100 5'----0 ->      3'011 9'000001011
  transition:      3'100 5'----1 ->      3'010 9'000001010
  transition:      3'010 5'----0 ->      3'011 9'001000011
  transition:      3'010 5'-0--1 ->      3'010 9'001000010
  transition:      3'010 5'01--1 ->      3'101 9'001000101
  transition:      3'010 5'11--1 ->      3'000 9'001000000
  transition:      3'001 5'----0 ->      3'011 9'010000011
  transition:      3'001 5'----1 ->      3'010 9'010000010
  transition:      3'101 5'----0 ->      3'011 9'000010011
  transition:      3'101 5'--0-1 ->      3'101 9'000010101
  transition:      3'101 5'--1-1 ->      3'100 9'000010100
  transition:      3'011 5'----0 ->      3'011 9'000100011
  transition:      3'011 5'----1 ->      3'001 9'000100001
Extracting FSM `\peripheral_Display0.Display0.SPI0.spi_datapath0.sub_state' from module `\SOC'.
  found $dff cell for state register: $flatten\peripheral_Display0.\Display0.\SPI0.\spi_datapath0.$procdff$2603
  root of input selection tree: $flatten\peripheral_Display0.\Display0.\SPI0.\spi_datapath0.$0\sub_state[1:0]
  found reset state: 2'10 (guessed from mux tree)
  found ctrl input: $flatten\peripheral_Display0.\Display0.\SPI0.\spi_datapath0.$logic_or$cores/DISPLAY/Integraci$c3$b2n/SPI.v:101$663_Y
  found ctrl input: \peripheral_Display0.Display0.SPI0.spiclk0.scnd_ld
  found ctrl input: \peripheral_Display0.Display0.SPI0.spiclk0.load
  found ctrl input: $flatten\peripheral_Display0.\Display0.\SPI0.\spi_datapath0.$logic_and$cores/DISPLAY/Integraci$c3$b2n/SPI.v:118$665_Y
  found ctrl input: $flatten\peripheral_Display0.\Display0.\SPI0.\spi_datapath0.$logic_and$cores/DISPLAY/Integraci$c3$b2n/SPI.v:125$669_Y
  found state code: 2'01
  found state code: 2'00
  found state code: 2'10
  found ctrl output: $flatten\peripheral_Display0.\Display0.\SPI0.\spi_datapath0.$eq$cores/DISPLAY/Integraci$c3$b2n/SPI.v:118$664_Y
  found ctrl output: $flatten\peripheral_Display0.\Display0.\SPI0.\spi_datapath0.$eq$cores/DISPLAY/Integraci$c3$b2n/SPI.v:125$668_Y
  ctrl inputs: { $flatten\peripheral_Display0.\Display0.\SPI0.\spi_datapath0.$logic_and$cores/DISPLAY/Integraci$c3$b2n/SPI.v:125$669_Y $flatten\peripheral_Display0.\Display0.\SPI0.\spi_datapath0.$logic_and$cores/DISPLAY/Integraci$c3$b2n/SPI.v:118$665_Y $flatten\peripheral_Display0.\Display0.\SPI0.\spi_datapath0.$logic_or$cores/DISPLAY/Integraci$c3$b2n/SPI.v:101$663_Y \peripheral_Display0.Display0.SPI0.spiclk0.scnd_ld \peripheral_Display0.Display0.SPI0.spiclk0.load }
  ctrl outputs: { $flatten\peripheral_Display0.\Display0.\SPI0.\spi_datapath0.$eq$cores/DISPLAY/Integraci$c3$b2n/SPI.v:125$668_Y $flatten\peripheral_Display0.\Display0.\SPI0.\spi_datapath0.$eq$cores/DISPLAY/Integraci$c3$b2n/SPI.v:118$664_Y $flatten\peripheral_Display0.\Display0.\SPI0.\spi_datapath0.$0\sub_state[1:0] }
  transition:       2'00 5'00000 ->       2'00 4'1000
  transition:       2'00 5'10000 ->       2'01 4'1001
  transition:       2'00 5'-1000 ->       2'00 4'1000
  transition:       2'00 5'--001 ->       2'01 4'1001
  transition:       2'00 5'--01- ->       2'01 4'1001
  transition:       2'00 5'--1-- ->       2'10 4'1010
  transition:       2'10 5'00000 ->       2'10 4'0010
  transition:       2'10 5'10000 ->       2'01 4'0001
  transition:       2'10 5'-1000 ->       2'00 4'0000
  transition:       2'10 5'--001 ->       2'01 4'0001
  transition:       2'10 5'--01- ->       2'01 4'0001
  transition:       2'10 5'--1-- ->       2'10 4'0010
  transition:       2'01 5'00000 ->       2'01 4'0101
  transition:       2'01 5'10000 ->       2'01 4'0101
  transition:       2'01 5'-1000 ->       2'00 4'0100
  transition:       2'01 5'--001 ->       2'01 4'0101
  transition:       2'01 5'--01- ->       2'01 4'0101
  transition:       2'01 5'--1-- ->       2'10 4'0110
Extracting FSM `\peripheral_Display0.Display0.addrCtrl0.control_addr0.state' from module `\SOC'.
  found $dff cell for state register: $flatten\peripheral_Display0.\Display0.\addrCtrl0.\control_addr0.$procdff$2598
  root of input selection tree: $flatten\peripheral_Display0.\Display0.\addrCtrl0.\control_addr0.$0\state[2:0]
  found reset state: 3'110 (guessed from mux tree)
  found ctrl input: \resetn
  found state code: 3'110
  found ctrl input: $auto$opt_reduce.cc:134:opt_pmux$2766
  found ctrl input: $flatten\peripheral_Display0.\Display0.\addrCtrl0.\control_addr0.$procmux$833_CMP
  found ctrl input: $auto$opt_reduce.cc:134:opt_pmux$2768
  found ctrl input: $flatten\peripheral_Display0.\Display0.\addrCtrl0.\control_addr0.$procmux$794_CMP
  found ctrl input: $flatten\peripheral_Display0.\Display0.\addrCtrl0.\control_addr0.$procmux$763_CMP
  found ctrl input: $flatten\peripheral_Display0.\Display0.\addrCtrl0.\control_addr0.$procmux$780_CMP
  found state code: 3'010
  found ctrl input: $flatten\peripheral_Display0.\Display0.\addrCtrl0.\control_addr0.$procmux$832_CMP
  found ctrl input: \peripheral_Display0.Display0.SPI0.spi_datapath0.done
  found ctrl input: \peripheral_Display0.Display0.addrCtrl0.DC0.frst_done
  found state code: 3'111
  found state code: 3'100
  found ctrl input: $flatten\peripheral_Display0.\Display0.\addrCtrl0.\control_addr0.$logic_or$cores/DISPLAY/Integraci$c3$b2n/addrCtrl.v:208$671_Y
  found ctrl input: \peripheral_Display0.Display0.addrCtrl0.addr0.frameFinished
  found state code: 3'101
  found state code: 3'000
  found state code: 3'011
  found ctrl input: \peripheral_Display0.init
  found state code: 3'001
  found ctrl output: $flatten\peripheral_Display0.\Display0.\addrCtrl0.\control_addr0.$procmux$761_CMP
  found ctrl output: $flatten\peripheral_Display0.\Display0.\addrCtrl0.\control_addr0.$procmux$762_CMP
  found ctrl output: $flatten\peripheral_Display0.\Display0.\addrCtrl0.\control_addr0.$procmux$763_CMP
  found ctrl output: $flatten\peripheral_Display0.\Display0.\addrCtrl0.\control_addr0.$procmux$769_CMP
  found ctrl output: $flatten\peripheral_Display0.\Display0.\addrCtrl0.\control_addr0.$procmux$780_CMP
  found ctrl output: $flatten\peripheral_Display0.\Display0.\addrCtrl0.\control_addr0.$procmux$794_CMP
  found ctrl output: $flatten\peripheral_Display0.\Display0.\addrCtrl0.\control_addr0.$procmux$824_CMP
  found ctrl output: $flatten\peripheral_Display0.\Display0.\addrCtrl0.\control_addr0.$procmux$833_CMP
  ctrl inputs: { \peripheral_Display0.init \peripheral_Display0.Display0.SPI0.spi_datapath0.done \peripheral_Display0.Display0.addrCtrl0.DC0.frst_done \peripheral_Display0.Display0.addrCtrl0.addr0.frameFinished $flatten\peripheral_Display0.\Display0.\addrCtrl0.\control_addr0.$procmux$832_CMP $flatten\peripheral_Display0.\Display0.\addrCtrl0.\control_addr0.$logic_or$cores/DISPLAY/Integraci$c3$b2n/addrCtrl.v:208$671_Y $auto$opt_reduce.cc:134:opt_pmux$2768 $auto$opt_reduce.cc:134:opt_pmux$2766 \resetn }
  ctrl outputs: { $flatten\peripheral_Display0.\Display0.\addrCtrl0.\control_addr0.$procmux$833_CMP $flatten\peripheral_Display0.\Display0.\addrCtrl0.\control_addr0.$procmux$824_CMP $flatten\peripheral_Display0.\Display0.\addrCtrl0.\control_addr0.$procmux$794_CMP $flatten\peripheral_Display0.\Display0.\addrCtrl0.\control_addr0.$procmux$780_CMP $flatten\peripheral_Display0.\Display0.\addrCtrl0.\control_addr0.$procmux$769_CMP $flatten\peripheral_Display0.\Display0.\addrCtrl0.\control_addr0.$procmux$763_CMP $flatten\peripheral_Display0.\Display0.\addrCtrl0.\control_addr0.$procmux$762_CMP $flatten\peripheral_Display0.\Display0.\addrCtrl0.\control_addr0.$procmux$761_CMP $flatten\peripheral_Display0.\Display0.\addrCtrl0.\control_addr0.$0\state[2:0] }
  transition:      3'000 9'--------0 ->      3'110 11'00010000110
  transition:      3'000 9'0-------1 ->      3'010 11'00010000010
  transition:      3'000 9'1-------1 ->      3'001 11'00010000001
  transition:      3'100 9'--------0 ->      3'110 11'00100000110
  transition:      3'100 9'-----0--1 ->      3'100 11'00100000100
  transition:      3'100 9'---0-1--1 ->      3'101 11'00100000101
  transition:      3'100 9'---1-1--1 ->      3'000 11'00100000000
  transition:      3'010 9'--------0 ->      3'110 11'00000100110
  transition:      3'010 9'--------1 ->      3'011 11'00000100011
  transition:      3'110 9'--------0 ->      3'110 11'01000000110
  transition:      3'110 9'------0-1 ->      3'010 11'01000000010
  transition:      3'001 9'--------0 ->      3'110 11'00001000110
  transition:      3'001 9'------0-1 ->      3'010 11'00001000010
  transition:      3'101 9'--------0 ->      3'110 11'10000000110
  transition:      3'101 9'-00-0---1 ->      3'101 11'10000000101
  transition:      3'101 9'-01-0---1 ->      3'111 11'10000000111
  transition:      3'101 9'-1--0---1 ->      3'010 11'10000000010
  transition:      3'101 9'----1---1 ->      3'101 11'10000000101
  transition:      3'011 9'--------0 ->      3'110 11'00000010110
  transition:      3'011 9'--------1 ->      3'100 11'00000010100
  transition:      3'111 9'--------0 ->      3'110 11'00000001110
  transition:      3'111 9'--------1 ->      3'100 11'00000001100
Extracting FSM `\tcl1.Tcl.ctrl_tcl0.prev_row' from module `\SOC'.
  found $adff cell for state register: $flatten\tcl1.\Tcl.\ctrl_tcl0.$procdff$2623
  root of input selection tree: $flatten\tcl1.\Tcl.\ctrl_tcl0.$0\prev_row[2:0]
  found reset state: 3'101 (from async reset)
  found ctrl input: $flatten\tcl1.\Tcl.\ctrl_tcl0.$procmux$1357_CMP
  found ctrl input: $flatten\tcl1.\Tcl.\ctrl_tcl0.$procmux$1358_CMP
  found ctrl input: $flatten\tcl1.\Tcl.\ctrl_tcl0.$procmux$1359_CMP
  found ctrl input: $flatten\tcl1.\Tcl.\ctrl_tcl0.$procmux$1360_CMP
  found ctrl input: $flatten\tcl1.\Tcl.\ctrl_tcl0.$procmux$1411_CMP
  found state code: 3'011
  found state code: 3'010
  found state code: 3'001
  found state code: 3'000
  found ctrl output: $flatten\tcl1.\Tcl.\ctrl_tcl0.$procmux$1351_CMP
  found ctrl output: $flatten\tcl1.\Tcl.\ctrl_tcl0.$procmux$1342_CMP
  found ctrl output: $flatten\tcl1.\Tcl.\ctrl_tcl0.$procmux$1334_CMP
  found ctrl output: $flatten\tcl1.\Tcl.\ctrl_tcl0.$procmux$1327_CMP
  ctrl inputs: { $flatten\tcl1.\Tcl.\ctrl_tcl0.$procmux$1357_CMP $flatten\tcl1.\Tcl.\ctrl_tcl0.$procmux$1358_CMP $flatten\tcl1.\Tcl.\ctrl_tcl0.$procmux$1359_CMP $flatten\tcl1.\Tcl.\ctrl_tcl0.$procmux$1360_CMP $flatten\tcl1.\Tcl.\ctrl_tcl0.$procmux$1411_CMP }
  ctrl outputs: { $flatten\tcl1.\Tcl.\ctrl_tcl0.$0\prev_row[2:0] $flatten\tcl1.\Tcl.\ctrl_tcl0.$procmux$1327_CMP $flatten\tcl1.\Tcl.\ctrl_tcl0.$procmux$1334_CMP $flatten\tcl1.\Tcl.\ctrl_tcl0.$procmux$1342_CMP $flatten\tcl1.\Tcl.\ctrl_tcl0.$procmux$1351_CMP }
  transition:      3'000 5'00000 ->      3'000 7'0000001
  transition:      3'000 5'----1 ->      3'101 7'1010001
  transition:      3'000 5'---1- ->      3'000 7'0000001
  transition:      3'000 5'--1-- ->      3'001 7'0010001
  transition:      3'000 5'-1--- ->      3'010 7'0100001
  transition:      3'000 5'1---- ->      3'011 7'0110001
  transition:      3'010 5'00000 ->      3'010 7'0100100
  transition:      3'010 5'----1 ->      3'101 7'1010100
  transition:      3'010 5'---1- ->      3'000 7'0000100
  transition:      3'010 5'--1-- ->      3'001 7'0010100
  transition:      3'010 5'-1--- ->      3'010 7'0100100
  transition:      3'010 5'1---- ->      3'011 7'0110100
  transition:      3'001 5'00000 ->      3'001 7'0010010
  transition:      3'001 5'----1 ->      3'101 7'1010010
  transition:      3'001 5'---1- ->      3'000 7'0000010
  transition:      3'001 5'--1-- ->      3'001 7'0010010
  transition:      3'001 5'-1--- ->      3'010 7'0100010
  transition:      3'001 5'1---- ->      3'011 7'0110010
  transition:      3'101 5'00000 ->      3'101 7'1010000
  transition:      3'101 5'----1 ->      3'101 7'1010000
  transition:      3'101 5'---1- ->      3'000 7'0000000
  transition:      3'101 5'--1-- ->      3'001 7'0010000
  transition:      3'101 5'-1--- ->      3'010 7'0100000
  transition:      3'101 5'1---- ->      3'011 7'0110000
  transition:      3'011 5'00000 ->      3'011 7'0111000
  transition:      3'011 5'----1 ->      3'101 7'1011000
  transition:      3'011 5'---1- ->      3'000 7'0001000
  transition:      3'011 5'--1-- ->      3'001 7'0011000
  transition:      3'011 5'-1--- ->      3'010 7'0101000
  transition:      3'011 5'1---- ->      3'011 7'0111000

33.13.3. Executing FSM_OPT pass (simple optimizations of FSMs).
Optimizing FSM `$fsm$\tcl1.Tcl.ctrl_tcl0.prev_row$2809' from module `\SOC'.
Optimizing FSM `$fsm$\peripheral_Display0.Display0.addrCtrl0.control_addr0.state$2799' from module `\SOC'.
  Removing unused input signal $auto$opt_reduce.cc:134:opt_pmux$2766.
Optimizing FSM `$fsm$\peripheral_Display0.Display0.SPI0.spi_datapath0.sub_state$2795' from module `\SOC'.
  Merging pattern 5'00000 and 5'10000 from group (2 2 4'0101).
  Merging pattern 5'10000 and 5'00000 from group (2 2 4'0101).
Optimizing FSM `$fsm$\peripheral_Display0.Display0.SPI0.control_SPI0.state$2787' from module `\SOC'.
  Removing unused input signal $auto$opt_reduce.cc:134:opt_pmux$2762.

33.13.4. Executing OPT_CLEAN pass (remove unused cells and wires).
Finding unused cells or wires in module \SOC..
Removed 46 unused cells and 46 unused wires.

33.13.5. Executing FSM_OPT pass (simple optimizations of FSMs).
Optimizing FSM `$fsm$\peripheral_Display0.Display0.SPI0.control_SPI0.state$2787' from module `\SOC'.
  Removing unused output signal $flatten\peripheral_Display0.\Display0.\SPI0.\control_SPI0.$0\state[2:0] [0].
  Removing unused output signal $flatten\peripheral_Display0.\Display0.\SPI0.\control_SPI0.$0\state[2:0] [1].
  Removing unused output signal $flatten\peripheral_Display0.\Display0.\SPI0.\control_SPI0.$0\state[2:0] [2].
  Removing unused output signal $flatten\peripheral_Display0.\Display0.\SPI0.\control_SPI0.$procmux$1012_CMP.
Optimizing FSM `$fsm$\peripheral_Display0.Display0.SPI0.spi_datapath0.sub_state$2795' from module `\SOC'.
  Removing unused output signal $flatten\peripheral_Display0.\Display0.\SPI0.\spi_datapath0.$0\sub_state[1:0] [0].
  Removing unused output signal $flatten\peripheral_Display0.\Display0.\SPI0.\spi_datapath0.$0\sub_state[1:0] [1].
Optimizing FSM `$fsm$\peripheral_Display0.Display0.addrCtrl0.control_addr0.state$2799' from module `\SOC'.
  Removing unused output signal $flatten\peripheral_Display0.\Display0.\addrCtrl0.\control_addr0.$0\state[2:0] [0].
  Removing unused output signal $flatten\peripheral_Display0.\Display0.\addrCtrl0.\control_addr0.$0\state[2:0] [1].
  Removing unused output signal $flatten\peripheral_Display0.\Display0.\addrCtrl0.\control_addr0.$0\state[2:0] [2].
Optimizing FSM `$fsm$\tcl1.Tcl.ctrl_tcl0.prev_row$2809' from module `\SOC'.
  Removing unused output signal $flatten\tcl1.\Tcl.\ctrl_tcl0.$0\prev_row[2:0] [0].
  Removing unused output signal $flatten\tcl1.\Tcl.\ctrl_tcl0.$0\prev_row[2:0] [1].
  Removing unused output signal $flatten\tcl1.\Tcl.\ctrl_tcl0.$0\prev_row[2:0] [2].

33.13.6. Executing FSM_RECODE pass (re-assigning FSM state encoding).
Recoding FSM `$fsm$\peripheral_Display0.Display0.SPI0.control_SPI0.state$2787' from module `\SOC' using `auto' encoding:
  mapping auto encoding to `one-hot` for this FSM.
  000 -> -----1
  100 -> ----1-
  010 -> ---1--
  001 -> --1---
  101 -> -1----
  011 -> 1-----
Recoding FSM `$fsm$\peripheral_Display0.Display0.SPI0.spi_datapath0.sub_state$2795' from module `\SOC' using `auto' encoding:
  mapping auto encoding to `one-hot` for this FSM.
  00 -> -1-
  10 -> --1
  01 -> 1--
Recoding FSM `$fsm$\peripheral_Display0.Display0.addrCtrl0.control_addr0.state$2799' from module `\SOC' using `auto' encoding:
  mapping auto encoding to `one-hot` for this FSM.
  000 -> ------1-
  100 -> -----1--
  010 -> ----1---
  110 -> -------1
  001 -> ---1----
  101 -> --1-----
  011 -> -1------
  111 -> 1-------
Recoding FSM `$fsm$\tcl1.Tcl.ctrl_tcl0.prev_row$2809' from module `\SOC' using `auto' encoding:
  mapping auto encoding to `one-hot` for this FSM.
  000 -> ---1-
  010 -> --1--
  001 -> -1---
  101 -> ----1
  011 -> 1----

33.13.7. Executing FSM_INFO pass (dumping all available information on FSM cells).

FSM `$fsm$\peripheral_Display0.Display0.SPI0.control_SPI0.state$2787' from module `SOC':
-------------------------------------

  Information on FSM $fsm$\peripheral_Display0.Display0.SPI0.control_SPI0.state$2787 (\peripheral_Display0.Display0.SPI0.control_SPI0.state):

  Number of input signals:    4
  Number of output signals:   5
  Number of state bits:       6

  Input signals:
    0: \busy
    1: \peripheral_Display0.Display0.addrCtrl0.DC0.SPI_init
    2: \peripheral_Display0.Display0.SPI0.control_SPI0.ending
    3: $flatten\peripheral_Display0.\Display0.\SPI0.\control_SPI0.$logic_or$cores/DISPLAY/Integraci$c3$b2n/SPI.v:227$649_Y

  Output signals:
    0: $flatten\peripheral_Display0.\Display0.\SPI0.\control_SPI0.$procmux$1000_CMP
    1: $flatten\peripheral_Display0.\Display0.\SPI0.\control_SPI0.$procmux$1004_CMP
    2: $flatten\peripheral_Display0.\Display0.\SPI0.\control_SPI0.$procmux$1005_CMP
    3: $flatten\peripheral_Display0.\Display0.\SPI0.\control_SPI0.$procmux$1013_CMP
    4: $flatten\peripheral_Display0.\Display0.\SPI0.\control_SPI0.$procmux$1017_CMP

  State encoding:
    0:   6'-----1  <RESET STATE>
    1:   6'----1-
    2:   6'---1--
    3:   6'--1---
    4:   6'-1----
    5:   6'1-----

  Transition Table (state_in, ctrl_in, state_out, ctrl_out):
      0:     0 4'--01   ->     0 5'10000
      1:     0 4'--11   ->     3 5'10000
      2:     0 4'---0   ->     5 5'10000
      3:     1 4'---1   ->     2 5'00001
      4:     1 4'---0   ->     5 5'00001
      5:     2 4'11-1   ->     0 5'00000
      6:     2 4'-0-1   ->     2 5'00000
      7:     2 4'01-1   ->     4 5'00000
      8:     2 4'---0   ->     5 5'00000
      9:     3 4'---1   ->     2 5'01000
     10:     3 4'---0   ->     5 5'01000
     11:     4 4'--11   ->     1 5'00010
     12:     4 4'--01   ->     4 5'00010
     13:     4 4'---0   ->     5 5'00010
     14:     5 4'---1   ->     3 5'00100
     15:     5 4'---0   ->     5 5'00100

-------------------------------------

FSM `$fsm$\peripheral_Display0.Display0.SPI0.spi_datapath0.sub_state$2795' from module `SOC':
-------------------------------------

  Information on FSM $fsm$\peripheral_Display0.Display0.SPI0.spi_datapath0.sub_state$2795 (\peripheral_Display0.Display0.SPI0.spi_datapath0.sub_state):

  Number of input signals:    5
  Number of output signals:   2
  Number of state bits:       3

  Input signals:
    0: \peripheral_Display0.Display0.SPI0.spiclk0.load
    1: \peripheral_Display0.Display0.SPI0.spiclk0.scnd_ld
    2: $flatten\peripheral_Display0.\Display0.\SPI0.\spi_datapath0.$logic_or$cores/DISPLAY/Integraci$c3$b2n/SPI.v:101$663_Y
    3: $flatten\peripheral_Display0.\Display0.\SPI0.\spi_datapath0.$logic_and$cores/DISPLAY/Integraci$c3$b2n/SPI.v:118$665_Y
    4: $flatten\peripheral_Display0.\Display0.\SPI0.\spi_datapath0.$logic_and$cores/DISPLAY/Integraci$c3$b2n/SPI.v:125$669_Y

  Output signals:
    0: $flatten\peripheral_Display0.\Display0.\SPI0.\spi_datapath0.$eq$cores/DISPLAY/Integraci$c3$b2n/SPI.v:118$664_Y
    1: $flatten\peripheral_Display0.\Display0.\SPI0.\spi_datapath0.$eq$cores/DISPLAY/Integraci$c3$b2n/SPI.v:125$668_Y

  State encoding:
    0:      3'-1-
    1:      3'--1  <RESET STATE>
    2:      3'1--

  Transition Table (state_in, ctrl_in, state_out, ctrl_out):
      0:     0 5'00000   ->     0 2'10
      1:     0 5'-1000   ->     0 2'10
      2:     0 5'--1--   ->     1 2'10
      3:     0 5'10000   ->     2 2'10
      4:     0 5'--001   ->     2 2'10
      5:     0 5'--01-   ->     2 2'10
      6:     1 5'-1000   ->     0 2'00
      7:     1 5'00000   ->     1 2'00
      8:     1 5'--1--   ->     1 2'00
      9:     1 5'10000   ->     2 2'00
     10:     1 5'--001   ->     2 2'00
     11:     1 5'--01-   ->     2 2'00
     12:     2 5'-1000   ->     0 2'01
     13:     2 5'--1--   ->     1 2'01
     14:     2 5'-0000   ->     2 2'01
     15:     2 5'--001   ->     2 2'01
     16:     2 5'--01-   ->     2 2'01

-------------------------------------

FSM `$fsm$\peripheral_Display0.Display0.addrCtrl0.control_addr0.state$2799' from module `SOC':
-------------------------------------

  Information on FSM $fsm$\peripheral_Display0.Display0.addrCtrl0.control_addr0.state$2799 (\peripheral_Display0.Display0.addrCtrl0.control_addr0.state):

  Number of input signals:    8
  Number of output signals:   8
  Number of state bits:       8

  Input signals:
    0: \resetn
    1: $auto$opt_reduce.cc:134:opt_pmux$2768
    2: $flatten\peripheral_Display0.\Display0.\addrCtrl0.\control_addr0.$logic_or$cores/DISPLAY/Integraci$c3$b2n/addrCtrl.v:208$671_Y
    3: $flatten\peripheral_Display0.\Display0.\addrCtrl0.\control_addr0.$procmux$832_CMP
    4: \peripheral_Display0.Display0.addrCtrl0.addr0.frameFinished
    5: \peripheral_Display0.Display0.addrCtrl0.DC0.frst_done
    6: \peripheral_Display0.Display0.SPI0.spi_datapath0.done
    7: \peripheral_Display0.init

  Output signals:
    0: $flatten\peripheral_Display0.\Display0.\addrCtrl0.\control_addr0.$procmux$761_CMP
    1: $flatten\peripheral_Display0.\Display0.\addrCtrl0.\control_addr0.$procmux$762_CMP
    2: $flatten\peripheral_Display0.\Display0.\addrCtrl0.\control_addr0.$procmux$763_CMP
    3: $flatten\peripheral_Display0.\Display0.\addrCtrl0.\control_addr0.$procmux$769_CMP
    4: $flatten\peripheral_Display0.\Display0.\addrCtrl0.\control_addr0.$procmux$780_CMP
    5: $flatten\peripheral_Display0.\Display0.\addrCtrl0.\control_addr0.$procmux$794_CMP
    6: $flatten\peripheral_Display0.\Display0.\addrCtrl0.\control_addr0.$procmux$824_CMP
    7: $flatten\peripheral_Display0.\Display0.\addrCtrl0.\control_addr0.$procmux$833_CMP

  State encoding:
    0: 8'------1-
    1: 8'-----1--
    2: 8'----1---
    3: 8'-------1  <RESET STATE>
    4: 8'---1----
    5: 8'--1-----
    6: 8'-1------
    7: 8'1-------

  Transition Table (state_in, ctrl_in, state_out, ctrl_out):
      0:     0 8'0------1   ->     2 8'00010000
      1:     0 8'-------0   ->     3 8'00010000
      2:     0 8'1------1   ->     4 8'00010000
      3:     1 8'---1-1-1   ->     0 8'00100000
      4:     1 8'-----0-1   ->     1 8'00100000
      5:     1 8'-------0   ->     3 8'00100000
      6:     1 8'---0-1-1   ->     5 8'00100000
      7:     2 8'-------0   ->     3 8'00000100
      8:     2 8'-------1   ->     6 8'00000100
      9:     3 8'------01   ->     2 8'01000000
     10:     3 8'-------0   ->     3 8'01000000
     11:     4 8'------01   ->     2 8'00001000
     12:     4 8'-------0   ->     3 8'00001000
     13:     5 8'-1--0--1   ->     2 8'10000000
     14:     5 8'-------0   ->     3 8'10000000
     15:     5 8'-00-0--1   ->     5 8'10000000
     16:     5 8'----1--1   ->     5 8'10000000
     17:     5 8'-01-0--1   ->     7 8'10000000
     18:     6 8'-------1   ->     1 8'00000010
     19:     6 8'-------0   ->     3 8'00000010
     20:     7 8'-------1   ->     1 8'00000001
     21:     7 8'-------0   ->     3 8'00000001

-------------------------------------

FSM `$fsm$\tcl1.Tcl.ctrl_tcl0.prev_row$2809' from module `SOC':
-------------------------------------

  Information on FSM $fsm$\tcl1.Tcl.ctrl_tcl0.prev_row$2809 (\tcl1.Tcl.ctrl_tcl0.prev_row):

  Number of input signals:    5
  Number of output signals:   4
  Number of state bits:       5

  Input signals:
    0: $flatten\tcl1.\Tcl.\ctrl_tcl0.$procmux$1411_CMP
    1: $flatten\tcl1.\Tcl.\ctrl_tcl0.$procmux$1360_CMP
    2: $flatten\tcl1.\Tcl.\ctrl_tcl0.$procmux$1359_CMP
    3: $flatten\tcl1.\Tcl.\ctrl_tcl0.$procmux$1358_CMP
    4: $flatten\tcl1.\Tcl.\ctrl_tcl0.$procmux$1357_CMP

  Output signals:
    0: $flatten\tcl1.\Tcl.\ctrl_tcl0.$procmux$1351_CMP
    1: $flatten\tcl1.\Tcl.\ctrl_tcl0.$procmux$1342_CMP
    2: $flatten\tcl1.\Tcl.\ctrl_tcl0.$procmux$1334_CMP
    3: $flatten\tcl1.\Tcl.\ctrl_tcl0.$procmux$1327_CMP

  State encoding:
    0:    5'---1-
    1:    5'--1--
    2:    5'-1---
    3:    5'----1  <RESET STATE>
    4:    5'1----

  Transition Table (state_in, ctrl_in, state_out, ctrl_out):
      0:     0 5'00000   ->     0 4'0001
      1:     0 5'---1-   ->     0 4'0001
      2:     0 5'-1---   ->     1 4'0001
      3:     0 5'--1--   ->     2 4'0001
      4:     0 5'----1   ->     3 4'0001
      5:     0 5'1----   ->     4 4'0001
      6:     1 5'---1-   ->     0 4'0100
      7:     1 5'00000   ->     1 4'0100
      8:     1 5'-1---   ->     1 4'0100
      9:     1 5'--1--   ->     2 4'0100
     10:     1 5'----1   ->     3 4'0100
     11:     1 5'1----   ->     4 4'0100
     12:     2 5'---1-   ->     0 4'0010
     13:     2 5'-1---   ->     1 4'0010
     14:     2 5'00000   ->     2 4'0010
     15:     2 5'--1--   ->     2 4'0010
     16:     2 5'----1   ->     3 4'0010
     17:     2 5'1----   ->     4 4'0010
     18:     3 5'---1-   ->     0 4'0000
     19:     3 5'-1---   ->     1 4'0000
     20:     3 5'--1--   ->     2 4'0000
     21:     3 5'00000   ->     3 4'0000
     22:     3 5'----1   ->     3 4'0000
     23:     3 5'1----   ->     4 4'0000
     24:     4 5'---1-   ->     0 4'1000
     25:     4 5'-1---   ->     1 4'1000
     26:     4 5'--1--   ->     2 4'1000
     27:     4 5'----1   ->     3 4'1000
     28:     4 5'00000   ->     4 4'1000
     29:     4 5'1----   ->     4 4'1000

-------------------------------------

33.13.8. Executing FSM_MAP pass (mapping FSMs to basic logic).
Mapping FSM `$fsm$\peripheral_Display0.Display0.SPI0.control_SPI0.state$2787' from module `\SOC'.
Mapping FSM `$fsm$\peripheral_Display0.Display0.SPI0.spi_datapath0.sub_state$2795' from module `\SOC'.
Mapping FSM `$fsm$\peripheral_Display0.Display0.addrCtrl0.control_addr0.state$2799' from module `\SOC'.
Mapping FSM `$fsm$\tcl1.Tcl.ctrl_tcl0.prev_row$2809' from module `\SOC'.

33.14. Executing OPT pass (performing simple optimizations).

33.14.1. Executing OPT_EXPR pass (perform const folding).
Optimizing module SOC.

33.14.2. Executing OPT_MERGE pass (detect identical cells).
Finding identical cells in module `\SOC'.
Removed a total of 8 cells.

33.14.3. Executing OPT_MUXTREE pass (detect dead branches in mux trees).
Running muxtree optimizer on module \SOC..
  Creating internal representation of mux trees.
  Evaluating internal representation of mux trees.
  Analyzing evaluation results.
Removed 0 multiplexer ports.

33.14.4. Executing OPT_REDUCE pass (consolidate $*mux and $reduce_* inputs).
  Optimizing cells in module \SOC.
Performed a total of 0 changes.

33.14.5. Executing OPT_MERGE pass (detect identical cells).
Finding identical cells in module `\SOC'.
Removed a total of 0 cells.

33.14.6. Executing OPT_DFF pass (perform DFF optimizations).
Adding EN signal on $flatten\tcl1.\Tcl.\data_tcl0.$procdff$2621 ($dff) from module SOC (D = \tcl1.Tcl.data_tcl0.tecla, Q = \tcl1.Tcl.data_tcl0.last_tcl).
Adding EN signal on $flatten\tcl1.\Tcl.\data_tcl0.$procdff$2617 ($adff) from module SOC (D = $flatten\tcl1.\Tcl.\data_tcl0.$0\Antirebote[6:0], Q = \tcl1.Tcl.data_tcl0.Antirebote).
Adding EN signal on $flatten\tcl1.\Tcl.\data_tcl0.$procdff$2616 ($adff) from module SOC (D = $flatten\tcl1.\Tcl.\data_tcl0.$procmux$1076_Y, Q = \tcl1.Tcl.data_tcl0.unique_flag).
Adding EN signal on $flatten\tcl1.\Tcl.\data_tcl0.$procdff$2615 ($adff) from module SOC (D = \tcl1.Tcl.data_tcl0.next_tecla, Q = \tcl1.Tcl.data_tcl0.tecla).
Adding EN signal on $flatten\tcl1.\Tcl.\ctrl_tcl0.$procdff$2624 ($adff) from module SOC (D = $flatten\tcl1.\Tcl.\ctrl_tcl0.$0\cnt[2:0], Q = \tcl1.Tcl.ctrl_tcl0.cnt).
Adding EN signal on $flatten\tcl1.$procdff$2709 ($dff) from module SOC (D = \CPU.rs2 [0], Q = \tcl1.init).
Adding EN signal on $flatten\root1.$procdff$2723 ($dff) from module SOC (D = { \RAM.mem_wdata [27] \DD1.d_in [26:8] \CPU.rs2 [7:0] }, Q = \root1.Radicando).
Adding EN signal on $flatten\root1.$procdff$2722 ($dff) from module SOC (D = \CPU.rs2 [0], Q = \root1.init).
Adding EN signal on $flatten\peripheral_Display0.\Display0.\dp_ram0.$procdff$2658 ($dff) from module SOC (D = $flatten\peripheral_Display0.\Display0.\dp_ram0.$memrd$\ram$cores/DISPLAY/Integraci$c3$b2n/dpram.v:49$557_DATA, Q = \peripheral_Display0.Display0.dp_ram0.dat_a_out).
Adding SRST signal on $flatten\peripheral_Display0.\Display0.\addrCtrl0.\control_addr0.$procdff$2599 ($dff) from module SOC (D = $flatten\peripheral_Display0.\Display0.\addrCtrl0.\control_addr0.$2\delay_cnt[28:0], Q = \peripheral_Display0.Display0.addrCtrl0.control_addr0.delay_cnt, rval = 29'00000000000000000000000000000).
Adding EN signal on $auto$ff.cc:266:slice$3035 ($sdff) from module SOC (D = $flatten\peripheral_Display0.\Display0.\addrCtrl0.\control_addr0.$2\delay_cnt[28:0], Q = \peripheral_Display0.Display0.addrCtrl0.control_addr0.delay_cnt).
Adding SRST signal on $flatten\peripheral_Display0.\Display0.\addrCtrl0.\addr0.$procdff$2597 ($dff) from module SOC (D = $flatten\peripheral_Display0.\Display0.\addrCtrl0.\addr0.$procmux$740_Y, Q = \peripheral_Display0.Display0.addrCtrl0.addr0.pointerResets, rval = 5'00000).
Adding EN signal on $auto$ff.cc:266:slice$3047 ($sdff) from module SOC (D = $flatten\peripheral_Display0.\Display0.\addrCtrl0.\addr0.$add$cores/DISPLAY/Integraci$c3$b2n/addrCtrl.v:155$688_Y [4:0], Q = \peripheral_Display0.Display0.addrCtrl0.addr0.pointerResets).
Adding SRST signal on $flatten\peripheral_Display0.\Display0.\addrCtrl0.\addr0.$procdff$2596 ($dff) from module SOC (D = { $flatten\peripheral_Display0.\Display0.\addrCtrl0.\addr0.$procmux$754_Y [5] $flatten\peripheral_Display0.\Display0.\addrCtrl0.\addr0.$procmux$754_Y [3] $flatten\peripheral_Display0.\Display0.\addrCtrl0.\addr0.$procmux$754_Y [1:0] }, Q = { \peripheral_Display0.Display0.addrCtrl0.addr0.address [5] \peripheral_Display0.Display0.addrCtrl0.addr0.address [3] \peripheral_Display0.Display0.addrCtrl0.addr0.address [1:0] }, rval = 4'0000).
Adding SRST signal on $flatten\peripheral_Display0.\Display0.\addrCtrl0.\addr0.$procdff$2596 ($dff) from module SOC (D = { $flatten\peripheral_Display0.\Display0.\addrCtrl0.\addr0.$procmux$751_Y [11:6] $flatten\peripheral_Display0.\Display0.\addrCtrl0.\addr0.$procmux$751_Y [4] $flatten\peripheral_Display0.\Display0.\addrCtrl0.\addr0.$procmux$751_Y [2] }, Q = { \peripheral_Display0.Display0.addrCtrl0.addr0.address [11:6] \peripheral_Display0.Display0.addrCtrl0.addr0.address [4] \peripheral_Display0.Display0.addrCtrl0.addr0.address [2] }, rval = 8'00000000).
Adding EN signal on $auto$ff.cc:266:slice$3058 ($sdff) from module SOC (D = { $flatten\peripheral_Display0.\Display0.\addrCtrl0.\addr0.$procmux$749_Y [11:6] $flatten\peripheral_Display0.\Display0.\addrCtrl0.\addr0.$procmux$749_Y [4] $flatten\peripheral_Display0.\Display0.\addrCtrl0.\addr0.$procmux$749_Y [2] }, Q = { \peripheral_Display0.Display0.addrCtrl0.addr0.address [11:6] \peripheral_Display0.Display0.addrCtrl0.addr0.address [4] \peripheral_Display0.Display0.addrCtrl0.addr0.address [2] }).
Adding EN signal on $auto$ff.cc:266:slice$3057 ($sdff) from module SOC (D = { $flatten\peripheral_Display0.\Display0.\addrCtrl0.\addr0.$procmux$754_Y [5] $flatten\peripheral_Display0.\Display0.\addrCtrl0.\addr0.$procmux$754_Y [3] $flatten\peripheral_Display0.\Display0.\addrCtrl0.\addr0.$procmux$754_Y [1:0] }, Q = { \peripheral_Display0.Display0.addrCtrl0.addr0.address [5] \peripheral_Display0.Display0.addrCtrl0.addr0.address [3] \peripheral_Display0.Display0.addrCtrl0.addr0.address [1:0] }).
Adding EN signal on $flatten\peripheral_Display0.\Display0.\addrCtrl0.\DC0.$procdff$2594 ($adff) from module SOC (D = $flatten\peripheral_Display0.\Display0.\addrCtrl0.\DC0.$0\displayCS[0:0], Q = \peripheral_Display0.Display0.addrCtrl0.DC0.displayCS).
Adding EN signal on $flatten\peripheral_Display0.\Display0.\addrCtrl0.\DC0.$procdff$2593 ($adff) from module SOC (D = $flatten\peripheral_Display0.\Display0.\addrCtrl0.\DC0.$procmux$733_Y, Q = \peripheral_Display0.Display0.addrCtrl0.DC0.DC).
Adding SRST signal on $flatten\peripheral_Display0.\Display0.\SPI0.\spiclk0.$procdff$2607 ($dff) from module SOC (D = $flatten\peripheral_Display0.\Display0.\SPI0.\spiclk0.$add$cores/DISPLAY/Integraci$c3$b2n/SPI.v:176$657_Y [15:0], Q = \peripheral_Display0.Display0.SPI0.spiclk0.clk_div, rval = 16'0000000000000000).
Adding SRST signal on $flatten\peripheral_Display0.\Display0.\SPI0.\spiclk0.$procdff$2606 ($dff) from module SOC (D = $flatten\peripheral_Display0.\Display0.\SPI0.\spiclk0.$2\flag_for_edge[0:0], Q = \peripheral_Display0.Display0.SPI0.spiclk0.flag_for_edge, rval = 1'0).
Adding SRST signal on $flatten\peripheral_Display0.\Display0.\SPI0.\spiclk0.$procdff$2605 ($dff) from module SOC (D = $flatten\peripheral_Display0.\Display0.\SPI0.\spiclk0.$procmux$965_Y, Q = \peripheral_Display0.Display0.SPI0.spiclk0.spi_clk, rval = 1'0).
Adding EN signal on $auto$ff.cc:266:slice$3075 ($sdff) from module SOC (D = $flatten\peripheral_Display0.\Display0.\SPI0.\spiclk0.$not$cores/DISPLAY/Integraci$c3$b2n/SPI.v:172$656_Y, Q = \peripheral_Display0.Display0.SPI0.spiclk0.spi_clk).
Adding EN signal on $flatten\peripheral_Display0.\Display0.\SPI0.\spi_datapath0.$procdff$2604 ($dff) from module SOC (D = $flatten\peripheral_Display0.\Display0.\SPI0.\spi_datapath0.$procmux$877_Y, Q = \peripheral_Display0.Display0.SPI0.spi_datapath0.data).
Adding SRST signal on $flatten\peripheral_Display0.\Display0.\SPI0.\spi_datapath0.$procdff$2602 ($dff) from module SOC (D = $flatten\peripheral_Display0.\Display0.\SPI0.\spi_datapath0.$procmux$900_Y, Q = \peripheral_Display0.Display0.SPI0.spi_datapath0.bit_cnt, rval = 7'0000000).
Adding EN signal on $auto$ff.cc:266:slice$3088 ($sdff) from module SOC (D = $flatten\peripheral_Display0.\Display0.\SPI0.\spi_datapath0.$add$cores/DISPLAY/Integraci$c3$b2n/SPI.v:123$667_Y [6:0], Q = \peripheral_Display0.Display0.SPI0.spi_datapath0.bit_cnt).
Adding SRST signal on $flatten\peripheral_Display0.\Display0.\SPI0.\spi_datapath0.$procdff$2601 ($dff) from module SOC (D = $flatten\peripheral_Display0.\Display0.\SPI0.\spi_datapath0.$procmux$918_Y, Q = \peripheral_Display0.Display0.SPI0.spi_datapath0.data_rx, rval = 16'0000000000000000).
Adding EN signal on $auto$ff.cc:266:slice$3092 ($sdff) from module SOC (D = { \peripheral_Display0.Display0.SPI0.spi_datapath0.data_rx [14:0] 1'0 }, Q = \peripheral_Display0.Display0.SPI0.spi_datapath0.data_rx).
Adding SRST signal on $flatten\peripheral_Display0.\Display0.\SPI0.\spi_datapath0.$procdff$2600 ($dff) from module SOC (D = $flatten\peripheral_Display0.\Display0.\SPI0.\spi_datapath0.$procmux$932_Y, Q = \peripheral_Display0.Display0.SPI0.spi_datapath0.MOSI, rval = 1'0).
Adding EN signal on $auto$ff.cc:266:slice$3100 ($sdff) from module SOC (D = $flatten\peripheral_Display0.\Display0.\SPI0.\spi_datapath0.$procmux$932_Y, Q = \peripheral_Display0.Display0.SPI0.spi_datapath0.MOSI).
Adding EN signal on $flatten\peripheral_Display0.\Display0.\SPI0.\control_SPI0.$procdff$2614 ($dff) from module SOC (D = \peripheral_Display0.Display0.SPI0.control_SPI0.configState, Q = \peripheral_Display0.Display0.SPI0.control_SPI0.Config_mode).
Adding EN signal on $flatten\peripheral_Display0.\Display0.\SPI0.\control_SPI0.$procdff$2611 ($dff) from module SOC (D = $flatten\peripheral_Display0.\Display0.\SPI0.\control_SPI0.$procmux$1033_Y, Q = \peripheral_Display0.Display0.SPI0.control_SPI0.second_pack).
Adding EN signal on $flatten\peripheral_Display0.$procdff$2731 ($dff) from module SOC (D = \CPU.rs2 [0], Q = \peripheral_Display0.mem_wr).
Adding EN signal on $flatten\peripheral_Display0.$procdff$2730 ($dff) from module SOC (D = { \DD1.d_in [11:8] \CPU.rs2 [7:0] }, Q = \peripheral_Display0.adr_a).
Adding EN signal on $flatten\peripheral_Display0.$procdff$2729 ($dff) from module SOC (D = { \DD1.d_in [15:8] \CPU.rs2 [7:0] }, Q = \peripheral_Display0.dat_a).
Adding EN signal on $flatten\peripheral_Display0.$procdff$2728 ($dff) from module SOC (D = \CPU.rs2 [0], Q = \peripheral_Display0.init).
Adding SRST signal on $flatten\per_uart.\uart0.$procdff$2677 ($dff) from module SOC (D = $flatten\per_uart.\uart0.$sub$cores/uart/uart.v:39$523_Y [15:0], Q = \per_uart.uart0.enable16_counter, rval = 16'0000000000001101).
Adding EN signal on $flatten\per_uart.\uart0.$procdff$2674 ($dff) from module SOC (D = { \per_uart.uart0.uart_rxd2 \per_uart.uart0.rxd_reg [7:1] }, Q = \per_uart.uart0.rxd_reg).
Adding SRST signal on $flatten\per_uart.\uart0.$procdff$2673 ($dff) from module SOC (D = $flatten\per_uart.\uart0.$procmux$2100_Y, Q = \per_uart.uart0.rx_bitcount, rval = 4'0000).
Adding EN signal on $auto$ff.cc:266:slice$3132 ($sdff) from module SOC (D = $flatten\per_uart.\uart0.$procmux$2098_Y, Q = \per_uart.uart0.rx_bitcount).
Adding SRST signal on $flatten\per_uart.\uart0.$procdff$2672 ($dff) from module SOC (D = $flatten\per_uart.\uart0.$procmux$2110_Y, Q = \per_uart.uart0.rx_count16, rval = 4'0000).
Adding EN signal on $auto$ff.cc:266:slice$3140 ($sdff) from module SOC (D = $flatten\per_uart.\uart0.$procmux$2108_Y, Q = \per_uart.uart0.rx_count16).
Adding SRST signal on $flatten\per_uart.\uart0.$procdff$2671 ($dff) from module SOC (D = $flatten\per_uart.\uart0.$procmux$2130_Y, Q = \per_uart.uart0.rx_busy, rval = 1'0).
Adding EN signal on $auto$ff.cc:266:slice$3146 ($sdff) from module SOC (D = $flatten\per_uart.\uart0.$procmux$2128_Y, Q = \per_uart.uart0.rx_busy).
Adding SRST signal on $flatten\per_uart.\uart0.$procdff$2670 ($dff) from module SOC (D = $flatten\per_uart.\uart0.$procmux$2151_Y, Q = \per_uart.uart0.rx_avail, rval = 1'0).
Adding SRST signal on $flatten\per_uart.\uart0.$procdff$2669 ($dff) from module SOC (D = $flatten\per_uart.\uart0.$procmux$2172_Y, Q = \per_uart.uart0.rx_error, rval = 1'0).
Adding EN signal on $flatten\per_uart.\uart0.$procdff$2668 ($dff) from module SOC (D = \per_uart.uart0.rxd_reg, Q = \per_uart.uart0.rx_data).
Adding EN signal on $flatten\per_uart.\uart0.$procdff$2667 ($dff) from module SOC (D = $flatten\per_uart.\uart0.$procmux$2013_Y, Q = \per_uart.uart0.txd_reg).
Adding SRST signal on $flatten\per_uart.\uart0.$procdff$2666 ($dff) from module SOC (D = $flatten\per_uart.\uart0.$procmux$2020_Y, Q = \per_uart.uart0.tx_count16, rval = 4'0000).
Adding EN signal on $auto$ff.cc:266:slice$3156 ($sdff) from module SOC (D = $flatten\per_uart.\uart0.$procmux$2020_Y, Q = \per_uart.uart0.tx_count16).
Adding EN signal on $flatten\per_uart.\uart0.$procdff$2665 ($dff) from module SOC (D = $flatten\per_uart.\uart0.$procmux$2038_Y, Q = \per_uart.uart0.tx_bitcount).
Adding SRST signal on $flatten\per_uart.\uart0.$procdff$2664 ($dff) from module SOC (D = $flatten\per_uart.\uart0.$procmux$2054_Y, Q = \per_uart.uart0.uart_txd, rval = 1'1).
Adding EN signal on $auto$ff.cc:266:slice$3161 ($sdff) from module SOC (D = $flatten\per_uart.\uart0.$procmux$2050_Y, Q = \per_uart.uart0.uart_txd).
Adding SRST signal on $flatten\per_uart.\uart0.$procdff$2663 ($dff) from module SOC (D = $flatten\per_uart.\uart0.$procmux$2072_Y, Q = \per_uart.uart0.tx_busy, rval = 1'0).
Adding EN signal on $flatten\per_uart.$procdff$2707 ($dff) from module SOC (D = { \CPU.rs2 [7:3] \CPU.rs2 [1:0] }, Q = { \per_uart.uart_ctrl [7:3] \per_uart.uart_ctrl [1:0] }).
Adding EN signal on $flatten\per_uart.$procdff$2706 ($dff) from module SOC (D = \CPU.rs2 [7:0], Q = \per_uart.d_in_uart).
Adding EN signal on $flatten\mult1.\mult1.\rsr0.$procdff$2631 ($dff) from module SOC (D = $flatten\mult1.\mult1.\rsr0.$0\s_B[15:0], Q = \mult1.mult1.rsr0.s_B).
Adding SRST signal on $flatten\mult1.\mult1.\lsr0.$procdff$2632 ($dff) from module SOC (D = $flatten\mult1.\mult1.\lsr0.$2\s_A[31:0] [31:16], Q = \mult1.mult1.lsr0.s_A [31:16], rval = 16'0000000000000000).
Adding EN signal on $flatten\mult1.\mult1.\lsr0.$procdff$2632 ($dff) from module SOC (D = $flatten\mult1.\mult1.\lsr0.$0\s_A[31:0] [15:0], Q = \mult1.mult1.lsr0.s_A [15:0]).
Adding EN signal on $auto$ff.cc:266:slice$3174 ($sdff) from module SOC (D = \mult1.mult1.lsr0.s_A [30:15], Q = \mult1.mult1.lsr0.s_A [31:16]).
Adding EN signal on $flatten\mult1.\mult1.\control0.$procdff$2639 ($dff) from module SOC (D = $flatten\mult1.\mult1.\control0.$2\count[4:0], Q = \mult1.mult1.control0.count).
Adding EN signal on $flatten\mult1.\mult1.\control0.$procdff$2638 ($dff) from module SOC (D = $flatten\mult1.\mult1.\control0.$2\add[0:0], Q = \mult1.mult1.control0.add).
Adding EN signal on $flatten\mult1.\mult1.\control0.$procdff$2637 ($dff) from module SOC (D = $flatten\mult1.\mult1.\control0.$2\sh[0:0], Q = \mult1.mult1.control0.sh).
Adding SRST signal on $flatten\mult1.\mult1.\control0.$procdff$2636 ($dff) from module SOC (D = $flatten\mult1.\mult1.\control0.$2\state[2:0], Q = \mult1.mult1.control0.state, rval = 3'000).
Adding EN signal on $flatten\mult1.\mult1.\control0.$procdff$2635 ($dff) from module SOC (D = $flatten\mult1.\mult1.\control0.$2\done[0:0], Q = \mult1.mult1.control0.done).
Adding EN signal on $flatten\mult1.\mult1.\control0.$procdff$2634 ($dff) from module SOC (D = $flatten\mult1.\mult1.\control0.$2\reset[0:0], Q = \mult1.mult1.control0.reset).
Adding SRST signal on $flatten\mult1.\mult1.\acc0.$procdff$2633 ($dff) from module SOC (D = $flatten\mult1.\mult1.\acc0.$2\pp[31:0], Q = \mult1.mult1.acc0.pp, rval = 0).
Adding EN signal on $auto$ff.cc:266:slice$3206 ($sdff) from module SOC (D = $flatten\mult1.\mult1.\acc0.$add$cores/MiCalculadora/Operadores/Multiplicaci$c3$b3n/acc.v:15$604_Y, Q = \mult1.mult1.acc0.pp).
Adding SRST signal on $flatten\mult1.$procdff$2716 ($dff) from module SOC (D = $flatten\mult1.$2\init[0:0], Q = \mult1.init, rval = 1'0).
Adding EN signal on $auto$ff.cc:266:slice$3208 ($sdff) from module SOC (D = \CPU.rs2 [0], Q = \mult1.init).
Adding SRST signal on $flatten\mult1.$procdff$2715 ($dff) from module SOC (D = $flatten\mult1.$2\B[15:0], Q = \mult1.B, rval = 16'0000000000000000).
Adding EN signal on $auto$ff.cc:266:slice$3212 ($sdff) from module SOC (D = { \DD1.d_in [15:8] \CPU.rs2 [7:0] }, Q = \mult1.B).
Adding SRST signal on $flatten\mult1.$procdff$2714 ($dff) from module SOC (D = $flatten\mult1.$2\A[15:0], Q = \mult1.A, rval = 16'0000000000000000).
Adding EN signal on $auto$ff.cc:266:slice$3216 ($sdff) from module SOC (D = { \DD1.d_in [15:8] \CPU.rs2 [7:0] }, Q = \mult1.A).
Adding SRST signal on $flatten\mult1.$procdff$2713 ($dff) from module SOC (D = $flatten\mult1.$2\d_out[31:0], Q = \mult1.d_out, rval = 0).
Adding EN signal on $auto$ff.cc:266:slice$3220 ($sdff) from module SOC (D = $flatten\mult1.$3\d_out[31:0], Q = \mult1.d_out).
Adding EN signal on $flatten\div1.$procdff$2720 ($dff) from module SOC (D = { \DD1.d_in [26:8] \CPU.rs2 [7:0] }, Q = \div1.Divisor).
Adding EN signal on $flatten\div1.$procdff$2719 ($dff) from module SOC (D = { \DD1.d_in [26:8] \CPU.rs2 [7:0] }, Q = \div1.Dividendo).
Adding EN signal on $flatten\div1.$procdff$2718 ($dff) from module SOC (D = \CPU.rs2 [0], Q = \div1.init).
Adding EN signal on $flatten\RDD1.\RDD.\out_reg0.$procdff$2628 ($adff) from module SOC (D = $flatten\RDD1.\RDD.\out_reg0.$0\Shifts_cnt[4:0], Q = \RDD1.RDD.out_reg0.Shifts_cnt).
Adding EN signal on $flatten\RDD1.\RDD.\out_reg0.$procdff$2627 ($adff) from module SOC (D = { \RDD1.RDD.R_Nbl0.last_LSB \RDD1.RDD.out_reg0.out_Bin [26:1] }, Q = \RDD1.RDD.out_reg0.out_Bin).
Adding EN signal on $flatten\RDD1.\RDD.\R_Nbl7.$procdff$2630 ($adff) from module SOC (D = $flatten\RDD1.\RDD.\R_Nbl7.$0\nibble[3:0], Q = \RDD1.RDD.R_Nbl7.nibble).
Adding EN signal on $flatten\RDD1.\RDD.\R_Nbl7.$procdff$2629 ($adff) from module SOC (D = \RDD1.RDD.R_Nbl7.nibble [0], Q = \RDD1.RDD.R_Nbl7.last_LSB).
Adding EN signal on $flatten\RDD1.\RDD.\R_Nbl6.$procdff$2630 ($adff) from module SOC (D = $flatten\RDD1.\RDD.\R_Nbl6.$0\nibble[3:0], Q = \RDD1.RDD.R_Nbl6.nibble).
Adding EN signal on $flatten\RDD1.\RDD.\R_Nbl6.$procdff$2629 ($adff) from module SOC (D = \RDD1.RDD.R_Nbl6.nibble [0], Q = \RDD1.RDD.R_Nbl6.last_LSB).
Adding EN signal on $flatten\RDD1.\RDD.\R_Nbl5.$procdff$2630 ($adff) from module SOC (D = $flatten\RDD1.\RDD.\R_Nbl5.$0\nibble[3:0], Q = \RDD1.RDD.R_Nbl5.nibble).
Adding EN signal on $flatten\RDD1.\RDD.\R_Nbl5.$procdff$2629 ($adff) from module SOC (D = \RDD1.RDD.R_Nbl5.nibble [0], Q = \RDD1.RDD.R_Nbl5.last_LSB).
Adding EN signal on $flatten\RDD1.\RDD.\R_Nbl4.$procdff$2630 ($adff) from module SOC (D = $flatten\RDD1.\RDD.\R_Nbl4.$0\nibble[3:0], Q = \RDD1.RDD.R_Nbl4.nibble).
Adding EN signal on $flatten\RDD1.\RDD.\R_Nbl4.$procdff$2629 ($adff) from module SOC (D = \RDD1.RDD.R_Nbl4.nibble [0], Q = \RDD1.RDD.R_Nbl4.last_LSB).
Adding EN signal on $flatten\RDD1.\RDD.\R_Nbl3.$procdff$2630 ($adff) from module SOC (D = $flatten\RDD1.\RDD.\R_Nbl3.$0\nibble[3:0], Q = \RDD1.RDD.R_Nbl3.nibble).
Adding EN signal on $flatten\RDD1.\RDD.\R_Nbl3.$procdff$2629 ($adff) from module SOC (D = \RDD1.RDD.R_Nbl3.nibble [0], Q = \RDD1.RDD.R_Nbl3.last_LSB).
Adding EN signal on $flatten\RDD1.\RDD.\R_Nbl2.$procdff$2630 ($adff) from module SOC (D = $flatten\RDD1.\RDD.\R_Nbl2.$0\nibble[3:0], Q = \RDD1.RDD.R_Nbl2.nibble).
Adding EN signal on $flatten\RDD1.\RDD.\R_Nbl2.$procdff$2629 ($adff) from module SOC (D = \RDD1.RDD.R_Nbl2.nibble [0], Q = \RDD1.RDD.R_Nbl2.last_LSB).
Adding EN signal on $flatten\RDD1.\RDD.\R_Nbl1.$procdff$2630 ($adff) from module SOC (D = $flatten\RDD1.\RDD.\R_Nbl1.$0\nibble[3:0], Q = \RDD1.RDD.R_Nbl1.nibble).
Adding EN signal on $flatten\RDD1.\RDD.\R_Nbl1.$procdff$2629 ($adff) from module SOC (D = \RDD1.RDD.R_Nbl1.nibble [0], Q = \RDD1.RDD.R_Nbl1.last_LSB).
Adding EN signal on $flatten\RDD1.\RDD.\R_Nbl0.$procdff$2630 ($adff) from module SOC (D = $flatten\RDD1.\RDD.\R_Nbl0.$0\nibble[3:0], Q = \RDD1.RDD.R_Nbl0.nibble).
Adding EN signal on $flatten\RDD1.\RDD.\R_Nbl0.$procdff$2629 ($adff) from module SOC (D = \RDD1.RDD.R_Nbl0.nibble [0], Q = \RDD1.RDD.R_Nbl0.last_LSB).
Adding EN signal on $flatten\RDD1.$procdff$2712 ($dff) from module SOC (D = { \RAM.mem_wdata [31:27] \DD1.d_in [26:8] \CPU.rs2 [7:0] }, Q = \RDD1.in_Bcd).
Adding EN signal on $flatten\RDD1.$procdff$2711 ($dff) from module SOC (D = \CPU.rs2 [0], Q = \RDD1.init).
Adding EN signal on $flatten\RDD1.$procdff$2710 ($dff) from module SOC (D = 5'00000, Q = \RDD1.d_out [31:27]).
Adding EN signal on $flatten\RAM.$procdff$2691 ($dff) from module SOC (D = $flatten\RAM.$memrd$\MEM$cores/bram/bram.v:22$350_DATA, Q = \RAM.mem_rdata).
Adding EN signal on $flatten\DD1.\DD.\initial_reg0.$procdff$2652 ($adff) from module SOC (D = $flatten\DD1.\DD.\initial_reg0.$2\Entrada[26:0] [26], Q = \DD1.DD.initial_reg0.MSB_A).
Adding EN signal on $flatten\DD1.\DD.\Nbl70.$procdff$2657 ($adff) from module SOC (D = $flatten\DD1.\DD.\Nbl70.$0\Nibble_out[3:0], Q = \DD1.DD.Nbl70.Nibble_out).
Adding EN signal on $flatten\DD1.\DD.\Nbl6.$procdff$2656 ($adff) from module SOC (D = \DD1.DD.Nbl6.Nibble_out [3], Q = \DD1.DD.Nbl6.last_MSB).
Adding EN signal on $flatten\DD1.\DD.\Nbl6.$procdff$2655 ($adff) from module SOC (D = $flatten\DD1.\DD.\Nbl6.$0\Nibble_out[3:0], Q = \DD1.DD.Nbl6.Nibble_out).
Adding EN signal on $flatten\DD1.\DD.\Nbl5.$procdff$2656 ($adff) from module SOC (D = \DD1.DD.Nbl5.Nibble_out [3], Q = \DD1.DD.Nbl5.last_MSB).
Adding EN signal on $flatten\DD1.\DD.\Nbl5.$procdff$2655 ($adff) from module SOC (D = $flatten\DD1.\DD.\Nbl5.$0\Nibble_out[3:0], Q = \DD1.DD.Nbl5.Nibble_out).
Adding EN signal on $flatten\DD1.\DD.\Nbl4.$procdff$2656 ($adff) from module SOC (D = \DD1.DD.Nbl4.Nibble_out [3], Q = \DD1.DD.Nbl4.last_MSB).
Adding EN signal on $flatten\DD1.\DD.\Nbl4.$procdff$2655 ($adff) from module SOC (D = $flatten\DD1.\DD.\Nbl4.$0\Nibble_out[3:0], Q = \DD1.DD.Nbl4.Nibble_out).
Adding EN signal on $flatten\DD1.\DD.\Nbl3.$procdff$2656 ($adff) from module SOC (D = \DD1.DD.Nbl3.Nibble_out [3], Q = \DD1.DD.Nbl3.last_MSB).
Adding EN signal on $flatten\DD1.\DD.\Nbl3.$procdff$2655 ($adff) from module SOC (D = $flatten\DD1.\DD.\Nbl3.$0\Nibble_out[3:0], Q = \DD1.DD.Nbl3.Nibble_out).
Adding EN signal on $flatten\DD1.\DD.\Nbl2.$procdff$2656 ($adff) from module SOC (D = \DD1.DD.Nbl2.Nibble_out [3], Q = \DD1.DD.Nbl2.last_MSB).
Adding EN signal on $flatten\DD1.\DD.\Nbl2.$procdff$2655 ($adff) from module SOC (D = $flatten\DD1.\DD.\Nbl2.$0\Nibble_out[3:0], Q = \DD1.DD.Nbl2.Nibble_out).
Adding EN signal on $flatten\DD1.\DD.\Nbl1.$procdff$2656 ($adff) from module SOC (D = \DD1.DD.Nbl1.Nibble_out [3], Q = \DD1.DD.Nbl1.last_MSB).
Adding EN signal on $flatten\DD1.\DD.\Nbl1.$procdff$2655 ($adff) from module SOC (D = $flatten\DD1.\DD.\Nbl1.$0\Nibble_out[3:0], Q = \DD1.DD.Nbl1.Nibble_out).
Adding EN signal on $flatten\DD1.\DD.\Nbl0.$procdff$2656 ($adff) from module SOC (D = \DD1.DD.Nbl0.Nibble_out [3], Q = \DD1.DD.Nbl0.last_MSB).
Adding EN signal on $flatten\DD1.\DD.\Nbl0.$procdff$2655 ($adff) from module SOC (D = $flatten\DD1.\DD.\Nbl0.$0\Nibble_out[3:0], Q = \DD1.DD.Nbl0.Nibble_out).
Adding EN signal on $flatten\DD1.$procdff$2726 ($dff) from module SOC (D = { \DD1.d_in [26:8] \CPU.rs2 [7:0] }, Q = \DD1.in_Bin).
Adding EN signal on $flatten\DD1.$procdff$2725 ($dff) from module SOC (D = \CPU.rs2 [0], Q = \DD1.init).
Adding EN signal on $flatten\CPU.$procdff$2686 ($dff) from module SOC (D = $flatten\CPU.$0\aluShamt[4:0], Q = \CPU.aluShamt).
Adding EN signal on $flatten\CPU.$procdff$2685 ($dff) from module SOC (D = $flatten\CPU.$0\aluReg[31:0], Q = \CPU.aluReg).
Adding SRST signal on $flatten\CPU.$procdff$2684 ($dff) from module SOC (D = $flatten\CPU.$procmux$2209_Y, Q = \CPU.rs2, rval = 0).
Adding EN signal on $auto$ff.cc:266:slice$3488 ($sdff) from module SOC (D = $flatten\CPU.$memrd$\registerFile$cores/cpu/femtorv32_quark_V2.v:264$504_DATA, Q = \CPU.rs2).
Adding SRST signal on $flatten\CPU.$procdff$2683 ($dff) from module SOC (D = $flatten\CPU.$procmux$2219_Y, Q = \CPU.rs1, rval = 0).
Adding EN signal on $auto$ff.cc:266:slice$3490 ($sdff) from module SOC (D = $flatten\CPU.$memrd$\registerFile$cores/cpu/femtorv32_quark_V2.v:263$503_DATA, Q = \CPU.rs1).
Adding SRST signal on $flatten\CPU.$procdff$2682 ($dff) from module SOC (D = $flatten\CPU.$procmux$2227_Y, Q = \CPU.state, rval = 4'1000).
Adding EN signal on $auto$ff.cc:266:slice$3492 ($sdff) from module SOC (D = $flatten\CPU.$procmux$2227_Y [0], Q = \CPU.state [0]).
Adding EN signal on $flatten\CPU.$procdff$2681 ($dff) from module SOC (D = \mem_rdata [31:2], Q = \CPU.instr).
Adding SRST signal on $flatten\CPU.$procdff$2680 ($dff) from module SOC (D = $flatten\CPU.$procmux$2248_Y, Q = \CPU.PC, rval = 24'000000000000000000000000).
Adding EN signal on $auto$ff.cc:266:slice$3500 ($sdff) from module SOC (D = $flatten\CPU.$ternary$cores/cpu/femtorv32_quark_V2.v:271$506_Y, Q = \CPU.PC).
Adding SRST signal on $flatten\CPU.$procdff$2679 ($dff) from module SOC (D = $flatten\CPU.$add$cores/cpu/femtorv32_quark_V2.v:294$515_Y, Q = \CPU.cycles, rval = 0).
Setting constant 0-bit at position 0 on $auto$ff.cc:266:slice$3347 ($dffe) from module SOC.
Setting constant 0-bit at position 1 on $auto$ff.cc:266:slice$3347 ($dffe) from module SOC.
Setting constant 0-bit at position 2 on $auto$ff.cc:266:slice$3347 ($dffe) from module SOC.
Setting constant 0-bit at position 3 on $auto$ff.cc:266:slice$3347 ($dffe) from module SOC.
Setting constant 0-bit at position 4 on $auto$ff.cc:266:slice$3347 ($dffe) from module SOC.
Setting constant 0-bit at position 0 on $auto$ff.cc:266:slice$3093 ($sdffe) from module SOC.

33.14.7. Executing OPT_CLEAN pass (remove unused cells and wires).
Finding unused cells or wires in module \SOC..
Removed 152 unused cells and 203 unused wires.

33.14.8. Executing OPT_EXPR pass (perform const folding).
Optimizing module SOC.

33.14.9. Rerunning OPT passes. (Maybe there is more to do..)

33.14.10. Executing OPT_MUXTREE pass (detect dead branches in mux trees).
Running muxtree optimizer on module \SOC..
  Creating internal representation of mux trees.
  Evaluating internal representation of mux trees.
  Analyzing evaluation results.
Removed 0 multiplexer ports.

33.14.11. Executing OPT_REDUCE pass (consolidate $*mux and $reduce_* inputs).
  Optimizing cells in module \SOC.
    New ctrl vector for $pmux cell $flatten\peripheral_Display0.\Display0.\addrCtrl0.\control_addr0.$procmux$852: { \peripheral_Display0.Display0.addrCtrl0.control_addr0.state [2] \peripheral_Display0.Display0.addrCtrl0.control_addr0.state [5] }
  Optimizing cells in module \SOC.
Performed a total of 1 changes.

33.14.12. Executing OPT_MERGE pass (detect identical cells).
Finding identical cells in module `\SOC'.
Removed a total of 68 cells.

33.14.13. Executing OPT_DFF pass (perform DFF optimizations).
Setting constant 0-bit at position 0 on $auto$ff.cc:266:slice$3503 ($sdffe) from module SOC.

33.14.14. Executing OPT_CLEAN pass (remove unused cells and wires).
Finding unused cells or wires in module \SOC..
Removed 0 unused cells and 68 unused wires.

33.14.15. Executing OPT_EXPR pass (perform const folding).
Optimizing module SOC.

33.14.16. Rerunning OPT passes. (Maybe there is more to do..)

33.14.17. Executing OPT_MUXTREE pass (detect dead branches in mux trees).
Running muxtree optimizer on module \SOC..
  Creating internal representation of mux trees.
  Evaluating internal representation of mux trees.
  Analyzing evaluation results.
Removed 0 multiplexer ports.

33.14.18. Executing OPT_REDUCE pass (consolidate $*mux and $reduce_* inputs).
  Optimizing cells in module \SOC.
Performed a total of 0 changes.

33.14.19. Executing OPT_MERGE pass (detect identical cells).
Finding identical cells in module `\SOC'.
Removed a total of 0 cells.

33.14.20. Executing OPT_DFF pass (perform DFF optimizations).
Setting constant 0-bit at position 0 on $auto$ff.cc:266:slice$3504 ($sdffe) from module SOC.

33.14.21. Executing OPT_CLEAN pass (remove unused cells and wires).
Finding unused cells or wires in module \SOC..

33.14.22. Executing OPT_EXPR pass (perform const folding).
Optimizing module SOC.

33.14.23. Rerunning OPT passes. (Maybe there is more to do..)

33.14.24. Executing OPT_MUXTREE pass (detect dead branches in mux trees).
Running muxtree optimizer on module \SOC..
  Creating internal representation of mux trees.
  Evaluating internal representation of mux trees.
  Analyzing evaluation results.
Removed 0 multiplexer ports.

33.14.25. Executing OPT_REDUCE pass (consolidate $*mux and $reduce_* inputs).
  Optimizing cells in module \SOC.
Performed a total of 0 changes.

33.14.26. Executing OPT_MERGE pass (detect identical cells).
Finding identical cells in module `\SOC'.
Removed a total of 0 cells.

33.14.27. Executing OPT_DFF pass (perform DFF optimizations).
Setting constant 0-bit at position 0 on $auto$ff.cc:266:slice$3505 ($sdffe) from module SOC.

33.14.28. Executing OPT_CLEAN pass (remove unused cells and wires).
Finding unused cells or wires in module \SOC..

33.14.29. Executing OPT_EXPR pass (perform const folding).
Optimizing module SOC.

33.14.30. Rerunning OPT passes. (Maybe there is more to do..)

33.14.31. Executing OPT_MUXTREE pass (detect dead branches in mux trees).
Running muxtree optimizer on module \SOC..
  Creating internal representation of mux trees.
  Evaluating internal representation of mux trees.
  Analyzing evaluation results.
Removed 0 multiplexer ports.

33.14.32. Executing OPT_REDUCE pass (consolidate $*mux and $reduce_* inputs).
  Optimizing cells in module \SOC.
Performed a total of 0 changes.

33.14.33. Executing OPT_MERGE pass (detect identical cells).
Finding identical cells in module `\SOC'.
Removed a total of 0 cells.

33.14.34. Executing OPT_DFF pass (perform DFF optimizations).
Setting constant 0-bit at position 0 on $auto$ff.cc:266:slice$3506 ($sdffe) from module SOC.

33.14.35. Executing OPT_CLEAN pass (remove unused cells and wires).
Finding unused cells or wires in module \SOC..

33.14.36. Executing OPT_EXPR pass (perform const folding).
Optimizing module SOC.

33.14.37. Rerunning OPT passes. (Maybe there is more to do..)

33.14.38. Executing OPT_MUXTREE pass (detect dead branches in mux trees).
Running muxtree optimizer on module \SOC..
  Creating internal representation of mux trees.
  Evaluating internal representation of mux trees.
  Analyzing evaluation results.
Removed 0 multiplexer ports.

33.14.39. Executing OPT_REDUCE pass (consolidate $*mux and $reduce_* inputs).
  Optimizing cells in module \SOC.
Performed a total of 0 changes.

33.14.40. Executing OPT_MERGE pass (detect identical cells).
Finding identical cells in module `\SOC'.
Removed a total of 0 cells.

33.14.41. Executing OPT_DFF pass (perform DFF optimizations).
Setting constant 0-bit at position 0 on $auto$ff.cc:266:slice$3507 ($sdffe) from module SOC.

33.14.42. Executing OPT_CLEAN pass (remove unused cells and wires).
Finding unused cells or wires in module \SOC..

33.14.43. Executing OPT_EXPR pass (perform const folding).
Optimizing module SOC.

33.14.44. Rerunning OPT passes. (Maybe there is more to do..)

33.14.45. Executing OPT_MUXTREE pass (detect dead branches in mux trees).
Running muxtree optimizer on module \SOC..
  Creating internal representation of mux trees.
  Evaluating internal representation of mux trees.
  Analyzing evaluation results.
Removed 0 multiplexer ports.

33.14.46. Executing OPT_REDUCE pass (consolidate $*mux and $reduce_* inputs).
  Optimizing cells in module \SOC.
Performed a total of 0 changes.

33.14.47. Executing OPT_MERGE pass (detect identical cells).
Finding identical cells in module `\SOC'.
Removed a total of 0 cells.

33.14.48. Executing OPT_DFF pass (perform DFF optimizations).
Setting constant 0-bit at position 0 on $auto$ff.cc:266:slice$3508 ($sdffe) from module SOC.

33.14.49. Executing OPT_CLEAN pass (remove unused cells and wires).
Finding unused cells or wires in module \SOC..

33.14.50. Executing OPT_EXPR pass (perform const folding).
Optimizing module SOC.

33.14.51. Rerunning OPT passes. (Maybe there is more to do..)

33.14.52. Executing OPT_MUXTREE pass (detect dead branches in mux trees).
Running muxtree optimizer on module \SOC..
  Creating internal representation of mux trees.
  Evaluating internal representation of mux trees.
  Analyzing evaluation results.
Removed 0 multiplexer ports.

33.14.53. Executing OPT_REDUCE pass (consolidate $*mux and $reduce_* inputs).
  Optimizing cells in module \SOC.
Performed a total of 0 changes.

33.14.54. Executing OPT_MERGE pass (detect identical cells).
Finding identical cells in module `\SOC'.
Removed a total of 0 cells.

33.14.55. Executing OPT_DFF pass (perform DFF optimizations).
Setting constant 0-bit at position 0 on $auto$ff.cc:266:slice$3509 ($sdffe) from module SOC.

33.14.56. Executing OPT_CLEAN pass (remove unused cells and wires).
Finding unused cells or wires in module \SOC..

33.14.57. Executing OPT_EXPR pass (perform const folding).
Optimizing module SOC.

33.14.58. Rerunning OPT passes. (Maybe there is more to do..)

33.14.59. Executing OPT_MUXTREE pass (detect dead branches in mux trees).
Running muxtree optimizer on module \SOC..
  Creating internal representation of mux trees.
  Evaluating internal representation of mux trees.
  Analyzing evaluation results.
Removed 0 multiplexer ports.

33.14.60. Executing OPT_REDUCE pass (consolidate $*mux and $reduce_* inputs).
  Optimizing cells in module \SOC.
Performed a total of 0 changes.

33.14.61. Executing OPT_MERGE pass (detect identical cells).
Finding identical cells in module `\SOC'.
Removed a total of 0 cells.

33.14.62. Executing OPT_DFF pass (perform DFF optimizations).
Setting constant 0-bit at position 0 on $auto$ff.cc:266:slice$3510 ($sdffe) from module SOC.

33.14.63. Executing OPT_CLEAN pass (remove unused cells and wires).
Finding unused cells or wires in module \SOC..

33.14.64. Executing OPT_EXPR pass (perform const folding).
Optimizing module SOC.

33.14.65. Rerunning OPT passes. (Maybe there is more to do..)

33.14.66. Executing OPT_MUXTREE pass (detect dead branches in mux trees).
Running muxtree optimizer on module \SOC..
  Creating internal representation of mux trees.
  Evaluating internal representation of mux trees.
  Analyzing evaluation results.
Removed 0 multiplexer ports.

33.14.67. Executing OPT_REDUCE pass (consolidate $*mux and $reduce_* inputs).
  Optimizing cells in module \SOC.
Performed a total of 0 changes.

33.14.68. Executing OPT_MERGE pass (detect identical cells).
Finding identical cells in module `\SOC'.
Removed a total of 0 cells.

33.14.69. Executing OPT_DFF pass (perform DFF optimizations).
Setting constant 0-bit at position 0 on $auto$ff.cc:266:slice$3511 ($sdffe) from module SOC.

33.14.70. Executing OPT_CLEAN pass (remove unused cells and wires).
Finding unused cells or wires in module \SOC..

33.14.71. Executing OPT_EXPR pass (perform const folding).
Optimizing module SOC.

33.14.72. Rerunning OPT passes. (Maybe there is more to do..)

33.14.73. Executing OPT_MUXTREE pass (detect dead branches in mux trees).
Running muxtree optimizer on module \SOC..
  Creating internal representation of mux trees.
  Evaluating internal representation of mux trees.
  Analyzing evaluation results.
Removed 0 multiplexer ports.

33.14.74. Executing OPT_REDUCE pass (consolidate $*mux and $reduce_* inputs).
  Optimizing cells in module \SOC.
Performed a total of 0 changes.

33.14.75. Executing OPT_MERGE pass (detect identical cells).
Finding identical cells in module `\SOC'.
Removed a total of 0 cells.

33.14.76. Executing OPT_DFF pass (perform DFF optimizations).
Setting constant 0-bit at position 0 on $auto$ff.cc:266:slice$3512 ($sdffe) from module SOC.

33.14.77. Executing OPT_CLEAN pass (remove unused cells and wires).
Finding unused cells or wires in module \SOC..

33.14.78. Executing OPT_EXPR pass (perform const folding).
Optimizing module SOC.

33.14.79. Rerunning OPT passes. (Maybe there is more to do..)

33.14.80. Executing OPT_MUXTREE pass (detect dead branches in mux trees).
Running muxtree optimizer on module \SOC..
  Creating internal representation of mux trees.
  Evaluating internal representation of mux trees.
  Analyzing evaluation results.
Removed 0 multiplexer ports.

33.14.81. Executing OPT_REDUCE pass (consolidate $*mux and $reduce_* inputs).
  Optimizing cells in module \SOC.
Performed a total of 0 changes.

33.14.82. Executing OPT_MERGE pass (detect identical cells).
Finding identical cells in module `\SOC'.
Removed a total of 0 cells.

33.14.83. Executing OPT_DFF pass (perform DFF optimizations).
Setting constant 0-bit at position 0 on $auto$ff.cc:266:slice$3513 ($sdffe) from module SOC.

33.14.84. Executing OPT_CLEAN pass (remove unused cells and wires).
Finding unused cells or wires in module \SOC..

33.14.85. Executing OPT_EXPR pass (perform const folding).
Optimizing module SOC.

33.14.86. Rerunning OPT passes. (Maybe there is more to do..)

33.14.87. Executing OPT_MUXTREE pass (detect dead branches in mux trees).
Running muxtree optimizer on module \SOC..
  Creating internal representation of mux trees.
  Evaluating internal representation of mux trees.
  Analyzing evaluation results.
Removed 0 multiplexer ports.

33.14.88. Executing OPT_REDUCE pass (consolidate $*mux and $reduce_* inputs).
  Optimizing cells in module \SOC.
Performed a total of 0 changes.

33.14.89. Executing OPT_MERGE pass (detect identical cells).
Finding identical cells in module `\SOC'.
Removed a total of 0 cells.

33.14.90. Executing OPT_DFF pass (perform DFF optimizations).
Setting constant 0-bit at position 0 on $auto$ff.cc:266:slice$3514 ($sdffe) from module SOC.

33.14.91. Executing OPT_CLEAN pass (remove unused cells and wires).
Finding unused cells or wires in module \SOC..

33.14.92. Executing OPT_EXPR pass (perform const folding).
Optimizing module SOC.

33.14.93. Rerunning OPT passes. (Maybe there is more to do..)

33.14.94. Executing OPT_MUXTREE pass (detect dead branches in mux trees).
Running muxtree optimizer on module \SOC..
  Creating internal representation of mux trees.
  Evaluating internal representation of mux trees.
  Analyzing evaluation results.
Removed 0 multiplexer ports.

33.14.95. Executing OPT_REDUCE pass (consolidate $*mux and $reduce_* inputs).
  Optimizing cells in module \SOC.
Performed a total of 0 changes.

33.14.96. Executing OPT_MERGE pass (detect identical cells).
Finding identical cells in module `\SOC'.
Removed a total of 0 cells.

33.14.97. Executing OPT_DFF pass (perform DFF optimizations).
Setting constant 0-bit at position 0 on $auto$ff.cc:266:slice$3515 ($sdffe) from module SOC.

33.14.98. Executing OPT_CLEAN pass (remove unused cells and wires).
Finding unused cells or wires in module \SOC..

33.14.99. Executing OPT_EXPR pass (perform const folding).
Optimizing module SOC.

33.14.100. Rerunning OPT passes. (Maybe there is more to do..)

33.14.101. Executing OPT_MUXTREE pass (detect dead branches in mux trees).
Running muxtree optimizer on module \SOC..
  Creating internal representation of mux trees.
  Evaluating internal representation of mux trees.
  Analyzing evaluation results.
Removed 0 multiplexer ports.

33.14.102. Executing OPT_REDUCE pass (consolidate $*mux and $reduce_* inputs).
  Optimizing cells in module \SOC.
Performed a total of 0 changes.

33.14.103. Executing OPT_MERGE pass (detect identical cells).
Finding identical cells in module `\SOC'.
Removed a total of 0 cells.

33.14.104. Executing OPT_DFF pass (perform DFF optimizations).
Setting constant 0-bit at position 0 on $auto$ff.cc:266:slice$3516 ($sdffe) from module SOC.

33.14.105. Executing OPT_CLEAN pass (remove unused cells and wires).
Finding unused cells or wires in module \SOC..

33.14.106. Executing OPT_EXPR pass (perform const folding).
Optimizing module SOC.

33.14.107. Rerunning OPT passes. (Maybe there is more to do..)

33.14.108. Executing OPT_MUXTREE pass (detect dead branches in mux trees).
Running muxtree optimizer on module \SOC..
  Creating internal representation of mux trees.
  Evaluating internal representation of mux trees.
  Analyzing evaluation results.
Removed 0 multiplexer ports.

33.14.109. Executing OPT_REDUCE pass (consolidate $*mux and $reduce_* inputs).
  Optimizing cells in module \SOC.
Performed a total of 0 changes.

33.14.110. Executing OPT_MERGE pass (detect identical cells).
Finding identical cells in module `\SOC'.
Removed a total of 0 cells.

33.14.111. Executing OPT_DFF pass (perform DFF optimizations).
Setting constant 0-bit at position 0 on $auto$ff.cc:266:slice$3517 ($sdffe) from module SOC.

33.14.112. Executing OPT_CLEAN pass (remove unused cells and wires).
Finding unused cells or wires in module \SOC..
Removed 2 unused cells and 2 unused wires.

33.14.113. Executing OPT_EXPR pass (perform const folding).
Optimizing module SOC.

33.14.114. Rerunning OPT passes. (Maybe there is more to do..)

33.14.115. Executing OPT_MUXTREE pass (detect dead branches in mux trees).
Running muxtree optimizer on module \SOC..
  Creating internal representation of mux trees.
  Evaluating internal representation of mux trees.
  Analyzing evaluation results.
Removed 0 multiplexer ports.

33.14.116. Executing OPT_REDUCE pass (consolidate $*mux and $reduce_* inputs).
  Optimizing cells in module \SOC.
    New ctrl vector for $pmux cell $flatten\peripheral_Display0.$procmux$2492: { $flatten\peripheral_Display0.$procmux$2494_CMP $flatten\peripheral_Display0.$procmux$2493_CMP }
  Optimizing cells in module \SOC.
Performed a total of 1 changes.

33.14.117. Executing OPT_MERGE pass (detect identical cells).
Finding identical cells in module `\SOC'.
Removed a total of 0 cells.

33.14.118. Executing OPT_DFF pass (perform DFF optimizations).

33.14.119. Executing OPT_CLEAN pass (remove unused cells and wires).
Finding unused cells or wires in module \SOC..
Removed 1 unused cells and 1 unused wires.

33.14.120. Executing OPT_EXPR pass (perform const folding).
Optimizing module SOC.

33.14.121. Rerunning OPT passes. (Maybe there is more to do..)

33.14.122. Executing OPT_MUXTREE pass (detect dead branches in mux trees).
Running muxtree optimizer on module \SOC..
  Creating internal representation of mux trees.
  Evaluating internal representation of mux trees.
  Analyzing evaluation results.
Removed 0 multiplexer ports.

33.14.123. Executing OPT_REDUCE pass (consolidate $*mux and $reduce_* inputs).
  Optimizing cells in module \SOC.
Performed a total of 0 changes.

33.14.124. Executing OPT_MERGE pass (detect identical cells).
Finding identical cells in module `\SOC'.
Removed a total of 0 cells.

33.14.125. Executing OPT_DFF pass (perform DFF optimizations).

33.14.126. Executing OPT_CLEAN pass (remove unused cells and wires).
Finding unused cells or wires in module \SOC..

33.14.127. Executing OPT_EXPR pass (perform const folding).
Optimizing module SOC.

33.14.128. Finished OPT passes. (There is nothing left to do.)

33.15. Executing WREDUCE pass (reducing word size of cells).
Removed top 27 address bits (of 32) from memory init port SOC.$flatten\CPU.$auto$proc_memwr.cc:45:proc_memwr$2733 (CPU.registerFile).
Removed top 27 address bits (of 32) from memory init port SOC.$flatten\CPU.$meminit$\registerFile$cores/cpu/femtorv32_quark_V2.v:301$516 (CPU.registerFile).
Removed top 18 address bits (of 30) from memory init port SOC.$flatten\RAM.$auto$proc_memwr.cc:45:proc_memwr$2735 (RAM.MEM).
Removed top 18 address bits (of 30) from memory init port SOC.$flatten\RAM.$auto$proc_memwr.cc:45:proc_memwr$2736 (RAM.MEM).
Removed top 18 address bits (of 30) from memory init port SOC.$flatten\RAM.$auto$proc_memwr.cc:45:proc_memwr$2737 (RAM.MEM).
Removed top 18 address bits (of 30) from memory init port SOC.$flatten\RAM.$auto$proc_memwr.cc:45:proc_memwr$2738 (RAM.MEM).
Removed top 20 address bits (of 32) from memory init port SOC.$flatten\RAM.$meminit$\MEM$cores/bram/bram.v:0$363 (RAM.MEM).
Removed top 18 address bits (of 30) from memory read port SOC.$flatten\RAM.$memrd$\MEM$cores/bram/bram.v:22$350 (RAM.MEM).
Removed top 1 address bits (of 13) from memory init port SOC.$flatten\peripheral_Display0.\Display0.\dp_ram0.$auto$proc_memwr.cc:45:proc_memwr$2732 (peripheral_Display0.Display0.dp_ram0.ram).
Removed top 20 address bits (of 32) from memory init port SOC.$flatten\peripheral_Display0.\Display0.\dp_ram0.$meminit$\ram$cores/DISPLAY/Integraci$c3$b2n/dpram.v:0$558 (peripheral_Display0.Display0.dp_ram0.ram).
Removed top 1 address bits (of 13) from memory read port SOC.$flatten\peripheral_Display0.\Display0.\dp_ram0.$memrd$\ram$cores/DISPLAY/Integraci$c3$b2n/dpram.v:38$546 (peripheral_Display0.Display0.dp_ram0.ram).
Removed top 1 address bits (of 13) from memory read port SOC.$flatten\peripheral_Display0.\Display0.\dp_ram0.$memrd$\ram$cores/DISPLAY/Integraci$c3$b2n/dpram.v:49$557 (peripheral_Display0.Display0.dp_ram0.ram).
Removed top 8 bits (of 9) from port B of cell SOC.$procmux$2507_CMP0 ($eq).
Removed top 7 bits (of 9) from port B of cell SOC.$procmux$2508_CMP0 ($eq).
Removed top 6 bits (of 9) from port B of cell SOC.$procmux$2509_CMP0 ($eq).
Removed top 5 bits (of 9) from port B of cell SOC.$procmux$2510_CMP0 ($eq).
Removed top 4 bits (of 9) from port B of cell SOC.$procmux$2511_CMP0 ($eq).
Removed top 3 bits (of 9) from port B of cell SOC.$procmux$2512_CMP0 ($eq).
Removed top 2 bits (of 9) from port B of cell SOC.$procmux$2513_CMP0 ($eq).
Removed top 1 bits (of 9) from port B of cell SOC.$procmux$2514_CMP0 ($eq).
Removed top 1 bits (of 8) from port B of cell SOC.$procmux$2519_CMP0 ($eq).
Removed top 1 bits (of 8) from port B of cell SOC.$procmux$2520_CMP0 ($eq).
Removed top 1 bits (of 8) from port B of cell SOC.$procmux$2521_CMP0 ($eq).
Removed top 1 bits (of 8) from port B of cell SOC.$procmux$2522_CMP0 ($eq).
Removed top 1 bits (of 8) from port B of cell SOC.$procmux$2523_CMP0 ($eq).
Removed top 1 bits (of 8) from port B of cell SOC.$procmux$2524_CMP0 ($eq).
Removed top 1 bits (of 8) from port B of cell SOC.$procmux$2525_CMP0 ($eq).
Removed top 1 bits (of 8) from port B of cell SOC.$procmux$2526_CMP0 ($eq).
Removed top 1 bits (of 2) from port B of cell SOC.$auto$fsm_map.cc:77:implement_pattern_cache$2912 ($eq).
Removed top 31 bits (of 32) from port B of cell SOC.$flatten\CPU.$add$cores/cpu/femtorv32_quark_V2.v:294$515 ($add).
Removed top 28 bits (of 32) from mux cell SOC.$flatten\CPU.$ternary$cores/cpu/femtorv32_quark_V2.v:274$507 ($mux).
Removed top 2 bits (of 4) from mux cell SOC.$flatten\CPU.$ternary$cores/cpu/femtorv32_quark_V2.v:224$485 ($mux).
Removed top 31 bits (of 32) from port B of cell SOC.$flatten\CPU.$sub$cores/cpu/femtorv32_quark_V2.v:206$466 ($sub).
Removed top 27 bits (of 32) from port Y of cell SOC.$flatten\CPU.$sub$cores/cpu/femtorv32_quark_V2.v:206$466 ($sub).
Removed top 8 bits (of 32) from mux cell SOC.$flatten\CPU.$ternary$cores/cpu/femtorv32_quark_V2.v:176$442 ($mux).
Removed top 8 bits (of 32) from mux cell SOC.$flatten\CPU.$ternary$cores/cpu/femtorv32_quark_V2.v:175$439 ($mux).
Removed top 29 bits (of 32) from port B of cell SOC.$flatten\CPU.$add$cores/cpu/femtorv32_quark_V2.v:165$429 ($add).
Removed top 8 bits (of 32) from port Y of cell SOC.$flatten\CPU.$add$cores/cpu/femtorv32_quark_V2.v:165$429 ($add).
Removed top 31 bits (of 32) from mux cell SOC.$flatten\CPU.$ternary$cores/cpu/femtorv32_quark_V2.v:154$413 ($mux).
Removed top 31 bits (of 32) from mux cell SOC.$flatten\CPU.$ternary$cores/cpu/femtorv32_quark_V2.v:153$411 ($mux).
Removed top 1 bits (of 2) from port B of cell SOC.$flatten\CPU.$eq$cores/cpu/femtorv32_quark_V2.v:135$397 ($eq).
Removed top 19 bits (of 24) from mux cell SOC.$flatten\CPU.$ternary$cores/cpu/femtorv32_quark_V2.v:124$390 ($mux).
Removed top 32 bits (of 33) from port B of cell SOC.$flatten\CPU.$add$cores/cpu/femtorv32_quark_V2.v:115$386 ($add).
Removed top 1 bits (of 33) from port B of cell SOC.$flatten\CPU.$add$cores/cpu/femtorv32_quark_V2.v:115$385 ($add).
Removed top 1 bits (of 5) from port B of cell SOC.$flatten\CPU.$eq$cores/cpu/femtorv32_quark_V2.v:86$374 ($eq).
Removed top 1 bits (of 5) from port B of cell SOC.$flatten\CPU.$eq$cores/cpu/femtorv32_quark_V2.v:85$373 ($eq).
Removed top 1 bits (of 5) from port B of cell SOC.$flatten\CPU.$eq$cores/cpu/femtorv32_quark_V2.v:84$372 ($eq).
Removed top 2 bits (of 5) from port B of cell SOC.$flatten\CPU.$eq$cores/cpu/femtorv32_quark_V2.v:83$371 ($eq).
Removed top 2 bits (of 5) from port B of cell SOC.$flatten\CPU.$eq$cores/cpu/femtorv32_quark_V2.v:82$370 ($eq).
Removed top 7 bits (of 8) from port A of cell SOC.$flatten\CPU.$shl$cores/cpu/femtorv32_quark_V2.v:69$368 ($shl).
Removed top 18 bits (of 30) from mux cell SOC.$flatten\RAM.$procmux$2362 ($mux).
Removed top 18 bits (of 30) from mux cell SOC.$flatten\RAM.$procmux$2353 ($mux).
Removed top 18 bits (of 30) from mux cell SOC.$flatten\RAM.$procmux$2344 ($mux).
Removed top 18 bits (of 30) from mux cell SOC.$flatten\RAM.$procmux$2335 ($mux).
Removed top 31 bits (of 32) from port B of cell SOC.$flatten\per_uart.\uart0.$sub$cores/uart/uart.v:39$523 ($sub).
Removed top 16 bits (of 32) from port Y of cell SOC.$flatten\per_uart.\uart0.$sub$cores/uart/uart.v:39$523 ($sub).
Removed top 31 bits (of 32) from port B of cell SOC.$flatten\per_uart.\uart0.$add$cores/uart/uart.v:88$529 ($add).
Removed top 28 bits (of 32) from port Y of cell SOC.$flatten\per_uart.\uart0.$add$cores/uart/uart.v:88$529 ($add).
Removed top 31 bits (of 32) from port B of cell SOC.$flatten\per_uart.\uart0.$add$cores/uart/uart.v:91$531 ($add).
Removed top 28 bits (of 32) from port Y of cell SOC.$flatten\per_uart.\uart0.$add$cores/uart/uart.v:91$531 ($add).
Removed top 31 bits (of 32) from port B of cell SOC.$flatten\per_uart.\uart0.$add$cores/uart/uart.v:137$537 ($add).
Removed top 28 bits (of 32) from port Y of cell SOC.$flatten\per_uart.\uart0.$add$cores/uart/uart.v:137$537 ($add).
Removed top 31 bits (of 32) from port B of cell SOC.$flatten\per_uart.\uart0.$add$cores/uart/uart.v:140$540 ($add).
Removed top 28 bits (of 32) from port Y of cell SOC.$flatten\per_uart.\uart0.$add$cores/uart/uart.v:140$540 ($add).
Removed top 1 bits (of 4) from port B of cell SOC.$auto$opt_dff.cc:195:make_patterns_logic$3474 ($ne).
Removed top 1 bits (of 2) from port B of cell SOC.$flatten\per_uart.$procmux$2369_CMP0 ($eq).
Removed top 22 bits (of 32) from mux cell SOC.$flatten\per_uart.$procmux$2367 ($pmux).
Removed top 5 bits (of 8) from mux cell SOC.$flatten\per_uart.$ternary$cores/uart/perip_uart.v:40$328 ($mux).
Removed top 1 bits (of 2) from mux cell SOC.$flatten\per_uart.$ternary$cores/uart/perip_uart.v:31$322 ($mux).
Removed top 1 bits (of 2) from port B of cell SOC.$auto$opt_dff.cc:195:make_patterns_logic$3451 ($ne).
Removed top 1 bits (of 2) from port B of cell SOC.$auto$opt_dff.cc:195:make_patterns_logic$3435 ($ne).
Removed top 1 bits (of 2) from port B of cell SOC.$auto$opt_dff.cc:195:make_patterns_logic$3419 ($ne).
Removed top 1 bits (of 2) from port B of cell SOC.$auto$opt_dff.cc:195:make_patterns_logic$3403 ($ne).
Removed top 1 bits (of 2) from port B of cell SOC.$auto$opt_dff.cc:195:make_patterns_logic$3387 ($ne).
Removed top 1 bits (of 2) from port B of cell SOC.$auto$opt_dff.cc:195:make_patterns_logic$3371 ($ne).
Removed top 1 bits (of 3) from port B of cell SOC.$auto$opt_dff.cc:195:make_patterns_logic$3369 ($ne).
Removed top 1 bits (of 2) from port B of cell SOC.$auto$opt_dff.cc:195:make_patterns_logic$3355 ($ne).
Removed top 1 bits (of 6) from mux cell SOC.$flatten\tcl1.\Tcl.\data_tcl0.$procmux$1179 ($mux).
Removed top 2 bits (of 3) from port B of cell SOC.$auto$opt_dff.cc:195:make_patterns_logic$3476 ($ne).
Removed top 31 bits (of 32) from mux cell SOC.$flatten\tcl1.\Tcl.\data_tcl0.$ternary$cores/MiCalculadora/Teclado/Teclado.v:158$647 ($mux).
Removed top 31 bits (of 32) from mux cell SOC.$flatten\tcl1.\Tcl.\data_tcl0.$ternary$cores/MiCalculadora/Teclado/Teclado.v:157$645 ($mux).
Removed top 25 bits (of 32) from port B of cell SOC.$flatten\tcl1.\Tcl.\data_tcl0.$gt$cores/MiCalculadora/Teclado/Teclado.v:157$644 ($gt).
Removed top 31 bits (of 32) from port B of cell SOC.$flatten\tcl1.\Tcl.\data_tcl0.$add$cores/MiCalculadora/Teclado/Teclado.v:147$641 ($add).
Removed top 25 bits (of 32) from port Y of cell SOC.$flatten\tcl1.\Tcl.\data_tcl0.$add$cores/MiCalculadora/Teclado/Teclado.v:147$641 ($add).
Removed top 25 bits (of 32) from port B of cell SOC.$flatten\tcl1.\Tcl.\data_tcl0.$lt$cores/MiCalculadora/Teclado/Teclado.v:146$640 ($lt).
Removed top 31 bits (of 32) from port B of cell SOC.$flatten\tcl1.\Tcl.\data_tcl0.$sub$cores/MiCalculadora/Teclado/Teclado.v:140$634 ($sub).
Removed top 26 bits (of 32) from port Y of cell SOC.$flatten\tcl1.\Tcl.\data_tcl0.$sub$cores/MiCalculadora/Teclado/Teclado.v:140$634 ($sub).
Removed top 31 bits (of 32) from port B of cell SOC.$flatten\tcl1.\Tcl.\data_tcl0.$gt$cores/MiCalculadora/Teclado/Teclado.v:139$633 ($gt).
Removed top 2 bits (of 3) from mux cell SOC.$flatten\tcl1.\Tcl.\ctrl_tcl0.$procmux$1409 ($mux).
Removed top 2 bits (of 3) from mux cell SOC.$flatten\tcl1.\Tcl.\ctrl_tcl0.$procmux$1386 ($mux).
Removed top 2 bits (of 3) from port B of cell SOC.$flatten\tcl1.\Tcl.\ctrl_tcl0.$procmux$1360_CMP0 ($eq).
Removed top 1 bits (of 3) from port B of cell SOC.$flatten\tcl1.\Tcl.\ctrl_tcl0.$procmux$1359_CMP0 ($eq).
Removed top 1 bits (of 3) from port B of cell SOC.$flatten\tcl1.\Tcl.\ctrl_tcl0.$procmux$1358_CMP0 ($eq).
Removed top 1 bits (of 2) from port B of cell SOC.$auto$fsm_map.cc:77:implement_pattern_cache$2901 ($eq).
Removed top 1 bits (of 3) from port B of cell SOC.$flatten\tcl1.$procmux$2377_CMP0 ($eq).
Removed top 26 bits (of 32) from mux cell SOC.$flatten\tcl1.$procmux$2375 ($pmux).
Removed top 1 bits (of 3) from mux cell SOC.$flatten\tcl1.$ternary$cores/MiCalculadora/Teclado/perip_Teclado.v:34$315 ($mux).
Removed top 2 bits (of 3) from mux cell SOC.$flatten\tcl1.$ternary$cores/MiCalculadora/Teclado/perip_Teclado.v:33$314 ($mux).
Removed top 1 bits (of 2) from port B of cell SOC.$auto$opt_dff.cc:195:make_patterns_logic$3044 ($ne).
Removed top 1 bits (of 2) from port B of cell SOC.$auto$opt_dff.cc:195:make_patterns_logic$3040 ($ne).
Removed top 1 bits (of 2) from port B of cell SOC.$auto$opt_dff.cc:195:make_patterns_logic$3467 ($ne).
Removed top 1 bits (of 2) from port B of cell SOC.$auto$opt_dff.cc:195:make_patterns_logic$3137 ($ne).
Removed top 1 bits (of 2) from port B of cell SOC.$auto$opt_dff.cc:195:make_patterns_logic$3135 ($ne).
Removed top 31 bits (of 32) from port B of cell SOC.$flatten\RDD1.\RDD.\out_reg0.$sub$cores/MiCalculadora/Operadores/Bcd_Binario/Rev_Double_Dabble.v:71$618 ($sub).
Removed top 27 bits (of 32) from port Y of cell SOC.$flatten\RDD1.\RDD.\out_reg0.$sub$cores/MiCalculadora/Operadores/Bcd_Binario/Rev_Double_Dabble.v:71$618 ($sub).
Removed top 29 bits (of 32) from port B of cell SOC.$flatten\RDD1.\RDD.\R_Nbl0.$gt$cores/MiCalculadora/Operadores/Bcd_Binario/Rev_Double_Dabble.v:103$615 ($gt).
Removed top 29 bits (of 32) from port B of cell SOC.$flatten\RDD1.\RDD.\R_Nbl1.$gt$cores/MiCalculadora/Operadores/Bcd_Binario/Rev_Double_Dabble.v:103$615 ($gt).
Removed top 29 bits (of 32) from port B of cell SOC.$flatten\RDD1.\RDD.\R_Nbl2.$gt$cores/MiCalculadora/Operadores/Bcd_Binario/Rev_Double_Dabble.v:103$615 ($gt).
Removed top 29 bits (of 32) from port B of cell SOC.$flatten\RDD1.\RDD.\R_Nbl3.$gt$cores/MiCalculadora/Operadores/Bcd_Binario/Rev_Double_Dabble.v:103$615 ($gt).
Removed top 29 bits (of 32) from port B of cell SOC.$flatten\RDD1.\RDD.\R_Nbl4.$gt$cores/MiCalculadora/Operadores/Bcd_Binario/Rev_Double_Dabble.v:103$615 ($gt).
Removed top 29 bits (of 32) from port B of cell SOC.$flatten\RDD1.\RDD.\R_Nbl5.$gt$cores/MiCalculadora/Operadores/Bcd_Binario/Rev_Double_Dabble.v:103$615 ($gt).
Removed top 29 bits (of 32) from port B of cell SOC.$flatten\RDD1.\RDD.\R_Nbl6.$gt$cores/MiCalculadora/Operadores/Bcd_Binario/Rev_Double_Dabble.v:103$615 ($gt).
Removed top 29 bits (of 32) from port B of cell SOC.$flatten\RDD1.\RDD.\R_Nbl7.$gt$cores/MiCalculadora/Operadores/Bcd_Binario/Rev_Double_Dabble.v:103$615 ($gt).
Removed top 2 bits (of 3) from mux cell SOC.$flatten\RDD1.\RDD.\Control0.$procmux$1472 ($mux).
Removed top 1 bits (of 3) from port B of cell SOC.$flatten\RDD1.\RDD.\Control0.$procmux$1458_CMP0 ($eq).
Removed top 2 bits (of 3) from port B of cell SOC.$flatten\RDD1.\RDD.\Control0.$procmux$1454_CMP0 ($eq).
Removed top 31 bits (of 32) from mux cell SOC.$flatten\RDD1.\RDD.\out_reg0.$ternary$cores/MiCalculadora/Operadores/Bcd_Binario/Rev_Double_Dabble.v:77$621 ($mux).
Removed top 30 bits (of 32) from port B of cell SOC.$flatten\RDD1.\RDD.\R_Nbl0.$sub$cores/MiCalculadora/Operadores/Bcd_Binario/Rev_Double_Dabble.v:103$616 ($sub).
Removed top 28 bits (of 32) from port Y of cell SOC.$flatten\RDD1.\RDD.\R_Nbl0.$sub$cores/MiCalculadora/Operadores/Bcd_Binario/Rev_Double_Dabble.v:103$616 ($sub).
Removed top 30 bits (of 32) from port B of cell SOC.$flatten\RDD1.\RDD.\R_Nbl1.$sub$cores/MiCalculadora/Operadores/Bcd_Binario/Rev_Double_Dabble.v:103$616 ($sub).
Removed top 28 bits (of 32) from port Y of cell SOC.$flatten\RDD1.\RDD.\R_Nbl1.$sub$cores/MiCalculadora/Operadores/Bcd_Binario/Rev_Double_Dabble.v:103$616 ($sub).
Removed top 30 bits (of 32) from port B of cell SOC.$flatten\RDD1.\RDD.\R_Nbl2.$sub$cores/MiCalculadora/Operadores/Bcd_Binario/Rev_Double_Dabble.v:103$616 ($sub).
Removed top 28 bits (of 32) from port Y of cell SOC.$flatten\RDD1.\RDD.\R_Nbl2.$sub$cores/MiCalculadora/Operadores/Bcd_Binario/Rev_Double_Dabble.v:103$616 ($sub).
Removed top 30 bits (of 32) from port B of cell SOC.$flatten\RDD1.\RDD.\R_Nbl3.$sub$cores/MiCalculadora/Operadores/Bcd_Binario/Rev_Double_Dabble.v:103$616 ($sub).
Removed top 28 bits (of 32) from port Y of cell SOC.$flatten\RDD1.\RDD.\R_Nbl3.$sub$cores/MiCalculadora/Operadores/Bcd_Binario/Rev_Double_Dabble.v:103$616 ($sub).
Removed top 30 bits (of 32) from port B of cell SOC.$flatten\RDD1.\RDD.\R_Nbl4.$sub$cores/MiCalculadora/Operadores/Bcd_Binario/Rev_Double_Dabble.v:103$616 ($sub).
Removed top 28 bits (of 32) from port Y of cell SOC.$flatten\RDD1.\RDD.\R_Nbl4.$sub$cores/MiCalculadora/Operadores/Bcd_Binario/Rev_Double_Dabble.v:103$616 ($sub).
Removed top 30 bits (of 32) from port B of cell SOC.$flatten\RDD1.\RDD.\R_Nbl5.$sub$cores/MiCalculadora/Operadores/Bcd_Binario/Rev_Double_Dabble.v:103$616 ($sub).
Removed top 28 bits (of 32) from port Y of cell SOC.$flatten\RDD1.\RDD.\R_Nbl5.$sub$cores/MiCalculadora/Operadores/Bcd_Binario/Rev_Double_Dabble.v:103$616 ($sub).
Removed top 30 bits (of 32) from port B of cell SOC.$flatten\RDD1.\RDD.\R_Nbl6.$sub$cores/MiCalculadora/Operadores/Bcd_Binario/Rev_Double_Dabble.v:103$616 ($sub).
Removed top 28 bits (of 32) from port Y of cell SOC.$flatten\RDD1.\RDD.\R_Nbl6.$sub$cores/MiCalculadora/Operadores/Bcd_Binario/Rev_Double_Dabble.v:103$616 ($sub).
Removed top 30 bits (of 32) from port B of cell SOC.$flatten\RDD1.\RDD.\R_Nbl7.$sub$cores/MiCalculadora/Operadores/Bcd_Binario/Rev_Double_Dabble.v:103$616 ($sub).
Removed top 28 bits (of 32) from port Y of cell SOC.$flatten\RDD1.\RDD.\R_Nbl7.$sub$cores/MiCalculadora/Operadores/Bcd_Binario/Rev_Double_Dabble.v:103$616 ($sub).
Removed top 1 bits (of 4) from port B of cell SOC.$flatten\RDD1.$procmux$2386_CMP0 ($eq).
Removed top 1 bits (of 4) from mux cell SOC.$flatten\RDD1.$ternary$cores/MiCalculadora/Operadores/Bcd_Binario/perip_Rev_Double_Dabble.v:27$305 ($mux).
Removed top 2 bits (of 4) from mux cell SOC.$flatten\RDD1.$ternary$cores/MiCalculadora/Operadores/Bcd_Binario/perip_Rev_Double_Dabble.v:26$304 ($mux).
Removed top 3 bits (of 4) from mux cell SOC.$flatten\RDD1.$ternary$cores/MiCalculadora/Operadores/Bcd_Binario/perip_Rev_Double_Dabble.v:25$303 ($mux).
Removed top 1 bits (of 2) from port B of cell SOC.$auto$opt_dff.cc:195:make_patterns_logic$3253 ($ne).
Removed top 1 bits (of 2) from port B of cell SOC.$auto$opt_dff.cc:195:make_patterns_logic$3239 ($ne).
Removed top 31 bits (of 32) from port B of cell SOC.$flatten\mult1.\mult1.\control0.$add$cores/MiCalculadora/Operadores/Multiplicaci$c3$b3n/control_mult.v:84$599 ($add).
Removed top 27 bits (of 32) from port Y of cell SOC.$flatten\mult1.\mult1.\control0.$add$cores/MiCalculadora/Operadores/Multiplicaci$c3$b3n/control_mult.v:84$599 ($add).
Removed top 16 bits (of 32) from mux cell SOC.$flatten\mult1.\mult1.\lsr0.$procmux$1556 ($mux).
Removed top 16 bits (of 32) from mux cell SOC.$flatten\mult1.\mult1.\lsr0.$procmux$1550 ($mux).
Removed top 1 bits (of 3) from port B of cell SOC.$flatten\mult1.\mult1.\control0.$procmux$1606_CMP0 ($eq).
Removed top 2 bits (of 3) from mux cell SOC.$flatten\mult1.\mult1.\control0.$procmux$1596 ($mux).
Removed top 2 bits (of 3) from port B of cell SOC.$flatten\mult1.\mult1.\control0.$procmux$1586_CMP0 ($eq).
Removed top 2 bits (of 3) from mux cell SOC.$flatten\mult1.\mult1.\control0.$procmux$1583 ($mux).
Removed top 1 bits (of 3) from port B of cell SOC.$flatten\mult1.\mult1.\control0.$procmux$1574_CMP0 ($eq).
Removed top 27 bits (of 32) from port B of cell SOC.$flatten\mult1.\mult1.\control0.$gt$cores/MiCalculadora/Operadores/Multiplicaci$c3$b3n/control_mult.v:85$600 ($gt).
Removed top 1 bits (of 5) from port B of cell SOC.$flatten\mult1.$procmux$2401_CMP0 ($eq).
Removed top 1 bits (of 2) from mux cell SOC.$flatten\div1.\Dv.\Control_Div0.$procmux$1708 ($mux).
Removed top 1 bits (of 2) from port B of cell SOC.$flatten\div1.\Dv.\Control_Div0.$procmux$1681_CMP0 ($eq).
Removed top 31 bits (of 32) from mux cell SOC.$flatten\div1.\Dv.\Data_path_Div0.$ternary$cores/MiCalculadora/Operadores/Divisi$c3$b3n/Div.v:75$595 ($mux).
Removed top 31 bits (of 32) from port B of cell SOC.$flatten\div1.\Dv.\Data_path_Div0.$add$cores/MiCalculadora/Operadores/Divisi$c3$b3n/Div.v:68$591 ($add).
Removed top 5 bits (of 32) from port Y of cell SOC.$flatten\div1.\Dv.\Data_path_Div0.$add$cores/MiCalculadora/Operadores/Divisi$c3$b3n/Div.v:68$591 ($add).
Removed top 31 bits (of 32) from port B of cell SOC.$flatten\div1.\Dv.\Data_path_Div0.$sub$cores/MiCalculadora/Operadores/Divisi$c3$b3n/Div.v:63$588 ($sub).
Removed top 27 bits (of 32) from port Y of cell SOC.$flatten\div1.\Dv.\Data_path_Div0.$sub$cores/MiCalculadora/Operadores/Divisi$c3$b3n/Div.v:63$588 ($sub).
Removed top 2 bits (of 6) from port B of cell SOC.$flatten\div1.$procmux$2460_CMP0 ($eq).
Removed top 1 bits (of 6) from port B of cell SOC.$flatten\div1.$procmux$2459_CMP0 ($eq).
Removed top 5 bits (of 32) from mux cell SOC.$flatten\div1.$procmux$2457 ($pmux).
Removed top 1 bits (of 6) from mux cell SOC.$flatten\div1.$ternary$cores/MiCalculadora/Operadores/Divisi$c3$b3n/perip_Div.v:32$285 ($mux).
Removed top 2 bits (of 6) from mux cell SOC.$flatten\div1.$ternary$cores/MiCalculadora/Operadores/Divisi$c3$b3n/perip_Div.v:31$284 ($mux).
Removed top 3 bits (of 6) from mux cell SOC.$flatten\div1.$ternary$cores/MiCalculadora/Operadores/Divisi$c3$b3n/perip_Div.v:30$283 ($mux).
Removed top 4 bits (of 6) from mux cell SOC.$flatten\div1.$ternary$cores/MiCalculadora/Operadores/Divisi$c3$b3n/perip_Div.v:29$282 ($mux).
Removed top 5 bits (of 6) from mux cell SOC.$flatten\div1.$ternary$cores/MiCalculadora/Operadores/Divisi$c3$b3n/perip_Div.v:28$281 ($mux).
Removed top 1 bits (of 2) from port B of cell SOC.$auto$opt_dff.cc:195:make_patterns_logic$3337 ($ne).
Removed top 1 bits (of 2) from port B of cell SOC.$auto$opt_dff.cc:195:make_patterns_logic$3323 ($ne).
Removed top 1 bits (of 2) from mux cell SOC.$flatten\root1.\Rt.\Control_sqrt0.$procmux$1781 ($mux).
Removed top 1 bits (of 2) from port B of cell SOC.$flatten\root1.\Rt.\Control_sqrt0.$procmux$1754_CMP0 ($eq).
Removed top 31 bits (of 32) from mux cell SOC.$flatten\root1.\Rt.\Data_path_sqrt0.$ternary$cores/MiCalculadora/Operadores/Raiz/Root.v:71$583 ($mux).
Removed top 31 bits (of 32) from port B of cell SOC.$flatten\root1.\Rt.\Data_path_sqrt0.$add$cores/MiCalculadora/Operadores/Raiz/Root.v:64$579 ($add).
Removed top 18 bits (of 32) from port Y of cell SOC.$flatten\root1.\Rt.\Data_path_sqrt0.$add$cores/MiCalculadora/Operadores/Raiz/Root.v:64$579 ($add).
Removed top 31 bits (of 32) from port B of cell SOC.$flatten\root1.\Rt.\Data_path_sqrt0.$sub$cores/MiCalculadora/Operadores/Raiz/Root.v:59$576 ($sub).
Removed top 27 bits (of 32) from port Y of cell SOC.$flatten\root1.\Rt.\Data_path_sqrt0.$sub$cores/MiCalculadora/Operadores/Raiz/Root.v:59$576 ($sub).
Removed top 2 bits (of 5) from port B of cell SOC.$flatten\root1.$procmux$2473_CMP0 ($eq).
Removed top 1 bits (of 5) from port B of cell SOC.$flatten\root1.$procmux$2472_CMP0 ($eq).
Removed top 4 bits (of 32) from mux cell SOC.$flatten\root1.$procmux$2470 ($pmux).
Removed top 1 bits (of 5) from mux cell SOC.$flatten\root1.$ternary$cores/MiCalculadora/Operadores/Raiz/perip_Root.v:29$272 ($mux).
Removed top 2 bits (of 5) from mux cell SOC.$flatten\root1.$ternary$cores/MiCalculadora/Operadores/Raiz/perip_Root.v:28$271 ($mux).
Removed top 3 bits (of 5) from mux cell SOC.$flatten\root1.$ternary$cores/MiCalculadora/Operadores/Raiz/perip_Root.v:27$270 ($mux).
Removed top 4 bits (of 5) from mux cell SOC.$flatten\root1.$ternary$cores/MiCalculadora/Operadores/Raiz/perip_Root.v:26$269 ($mux).
Removed top 1 bits (of 2) from port B of cell SOC.$auto$fsm_map.cc:77:implement_pattern_cache$2922 ($eq).
Removed top 3 bits (of 4) from port B of cell SOC.$auto$fsm_map.cc:77:implement_pattern_cache$2937 ($eq).
Removed top 1 bits (of 3) from port B of cell SOC.$auto$fsm_map.cc:77:implement_pattern_cache$2933 ($eq).
Removed top 1 bits (of 4) from port B of cell SOC.$auto$opt_dff.cc:195:make_patterns_logic$3010 ($ne).
Removed top 1 bits (of 4) from port B of cell SOC.$auto$fsm_map.cc:77:implement_pattern_cache$2950 ($eq).
Removed top 1 bits (of 4) from port B of cell SOC.$auto$opt_dff.cc:195:make_patterns_logic$3006 ($ne).
Removed top 1 bits (of 2) from port B of cell SOC.$auto$fsm_map.cc:77:implement_pattern_cache$2833 ($eq).
Removed top 1 bits (of 3) from port B of cell SOC.$auto$opt_dff.cc:195:make_patterns_logic$3022 ($ne).
Removed top 1 bits (of 3) from port B of cell SOC.$auto$fsm_map.cc:77:implement_pattern_cache$2857 ($eq).
Removed top 29 bits (of 32) from port B of cell SOC.$flatten\DD1.\DD.\Nbl0.$gt$cores/MiCalculadora/Operadores/Binario_Bcd/Double_Dabble.v:120$564 ($gt).
Removed top 29 bits (of 32) from port B of cell SOC.$flatten\DD1.\DD.\Nbl1.$gt$cores/MiCalculadora/Operadores/Binario_Bcd/Double_Dabble.v:120$564 ($gt).
Removed top 29 bits (of 32) from port B of cell SOC.$flatten\DD1.\DD.\Nbl2.$gt$cores/MiCalculadora/Operadores/Binario_Bcd/Double_Dabble.v:120$564 ($gt).
Removed top 29 bits (of 32) from port B of cell SOC.$flatten\DD1.\DD.\Nbl3.$gt$cores/MiCalculadora/Operadores/Binario_Bcd/Double_Dabble.v:120$564 ($gt).
Removed top 29 bits (of 32) from port B of cell SOC.$flatten\DD1.\DD.\Nbl4.$gt$cores/MiCalculadora/Operadores/Binario_Bcd/Double_Dabble.v:120$564 ($gt).
Removed top 29 bits (of 32) from port B of cell SOC.$flatten\DD1.\DD.\Nbl5.$gt$cores/MiCalculadora/Operadores/Binario_Bcd/Double_Dabble.v:120$564 ($gt).
Removed top 29 bits (of 32) from port B of cell SOC.$flatten\DD1.\DD.\Nbl6.$gt$cores/MiCalculadora/Operadores/Binario_Bcd/Double_Dabble.v:120$564 ($gt).
Removed top 29 bits (of 32) from port B of cell SOC.$flatten\DD1.\DD.\Nbl70.$gt$cores/MiCalculadora/Operadores/Binario_Bcd/Double_Dabble.v:147$561 ($gt).
Removed top 2 bits (of 3) from mux cell SOC.$flatten\DD1.\DD.\Control_DD0.$procmux$1859 ($mux).
Removed top 1 bits (of 3) from port B of cell SOC.$flatten\DD1.\DD.\Control_DD0.$procmux$1845_CMP0 ($eq).
Removed top 2 bits (of 3) from port B of cell SOC.$flatten\DD1.\DD.\Control_DD0.$procmux$1841_CMP0 ($eq).
Removed top 31 bits (of 32) from mux cell SOC.$flatten\DD1.\DD.\initial_reg0.$ternary$cores/MiCalculadora/Operadores/Binario_Bcd/Double_Dabble.v:94$571 ($mux).
Removed top 31 bits (of 32) from port B of cell SOC.$flatten\DD1.\DD.\initial_reg0.$sub$cores/MiCalculadora/Operadores/Binario_Bcd/Double_Dabble.v:89$568 ($sub).
Removed top 27 bits (of 32) from port Y of cell SOC.$flatten\DD1.\DD.\initial_reg0.$sub$cores/MiCalculadora/Operadores/Binario_Bcd/Double_Dabble.v:89$568 ($sub).
Removed top 30 bits (of 32) from port B of cell SOC.$flatten\DD1.\DD.\Nbl0.$add$cores/MiCalculadora/Operadores/Binario_Bcd/Double_Dabble.v:120$565 ($add).
Removed top 28 bits (of 32) from port Y of cell SOC.$flatten\DD1.\DD.\Nbl0.$add$cores/MiCalculadora/Operadores/Binario_Bcd/Double_Dabble.v:120$565 ($add).
Removed top 30 bits (of 32) from port B of cell SOC.$flatten\DD1.\DD.\Nbl1.$add$cores/MiCalculadora/Operadores/Binario_Bcd/Double_Dabble.v:120$565 ($add).
Removed top 28 bits (of 32) from port Y of cell SOC.$flatten\DD1.\DD.\Nbl1.$add$cores/MiCalculadora/Operadores/Binario_Bcd/Double_Dabble.v:120$565 ($add).
Removed top 30 bits (of 32) from port B of cell SOC.$flatten\DD1.\DD.\Nbl2.$add$cores/MiCalculadora/Operadores/Binario_Bcd/Double_Dabble.v:120$565 ($add).
Removed top 28 bits (of 32) from port Y of cell SOC.$flatten\DD1.\DD.\Nbl2.$add$cores/MiCalculadora/Operadores/Binario_Bcd/Double_Dabble.v:120$565 ($add).
Removed top 30 bits (of 32) from port B of cell SOC.$flatten\DD1.\DD.\Nbl3.$add$cores/MiCalculadora/Operadores/Binario_Bcd/Double_Dabble.v:120$565 ($add).
Removed top 28 bits (of 32) from port Y of cell SOC.$flatten\DD1.\DD.\Nbl3.$add$cores/MiCalculadora/Operadores/Binario_Bcd/Double_Dabble.v:120$565 ($add).
Removed top 30 bits (of 32) from port B of cell SOC.$flatten\DD1.\DD.\Nbl4.$add$cores/MiCalculadora/Operadores/Binario_Bcd/Double_Dabble.v:120$565 ($add).
Removed top 28 bits (of 32) from port Y of cell SOC.$flatten\DD1.\DD.\Nbl4.$add$cores/MiCalculadora/Operadores/Binario_Bcd/Double_Dabble.v:120$565 ($add).
Removed top 30 bits (of 32) from port B of cell SOC.$flatten\DD1.\DD.\Nbl5.$add$cores/MiCalculadora/Operadores/Binario_Bcd/Double_Dabble.v:120$565 ($add).
Removed top 28 bits (of 32) from port Y of cell SOC.$flatten\DD1.\DD.\Nbl5.$add$cores/MiCalculadora/Operadores/Binario_Bcd/Double_Dabble.v:120$565 ($add).
Removed top 30 bits (of 32) from port B of cell SOC.$flatten\DD1.\DD.\Nbl6.$add$cores/MiCalculadora/Operadores/Binario_Bcd/Double_Dabble.v:120$565 ($add).
Removed top 28 bits (of 32) from port Y of cell SOC.$flatten\DD1.\DD.\Nbl6.$add$cores/MiCalculadora/Operadores/Binario_Bcd/Double_Dabble.v:120$565 ($add).
Removed top 30 bits (of 32) from port B of cell SOC.$flatten\DD1.\DD.\Nbl70.$add$cores/MiCalculadora/Operadores/Binario_Bcd/Double_Dabble.v:147$562 ($add).
Removed top 28 bits (of 32) from port Y of cell SOC.$flatten\DD1.\DD.\Nbl70.$add$cores/MiCalculadora/Operadores/Binario_Bcd/Double_Dabble.v:147$562 ($add).
Removed top 2 bits (of 5) from port B of cell SOC.$flatten\DD1.$procmux$2490_CMP0 ($eq).
Removed top 1 bits (of 5) from port B of cell SOC.$flatten\DD1.$procmux$2489_CMP0 ($eq).
Removed top 1 bits (of 5) from port B of cell SOC.$flatten\DD1.$procmux$2488_CMP0 ($eq).
Removed top 1 bits (of 4) from port B of cell SOC.$flatten\DD1.$procmux$2484_CMP0 ($eq).
Removed top 1 bits (of 4) from mux cell SOC.$flatten\DD1.$ternary$cores/MiCalculadora/Operadores/Binario_Bcd/perip_Double_Dabble.v:27$260 ($mux).
Removed top 2 bits (of 4) from mux cell SOC.$flatten\DD1.$ternary$cores/MiCalculadora/Operadores/Binario_Bcd/perip_Double_Dabble.v:26$259 ($mux).
Removed top 3 bits (of 4) from mux cell SOC.$flatten\DD1.$ternary$cores/MiCalculadora/Operadores/Binario_Bcd/perip_Double_Dabble.v:25$258 ($mux).
Removed top 1 bits (of 2) from port B of cell SOC.$auto$opt_dff.cc:195:make_patterns_logic$3281 ($ne).
Removed top 1 bits (of 2) from port B of cell SOC.$auto$opt_dff.cc:195:make_patterns_logic$3295 ($ne).
Removed top 1 bits (of 2) from port B of cell SOC.$auto$fsm_map.cc:77:implement_pattern_cache$2853 ($eq).
Removed top 1 bits (of 2) from port B of cell SOC.$auto$opt_dff.cc:195:make_patterns_logic$3309 ($ne).
Removed top 1 bits (of 2) from port B of cell SOC.$auto$opt_dff.cc:195:make_patterns_logic$3267 ($ne).
Removed top 3 bits (of 7) from port B of cell SOC.$flatten\peripheral_Display0.\Display0.\SPI0.\spi_datapath0.$eq$cores/DISPLAY/Integraci$c3$b2n/SPI.v:96$658 ($eq).
Removed top 1 bits (of 13) from mux cell SOC.$flatten\peripheral_Display0.\Display0.\dp_ram0.$procmux$1988 ($mux).
Removed top 1 bits (of 13) from mux cell SOC.$flatten\peripheral_Display0.\Display0.\dp_ram0.$procmux$1977 ($mux).
Removed top 31 bits (of 32) from port B of cell SOC.$flatten\peripheral_Display0.\Display0.\addrCtrl0.\control_addr0.$sub$cores/DISPLAY/Integraci$c3$b2n/addrCtrl.v:222$673 ($sub).
Removed top 3 bits (of 32) from port Y of cell SOC.$flatten\peripheral_Display0.\Display0.\addrCtrl0.\control_addr0.$sub$cores/DISPLAY/Integraci$c3$b2n/addrCtrl.v:222$673 ($sub).
Removed top 20 bits (of 29) from mux cell SOC.$flatten\peripheral_Display0.\Display0.\addrCtrl0.\control_addr0.$procmux$786 ($mux).
Removed top 1 bits (of 2) from port B of cell SOC.$auto$fsm_map.cc:77:implement_pattern_cache$2890 ($eq).
Removed top 2 bits (of 3) from port B of cell SOC.$auto$fsm_map.cc:77:implement_pattern_cache$2888 ($eq).
Removed top 31 bits (of 32) from mux cell SOC.$flatten\peripheral_Display0.\Display0.\addrCtrl0.\addr0.$ternary$cores/DISPLAY/Integraci$c3$b2n/addrCtrl.v:140$678 ($mux).
Removed top 26 bits (of 32) from port B of cell SOC.$flatten\peripheral_Display0.\Display0.\addrCtrl0.\addr0.$lt$cores/DISPLAY/Integraci$c3$b2n/addrCtrl.v:141$680 ($lt).
Removed top 20 bits (of 32) from port B of cell SOC.$flatten\peripheral_Display0.\Display0.\addrCtrl0.\addr0.$gt$cores/DISPLAY/Integraci$c3$b2n/addrCtrl.v:141$682 ($gt).
Removed top 31 bits (of 32) from mux cell SOC.$flatten\peripheral_Display0.\Display0.\addrCtrl0.\addr0.$ternary$cores/DISPLAY/Integraci$c3$b2n/addrCtrl.v:141$684 ($mux).
Removed top 20 bits (of 32) from port B of cell SOC.$flatten\peripheral_Display0.\Display0.\addrCtrl0.\addr0.$lt$cores/DISPLAY/Integraci$c3$b2n/addrCtrl.v:153$686 ($lt).
Removed top 31 bits (of 32) from port B of cell SOC.$flatten\peripheral_Display0.\Display0.\addrCtrl0.\addr0.$add$cores/DISPLAY/Integraci$c3$b2n/addrCtrl.v:153$687 ($add).
Removed top 20 bits (of 32) from port Y of cell SOC.$flatten\peripheral_Display0.\Display0.\addrCtrl0.\addr0.$add$cores/DISPLAY/Integraci$c3$b2n/addrCtrl.v:153$687 ($add).
Removed top 31 bits (of 32) from port B of cell SOC.$flatten\peripheral_Display0.\Display0.\addrCtrl0.\addr0.$add$cores/DISPLAY/Integraci$c3$b2n/addrCtrl.v:155$688 ($add).
Removed top 27 bits (of 32) from port Y of cell SOC.$flatten\peripheral_Display0.\Display0.\addrCtrl0.\addr0.$add$cores/DISPLAY/Integraci$c3$b2n/addrCtrl.v:155$688 ($add).
Removed top 10 bits (of 12) from port B of cell SOC.$flatten\peripheral_Display0.\Display0.\addrCtrl0.\addr0.$eq$cores/DISPLAY/Integraci$c3$b2n/addrCtrl.v:161$690 ($eq).
Removed top 6 bits (of 12) from port B of cell SOC.$flatten\peripheral_Display0.\Display0.\addrCtrl0.\addr0.$eq$cores/DISPLAY/Integraci$c3$b2n/addrCtrl.v:161$691 ($eq).
Removed top 31 bits (of 32) from mux cell SOC.$flatten\peripheral_Display0.\Display0.\addrCtrl0.\addr0.$ternary$cores/DISPLAY/Integraci$c3$b2n/addrCtrl.v:161$693 ($mux).
Removed top 6 bits (of 12) from mux cell SOC.$flatten\peripheral_Display0.\Display0.\addrCtrl0.\addr0.$procmux$754 ($mux).
Removed top 10 bits (of 16) from port B of cell SOC.$flatten\peripheral_Display0.\Display0.\SPI0.\spiclk0.$eq$cores/DISPLAY/Integraci$c3$b2n/SPI.v:171$655 ($eq).
Removed top 31 bits (of 32) from port B of cell SOC.$flatten\peripheral_Display0.\Display0.\SPI0.\spiclk0.$add$cores/DISPLAY/Integraci$c3$b2n/SPI.v:176$657 ($add).
Removed top 16 bits (of 32) from port Y of cell SOC.$flatten\peripheral_Display0.\Display0.\SPI0.\spiclk0.$add$cores/DISPLAY/Integraci$c3$b2n/SPI.v:176$657 ($add).
Removed top 31 bits (of 32) from mux cell SOC.$flatten\peripheral_Display0.\Display0.\SPI0.\spi_datapath0.$ternary$cores/DISPLAY/Integraci$c3$b2n/SPI.v:96$661 ($mux).
Removed top 31 bits (of 32) from port B of cell SOC.$flatten\peripheral_Display0.\Display0.\SPI0.\spi_datapath0.$add$cores/DISPLAY/Integraci$c3$b2n/SPI.v:123$667 ($add).
Removed top 25 bits (of 32) from port Y of cell SOC.$flatten\peripheral_Display0.\Display0.\SPI0.\spi_datapath0.$add$cores/DISPLAY/Integraci$c3$b2n/SPI.v:123$667 ($add).
Removed top 4 bits (of 7) from port B of cell SOC.$flatten\peripheral_Display0.$procmux$2504_CMP0 ($eq).
Removed top 3 bits (of 7) from port B of cell SOC.$flatten\peripheral_Display0.$procmux$2503_CMP0 ($eq).
Removed top 3 bits (of 7) from port B of cell SOC.$flatten\peripheral_Display0.$procmux$2502_CMP0 ($eq).
Removed top 2 bits (of 7) from port B of cell SOC.$flatten\peripheral_Display0.$procmux$2501_CMP0 ($eq).
Removed top 2 bits (of 7) from port B of cell SOC.$flatten\peripheral_Display0.$procmux$2500_CMP0 ($eq).
Removed top 2 bits (of 7) from port B of cell SOC.$flatten\peripheral_Display0.$procmux$2499_CMP0 ($eq).
Removed top 2 bits (of 7) from port B of cell SOC.$flatten\peripheral_Display0.$procmux$2498_CMP0 ($eq).
Removed top 1 bits (of 7) from port B of cell SOC.$flatten\peripheral_Display0.$procmux$2494_CMP0 ($eq).
Removed top 1 bits (of 7) from mux cell SOC.$flatten\peripheral_Display0.$ternary$cores/DISPLAY/Integraci$c3$b2n/perip_Display.v:40$245 ($mux).
Removed top 2 bits (of 7) from mux cell SOC.$flatten\peripheral_Display0.$ternary$cores/DISPLAY/Integraci$c3$b2n/perip_Display.v:39$244 ($mux).
Removed top 3 bits (of 7) from mux cell SOC.$flatten\peripheral_Display0.$ternary$cores/DISPLAY/Integraci$c3$b2n/perip_Display.v:38$243 ($mux).
Removed top 4 bits (of 7) from mux cell SOC.$flatten\peripheral_Display0.$ternary$cores/DISPLAY/Integraci$c3$b2n/perip_Display.v:37$242 ($mux).
Removed top 5 bits (of 7) from mux cell SOC.$flatten\peripheral_Display0.$ternary$cores/DISPLAY/Integraci$c3$b2n/perip_Display.v:36$241 ($mux).
Removed top 6 bits (of 7) from mux cell SOC.$flatten\peripheral_Display0.$ternary$cores/DISPLAY/Integraci$c3$b2n/perip_Display.v:35$240 ($mux).
Removed top 5 bits (of 7) from FF cell SOC.$auto$ff.cc:266:slice$3168 ($dffe).
Removed top 6 bits (of 12) from mux cell SOC.$flatten\peripheral_Display0.\Display0.\addrCtrl0.\addr0.$procmux$751 ($mux).
Removed top 27 bits (of 32) from wire SOC.$flatten\CPU.$sub$cores/cpu/femtorv32_quark_V2.v:206$466_Y.
Removed top 31 bits (of 32) from wire SOC.$flatten\CPU.$ternary$cores/cpu/femtorv32_quark_V2.v:153$411_Y.
Removed top 31 bits (of 32) from wire SOC.$flatten\CPU.$ternary$cores/cpu/femtorv32_quark_V2.v:154$413_Y.
Removed top 8 bits (of 32) from wire SOC.$flatten\CPU.$ternary$cores/cpu/femtorv32_quark_V2.v:175$439_Y.
Removed top 8 bits (of 32) from wire SOC.$flatten\CPU.$ternary$cores/cpu/femtorv32_quark_V2.v:176$442_Y.
Removed top 2 bits (of 4) from wire SOC.$flatten\CPU.$ternary$cores/cpu/femtorv32_quark_V2.v:224$485_Y.
Removed top 28 bits (of 32) from wire SOC.$flatten\CPU.$ternary$cores/cpu/femtorv32_quark_V2.v:274$507_Y.
Removed top 3 bits (of 4) from wire SOC.$flatten\DD1.$ternary$cores/MiCalculadora/Operadores/Binario_Bcd/perip_Double_Dabble.v:25$258_Y.
Removed top 2 bits (of 4) from wire SOC.$flatten\DD1.$ternary$cores/MiCalculadora/Operadores/Binario_Bcd/perip_Double_Dabble.v:26$259_Y.
Removed top 2 bits (of 4) from wire SOC.$flatten\DD1.$ternary$cores/MiCalculadora/Operadores/Binario_Bcd/perip_Double_Dabble.v:27$260_Y.
Removed top 2 bits (of 3) from wire SOC.$flatten\DD1.\DD.\Control_DD0.$3\state[2:0].
Removed top 1 bits (of 3) from wire SOC.$flatten\DD1.\DD.\Control_DD0.$4\state[2:0].
Removed top 28 bits (of 32) from wire SOC.$flatten\DD1.\DD.\Nbl0.$add$cores/MiCalculadora/Operadores/Binario_Bcd/Double_Dabble.v:120$565_Y.
Removed top 28 bits (of 32) from wire SOC.$flatten\DD1.\DD.\Nbl1.$add$cores/MiCalculadora/Operadores/Binario_Bcd/Double_Dabble.v:120$565_Y.
Removed top 28 bits (of 32) from wire SOC.$flatten\DD1.\DD.\Nbl2.$add$cores/MiCalculadora/Operadores/Binario_Bcd/Double_Dabble.v:120$565_Y.
Removed top 28 bits (of 32) from wire SOC.$flatten\DD1.\DD.\Nbl4.$add$cores/MiCalculadora/Operadores/Binario_Bcd/Double_Dabble.v:120$565_Y.
Removed top 28 bits (of 32) from wire SOC.$flatten\DD1.\DD.\Nbl5.$add$cores/MiCalculadora/Operadores/Binario_Bcd/Double_Dabble.v:120$565_Y.
Removed top 28 bits (of 32) from wire SOC.$flatten\DD1.\DD.\Nbl70.$add$cores/MiCalculadora/Operadores/Binario_Bcd/Double_Dabble.v:147$562_Y.
Removed top 27 bits (of 32) from wire SOC.$flatten\DD1.\DD.\initial_reg0.$sub$cores/MiCalculadora/Operadores/Binario_Bcd/Double_Dabble.v:89$568_Y.
Removed top 18 bits (of 30) from wire SOC.$flatten\RAM.$0$memwr$\MEM$cores/bram/bram.v:24$333_ADDR[29:0]$338.
Removed top 24 bits (of 32) from wire SOC.$flatten\RAM.$0$memwr$\MEM$cores/bram/bram.v:24$333_EN[31:0]$340.
Removed top 18 bits (of 30) from wire SOC.$flatten\RAM.$0$memwr$\MEM$cores/bram/bram.v:25$334_ADDR[29:0]$341.
Removed top 16 bits (of 32) from wire SOC.$flatten\RAM.$0$memwr$\MEM$cores/bram/bram.v:25$334_EN[31:0]$343.
Removed top 18 bits (of 30) from wire SOC.$flatten\RAM.$0$memwr$\MEM$cores/bram/bram.v:26$335_ADDR[29:0]$344.
Removed top 8 bits (of 32) from wire SOC.$flatten\RAM.$0$memwr$\MEM$cores/bram/bram.v:26$335_EN[31:0]$346.
Removed top 18 bits (of 30) from wire SOC.$flatten\RAM.$0$memwr$\MEM$cores/bram/bram.v:27$336_ADDR[29:0]$347.
Removed top 5 bits (of 32) from wire SOC.$flatten\RDD1.$0\d_out[31:0].
Removed top 3 bits (of 4) from wire SOC.$flatten\RDD1.$ternary$cores/MiCalculadora/Operadores/Bcd_Binario/perip_Rev_Double_Dabble.v:25$303_Y.
Removed top 2 bits (of 4) from wire SOC.$flatten\RDD1.$ternary$cores/MiCalculadora/Operadores/Bcd_Binario/perip_Rev_Double_Dabble.v:26$304_Y.
Removed top 2 bits (of 4) from wire SOC.$flatten\RDD1.$ternary$cores/MiCalculadora/Operadores/Bcd_Binario/perip_Rev_Double_Dabble.v:27$305_Y.
Removed top 2 bits (of 3) from wire SOC.$flatten\RDD1.\RDD.\Control0.$3\state[2:0].
Removed top 28 bits (of 32) from wire SOC.$flatten\RDD1.\RDD.\R_Nbl0.$sub$cores/MiCalculadora/Operadores/Bcd_Binario/Rev_Double_Dabble.v:103$616_Y.
Removed top 28 bits (of 32) from wire SOC.$flatten\RDD1.\RDD.\R_Nbl1.$sub$cores/MiCalculadora/Operadores/Bcd_Binario/Rev_Double_Dabble.v:103$616_Y.
Removed top 28 bits (of 32) from wire SOC.$flatten\RDD1.\RDD.\R_Nbl2.$sub$cores/MiCalculadora/Operadores/Bcd_Binario/Rev_Double_Dabble.v:103$616_Y.
Removed top 28 bits (of 32) from wire SOC.$flatten\RDD1.\RDD.\R_Nbl3.$sub$cores/MiCalculadora/Operadores/Bcd_Binario/Rev_Double_Dabble.v:103$616_Y.
Removed top 28 bits (of 32) from wire SOC.$flatten\RDD1.\RDD.\R_Nbl4.$sub$cores/MiCalculadora/Operadores/Bcd_Binario/Rev_Double_Dabble.v:103$616_Y.
Removed top 28 bits (of 32) from wire SOC.$flatten\RDD1.\RDD.\R_Nbl5.$sub$cores/MiCalculadora/Operadores/Bcd_Binario/Rev_Double_Dabble.v:103$616_Y.
Removed top 28 bits (of 32) from wire SOC.$flatten\RDD1.\RDD.\R_Nbl6.$sub$cores/MiCalculadora/Operadores/Bcd_Binario/Rev_Double_Dabble.v:103$616_Y.
Removed top 3 bits (of 4) from wire SOC.$flatten\RDD1.\RDD.\R_Nbl7.$0\nibble[3:0].
Removed top 28 bits (of 32) from wire SOC.$flatten\RDD1.\RDD.\R_Nbl7.$sub$cores/MiCalculadora/Operadores/Bcd_Binario/Rev_Double_Dabble.v:103$616_Y.
Removed top 27 bits (of 32) from wire SOC.$flatten\RDD1.\RDD.\out_reg0.$sub$cores/MiCalculadora/Operadores/Bcd_Binario/Rev_Double_Dabble.v:71$618_Y.
Removed top 5 bits (of 32) from wire SOC.$flatten\div1.$0\d_out[31:0].
Removed top 5 bits (of 6) from wire SOC.$flatten\div1.$ternary$cores/MiCalculadora/Operadores/Divisi$c3$b3n/perip_Div.v:28$281_Y.
Removed top 4 bits (of 6) from wire SOC.$flatten\div1.$ternary$cores/MiCalculadora/Operadores/Divisi$c3$b3n/perip_Div.v:29$282_Y.
Removed top 3 bits (of 6) from wire SOC.$flatten\div1.$ternary$cores/MiCalculadora/Operadores/Divisi$c3$b3n/perip_Div.v:30$283_Y.
Removed top 3 bits (of 6) from wire SOC.$flatten\div1.$ternary$cores/MiCalculadora/Operadores/Divisi$c3$b3n/perip_Div.v:31$284_Y.
Removed top 1 bits (of 6) from wire SOC.$flatten\div1.$ternary$cores/MiCalculadora/Operadores/Divisi$c3$b3n/perip_Div.v:32$285_Y.
Removed top 3 bits (of 6) from wire SOC.$flatten\div1.$ternary$cores/MiCalculadora/Operadores/Divisi$c3$b3n/perip_Div.v:33$286_Y.
Removed top 1 bits (of 2) from wire SOC.$flatten\div1.\Dv.\Control_Div0.$3\state[1:0].
Removed top 5 bits (of 32) from wire SOC.$flatten\div1.\Dv.\Data_path_Div0.$add$cores/MiCalculadora/Operadores/Divisi$c3$b3n/Div.v:68$591_Y.
Removed top 27 bits (of 32) from wire SOC.$flatten\div1.\Dv.\Data_path_Div0.$sub$cores/MiCalculadora/Operadores/Divisi$c3$b3n/Div.v:63$588_Y.
Removed top 8 bits (of 27) from wire SOC.$flatten\div1.\Dv.\Data_path_Div0.$sub$cores/MiCalculadora/Operadores/Divisi$c3$b3n/Div.v:67$590_Y.
Removed top 2 bits (of 3) from wire SOC.$flatten\mult1.\mult1.\control0.$3\state[2:0].
Removed top 2 bits (of 3) from wire SOC.$flatten\mult1.\mult1.\control0.$4\state[2:0].
Removed top 27 bits (of 32) from wire SOC.$flatten\mult1.\mult1.\control0.$add$cores/MiCalculadora/Operadores/Multiplicaci$c3$b3n/control_mult.v:84$599_Y.
Removed top 16 bits (of 32) from wire SOC.$flatten\mult1.\mult1.\lsr0.$0\s_A[31:0].
Removed top 16 bits (of 32) from wire SOC.$flatten\mult1.\mult1.\lsr0.$2\s_A[31:0].
Removed top 22 bits (of 32) from wire SOC.$flatten\per_uart.$0\d_out[31:0].
Removed top 5 bits (of 8) from wire SOC.$flatten\per_uart.$0\uart_ctrl[7:0].
Removed top 1 bits (of 2) from wire SOC.$flatten\per_uart.$ternary$cores/uart/perip_uart.v:31$322_Y.
Removed top 28 bits (of 32) from wire SOC.$flatten\per_uart.\uart0.$add$cores/uart/uart.v:137$537_Y.
Removed top 28 bits (of 32) from wire SOC.$flatten\per_uart.\uart0.$add$cores/uart/uart.v:88$529_Y.
Removed top 16 bits (of 32) from wire SOC.$flatten\per_uart.\uart0.$sub$cores/uart/uart.v:39$523_Y.
Removed top 6 bits (of 7) from wire SOC.$flatten\peripheral_Display0.$ternary$cores/DISPLAY/Integraci$c3$b2n/perip_Display.v:35$240_Y.
Removed top 5 bits (of 7) from wire SOC.$flatten\peripheral_Display0.$ternary$cores/DISPLAY/Integraci$c3$b2n/perip_Display.v:36$241_Y.
Removed top 4 bits (of 7) from wire SOC.$flatten\peripheral_Display0.$ternary$cores/DISPLAY/Integraci$c3$b2n/perip_Display.v:37$242_Y.
Removed top 4 bits (of 7) from wire SOC.$flatten\peripheral_Display0.$ternary$cores/DISPLAY/Integraci$c3$b2n/perip_Display.v:38$243_Y.
Removed top 2 bits (of 7) from wire SOC.$flatten\peripheral_Display0.$ternary$cores/DISPLAY/Integraci$c3$b2n/perip_Display.v:39$244_Y.
Removed top 1 bits (of 7) from wire SOC.$flatten\peripheral_Display0.$ternary$cores/DISPLAY/Integraci$c3$b2n/perip_Display.v:40$245_Y.
Removed top 2 bits (of 7) from wire SOC.$flatten\peripheral_Display0.$ternary$cores/DISPLAY/Integraci$c3$b2n/perip_Display.v:41$246_Y.
Removed top 25 bits (of 32) from wire SOC.$flatten\peripheral_Display0.\Display0.\SPI0.\spi_datapath0.$add$cores/DISPLAY/Integraci$c3$b2n/SPI.v:123$667_Y.
Removed top 16 bits (of 32) from wire SOC.$flatten\peripheral_Display0.\Display0.\SPI0.\spiclk0.$add$cores/DISPLAY/Integraci$c3$b2n/SPI.v:176$657_Y.
Removed top 20 bits (of 32) from wire SOC.$flatten\peripheral_Display0.\Display0.\addrCtrl0.\addr0.$add$cores/DISPLAY/Integraci$c3$b2n/addrCtrl.v:153$687_Y.
Removed top 27 bits (of 32) from wire SOC.$flatten\peripheral_Display0.\Display0.\addrCtrl0.\addr0.$add$cores/DISPLAY/Integraci$c3$b2n/addrCtrl.v:155$688_Y.
Removed top 6 bits (of 12) from wire SOC.$flatten\peripheral_Display0.\Display0.\addrCtrl0.\addr0.$procmux$751_Y.
Removed top 6 bits (of 12) from wire SOC.$flatten\peripheral_Display0.\Display0.\addrCtrl0.\addr0.$procmux$754_Y.
Removed top 4 bits (of 32) from wire SOC.$flatten\root1.$0\d_out[31:0].
Removed top 4 bits (of 5) from wire SOC.$flatten\root1.$ternary$cores/MiCalculadora/Operadores/Raiz/perip_Root.v:26$269_Y.
Removed top 3 bits (of 5) from wire SOC.$flatten\root1.$ternary$cores/MiCalculadora/Operadores/Raiz/perip_Root.v:27$270_Y.
Removed top 3 bits (of 5) from wire SOC.$flatten\root1.$ternary$cores/MiCalculadora/Operadores/Raiz/perip_Root.v:28$271_Y.
Removed top 2 bits (of 5) from wire SOC.$flatten\root1.$ternary$cores/MiCalculadora/Operadores/Raiz/perip_Root.v:29$272_Y.
Removed top 1 bits (of 5) from wire SOC.$flatten\root1.$ternary$cores/MiCalculadora/Operadores/Raiz/perip_Root.v:30$273_Y.
Removed top 1 bits (of 2) from wire SOC.$flatten\root1.\Rt.\Control_sqrt0.$3\state[1:0].
Removed top 18 bits (of 32) from wire SOC.$flatten\root1.\Rt.\Data_path_sqrt0.$add$cores/MiCalculadora/Operadores/Raiz/Root.v:64$579_Y.
Removed top 27 bits (of 32) from wire SOC.$flatten\root1.\Rt.\Data_path_sqrt0.$sub$cores/MiCalculadora/Operadores/Raiz/Root.v:59$576_Y.
Removed top 19 bits (of 28) from wire SOC.$flatten\root1.\Rt.\Data_path_sqrt0.$sub$cores/MiCalculadora/Operadores/Raiz/Root.v:63$578_Y.
Removed top 26 bits (of 32) from wire SOC.$flatten\tcl1.$0\d_out[31:0].
Removed top 2 bits (of 3) from wire SOC.$flatten\tcl1.$ternary$cores/MiCalculadora/Teclado/perip_Teclado.v:33$314_Y.
Removed top 1 bits (of 3) from wire SOC.$flatten\tcl1.$ternary$cores/MiCalculadora/Teclado/perip_Teclado.v:34$315_Y.
Removed top 2 bits (of 3) from wire SOC.$flatten\tcl1.\Tcl.\ctrl_tcl0.$procmux$1386_Y.
Removed top 2 bits (of 3) from wire SOC.$flatten\tcl1.\Tcl.\ctrl_tcl0.$procmux$1409_Y.
Removed top 1 bits (of 6) from wire SOC.$flatten\tcl1.\Tcl.\data_tcl0.$13\next_tecla[5:0].
Removed top 3 bits (of 6) from wire SOC.$flatten\tcl1.\Tcl.\data_tcl0.$14\next_tecla[5:0].
Removed top 1 bits (of 6) from wire SOC.$flatten\tcl1.\Tcl.\data_tcl0.$15\next_tecla[5:0].
Removed top 1 bits (of 6) from wire SOC.$flatten\tcl1.\Tcl.\data_tcl0.$16\next_tecla[5:0].
Removed top 1 bits (of 6) from wire SOC.$flatten\tcl1.\Tcl.\data_tcl0.$17\next_tecla[5:0].
Removed top 3 bits (of 6) from wire SOC.$flatten\tcl1.\Tcl.\data_tcl0.$18\next_tecla[5:0].
Removed top 25 bits (of 32) from wire SOC.$flatten\tcl1.\Tcl.\data_tcl0.$add$cores/MiCalculadora/Teclado/Teclado.v:147$641_Y.
Removed top 26 bits (of 32) from wire SOC.$flatten\tcl1.\Tcl.\data_tcl0.$sub$cores/MiCalculadora/Teclado/Teclado.v:140$634_Y.
Removed top 5 bits (of 32) from wire SOC.bdc2bin_dout.
Removed top 30 bits (of 32) from wire SOC.div_dout.
Removed top 8 bits (of 32) from wire SOC.mem_addr.

33.16. Executing PEEPOPT pass (run peephole optimizers).

33.17. Executing OPT_CLEAN pass (remove unused cells and wires).
Finding unused cells or wires in module \SOC..
Removed 0 unused cells and 114 unused wires.

33.18. Executing SHARE pass (SAT-based resource sharing).

33.19. Executing TECHMAP pass (map to technology primitives).

33.19.1. Executing Verilog-2005 frontend: /home/leonardo/miniconda3/envs/digital/bin/../share/yosys/cmp2lut.v
Parsing Verilog input from `/home/leonardo/miniconda3/envs/digital/bin/../share/yosys/cmp2lut.v' to AST representation.
Generating RTLIL representation for module `\_90_lut_cmp_'.
Successfully finished Verilog frontend.

33.19.2. Continuing TECHMAP pass.
Using template $paramod$fc417d2e8c11f8fd0321206ae65056a1f93d1c72\_90_lut_cmp_ for cells of type $gt.
No more expansions possible.

33.20. Executing OPT_EXPR pass (perform const folding).
Optimizing module SOC.

33.21. Executing OPT_CLEAN pass (remove unused cells and wires).
Finding unused cells or wires in module \SOC..
Removed 0 unused cells and 48 unused wires.

33.22. Executing TECHMAP pass (map to technology primitives).

33.22.1. Executing Verilog-2005 frontend: /home/leonardo/miniconda3/envs/digital/bin/../share/yosys/mul2dsp.v
Parsing Verilog input from `/home/leonardo/miniconda3/envs/digital/bin/../share/yosys/mul2dsp.v' to AST representation.
Generating RTLIL representation for module `\_80_mul'.
Generating RTLIL representation for module `\_90_soft_mul'.
Successfully finished Verilog frontend.

33.22.2. Executing Verilog-2005 frontend: /home/leonardo/miniconda3/envs/digital/bin/../share/yosys/ecp5/dsp_map.v
Parsing Verilog input from `/home/leonardo/miniconda3/envs/digital/bin/../share/yosys/ecp5/dsp_map.v' to AST representation.
Generating RTLIL representation for module `\$__MUL18X18'.
Successfully finished Verilog frontend.

33.22.3. Continuing TECHMAP pass.
No more expansions possible.

33.23. Executing ALUMACC pass (create $alu and $macc cells).
Extracting $alu and $macc cells in module SOC:
  creating $macc model for $flatten\CPU.$add$cores/cpu/femtorv32_quark_V2.v:110$383 ($add).
  creating $macc model for $flatten\CPU.$add$cores/cpu/femtorv32_quark_V2.v:115$385 ($add).
  creating $macc model for $flatten\CPU.$add$cores/cpu/femtorv32_quark_V2.v:115$386 ($add).
  creating $macc model for $flatten\CPU.$add$cores/cpu/femtorv32_quark_V2.v:123$391 ($add).
  creating $macc model for $flatten\CPU.$add$cores/cpu/femtorv32_quark_V2.v:161$428 ($add).
  creating $macc model for $flatten\CPU.$add$cores/cpu/femtorv32_quark_V2.v:165$429 ($add).
  creating $macc model for $flatten\CPU.$add$cores/cpu/femtorv32_quark_V2.v:294$515 ($add).
  creating $macc model for $flatten\CPU.$sub$cores/cpu/femtorv32_quark_V2.v:206$466 ($sub).
  creating $macc model for $flatten\DD1.\DD.\Nbl0.$add$cores/MiCalculadora/Operadores/Binario_Bcd/Double_Dabble.v:120$565 ($add).
  creating $macc model for $flatten\DD1.\DD.\Nbl1.$add$cores/MiCalculadora/Operadores/Binario_Bcd/Double_Dabble.v:120$565 ($add).
  creating $macc model for $flatten\DD1.\DD.\Nbl2.$add$cores/MiCalculadora/Operadores/Binario_Bcd/Double_Dabble.v:120$565 ($add).
  creating $macc model for $flatten\DD1.\DD.\Nbl3.$add$cores/MiCalculadora/Operadores/Binario_Bcd/Double_Dabble.v:120$565 ($add).
  creating $macc model for $flatten\DD1.\DD.\Nbl4.$add$cores/MiCalculadora/Operadores/Binario_Bcd/Double_Dabble.v:120$565 ($add).
  creating $macc model for $flatten\DD1.\DD.\Nbl5.$add$cores/MiCalculadora/Operadores/Binario_Bcd/Double_Dabble.v:120$565 ($add).
  creating $macc model for $flatten\DD1.\DD.\Nbl6.$add$cores/MiCalculadora/Operadores/Binario_Bcd/Double_Dabble.v:120$565 ($add).
  creating $macc model for $flatten\DD1.\DD.\Nbl70.$add$cores/MiCalculadora/Operadores/Binario_Bcd/Double_Dabble.v:147$562 ($add).
  creating $macc model for $flatten\DD1.\DD.\initial_reg0.$sub$cores/MiCalculadora/Operadores/Binario_Bcd/Double_Dabble.v:89$568 ($sub).
  creating $macc model for $flatten\RDD1.\RDD.\R_Nbl0.$sub$cores/MiCalculadora/Operadores/Bcd_Binario/Rev_Double_Dabble.v:103$616 ($sub).
  creating $macc model for $flatten\RDD1.\RDD.\R_Nbl1.$sub$cores/MiCalculadora/Operadores/Bcd_Binario/Rev_Double_Dabble.v:103$616 ($sub).
  creating $macc model for $flatten\RDD1.\RDD.\R_Nbl2.$sub$cores/MiCalculadora/Operadores/Bcd_Binario/Rev_Double_Dabble.v:103$616 ($sub).
  creating $macc model for $flatten\RDD1.\RDD.\R_Nbl3.$sub$cores/MiCalculadora/Operadores/Bcd_Binario/Rev_Double_Dabble.v:103$616 ($sub).
  creating $macc model for $flatten\RDD1.\RDD.\R_Nbl4.$sub$cores/MiCalculadora/Operadores/Bcd_Binario/Rev_Double_Dabble.v:103$616 ($sub).
  creating $macc model for $flatten\RDD1.\RDD.\R_Nbl5.$sub$cores/MiCalculadora/Operadores/Bcd_Binario/Rev_Double_Dabble.v:103$616 ($sub).
  creating $macc model for $flatten\RDD1.\RDD.\R_Nbl6.$sub$cores/MiCalculadora/Operadores/Bcd_Binario/Rev_Double_Dabble.v:103$616 ($sub).
  creating $macc model for $flatten\RDD1.\RDD.\R_Nbl7.$sub$cores/MiCalculadora/Operadores/Bcd_Binario/Rev_Double_Dabble.v:103$616 ($sub).
  creating $macc model for $flatten\RDD1.\RDD.\out_reg0.$sub$cores/MiCalculadora/Operadores/Bcd_Binario/Rev_Double_Dabble.v:71$618 ($sub).
  creating $macc model for $flatten\div1.\Dv.\Data_path_Div0.$add$cores/MiCalculadora/Operadores/Divisi$c3$b3n/Div.v:68$591 ($add).
  creating $macc model for $flatten\div1.\Dv.\Data_path_Div0.$sub$cores/MiCalculadora/Operadores/Divisi$c3$b3n/Div.v:63$588 ($sub).
  creating $macc model for $flatten\div1.\Dv.\Data_path_Div0.$sub$cores/MiCalculadora/Operadores/Divisi$c3$b3n/Div.v:67$590 ($sub).
  creating $macc model for $flatten\mult1.\mult1.\acc0.$add$cores/MiCalculadora/Operadores/Multiplicaci$c3$b3n/acc.v:15$604 ($add).
  creating $macc model for $flatten\mult1.\mult1.\control0.$add$cores/MiCalculadora/Operadores/Multiplicaci$c3$b3n/control_mult.v:84$599 ($add).
  creating $macc model for $flatten\per_uart.\uart0.$add$cores/uart/uart.v:137$537 ($add).
  creating $macc model for $flatten\per_uart.\uart0.$add$cores/uart/uart.v:140$540 ($add).
  creating $macc model for $flatten\per_uart.\uart0.$add$cores/uart/uart.v:88$529 ($add).
  creating $macc model for $flatten\per_uart.\uart0.$add$cores/uart/uart.v:91$531 ($add).
  creating $macc model for $flatten\per_uart.\uart0.$sub$cores/uart/uart.v:39$523 ($sub).
  creating $macc model for $flatten\peripheral_Display0.\Display0.\SPI0.\spi_datapath0.$add$cores/DISPLAY/Integraci$c3$b2n/SPI.v:123$667 ($add).
  creating $macc model for $flatten\peripheral_Display0.\Display0.\SPI0.\spiclk0.$add$cores/DISPLAY/Integraci$c3$b2n/SPI.v:176$657 ($add).
  creating $macc model for $flatten\peripheral_Display0.\Display0.\addrCtrl0.\addr0.$add$cores/DISPLAY/Integraci$c3$b2n/addrCtrl.v:153$687 ($add).
  creating $macc model for $flatten\peripheral_Display0.\Display0.\addrCtrl0.\addr0.$add$cores/DISPLAY/Integraci$c3$b2n/addrCtrl.v:155$688 ($add).
  creating $macc model for $flatten\peripheral_Display0.\Display0.\addrCtrl0.\control_addr0.$sub$cores/DISPLAY/Integraci$c3$b2n/addrCtrl.v:222$673 ($sub).
  creating $macc model for $flatten\root1.\Rt.\Data_path_sqrt0.$add$cores/MiCalculadora/Operadores/Raiz/Root.v:64$579 ($add).
  creating $macc model for $flatten\root1.\Rt.\Data_path_sqrt0.$sub$cores/MiCalculadora/Operadores/Raiz/Root.v:59$576 ($sub).
  creating $macc model for $flatten\root1.\Rt.\Data_path_sqrt0.$sub$cores/MiCalculadora/Operadores/Raiz/Root.v:63$578 ($sub).
  creating $macc model for $flatten\tcl1.\Tcl.\ctrl_tcl0.$sub$cores/MiCalculadora/Teclado/Teclado.v:253$627 ($sub).
  creating $macc model for $flatten\tcl1.\Tcl.\data_tcl0.$add$cores/MiCalculadora/Teclado/Teclado.v:147$641 ($add).
  creating $macc model for $flatten\tcl1.\Tcl.\data_tcl0.$sub$cores/MiCalculadora/Teclado/Teclado.v:140$634 ($sub).
  merging $macc model for $flatten\CPU.$add$cores/cpu/femtorv32_quark_V2.v:115$385 into $flatten\CPU.$add$cores/cpu/femtorv32_quark_V2.v:115$386.
  creating $alu model for $macc $flatten\tcl1.\Tcl.\data_tcl0.$add$cores/MiCalculadora/Teclado/Teclado.v:147$641.
  creating $alu model for $macc $flatten\tcl1.\Tcl.\ctrl_tcl0.$sub$cores/MiCalculadora/Teclado/Teclado.v:253$627.
  creating $alu model for $macc $flatten\root1.\Rt.\Data_path_sqrt0.$sub$cores/MiCalculadora/Operadores/Raiz/Root.v:63$578.
  creating $alu model for $macc $flatten\root1.\Rt.\Data_path_sqrt0.$sub$cores/MiCalculadora/Operadores/Raiz/Root.v:59$576.
  creating $alu model for $macc $flatten\root1.\Rt.\Data_path_sqrt0.$add$cores/MiCalculadora/Operadores/Raiz/Root.v:64$579.
  creating $alu model for $macc $flatten\peripheral_Display0.\Display0.\addrCtrl0.\control_addr0.$sub$cores/DISPLAY/Integraci$c3$b2n/addrCtrl.v:222$673.
  creating $alu model for $macc $flatten\peripheral_Display0.\Display0.\addrCtrl0.\addr0.$add$cores/DISPLAY/Integraci$c3$b2n/addrCtrl.v:155$688.
  creating $alu model for $macc $flatten\peripheral_Display0.\Display0.\addrCtrl0.\addr0.$add$cores/DISPLAY/Integraci$c3$b2n/addrCtrl.v:153$687.
  creating $alu model for $macc $flatten\peripheral_Display0.\Display0.\SPI0.\spiclk0.$add$cores/DISPLAY/Integraci$c3$b2n/SPI.v:176$657.
  creating $alu model for $macc $flatten\peripheral_Display0.\Display0.\SPI0.\spi_datapath0.$add$cores/DISPLAY/Integraci$c3$b2n/SPI.v:123$667.
  creating $alu model for $macc $flatten\per_uart.\uart0.$sub$cores/uart/uart.v:39$523.
  creating $alu model for $macc $flatten\per_uart.\uart0.$add$cores/uart/uart.v:91$531.
  creating $alu model for $macc $flatten\per_uart.\uart0.$add$cores/uart/uart.v:88$529.
  creating $alu model for $macc $flatten\per_uart.\uart0.$add$cores/uart/uart.v:140$540.
  creating $alu model for $macc $flatten\per_uart.\uart0.$add$cores/uart/uart.v:137$537.
  creating $alu model for $macc $flatten\mult1.\mult1.\control0.$add$cores/MiCalculadora/Operadores/Multiplicaci$c3$b3n/control_mult.v:84$599.
  creating $alu model for $macc $flatten\mult1.\mult1.\acc0.$add$cores/MiCalculadora/Operadores/Multiplicaci$c3$b3n/acc.v:15$604.
  creating $alu model for $macc $flatten\div1.\Dv.\Data_path_Div0.$sub$cores/MiCalculadora/Operadores/Divisi$c3$b3n/Div.v:67$590.
  creating $alu model for $macc $flatten\div1.\Dv.\Data_path_Div0.$sub$cores/MiCalculadora/Operadores/Divisi$c3$b3n/Div.v:63$588.
  creating $alu model for $macc $flatten\div1.\Dv.\Data_path_Div0.$add$cores/MiCalculadora/Operadores/Divisi$c3$b3n/Div.v:68$591.
  creating $alu model for $macc $flatten\RDD1.\RDD.\out_reg0.$sub$cores/MiCalculadora/Operadores/Bcd_Binario/Rev_Double_Dabble.v:71$618.
  creating $alu model for $macc $flatten\RDD1.\RDD.\R_Nbl7.$sub$cores/MiCalculadora/Operadores/Bcd_Binario/Rev_Double_Dabble.v:103$616.
  creating $alu model for $macc $flatten\RDD1.\RDD.\R_Nbl6.$sub$cores/MiCalculadora/Operadores/Bcd_Binario/Rev_Double_Dabble.v:103$616.
  creating $alu model for $macc $flatten\RDD1.\RDD.\R_Nbl5.$sub$cores/MiCalculadora/Operadores/Bcd_Binario/Rev_Double_Dabble.v:103$616.
  creating $alu model for $macc $flatten\RDD1.\RDD.\R_Nbl4.$sub$cores/MiCalculadora/Operadores/Bcd_Binario/Rev_Double_Dabble.v:103$616.
  creating $alu model for $macc $flatten\RDD1.\RDD.\R_Nbl3.$sub$cores/MiCalculadora/Operadores/Bcd_Binario/Rev_Double_Dabble.v:103$616.
  creating $alu model for $macc $flatten\RDD1.\RDD.\R_Nbl2.$sub$cores/MiCalculadora/Operadores/Bcd_Binario/Rev_Double_Dabble.v:103$616.
  creating $alu model for $macc $flatten\RDD1.\RDD.\R_Nbl1.$sub$cores/MiCalculadora/Operadores/Bcd_Binario/Rev_Double_Dabble.v:103$616.
  creating $alu model for $macc $flatten\RDD1.\RDD.\R_Nbl0.$sub$cores/MiCalculadora/Operadores/Bcd_Binario/Rev_Double_Dabble.v:103$616.
  creating $alu model for $macc $flatten\DD1.\DD.\initial_reg0.$sub$cores/MiCalculadora/Operadores/Binario_Bcd/Double_Dabble.v:89$568.
  creating $alu model for $macc $flatten\DD1.\DD.\Nbl70.$add$cores/MiCalculadora/Operadores/Binario_Bcd/Double_Dabble.v:147$562.
  creating $alu model for $macc $flatten\DD1.\DD.\Nbl6.$add$cores/MiCalculadora/Operadores/Binario_Bcd/Double_Dabble.v:120$565.
  creating $alu model for $macc $flatten\DD1.\DD.\Nbl5.$add$cores/MiCalculadora/Operadores/Binario_Bcd/Double_Dabble.v:120$565.
  creating $alu model for $macc $flatten\DD1.\DD.\Nbl4.$add$cores/MiCalculadora/Operadores/Binario_Bcd/Double_Dabble.v:120$565.
  creating $alu model for $macc $flatten\DD1.\DD.\Nbl3.$add$cores/MiCalculadora/Operadores/Binario_Bcd/Double_Dabble.v:120$565.
  creating $alu model for $macc $flatten\DD1.\DD.\Nbl2.$add$cores/MiCalculadora/Operadores/Binario_Bcd/Double_Dabble.v:120$565.
  creating $alu model for $macc $flatten\DD1.\DD.\Nbl1.$add$cores/MiCalculadora/Operadores/Binario_Bcd/Double_Dabble.v:120$565.
  creating $alu model for $macc $flatten\DD1.\DD.\Nbl0.$add$cores/MiCalculadora/Operadores/Binario_Bcd/Double_Dabble.v:120$565.
  creating $alu model for $macc $flatten\CPU.$sub$cores/cpu/femtorv32_quark_V2.v:206$466.
  creating $alu model for $macc $flatten\CPU.$add$cores/cpu/femtorv32_quark_V2.v:294$515.
  creating $alu model for $macc $flatten\CPU.$add$cores/cpu/femtorv32_quark_V2.v:165$429.
  creating $alu model for $macc $flatten\CPU.$add$cores/cpu/femtorv32_quark_V2.v:161$428.
  creating $alu model for $macc $flatten\CPU.$add$cores/cpu/femtorv32_quark_V2.v:123$391.
  creating $alu model for $macc $flatten\CPU.$add$cores/cpu/femtorv32_quark_V2.v:115$386.
  creating $alu model for $macc $flatten\tcl1.\Tcl.\data_tcl0.$sub$cores/MiCalculadora/Teclado/Teclado.v:140$634.
  creating $alu model for $macc $flatten\CPU.$add$cores/cpu/femtorv32_quark_V2.v:110$383.
  creating $alu model for $flatten\div1.\Dv.\Data_path_Div0.$ge$cores/MiCalculadora/Operadores/Divisi$c3$b3n/Div.v:66$589 ($ge): new $alu
  creating $alu model for $flatten\mult1.\mult1.\control0.$gt$cores/MiCalculadora/Operadores/Multiplicaci$c3$b3n/control_mult.v:85$600 ($gt): new $alu
  creating $alu model for $flatten\peripheral_Display0.\Display0.\addrCtrl0.\addr0.$gt$cores/DISPLAY/Integraci$c3$b2n/addrCtrl.v:141$682 ($gt): new $alu
  creating $alu model for $flatten\peripheral_Display0.\Display0.\addrCtrl0.\addr0.$lt$cores/DISPLAY/Integraci$c3$b2n/addrCtrl.v:141$680 ($lt): new $alu
  creating $alu model for $flatten\peripheral_Display0.\Display0.\addrCtrl0.\addr0.$lt$cores/DISPLAY/Integraci$c3$b2n/addrCtrl.v:153$686 ($lt): new $alu
  creating $alu model for $flatten\root1.\Rt.\Data_path_sqrt0.$ge$cores/MiCalculadora/Operadores/Raiz/Root.v:62$577 ($ge): new $alu
  creating $alu model for $flatten\tcl1.\Tcl.\data_tcl0.$gt$cores/MiCalculadora/Teclado/Teclado.v:139$633 ($gt): new $alu
  creating $alu model for $flatten\tcl1.\Tcl.\data_tcl0.$gt$cores/MiCalculadora/Teclado/Teclado.v:157$644 ($gt): new $alu
  creating $alu model for $flatten\tcl1.\Tcl.\data_tcl0.$lt$cores/MiCalculadora/Teclado/Teclado.v:146$640 ($lt): new $alu
  creating $alu model for $flatten\peripheral_Display0.\Display0.\addrCtrl0.\addr0.$eq$cores/DISPLAY/Integraci$c3$b2n/addrCtrl.v:140$676 ($eq): merged with $flatten\peripheral_Display0.\Display0.\addrCtrl0.\addr0.$lt$cores/DISPLAY/Integraci$c3$b2n/addrCtrl.v:153$686.
  creating $alu cell for $flatten\tcl1.\Tcl.\data_tcl0.$lt$cores/MiCalculadora/Teclado/Teclado.v:146$640: $auto$alumacc.cc:485:replace_alu$3647
  creating $alu cell for $flatten\tcl1.\Tcl.\data_tcl0.$gt$cores/MiCalculadora/Teclado/Teclado.v:157$644: $auto$alumacc.cc:485:replace_alu$3652
  creating $alu cell for $flatten\tcl1.\Tcl.\data_tcl0.$gt$cores/MiCalculadora/Teclado/Teclado.v:139$633: $auto$alumacc.cc:485:replace_alu$3657
  creating $alu cell for $flatten\root1.\Rt.\Data_path_sqrt0.$ge$cores/MiCalculadora/Operadores/Raiz/Root.v:62$577: $auto$alumacc.cc:485:replace_alu$3662
  creating $alu cell for $flatten\peripheral_Display0.\Display0.\addrCtrl0.\addr0.$lt$cores/DISPLAY/Integraci$c3$b2n/addrCtrl.v:153$686, $flatten\peripheral_Display0.\Display0.\addrCtrl0.\addr0.$eq$cores/DISPLAY/Integraci$c3$b2n/addrCtrl.v:140$676: $auto$alumacc.cc:485:replace_alu$3671
  creating $alu cell for $flatten\peripheral_Display0.\Display0.\addrCtrl0.\addr0.$lt$cores/DISPLAY/Integraci$c3$b2n/addrCtrl.v:141$680: $auto$alumacc.cc:485:replace_alu$3678
  creating $alu cell for $flatten\peripheral_Display0.\Display0.\addrCtrl0.\addr0.$gt$cores/DISPLAY/Integraci$c3$b2n/addrCtrl.v:141$682: $auto$alumacc.cc:485:replace_alu$3689
  creating $alu cell for $flatten\mult1.\mult1.\control0.$gt$cores/MiCalculadora/Operadores/Multiplicaci$c3$b3n/control_mult.v:85$600: $auto$alumacc.cc:485:replace_alu$3700
  creating $alu cell for $flatten\div1.\Dv.\Data_path_Div0.$ge$cores/MiCalculadora/Operadores/Divisi$c3$b3n/Div.v:66$589: $auto$alumacc.cc:485:replace_alu$3705
  creating $alu cell for $flatten\CPU.$add$cores/cpu/femtorv32_quark_V2.v:110$383: $auto$alumacc.cc:485:replace_alu$3714
  creating $alu cell for $flatten\tcl1.\Tcl.\data_tcl0.$sub$cores/MiCalculadora/Teclado/Teclado.v:140$634: $auto$alumacc.cc:485:replace_alu$3717
  creating $alu cell for $flatten\CPU.$add$cores/cpu/femtorv32_quark_V2.v:115$386: $auto$alumacc.cc:485:replace_alu$3720
  creating $alu cell for $flatten\CPU.$add$cores/cpu/femtorv32_quark_V2.v:123$391: $auto$alumacc.cc:485:replace_alu$3723
  creating $alu cell for $flatten\CPU.$add$cores/cpu/femtorv32_quark_V2.v:161$428: $auto$alumacc.cc:485:replace_alu$3726
  creating $alu cell for $flatten\CPU.$add$cores/cpu/femtorv32_quark_V2.v:165$429: $auto$alumacc.cc:485:replace_alu$3729
  creating $alu cell for $flatten\CPU.$add$cores/cpu/femtorv32_quark_V2.v:294$515: $auto$alumacc.cc:485:replace_alu$3732
  creating $alu cell for $flatten\CPU.$sub$cores/cpu/femtorv32_quark_V2.v:206$466: $auto$alumacc.cc:485:replace_alu$3735
  creating $alu cell for $flatten\DD1.\DD.\Nbl0.$add$cores/MiCalculadora/Operadores/Binario_Bcd/Double_Dabble.v:120$565: $auto$alumacc.cc:485:replace_alu$3738
  creating $alu cell for $flatten\DD1.\DD.\Nbl1.$add$cores/MiCalculadora/Operadores/Binario_Bcd/Double_Dabble.v:120$565: $auto$alumacc.cc:485:replace_alu$3741
  creating $alu cell for $flatten\DD1.\DD.\Nbl2.$add$cores/MiCalculadora/Operadores/Binario_Bcd/Double_Dabble.v:120$565: $auto$alumacc.cc:485:replace_alu$3744
  creating $alu cell for $flatten\DD1.\DD.\Nbl3.$add$cores/MiCalculadora/Operadores/Binario_Bcd/Double_Dabble.v:120$565: $auto$alumacc.cc:485:replace_alu$3747
  creating $alu cell for $flatten\DD1.\DD.\Nbl4.$add$cores/MiCalculadora/Operadores/Binario_Bcd/Double_Dabble.v:120$565: $auto$alumacc.cc:485:replace_alu$3750
  creating $alu cell for $flatten\DD1.\DD.\Nbl5.$add$cores/MiCalculadora/Operadores/Binario_Bcd/Double_Dabble.v:120$565: $auto$alumacc.cc:485:replace_alu$3753
  creating $alu cell for $flatten\DD1.\DD.\Nbl6.$add$cores/MiCalculadora/Operadores/Binario_Bcd/Double_Dabble.v:120$565: $auto$alumacc.cc:485:replace_alu$3756
  creating $alu cell for $flatten\DD1.\DD.\Nbl70.$add$cores/MiCalculadora/Operadores/Binario_Bcd/Double_Dabble.v:147$562: $auto$alumacc.cc:485:replace_alu$3759
  creating $alu cell for $flatten\DD1.\DD.\initial_reg0.$sub$cores/MiCalculadora/Operadores/Binario_Bcd/Double_Dabble.v:89$568: $auto$alumacc.cc:485:replace_alu$3762
  creating $alu cell for $flatten\RDD1.\RDD.\R_Nbl0.$sub$cores/MiCalculadora/Operadores/Bcd_Binario/Rev_Double_Dabble.v:103$616: $auto$alumacc.cc:485:replace_alu$3765
  creating $alu cell for $flatten\RDD1.\RDD.\R_Nbl1.$sub$cores/MiCalculadora/Operadores/Bcd_Binario/Rev_Double_Dabble.v:103$616: $auto$alumacc.cc:485:replace_alu$3768
  creating $alu cell for $flatten\RDD1.\RDD.\R_Nbl2.$sub$cores/MiCalculadora/Operadores/Bcd_Binario/Rev_Double_Dabble.v:103$616: $auto$alumacc.cc:485:replace_alu$3771
  creating $alu cell for $flatten\RDD1.\RDD.\R_Nbl3.$sub$cores/MiCalculadora/Operadores/Bcd_Binario/Rev_Double_Dabble.v:103$616: $auto$alumacc.cc:485:replace_alu$3774
  creating $alu cell for $flatten\RDD1.\RDD.\R_Nbl4.$sub$cores/MiCalculadora/Operadores/Bcd_Binario/Rev_Double_Dabble.v:103$616: $auto$alumacc.cc:485:replace_alu$3777
  creating $alu cell for $flatten\RDD1.\RDD.\R_Nbl5.$sub$cores/MiCalculadora/Operadores/Bcd_Binario/Rev_Double_Dabble.v:103$616: $auto$alumacc.cc:485:replace_alu$3780
  creating $alu cell for $flatten\RDD1.\RDD.\R_Nbl6.$sub$cores/MiCalculadora/Operadores/Bcd_Binario/Rev_Double_Dabble.v:103$616: $auto$alumacc.cc:485:replace_alu$3783
  creating $alu cell for $flatten\RDD1.\RDD.\R_Nbl7.$sub$cores/MiCalculadora/Operadores/Bcd_Binario/Rev_Double_Dabble.v:103$616: $auto$alumacc.cc:485:replace_alu$3786
  creating $alu cell for $flatten\RDD1.\RDD.\out_reg0.$sub$cores/MiCalculadora/Operadores/Bcd_Binario/Rev_Double_Dabble.v:71$618: $auto$alumacc.cc:485:replace_alu$3789
  creating $alu cell for $flatten\div1.\Dv.\Data_path_Div0.$add$cores/MiCalculadora/Operadores/Divisi$c3$b3n/Div.v:68$591: $auto$alumacc.cc:485:replace_alu$3792
  creating $alu cell for $flatten\div1.\Dv.\Data_path_Div0.$sub$cores/MiCalculadora/Operadores/Divisi$c3$b3n/Div.v:63$588: $auto$alumacc.cc:485:replace_alu$3795
  creating $alu cell for $flatten\div1.\Dv.\Data_path_Div0.$sub$cores/MiCalculadora/Operadores/Divisi$c3$b3n/Div.v:67$590: $auto$alumacc.cc:485:replace_alu$3798
  creating $alu cell for $flatten\mult1.\mult1.\acc0.$add$cores/MiCalculadora/Operadores/Multiplicaci$c3$b3n/acc.v:15$604: $auto$alumacc.cc:485:replace_alu$3801
  creating $alu cell for $flatten\mult1.\mult1.\control0.$add$cores/MiCalculadora/Operadores/Multiplicaci$c3$b3n/control_mult.v:84$599: $auto$alumacc.cc:485:replace_alu$3804
  creating $alu cell for $flatten\per_uart.\uart0.$add$cores/uart/uart.v:137$537: $auto$alumacc.cc:485:replace_alu$3807
  creating $alu cell for $flatten\per_uart.\uart0.$add$cores/uart/uart.v:140$540: $auto$alumacc.cc:485:replace_alu$3810
  creating $alu cell for $flatten\per_uart.\uart0.$add$cores/uart/uart.v:88$529: $auto$alumacc.cc:485:replace_alu$3813
  creating $alu cell for $flatten\per_uart.\uart0.$add$cores/uart/uart.v:91$531: $auto$alumacc.cc:485:replace_alu$3816
  creating $alu cell for $flatten\per_uart.\uart0.$sub$cores/uart/uart.v:39$523: $auto$alumacc.cc:485:replace_alu$3819
  creating $alu cell for $flatten\peripheral_Display0.\Display0.\SPI0.\spi_datapath0.$add$cores/DISPLAY/Integraci$c3$b2n/SPI.v:123$667: $auto$alumacc.cc:485:replace_alu$3822
  creating $alu cell for $flatten\peripheral_Display0.\Display0.\SPI0.\spiclk0.$add$cores/DISPLAY/Integraci$c3$b2n/SPI.v:176$657: $auto$alumacc.cc:485:replace_alu$3825
  creating $alu cell for $flatten\peripheral_Display0.\Display0.\addrCtrl0.\addr0.$add$cores/DISPLAY/Integraci$c3$b2n/addrCtrl.v:153$687: $auto$alumacc.cc:485:replace_alu$3828
  creating $alu cell for $flatten\peripheral_Display0.\Display0.\addrCtrl0.\addr0.$add$cores/DISPLAY/Integraci$c3$b2n/addrCtrl.v:155$688: $auto$alumacc.cc:485:replace_alu$3831
  creating $alu cell for $flatten\peripheral_Display0.\Display0.\addrCtrl0.\control_addr0.$sub$cores/DISPLAY/Integraci$c3$b2n/addrCtrl.v:222$673: $auto$alumacc.cc:485:replace_alu$3834
  creating $alu cell for $flatten\root1.\Rt.\Data_path_sqrt0.$add$cores/MiCalculadora/Operadores/Raiz/Root.v:64$579: $auto$alumacc.cc:485:replace_alu$3837
  creating $alu cell for $flatten\root1.\Rt.\Data_path_sqrt0.$sub$cores/MiCalculadora/Operadores/Raiz/Root.v:59$576: $auto$alumacc.cc:485:replace_alu$3840
  creating $alu cell for $flatten\root1.\Rt.\Data_path_sqrt0.$sub$cores/MiCalculadora/Operadores/Raiz/Root.v:63$578: $auto$alumacc.cc:485:replace_alu$3843
  creating $alu cell for $flatten\tcl1.\Tcl.\ctrl_tcl0.$sub$cores/MiCalculadora/Teclado/Teclado.v:253$627: $auto$alumacc.cc:485:replace_alu$3846
  creating $alu cell for $flatten\tcl1.\Tcl.\data_tcl0.$add$cores/MiCalculadora/Teclado/Teclado.v:147$641: $auto$alumacc.cc:485:replace_alu$3849
  created 55 $alu and 0 $macc cells.

33.24. Executing OPT pass (performing simple optimizations).

33.24.1. Executing OPT_EXPR pass (perform const folding).
Optimizing module SOC.

33.24.2. Executing OPT_MERGE pass (detect identical cells).
Finding identical cells in module `\SOC'.
Removed a total of 0 cells.

33.24.3. Executing OPT_MUXTREE pass (detect dead branches in mux trees).
Running muxtree optimizer on module \SOC..
  Creating internal representation of mux trees.
  Evaluating internal representation of mux trees.
  Analyzing evaluation results.
Removed 0 multiplexer ports.

33.24.4. Executing OPT_REDUCE pass (consolidate $*mux and $reduce_* inputs).
  Optimizing cells in module \SOC.
Performed a total of 0 changes.

33.24.5. Executing OPT_MERGE pass (detect identical cells).
Finding identical cells in module `\SOC'.
Removed a total of 0 cells.

33.24.6. Executing OPT_DFF pass (perform DFF optimizations).
Setting constant 0-bit at position 27 on $flatten\div1.$procdff$2717 ($dff) from module SOC.
Setting constant 0-bit at position 28 on $flatten\div1.$procdff$2717 ($dff) from module SOC.
Setting constant 0-bit at position 29 on $flatten\div1.$procdff$2717 ($dff) from module SOC.
Setting constant 0-bit at position 30 on $flatten\div1.$procdff$2717 ($dff) from module SOC.
Setting constant 0-bit at position 31 on $flatten\div1.$procdff$2717 ($dff) from module SOC.
Setting constant 0-bit at position 10 on $flatten\per_uart.$procdff$2704 ($dff) from module SOC.
Setting constant 0-bit at position 11 on $flatten\per_uart.$procdff$2704 ($dff) from module SOC.
Setting constant 0-bit at position 12 on $flatten\per_uart.$procdff$2704 ($dff) from module SOC.
Setting constant 0-bit at position 13 on $flatten\per_uart.$procdff$2704 ($dff) from module SOC.
Setting constant 0-bit at position 14 on $flatten\per_uart.$procdff$2704 ($dff) from module SOC.
Setting constant 0-bit at position 15 on $flatten\per_uart.$procdff$2704 ($dff) from module SOC.
Setting constant 0-bit at position 16 on $flatten\per_uart.$procdff$2704 ($dff) from module SOC.
Setting constant 0-bit at position 17 on $flatten\per_uart.$procdff$2704 ($dff) from module SOC.
Setting constant 0-bit at position 18 on $flatten\per_uart.$procdff$2704 ($dff) from module SOC.
Setting constant 0-bit at position 19 on $flatten\per_uart.$procdff$2704 ($dff) from module SOC.
Setting constant 0-bit at position 20 on $flatten\per_uart.$procdff$2704 ($dff) from module SOC.
Setting constant 0-bit at position 21 on $flatten\per_uart.$procdff$2704 ($dff) from module SOC.
Setting constant 0-bit at position 22 on $flatten\per_uart.$procdff$2704 ($dff) from module SOC.
Setting constant 0-bit at position 23 on $flatten\per_uart.$procdff$2704 ($dff) from module SOC.
Setting constant 0-bit at position 24 on $flatten\per_uart.$procdff$2704 ($dff) from module SOC.
Setting constant 0-bit at position 25 on $flatten\per_uart.$procdff$2704 ($dff) from module SOC.
Setting constant 0-bit at position 26 on $flatten\per_uart.$procdff$2704 ($dff) from module SOC.
Setting constant 0-bit at position 27 on $flatten\per_uart.$procdff$2704 ($dff) from module SOC.
Setting constant 0-bit at position 28 on $flatten\per_uart.$procdff$2704 ($dff) from module SOC.
Setting constant 0-bit at position 29 on $flatten\per_uart.$procdff$2704 ($dff) from module SOC.
Setting constant 0-bit at position 30 on $flatten\per_uart.$procdff$2704 ($dff) from module SOC.
Setting constant 0-bit at position 31 on $flatten\per_uart.$procdff$2704 ($dff) from module SOC.
Setting constant 0-bit at position 28 on $flatten\root1.$procdff$2721 ($dff) from module SOC.
Setting constant 0-bit at position 29 on $flatten\root1.$procdff$2721 ($dff) from module SOC.
Setting constant 0-bit at position 30 on $flatten\root1.$procdff$2721 ($dff) from module SOC.
Setting constant 0-bit at position 31 on $flatten\root1.$procdff$2721 ($dff) from module SOC.
Setting constant 0-bit at position 6 on $flatten\tcl1.$procdff$2708 ($dff) from module SOC.
Setting constant 0-bit at position 7 on $flatten\tcl1.$procdff$2708 ($dff) from module SOC.
Setting constant 0-bit at position 8 on $flatten\tcl1.$procdff$2708 ($dff) from module SOC.
Setting constant 0-bit at position 9 on $flatten\tcl1.$procdff$2708 ($dff) from module SOC.
Setting constant 0-bit at position 10 on $flatten\tcl1.$procdff$2708 ($dff) from module SOC.
Setting constant 0-bit at position 11 on $flatten\tcl1.$procdff$2708 ($dff) from module SOC.
Setting constant 0-bit at position 12 on $flatten\tcl1.$procdff$2708 ($dff) from module SOC.
Setting constant 0-bit at position 13 on $flatten\tcl1.$procdff$2708 ($dff) from module SOC.
Setting constant 0-bit at position 14 on $flatten\tcl1.$procdff$2708 ($dff) from module SOC.
Setting constant 0-bit at position 15 on $flatten\tcl1.$procdff$2708 ($dff) from module SOC.
Setting constant 0-bit at position 16 on $flatten\tcl1.$procdff$2708 ($dff) from module SOC.
Setting constant 0-bit at position 17 on $flatten\tcl1.$procdff$2708 ($dff) from module SOC.
Setting constant 0-bit at position 18 on $flatten\tcl1.$procdff$2708 ($dff) from module SOC.
Setting constant 0-bit at position 19 on $flatten\tcl1.$procdff$2708 ($dff) from module SOC.
Setting constant 0-bit at position 20 on $flatten\tcl1.$procdff$2708 ($dff) from module SOC.
Setting constant 0-bit at position 21 on $flatten\tcl1.$procdff$2708 ($dff) from module SOC.
Setting constant 0-bit at position 22 on $flatten\tcl1.$procdff$2708 ($dff) from module SOC.
Setting constant 0-bit at position 23 on $flatten\tcl1.$procdff$2708 ($dff) from module SOC.
Setting constant 0-bit at position 24 on $flatten\tcl1.$procdff$2708 ($dff) from module SOC.
Setting constant 0-bit at position 25 on $flatten\tcl1.$procdff$2708 ($dff) from module SOC.
Setting constant 0-bit at position 26 on $flatten\tcl1.$procdff$2708 ($dff) from module SOC.
Setting constant 0-bit at position 27 on $flatten\tcl1.$procdff$2708 ($dff) from module SOC.
Setting constant 0-bit at position 28 on $flatten\tcl1.$procdff$2708 ($dff) from module SOC.
Setting constant 0-bit at position 29 on $flatten\tcl1.$procdff$2708 ($dff) from module SOC.
Setting constant 0-bit at position 30 on $flatten\tcl1.$procdff$2708 ($dff) from module SOC.
Setting constant 0-bit at position 31 on $flatten\tcl1.$procdff$2708 ($dff) from module SOC.

33.24.7. Executing OPT_CLEAN pass (remove unused cells and wires).
Finding unused cells or wires in module \SOC..
Removed 4 unused cells and 15 unused wires.

33.24.8. Executing OPT_EXPR pass (perform const folding).
Optimizing module SOC.

33.24.9. Rerunning OPT passes. (Maybe there is more to do..)

33.24.10. Executing OPT_MUXTREE pass (detect dead branches in mux trees).
Running muxtree optimizer on module \SOC..
  Creating internal representation of mux trees.
  Evaluating internal representation of mux trees.
  Analyzing evaluation results.
Removed 0 multiplexer ports.

33.24.11. Executing OPT_REDUCE pass (consolidate $*mux and $reduce_* inputs).
  Optimizing cells in module \SOC.
Performed a total of 0 changes.

33.24.12. Executing OPT_MERGE pass (detect identical cells).
Finding identical cells in module `\SOC'.
Removed a total of 0 cells.

33.24.13. Executing OPT_DFF pass (perform DFF optimizations).

33.24.14. Executing OPT_CLEAN pass (remove unused cells and wires).
Finding unused cells or wires in module \SOC..

33.24.15. Executing OPT_EXPR pass (perform const folding).
Optimizing module SOC.

33.24.16. Finished OPT passes. (There is nothing left to do.)

33.25. Executing MEMORY pass.

33.25.1. Executing OPT_MEM pass (optimize memories).
Performed a total of 96 transformations.

33.25.2. Executing OPT_MEM_PRIORITY pass (removing unnecessary memory write priority relations).
Performed a total of 6 transformations.

33.25.3. Executing OPT_MEM_FEEDBACK pass (finding memory read-to-write feedback paths).
  Analyzing SOC.CPU.registerFile write port 0.
  Analyzing SOC.CPU.registerFile write port 1.
  Analyzing SOC.RAM.MEM write port 0.
  Analyzing SOC.RAM.MEM write port 1.
  Analyzing SOC.RAM.MEM write port 2.
  Analyzing SOC.RAM.MEM write port 3.
  Analyzing SOC.peripheral_Display0.Display0.dp_ram0.ram write port 0.

33.25.4. Executing MEMORY_BMUX2ROM pass (converting muxes to ROMs).

33.25.5. Executing MEMORY_DFF pass (merging $dff cells to $memrd).
Checking read port `\CPU.registerFile'[0] in module `\SOC': merging output FF to cell.
    Write port 0: don't care on collision.
    Write port 1: non-transparent.
Checking read port `\CPU.registerFile'[1] in module `\SOC': merging output FF to cell.
    Write port 0: don't care on collision.
    Write port 1: non-transparent.
Checking read port `\RAM.MEM'[0] in module `\SOC': merging output FF to cell.
    Write port 0: non-transparent.
    Write port 1: non-transparent.
    Write port 2: non-transparent.
    Write port 3: non-transparent.
Checking read port `\peripheral_Display0.Display0.dp_ram0.ram'[0] in module `\SOC': merging output FF to cell.
    Write port 0: don't care on collision.
Checking read port `\peripheral_Display0.Display0.dp_ram0.ram'[1] in module `\SOC': merging output FF to cell.
    Write port 0: non-transparent.

33.25.6. Executing OPT_CLEAN pass (remove unused cells and wires).
Finding unused cells or wires in module \SOC..
Removed 5 unused cells and 133 unused wires.

33.25.7. Executing MEMORY_SHARE pass (consolidating $memrd/$memwr cells).
Consolidating read ports of memory SOC.CPU.registerFile by address:
Consolidating write ports of memory SOC.CPU.registerFile by address:
Consolidating write ports of memory SOC.RAM.MEM by address:
  Merging ports 0, 1 (address \mem_addr [13:2]).
  Merging ports 0, 2 (address \mem_addr [13:2]).
  Merging ports 0, 3 (address \mem_addr [13:2]).
Consolidating read ports of memory SOC.peripheral_Display0.Display0.dp_ram0.ram by address:
Consolidating write ports of memory SOC.CPU.registerFile using sat-based resource sharing:
  Checking group clocked with posedge \clk, width 32: ports 0, 1.
  Common input cone for all EN signals: 11 cells.
  Size of unconstrained SAT problem: 87 variables, 205 clauses
  Merging port 1 into port 0.

33.25.8. Executing OPT_MEM_WIDEN pass (optimize memories where all ports are wide).
Performed a total of 0 transformations.

33.25.9. Executing OPT_CLEAN pass (remove unused cells and wires).
Finding unused cells or wires in module \SOC..
Removed 4 unused cells and 4 unused wires.

33.25.10. Executing MEMORY_COLLECT pass (generating $mem cells).

33.26. Executing OPT_CLEAN pass (remove unused cells and wires).
Finding unused cells or wires in module \SOC..

33.27. Executing MEMORY_LIBMAP pass (mapping memories to cells).
mapping memory SOC.CPU.registerFile via $__TRELLIS_DPR16X4_
Extracted data FF from read port 0 of SOC.CPU.registerFile: $\CPU.registerFile$rdreg[0]
Extracted data FF from read port 1 of SOC.CPU.registerFile: $\CPU.registerFile$rdreg[1]
mapping memory SOC.RAM.MEM via $__ECP5_DP16KD_
mapping memory SOC.peripheral_Display0.Display0.dp_ram0.ram via $__ECP5_DP16KD_

33.28. Executing TECHMAP pass (map to technology primitives).

33.28.1. Executing Verilog-2005 frontend: /home/leonardo/miniconda3/envs/digital/bin/../share/yosys/ecp5/lutrams_map.v
Parsing Verilog input from `/home/leonardo/miniconda3/envs/digital/bin/../share/yosys/ecp5/lutrams_map.v' to AST representation.
Generating RTLIL representation for module `\$__TRELLIS_DPR16X4_'.
Successfully finished Verilog frontend.

33.28.2. Executing Verilog-2005 frontend: /home/leonardo/miniconda3/envs/digital/bin/../share/yosys/ecp5/brams_map.v
Parsing Verilog input from `/home/leonardo/miniconda3/envs/digital/bin/../share/yosys/ecp5/brams_map.v' to AST representation.
Generating RTLIL representation for module `\$__ECP5_DP16KD_'.
Generating RTLIL representation for module `\$__ECP5_PDPW16KD_'.
Successfully finished Verilog frontend.

33.28.3. Continuing TECHMAP pass.
Using template $paramod$658ff9bd8c8f16accc5564f646a5c7e4337dc992\$__ECP5_DP16KD_ for cells of type $__ECP5_DP16KD_.
Using template $paramod$cfeb16c6f2b3228c7d89f5f15e1e4d1ec8c1314f\$__ECP5_DP16KD_ for cells of type $__ECP5_DP16KD_.
Using template $paramod$a4c4f928c570850bf5b5d7a5a718b29a64df7d8c\$__ECP5_DP16KD_ for cells of type $__ECP5_DP16KD_.
Using template $paramod$18de71c3ae0ebf6e5d4997e6080602c2c5cea35b\$__ECP5_DP16KD_ for cells of type $__ECP5_DP16KD_.
Using template $paramod$7141461fd3a12126eadf5a6213e790ee1b4b2cd9\$__ECP5_DP16KD_ for cells of type $__ECP5_DP16KD_.
Using template $paramod$df9762feee427c9c1d84051c842cf10b692cd5de\$__ECP5_DP16KD_ for cells of type $__ECP5_DP16KD_.
Using template $paramod$514fc941ac1ae997c717a8e6a1180ed8e0cf8fa9\$__TRELLIS_DPR16X4_ for cells of type $__TRELLIS_DPR16X4_.
Using template $paramod$04778961cc1285a5efea28f98f28381eb2862208\$__TRELLIS_DPR16X4_ for cells of type $__TRELLIS_DPR16X4_.
Using template $paramod$bb82ede59417c563015bf1e67d0fb546d3ac6d50\$__ECP5_DP16KD_ for cells of type $__ECP5_DP16KD_.
Using template $paramod$1e6d608552dab44c48a9432cbca79d763ad67358\$__ECP5_DP16KD_ for cells of type $__ECP5_DP16KD_.
Using template $paramod$0e06f960f75cf8b45edcbc721b638a14e0315e02\$__ECP5_DP16KD_ for cells of type $__ECP5_DP16KD_.
Using template $paramod$07985ad57de2b5b9957e75822dd86eecacbeba3b\$__ECP5_DP16KD_ for cells of type $__ECP5_DP16KD_.
Using template $paramod$db218d9abeb34634eba3ce57cd1e722ed6108cb1\$__ECP5_DP16KD_ for cells of type $__ECP5_DP16KD_.
Using template $paramod$550c6c30235163c1e845d536c77eef088aa29a27\$__ECP5_DP16KD_ for cells of type $__ECP5_DP16KD_.
No more expansions possible.

33.29. Executing OPT pass (performing simple optimizations).

33.29.1. Executing OPT_EXPR pass (perform const folding).
Optimizing module SOC.

33.29.2. Executing OPT_MERGE pass (detect identical cells).
Finding identical cells in module `\SOC'.
Removed a total of 3 cells.

33.29.3. Executing OPT_DFF pass (perform DFF optimizations).
Removing always-active EN on $auto$mem.cc:1137:emulate_transparency$4098 ($dffe) from module SOC.
Adding SRST signal on $auto$mem.cc:1616:emulate_read_first$4086 ($dff) from module SOC (D = $flatten\peripheral_Display0.\Display0.\dp_ram0.$2$memwr$\ram$cores/DISPLAY/Integraci$c3$b2n/dpram.v:48$544_EN[15:0]$556 [15], Q = $auto$mem.cc:1613:emulate_read_first$4083, rval = 1'0).
Adding EN signal on $auto$ff.cc:266:slice$3501 ($sdffe) from module SOC (D = $flatten\CPU.$ternary$cores/cpu/femtorv32_quark_V2.v:271$506_Y [1:0], Q = \CPU.PC [1:0]).
Adding SRST signal on $auto$ff.cc:266:slice$3180 ($dffe) from module SOC (D = $auto$wreduce.cc:461:run$3572 [4:0], Q = \mult1.mult1.control0.count, rval = 5'00000).

33.29.4. Executing OPT_CLEAN pass (remove unused cells and wires).
Finding unused cells or wires in module \SOC..
Removed 10 unused cells and 791 unused wires.

33.29.5. Rerunning OPT passes. (Removed registers in this run.)

33.29.6. Executing OPT_EXPR pass (perform const folding).
Optimizing module SOC.

33.29.7. Executing OPT_MERGE pass (detect identical cells).
Finding identical cells in module `\SOC'.
Removed a total of 0 cells.

33.29.8. Executing OPT_DFF pass (perform DFF optimizations).
Adding SRST signal on $auto$ff.cc:266:slice$3176 ($dffe) from module SOC (D = \mult1.A [0], Q = \mult1.mult1.lsr0.s_A [0], rval = 1'0).
Adding SRST signal on $auto$ff.cc:266:slice$3171 ($dffe) from module SOC (D = \mult1.B [15], Q = \mult1.mult1.rsr0.s_B [15], rval = 1'0).
Adding SRST signal on $auto$ff.cc:266:slice$3079 ($dffe) from module SOC (D = \peripheral_Display0.Display0.dp_ram0.dat_b [0], Q = \peripheral_Display0.Display0.SPI0.spi_datapath0.data [0], rval = 1'0).

33.29.9. Executing OPT_CLEAN pass (remove unused cells and wires).
Finding unused cells or wires in module \SOC..
Removed 2 unused cells and 2 unused wires.

33.29.10. Rerunning OPT passes. (Removed registers in this run.)

33.29.11. Executing OPT_EXPR pass (perform const folding).
Optimizing module SOC.

33.29.12. Executing OPT_MERGE pass (detect identical cells).
Finding identical cells in module `\SOC'.
Removed a total of 0 cells.

33.29.13. Executing OPT_DFF pass (perform DFF optimizations).

33.29.14. Executing OPT_CLEAN pass (remove unused cells and wires).
Finding unused cells or wires in module \SOC..

33.29.15. Finished fast OPT passes.

33.30. Executing MEMORY_MAP pass (converting memories to logic and flip-flops).

33.31. Executing OPT pass (performing simple optimizations).

33.31.1. Executing OPT_EXPR pass (perform const folding).
Optimizing module SOC.

33.31.2. Executing OPT_MERGE pass (detect identical cells).
Finding identical cells in module `\SOC'.
Removed a total of 0 cells.

33.31.3. Executing OPT_MUXTREE pass (detect dead branches in mux trees).
Running muxtree optimizer on module \SOC..
  Creating internal representation of mux trees.
  Evaluating internal representation of mux trees.
      Replacing known input bits on port B of cell $auto$memory_share.cc:453:consolidate_wr_using_sat$4000: $auto$rtlil.cc:2416:ReduceOr$3994 -> 1'1
  Analyzing evaluation results.
Removed 0 multiplexer ports.

33.31.4. Executing OPT_REDUCE pass (consolidate $*mux and $reduce_* inputs).
  Optimizing cells in module \SOC.
    Consolidated identical input bits for $mux cell $flatten\CPU.$procmux$2225:
      Old ports: A=4'0001, B=4'100x, Y=$flatten\CPU.$procmux$2225_Y
      New ports: A=2'01, B=2'1x, Y={ $flatten\CPU.$procmux$2225_Y [3] $flatten\CPU.$procmux$2225_Y [0] }
      New connections: $flatten\CPU.$procmux$2225_Y [2:1] = 2'00
    Consolidated identical input bits for $mux cell $flatten\CPU.$ternary$cores/cpu/femtorv32_quark_V2.v:162$426:
      Old ports: A={ \CPU.instr [29] \CPU.instr [29] \CPU.instr [29] \CPU.instr [29] \CPU.instr [29] \CPU.instr [29] \CPU.instr [29] \CPU.instr [29] \CPU.instr [29] \CPU.instr [29] \CPU.instr [29] \CPU.instr [29] \CPU.instr [5] \CPU.instr [28:23] \CPU.instr [9:6] 1'0 }, B={ \CPU.instr [21:10] 12'000000000000 }, Y=$flatten\CPU.$ternary$cores/cpu/femtorv32_quark_V2.v:162$426_Y
      New ports: A={ \CPU.instr [29] \CPU.instr [29] \CPU.instr [29] \CPU.instr [29] \CPU.instr [29] \CPU.instr [29] \CPU.instr [29] \CPU.instr [29] \CPU.instr [29] \CPU.instr [29] \CPU.instr [29] \CPU.instr [29] \CPU.instr [5] \CPU.instr [28:23] \CPU.instr [9:6] }, B={ \CPU.instr [21:10] 11'00000000000 }, Y=$flatten\CPU.$ternary$cores/cpu/femtorv32_quark_V2.v:162$426_Y [23:1]
      New connections: $flatten\CPU.$ternary$cores/cpu/femtorv32_quark_V2.v:162$426_Y [0] = 1'0
    Consolidated identical input bits for $mux cell $flatten\CPU.$ternary$cores/cpu/femtorv32_quark_V2.v:173$435:
      Old ports: A=0, B={ \CPU.instr [29:10] 12'000000000000 }, Y=$flatten\CPU.$ternary$cores/cpu/femtorv32_quark_V2.v:173$435_Y
      New ports: A=20'00000000000000000000, B=\CPU.instr [29:10], Y=$flatten\CPU.$ternary$cores/cpu/femtorv32_quark_V2.v:173$435_Y [31:12]
      New connections: $flatten\CPU.$ternary$cores/cpu/femtorv32_quark_V2.v:173$435_Y [11:0] = 12'000000000000
    Consolidated identical input bits for $mux cell $flatten\CPU.$ternary$cores/cpu/femtorv32_quark_V2.v:223$484:
      Old ports: A=4'0100, B=4'1000, Y=$flatten\CPU.$ternary$cores/cpu/femtorv32_quark_V2.v:223$484_Y
      New ports: A=2'01, B=2'10, Y=$flatten\CPU.$ternary$cores/cpu/femtorv32_quark_V2.v:223$484_Y [3:2]
      New connections: $flatten\CPU.$ternary$cores/cpu/femtorv32_quark_V2.v:223$484_Y [1:0] = 2'00
    Consolidated identical input bits for $mux cell $flatten\CPU.$ternary$cores/cpu/femtorv32_quark_V2.v:227$487:
      Old ports: A=4'0011, B=4'1100, Y=$flatten\CPU.$ternary$cores/cpu/femtorv32_quark_V2.v:227$487_Y
      New ports: A=2'01, B=2'10, Y={ $flatten\CPU.$ternary$cores/cpu/femtorv32_quark_V2.v:227$487_Y [2] $flatten\CPU.$ternary$cores/cpu/femtorv32_quark_V2.v:227$487_Y [0] }
      New connections: { $flatten\CPU.$ternary$cores/cpu/femtorv32_quark_V2.v:227$487_Y [3] $flatten\CPU.$ternary$cores/cpu/femtorv32_quark_V2.v:227$487_Y [1] } = { $flatten\CPU.$ternary$cores/cpu/femtorv32_quark_V2.v:227$487_Y [2] $flatten\CPU.$ternary$cores/cpu/femtorv32_quark_V2.v:227$487_Y [0] }
    Consolidated identical input bits for $mux cell $flatten\CPU.$ternary$cores/cpu/femtorv32_quark_V2.v:274$507:
      Old ports: A=4'0001, B=4'1000, Y=$auto$wreduce.cc:461:run$3524 [3:0]
      New ports: A=2'01, B=2'10, Y={ $auto$wreduce.cc:461:run$3524 [3] $auto$wreduce.cc:461:run$3524 [0] }
      New connections: $auto$wreduce.cc:461:run$3524 [2:1] = 2'00
    Consolidated identical input bits for $mux cell $flatten\DD1.$ternary$cores/MiCalculadora/Operadores/Binario_Bcd/perip_Double_Dabble.v:26$259:
      Old ports: A=2'00, B=2'10, Y=$auto$wreduce.cc:461:run$3526 [1:0]
      New ports: A=1'0, B=1'1, Y=$auto$wreduce.cc:461:run$3526 [1]
      New connections: $auto$wreduce.cc:461:run$3526 [0] = 1'0
    Consolidated identical input bits for $mux cell $flatten\DD1.$ternary$cores/MiCalculadora/Operadores/Binario_Bcd/perip_Double_Dabble.v:27$260:
      Old ports: A=3'000, B=3'100, Y=$auto$wreduce.cc:461:run$3527 [2:0]
      New ports: A=1'0, B=1'1, Y=$auto$wreduce.cc:461:run$3527 [2]
      New connections: $auto$wreduce.cc:461:run$3527 [1:0] = 2'00
    Consolidated identical input bits for $mux cell $flatten\DD1.$ternary$cores/MiCalculadora/Operadores/Binario_Bcd/perip_Double_Dabble.v:28$261:
      Old ports: A=4'0000, B=4'1000, Y=$flatten\DD1.$ternary$cores/MiCalculadora/Operadores/Binario_Bcd/perip_Double_Dabble.v:28$261_Y
      New ports: A=1'0, B=1'1, Y=$flatten\DD1.$ternary$cores/MiCalculadora/Operadores/Binario_Bcd/perip_Double_Dabble.v:28$261_Y [3]
      New connections: $flatten\DD1.$ternary$cores/MiCalculadora/Operadores/Binario_Bcd/perip_Double_Dabble.v:28$261_Y [2:0] = 3'000
    Consolidated identical input bits for $mux cell $flatten\DD1.\DD.\Control_DD0.$procmux$1849:
      Old ports: A=3'100, B=3'000, Y=$auto$wreduce.cc:461:run$3529
      New ports: A=1'1, B=1'0, Y=$auto$wreduce.cc:461:run$3529 [2]
      New connections: $auto$wreduce.cc:461:run$3529 [1:0] = 2'00
    Consolidated identical input bits for $mux cell $flatten\RDD1.$ternary$cores/MiCalculadora/Operadores/Bcd_Binario/perip_Rev_Double_Dabble.v:26$304:
      Old ports: A=2'00, B=2'10, Y=$auto$wreduce.cc:461:run$3546 [1:0]
      New ports: A=1'0, B=1'1, Y=$auto$wreduce.cc:461:run$3546 [1]
      New connections: $auto$wreduce.cc:461:run$3546 [0] = 1'0
    Consolidated identical input bits for $mux cell $flatten\RDD1.$ternary$cores/MiCalculadora/Operadores/Bcd_Binario/perip_Rev_Double_Dabble.v:27$305:
      Old ports: A=3'000, B=3'100, Y=$auto$wreduce.cc:461:run$3547 [2:0]
      New ports: A=1'0, B=1'1, Y=$auto$wreduce.cc:461:run$3547 [2]
      New connections: $auto$wreduce.cc:461:run$3547 [1:0] = 2'00
    Consolidated identical input bits for $mux cell $flatten\RDD1.$ternary$cores/MiCalculadora/Operadores/Bcd_Binario/perip_Rev_Double_Dabble.v:28$306:
      Old ports: A=4'0000, B=4'1000, Y=$flatten\RDD1.$ternary$cores/MiCalculadora/Operadores/Bcd_Binario/perip_Rev_Double_Dabble.v:28$306_Y
      New ports: A=1'0, B=1'1, Y=$flatten\RDD1.$ternary$cores/MiCalculadora/Operadores/Bcd_Binario/perip_Rev_Double_Dabble.v:28$306_Y [3]
      New connections: $flatten\RDD1.$ternary$cores/MiCalculadora/Operadores/Bcd_Binario/perip_Rev_Double_Dabble.v:28$306_Y [2:0] = 3'000
    Consolidated identical input bits for $mux cell $flatten\RDD1.\RDD.\Control0.$procmux$1462:
      Old ports: A=3'100, B=3'000, Y=$flatten\RDD1.\RDD.\Control0.$4\state[2:0]
      New ports: A=1'1, B=1'0, Y=$flatten\RDD1.\RDD.\Control0.$4\state[2:0] [2]
      New connections: $flatten\RDD1.\RDD.\Control0.$4\state[2:0] [1:0] = 2'00
    Consolidated identical input bits for $mux cell $flatten\div1.$ternary$cores/MiCalculadora/Operadores/Divisi$c3$b3n/perip_Div.v:29$282:
      Old ports: A=2'00, B=2'10, Y=$auto$wreduce.cc:461:run$3561 [1:0]
      New ports: A=1'0, B=1'1, Y=$auto$wreduce.cc:461:run$3561 [1]
      New connections: $auto$wreduce.cc:461:run$3561 [0] = 1'0
    Consolidated identical input bits for $mux cell $flatten\div1.$ternary$cores/MiCalculadora/Operadores/Divisi$c3$b3n/perip_Div.v:30$283:
      Old ports: A=3'000, B=3'100, Y=$auto$wreduce.cc:461:run$3562 [2:0]
      New ports: A=1'0, B=1'1, Y=$auto$wreduce.cc:461:run$3562 [2]
      New connections: $auto$wreduce.cc:461:run$3562 [1:0] = 2'00
    Consolidated identical input bits for $mux cell $flatten\div1.$ternary$cores/MiCalculadora/Operadores/Divisi$c3$b3n/perip_Div.v:31$284:
      Old ports: A=4'0000, B=4'1000, Y=$auto$wreduce.cc:461:run$3563 [3:0]
      New ports: A=1'0, B=1'1, Y=$auto$wreduce.cc:461:run$3563 [3]
      New connections: $auto$wreduce.cc:461:run$3563 [2:0] = 3'000
    Consolidated identical input bits for $mux cell $flatten\div1.$ternary$cores/MiCalculadora/Operadores/Divisi$c3$b3n/perip_Div.v:32$285:
      Old ports: A=5'00000, B=5'10000, Y=$auto$wreduce.cc:461:run$3564 [4:0]
      New ports: A=1'0, B=1'1, Y=$auto$wreduce.cc:461:run$3564 [4]
      New connections: $auto$wreduce.cc:461:run$3564 [3:0] = 4'0000
    Consolidated identical input bits for $mux cell $flatten\div1.$ternary$cores/MiCalculadora/Operadores/Divisi$c3$b3n/perip_Div.v:33$286:
      Old ports: A=6'000000, B=6'100000, Y=$auto$wreduce.cc:461:run$3565
      New ports: A=1'0, B=1'1, Y=$auto$wreduce.cc:461:run$3565 [5]
      New connections: $auto$wreduce.cc:461:run$3565 [4:0] = 5'00000
    Consolidated identical input bits for $mux cell $flatten\div1.\Dv.\Control_Div0.$procmux$1700:
      Old ports: A=2'10, B=2'00, Y=$flatten\div1.\Dv.\Control_Div0.$4\state[1:0]
      New ports: A=1'1, B=1'0, Y=$flatten\div1.\Dv.\Control_Div0.$4\state[1:0] [1]
      New connections: $flatten\div1.\Dv.\Control_Div0.$4\state[1:0] [0] = 1'0
    Consolidated identical input bits for $mux cell $flatten\mult1.\mult1.\control0.$procmux$1571:
      Old ports: A=3'001, B=3'100, Y=$flatten\mult1.\mult1.\control0.$5\state[2:0]
      New ports: A=2'01, B=2'10, Y={ $flatten\mult1.\mult1.\control0.$5\state[2:0] [2] $flatten\mult1.\mult1.\control0.$5\state[2:0] [0] }
      New connections: $flatten\mult1.\mult1.\control0.$5\state[2:0] [1] = 1'0
    Consolidated identical input bits for $mux cell $flatten\mult1.\mult1.\control0.$ternary$cores/MiCalculadora/Operadores/Multiplicaci$c3$b3n/control_mult.v:85$601:
      Old ports: A=3'000, B=3'100, Y=$flatten\mult1.\mult1.\control0.$ternary$cores/MiCalculadora/Operadores/Multiplicaci$c3$b3n/control_mult.v:85$601_Y
      New ports: A=1'0, B=1'1, Y=$flatten\mult1.\mult1.\control0.$ternary$cores/MiCalculadora/Operadores/Multiplicaci$c3$b3n/control_mult.v:85$601_Y [2]
      New connections: $flatten\mult1.\mult1.\control0.$ternary$cores/MiCalculadora/Operadores/Multiplicaci$c3$b3n/control_mult.v:85$601_Y [1:0] = 2'00
    Consolidated identical input bits for $mux cell $flatten\per_uart.$ternary$cores/uart/perip_uart.v:32$323:
      Old ports: A=2'00, B=2'10, Y=$flatten\per_uart.$ternary$cores/uart/perip_uart.v:32$323_Y
      New ports: A=1'0, B=1'1, Y=$flatten\per_uart.$ternary$cores/uart/perip_uart.v:32$323_Y [1]
      New connections: $flatten\per_uart.$ternary$cores/uart/perip_uart.v:32$323_Y [0] = 1'0
    Consolidated identical input bits for $mux cell $flatten\peripheral_Display0.$ternary$cores/DISPLAY/Integraci$c3$b2n/perip_Display.v:36$241:
      Old ports: A=2'00, B=2'10, Y=$auto$wreduce.cc:461:run$3582 [1:0]
      New ports: A=1'0, B=1'1, Y=$auto$wreduce.cc:461:run$3582 [1]
      New connections: $auto$wreduce.cc:461:run$3582 [0] = 1'0
    Consolidated identical input bits for $mux cell $flatten\peripheral_Display0.$ternary$cores/DISPLAY/Integraci$c3$b2n/perip_Display.v:37$242:
      Old ports: A=3'000, B=3'100, Y=$auto$wreduce.cc:461:run$3583 [2:0]
      New ports: A=1'0, B=1'1, Y=$auto$wreduce.cc:461:run$3583 [2]
      New connections: $auto$wreduce.cc:461:run$3583 [1:0] = 2'00
    Consolidated identical input bits for $mux cell $flatten\peripheral_Display0.$ternary$cores/DISPLAY/Integraci$c3$b2n/perip_Display.v:38$243:
      Old ports: A=4'0000, B=4'1000, Y=$auto$wreduce.cc:461:run$3584 [3:0]
      New ports: A=1'0, B=1'1, Y=$auto$wreduce.cc:461:run$3584 [3]
      New connections: $auto$wreduce.cc:461:run$3584 [2:0] = 3'000
    Consolidated identical input bits for $mux cell $flatten\peripheral_Display0.$ternary$cores/DISPLAY/Integraci$c3$b2n/perip_Display.v:39$244:
      Old ports: A=5'00000, B=5'10000, Y=$auto$wreduce.cc:461:run$3585 [4:0]
      New ports: A=1'0, B=1'1, Y=$auto$wreduce.cc:461:run$3585 [4]
      New connections: $auto$wreduce.cc:461:run$3585 [3:0] = 4'0000
    Consolidated identical input bits for $mux cell $flatten\peripheral_Display0.$ternary$cores/DISPLAY/Integraci$c3$b2n/perip_Display.v:40$245:
      Old ports: A=6'000000, B=6'100000, Y=$auto$wreduce.cc:461:run$3586 [5:0]
      New ports: A=1'0, B=1'1, Y=$auto$wreduce.cc:461:run$3586 [5]
      New connections: $auto$wreduce.cc:461:run$3586 [4:0] = 5'00000
    Consolidated identical input bits for $mux cell $flatten\peripheral_Display0.$ternary$cores/DISPLAY/Integraci$c3$b2n/perip_Display.v:41$246:
      Old ports: A=7'0000000, B=7'1000000, Y=$auto$wreduce.cc:461:run$3587
      New ports: A=1'0, B=1'1, Y=$auto$wreduce.cc:461:run$3587 [6]
      New connections: $auto$wreduce.cc:461:run$3587 [5:0] = 6'000000
    Consolidated identical input bits for $mux cell $flatten\peripheral_Display0.\Display0.\addrCtrl0.\control_addr0.$procmux$786:
      Old ports: A=9'000100110, B=9'100101100, Y=$flatten\peripheral_Display0.\Display0.\addrCtrl0.\control_addr0.$3\delay_cnt[28:0] [8:0]
      New ports: A=2'01, B=2'10, Y={ $flatten\peripheral_Display0.\Display0.\addrCtrl0.\control_addr0.$3\delay_cnt[28:0] [3] $flatten\peripheral_Display0.\Display0.\addrCtrl0.\control_addr0.$3\delay_cnt[28:0] [1] }
      New connections: { $flatten\peripheral_Display0.\Display0.\addrCtrl0.\control_addr0.$3\delay_cnt[28:0] [8:4] $flatten\peripheral_Display0.\Display0.\addrCtrl0.\control_addr0.$3\delay_cnt[28:0] [2] $flatten\peripheral_Display0.\Display0.\addrCtrl0.\control_addr0.$3\delay_cnt[28:0] [0] } = { $flatten\peripheral_Display0.\Display0.\addrCtrl0.\control_addr0.$3\delay_cnt[28:0] [3] 6'001010 }
    Consolidated identical input bits for $mux cell $flatten\root1.$ternary$cores/MiCalculadora/Operadores/Raiz/perip_Root.v:27$270:
      Old ports: A=2'00, B=2'10, Y=$auto$wreduce.cc:461:run$3596 [1:0]
      New ports: A=1'0, B=1'1, Y=$auto$wreduce.cc:461:run$3596 [1]
      New connections: $auto$wreduce.cc:461:run$3596 [0] = 1'0
    Consolidated identical input bits for $mux cell $flatten\root1.$ternary$cores/MiCalculadora/Operadores/Raiz/perip_Root.v:28$271:
      Old ports: A=3'000, B=3'100, Y=$auto$wreduce.cc:461:run$3597 [2:0]
      New ports: A=1'0, B=1'1, Y=$auto$wreduce.cc:461:run$3597 [2]
      New connections: $auto$wreduce.cc:461:run$3597 [1:0] = 2'00
    Consolidated identical input bits for $mux cell $flatten\root1.$ternary$cores/MiCalculadora/Operadores/Raiz/perip_Root.v:29$272:
      Old ports: A=4'0000, B=4'1000, Y=$auto$wreduce.cc:461:run$3598 [3:0]
      New ports: A=1'0, B=1'1, Y=$auto$wreduce.cc:461:run$3598 [3]
      New connections: $auto$wreduce.cc:461:run$3598 [2:0] = 3'000
    Consolidated identical input bits for $mux cell $flatten\root1.$ternary$cores/MiCalculadora/Operadores/Raiz/perip_Root.v:30$273:
      Old ports: A=5'00000, B=5'10000, Y=$auto$wreduce.cc:461:run$3599
      New ports: A=1'0, B=1'1, Y=$auto$wreduce.cc:461:run$3599 [4]
      New connections: $auto$wreduce.cc:461:run$3599 [3:0] = 4'0000
    Consolidated identical input bits for $mux cell $flatten\root1.\Rt.\Control_sqrt0.$procmux$1773:
      Old ports: A=2'10, B=2'00, Y=$flatten\root1.\Rt.\Control_sqrt0.$4\state[1:0]
      New ports: A=1'1, B=1'0, Y=$flatten\root1.\Rt.\Control_sqrt0.$4\state[1:0] [1]
      New connections: $flatten\root1.\Rt.\Control_sqrt0.$4\state[1:0] [0] = 1'0
    Consolidated identical input bits for $mux cell $flatten\tcl1.$ternary$cores/MiCalculadora/Teclado/perip_Teclado.v:34$315:
      Old ports: A=2'00, B=2'10, Y=$auto$wreduce.cc:461:run$3606 [1:0]
      New ports: A=1'0, B=1'1, Y=$auto$wreduce.cc:461:run$3606 [1]
      New connections: $auto$wreduce.cc:461:run$3606 [0] = 1'0
    Consolidated identical input bits for $mux cell $flatten\tcl1.$ternary$cores/MiCalculadora/Teclado/perip_Teclado.v:35$316:
      Old ports: A=3'000, B=3'100, Y=$flatten\tcl1.$ternary$cores/MiCalculadora/Teclado/perip_Teclado.v:35$316_Y
      New ports: A=1'0, B=1'1, Y=$flatten\tcl1.$ternary$cores/MiCalculadora/Teclado/perip_Teclado.v:35$316_Y [2]
      New connections: $flatten\tcl1.$ternary$cores/MiCalculadora/Teclado/perip_Teclado.v:35$316_Y [1:0] = 2'00
    Consolidated identical input bits for $mux cell $flatten\tcl1.\Tcl.\ctrl_tcl0.$procmux$1381:
      Old ports: A=3'001, B=3'101, Y=$flatten\tcl1.\Tcl.\ctrl_tcl0.$procmux$1381_Y
      New ports: A=1'0, B=1'1, Y=$flatten\tcl1.\Tcl.\ctrl_tcl0.$procmux$1381_Y [2]
      New connections: $flatten\tcl1.\Tcl.\ctrl_tcl0.$procmux$1381_Y [1:0] = 2'01
    Consolidated identical input bits for $mux cell $flatten\tcl1.\Tcl.\ctrl_tcl0.$procmux$1390:
      Old ports: A=3'011, B=3'101, Y=$flatten\tcl1.\Tcl.\ctrl_tcl0.$procmux$1390_Y
      New ports: A=2'01, B=2'10, Y=$flatten\tcl1.\Tcl.\ctrl_tcl0.$procmux$1390_Y [2:1]
      New connections: $flatten\tcl1.\Tcl.\ctrl_tcl0.$procmux$1390_Y [0] = 1'1
    Consolidated identical input bits for $mux cell $flatten\tcl1.\Tcl.\ctrl_tcl0.$procmux$1394:
      Old ports: A=3'010, B=3'101, Y=$flatten\tcl1.\Tcl.\ctrl_tcl0.$procmux$1394_Y
      New ports: A=2'10, B=2'01, Y=$flatten\tcl1.\Tcl.\ctrl_tcl0.$procmux$1394_Y [1:0]
      New connections: $flatten\tcl1.\Tcl.\ctrl_tcl0.$procmux$1394_Y [2] = $flatten\tcl1.\Tcl.\ctrl_tcl0.$procmux$1394_Y [0]
    Consolidated identical input bits for $mux cell $flatten\tcl1.\Tcl.\data_tcl0.$procmux$1289:
      Old ports: A=6'000000, B=6'xx0xxx, Y=$flatten\tcl1.\Tcl.\data_tcl0.$5\next_tecla[5:0]
      New ports: A=1'0, B=1'x, Y=$flatten\tcl1.\Tcl.\data_tcl0.$5\next_tecla[5:0] [0]
      New connections: $flatten\tcl1.\Tcl.\data_tcl0.$5\next_tecla[5:0] [5:1] = { $flatten\tcl1.\Tcl.\data_tcl0.$5\next_tecla[5:0] [0] $flatten\tcl1.\Tcl.\data_tcl0.$5\next_tecla[5:0] [0] 1'0 $flatten\tcl1.\Tcl.\data_tcl0.$5\next_tecla[5:0] [0] $flatten\tcl1.\Tcl.\data_tcl0.$5\next_tecla[5:0] [0] }
  Optimizing cells in module \SOC.
    Consolidated identical input bits for $mux cell $flatten\CPU.$ternary$cores/cpu/femtorv32_quark_V2.v:161$427:
      Old ports: A=$flatten\CPU.$ternary$cores/cpu/femtorv32_quark_V2.v:162$426_Y, B={ \CPU.instr [29] \CPU.instr [29] \CPU.instr [29] \CPU.instr [29] \CPU.instr [17:10] \CPU.instr [18] \CPU.instr [28:19] 1'0 }, Y=$flatten\CPU.$ternary$cores/cpu/femtorv32_quark_V2.v:161$427_Y
      New ports: A=$flatten\CPU.$ternary$cores/cpu/femtorv32_quark_V2.v:162$426_Y [23:1], B={ \CPU.instr [29] \CPU.instr [29] \CPU.instr [29] \CPU.instr [29] \CPU.instr [17:10] \CPU.instr [18] \CPU.instr [28:19] }, Y=$flatten\CPU.$ternary$cores/cpu/femtorv32_quark_V2.v:161$427_Y [23:1]
      New connections: $flatten\CPU.$ternary$cores/cpu/femtorv32_quark_V2.v:161$427_Y [0] = 1'0
    Consolidated identical input bits for $mux cell $flatten\CPU.$ternary$cores/cpu/femtorv32_quark_V2.v:226$488:
      Old ports: A=4'1111, B=$flatten\CPU.$ternary$cores/cpu/femtorv32_quark_V2.v:227$487_Y, Y=$flatten\CPU.$ternary$cores/cpu/femtorv32_quark_V2.v:226$488_Y
      New ports: A=2'11, B={ $flatten\CPU.$ternary$cores/cpu/femtorv32_quark_V2.v:227$487_Y [2] $flatten\CPU.$ternary$cores/cpu/femtorv32_quark_V2.v:227$487_Y [0] }, Y={ $flatten\CPU.$ternary$cores/cpu/femtorv32_quark_V2.v:226$488_Y [2] $flatten\CPU.$ternary$cores/cpu/femtorv32_quark_V2.v:226$488_Y [0] }
      New connections: { $flatten\CPU.$ternary$cores/cpu/femtorv32_quark_V2.v:226$488_Y [3] $flatten\CPU.$ternary$cores/cpu/femtorv32_quark_V2.v:226$488_Y [1] } = { $flatten\CPU.$ternary$cores/cpu/femtorv32_quark_V2.v:226$488_Y [2] $flatten\CPU.$ternary$cores/cpu/femtorv32_quark_V2.v:226$488_Y [0] }
    Consolidated identical input bits for $mux cell $flatten\tcl1.\Tcl.\data_tcl0.$procmux$1322:
      Old ports: A=$flatten\tcl1.\Tcl.\data_tcl0.$5\next_tecla[5:0], B=6'xx00xx, Y=\tcl1.Tcl.data_tcl0.next_tecla
      New ports: A={ $flatten\tcl1.\Tcl.\data_tcl0.$5\next_tecla[5:0] [0] $flatten\tcl1.\Tcl.\data_tcl0.$5\next_tecla[5:0] [0] }, B=2'0x, Y={ \tcl1.Tcl.data_tcl0.next_tecla [2] \tcl1.Tcl.data_tcl0.next_tecla [0] }
      New connections: { \tcl1.Tcl.data_tcl0.next_tecla [5:3] \tcl1.Tcl.data_tcl0.next_tecla [1] } = { \tcl1.Tcl.data_tcl0.next_tecla [0] \tcl1.Tcl.data_tcl0.next_tecla [0] 1'0 \tcl1.Tcl.data_tcl0.next_tecla [0] }
  Optimizing cells in module \SOC.
    Consolidated identical input bits for $mux cell $flatten\tcl1.\Tcl.\data_tcl0.$procmux$1040:
      Old ports: A=\tcl1.Tcl.data_tcl0.next_tecla, B=6'010000, Y=$flatten\tcl1.\Tcl.\data_tcl0.$procmux$1040_Y
      New ports: A={ \tcl1.Tcl.data_tcl0.next_tecla [0] \tcl1.Tcl.data_tcl0.next_tecla [2] \tcl1.Tcl.data_tcl0.next_tecla [0] }, B=3'100, Y={ $flatten\tcl1.\Tcl.\data_tcl0.$procmux$1040_Y [4] $flatten\tcl1.\Tcl.\data_tcl0.$procmux$1040_Y [2] $flatten\tcl1.\Tcl.\data_tcl0.$procmux$1040_Y [0] }
      New connections: { $flatten\tcl1.\Tcl.\data_tcl0.$procmux$1040_Y [5] $flatten\tcl1.\Tcl.\data_tcl0.$procmux$1040_Y [3] $flatten\tcl1.\Tcl.\data_tcl0.$procmux$1040_Y [1] } = { $flatten\tcl1.\Tcl.\data_tcl0.$procmux$1040_Y [0] 1'0 $flatten\tcl1.\Tcl.\data_tcl0.$procmux$1040_Y [0] }
  Optimizing cells in module \SOC.
    Consolidated identical input bits for $mux cell $flatten\tcl1.\Tcl.\data_tcl0.$procmux$1043:
      Old ports: A=6'010000, B=$flatten\tcl1.\Tcl.\data_tcl0.$procmux$1040_Y, Y=$flatten\tcl1.\Tcl.\data_tcl0.$0\Prev_tecla[5:0]
      New ports: A=3'100, B={ $flatten\tcl1.\Tcl.\data_tcl0.$procmux$1040_Y [4] $flatten\tcl1.\Tcl.\data_tcl0.$procmux$1040_Y [2] $flatten\tcl1.\Tcl.\data_tcl0.$procmux$1040_Y [0] }, Y={ $flatten\tcl1.\Tcl.\data_tcl0.$0\Prev_tecla[5:0] [4] $flatten\tcl1.\Tcl.\data_tcl0.$0\Prev_tecla[5:0] [2] $flatten\tcl1.\Tcl.\data_tcl0.$0\Prev_tecla[5:0] [0] }
      New connections: { $flatten\tcl1.\Tcl.\data_tcl0.$0\Prev_tecla[5:0] [5] $flatten\tcl1.\Tcl.\data_tcl0.$0\Prev_tecla[5:0] [3] $flatten\tcl1.\Tcl.\data_tcl0.$0\Prev_tecla[5:0] [1] } = { $flatten\tcl1.\Tcl.\data_tcl0.$0\Prev_tecla[5:0] [0] 1'0 $flatten\tcl1.\Tcl.\data_tcl0.$0\Prev_tecla[5:0] [0] }
  Optimizing cells in module \SOC.
Performed a total of 48 changes.

33.31.5. Executing OPT_MERGE pass (detect identical cells).
Finding identical cells in module `\SOC'.
Removed a total of 18 cells.

33.31.6. Executing OPT_DFF pass (perform DFF optimizations).

33.31.7. Executing OPT_CLEAN pass (remove unused cells and wires).
Finding unused cells or wires in module \SOC..
Removed 0 unused cells and 18 unused wires.

33.31.8. Executing OPT_EXPR pass (perform const folding).
Optimizing module SOC.

33.31.9. Rerunning OPT passes. (Maybe there is more to do..)

33.31.10. Executing OPT_MUXTREE pass (detect dead branches in mux trees).
Running muxtree optimizer on module \SOC..
  Creating internal representation of mux trees.
  Evaluating internal representation of mux trees.
  Analyzing evaluation results.
Removed 0 multiplexer ports.

33.31.11. Executing OPT_REDUCE pass (consolidate $*mux and $reduce_* inputs).
  Optimizing cells in module \SOC.
Performed a total of 0 changes.

33.31.12. Executing OPT_MERGE pass (detect identical cells).
Finding identical cells in module `\SOC'.
Removed a total of 0 cells.

33.31.13. Executing OPT_DFF pass (perform DFF optimizations).
Adding EN signal on $auto$ff.cc:266:slice$5118 ($sdffe) from module SOC (D = $flatten\CPU.$ternary$cores/cpu/femtorv32_quark_V2.v:271$506_Y [0], Q = \CPU.PC [0]).
Setting constant 0-bit at position 3 on $auto$ff.cc:266:slice$3013 ($adffe) from module SOC.
Setting constant 0-bit at position 3 on $flatten\tcl1.\Tcl.\data_tcl0.$procdff$2618 ($adff) from module SOC.

33.31.14. Executing OPT_CLEAN pass (remove unused cells and wires).
Finding unused cells or wires in module \SOC..
Removed 0 unused cells and 1 unused wires.

33.31.15. Executing OPT_EXPR pass (perform const folding).
Optimizing module SOC.

33.31.16. Rerunning OPT passes. (Maybe there is more to do..)

33.31.17. Executing OPT_MUXTREE pass (detect dead branches in mux trees).
Running muxtree optimizer on module \SOC..
  Creating internal representation of mux trees.
  Evaluating internal representation of mux trees.
  Analyzing evaluation results.
Removed 0 multiplexer ports.

33.31.18. Executing OPT_REDUCE pass (consolidate $*mux and $reduce_* inputs).
  Optimizing cells in module \SOC.
    New input vector for $reduce_and cell $auto$opt_dff.cc:220:make_patterns_logic$5138: { $auto$opt_dff.cc:194:make_patterns_logic$5119 $auto$opt_dff.cc:194:make_patterns_logic$5135 \CPU.state [2] }
    Consolidated identical input bits for $mux cell $flatten\CPU.$ternary$cores/cpu/femtorv32_quark_V2.v:272$505:
      Old ports: A={ \CPU.PCplus4 [23:2] 2'x }, B={ \CPU.PCplusImm [23:1] 1'x }, Y=$flatten\CPU.$ternary$cores/cpu/femtorv32_quark_V2.v:272$505_Y
      New ports: A={ \CPU.PCplus4 [23:2] 1'x }, B=\CPU.PCplusImm [23:1], Y=$flatten\CPU.$ternary$cores/cpu/femtorv32_quark_V2.v:272$505_Y [23:1]
      New connections: $flatten\CPU.$ternary$cores/cpu/femtorv32_quark_V2.v:272$505_Y [0] = 1'x
    Consolidated identical input bits for $pmux cell $flatten\tcl1.$procmux$2375:
      Old ports: A=6'000000, B={ \tcl1.Tcl.data_tcl0.tecla [5:4] 1'0 \tcl1.Tcl.data_tcl0.tecla [2:0] 5'00000 \tcl1.done }, Y=$auto$wreduce.cc:461:run$3604 [5:0]
      New ports: A=5'00000, B={ \tcl1.Tcl.data_tcl0.tecla [5:4] \tcl1.Tcl.data_tcl0.tecla [2:0] 4'0000 \tcl1.done }, Y={ $auto$wreduce.cc:461:run$3604 [5:4] $auto$wreduce.cc:461:run$3604 [2:0] }
      New connections: $auto$wreduce.cc:461:run$3604 [3] = 1'0
  Optimizing cells in module \SOC.
Performed a total of 3 changes.

33.31.19. Executing OPT_MERGE pass (detect identical cells).
Finding identical cells in module `\SOC'.
Removed a total of 0 cells.

33.31.20. Executing OPT_DFF pass (perform DFF optimizations).
Setting constant 0-bit at position 3 on $auto$ff.cc:266:slice$2992 ($dffe) from module SOC.

33.31.21. Executing OPT_CLEAN pass (remove unused cells and wires).
Finding unused cells or wires in module \SOC..

33.31.22. Executing OPT_EXPR pass (perform const folding).
Optimizing module SOC.

33.31.23. Rerunning OPT passes. (Maybe there is more to do..)

33.31.24. Executing OPT_MUXTREE pass (detect dead branches in mux trees).
Running muxtree optimizer on module \SOC..
  Creating internal representation of mux trees.
  Evaluating internal representation of mux trees.
  Analyzing evaluation results.
Removed 0 multiplexer ports.

33.31.25. Executing OPT_REDUCE pass (consolidate $*mux and $reduce_* inputs).
  Optimizing cells in module \SOC.
Performed a total of 0 changes.

33.31.26. Executing OPT_MERGE pass (detect identical cells).
Finding identical cells in module `\SOC'.
Removed a total of 0 cells.

33.31.27. Executing OPT_DFF pass (perform DFF optimizations).
Setting constant 0-bit at position 3 on $auto$ff.cc:266:slice$3855 ($dff) from module SOC.

33.31.28. Executing OPT_CLEAN pass (remove unused cells and wires).
Finding unused cells or wires in module \SOC..

33.31.29. Executing OPT_EXPR pass (perform const folding).
Optimizing module SOC.

33.31.30. Rerunning OPT passes. (Maybe there is more to do..)

33.31.31. Executing OPT_MUXTREE pass (detect dead branches in mux trees).
Running muxtree optimizer on module \SOC..
  Creating internal representation of mux trees.
  Evaluating internal representation of mux trees.
  Analyzing evaluation results.
Removed 0 multiplexer ports.

33.31.32. Executing OPT_REDUCE pass (consolidate $*mux and $reduce_* inputs).
  Optimizing cells in module \SOC.
Performed a total of 0 changes.

33.31.33. Executing OPT_MERGE pass (detect identical cells).
Finding identical cells in module `\SOC'.
Removed a total of 0 cells.

33.31.34. Executing OPT_DFF pass (perform DFF optimizations).

33.31.35. Executing OPT_CLEAN pass (remove unused cells and wires).
Finding unused cells or wires in module \SOC..

33.31.36. Executing OPT_EXPR pass (perform const folding).
Optimizing module SOC.

33.31.37. Finished OPT passes. (There is nothing left to do.)

33.32. Executing TECHMAP pass (map to technology primitives).

33.32.1. Executing Verilog-2005 frontend: /home/leonardo/miniconda3/envs/digital/bin/../share/yosys/techmap.v
Parsing Verilog input from `/home/leonardo/miniconda3/envs/digital/bin/../share/yosys/techmap.v' to AST representation.
Generating RTLIL representation for module `\_90_simplemap_bool_ops'.
Generating RTLIL representation for module `\_90_simplemap_reduce_ops'.
Generating RTLIL representation for module `\_90_simplemap_logic_ops'.
Generating RTLIL representation for module `\_90_simplemap_compare_ops'.
Generating RTLIL representation for module `\_90_simplemap_various'.
Generating RTLIL representation for module `\_90_simplemap_registers'.
Generating RTLIL representation for module `\_90_shift_ops_shr_shl_sshl_sshr'.
Generating RTLIL representation for module `\_90_shift_shiftx'.
Generating RTLIL representation for module `\_90_fa'.
Generating RTLIL representation for module `\_90_lcu'.
Generating RTLIL representation for module `\_90_alu'.
Generating RTLIL representation for module `\_90_macc'.
Generating RTLIL representation for module `\_90_alumacc'.
Generating RTLIL representation for module `\$__div_mod_u'.
Generating RTLIL representation for module `\$__div_mod_trunc'.
Generating RTLIL representation for module `\_90_div'.
Generating RTLIL representation for module `\_90_mod'.
Generating RTLIL representation for module `\$__div_mod_floor'.
Generating RTLIL representation for module `\_90_divfloor'.
Generating RTLIL representation for module `\_90_modfloor'.
Generating RTLIL representation for module `\_90_pow'.
Generating RTLIL representation for module `\_90_pmux'.
Generating RTLIL representation for module `\_90_demux'.
Generating RTLIL representation for module `\_90_lut'.
Successfully finished Verilog frontend.

33.32.2. Executing Verilog-2005 frontend: /home/leonardo/miniconda3/envs/digital/bin/../share/yosys/ecp5/arith_map.v
Parsing Verilog input from `/home/leonardo/miniconda3/envs/digital/bin/../share/yosys/ecp5/arith_map.v' to AST representation.
Generating RTLIL representation for module `\_80_ecp5_alu'.
Successfully finished Verilog frontend.

33.32.3. Continuing TECHMAP pass.
Using extmapper simplemap for cells of type $reduce_or.
Using extmapper simplemap for cells of type $and.
Using extmapper simplemap for cells of type $sdff.
Using extmapper simplemap for cells of type $eq.
Using template $paramod$bf8e268f26361094a16ad6650df0ad1ca719658a\_90_pmux for cells of type $pmux.
Using template $paramod$2c079635cc3605069ab40b91fe19f62c64fe8509\_90_pmux for cells of type $pmux.
Using extmapper simplemap for cells of type $not.
Using extmapper simplemap for cells of type $dlatch.
Using extmapper simplemap for cells of type $or.
Using extmapper simplemap for cells of type $dffe.
Using extmapper simplemap for cells of type $reduce_and.
Using extmapper simplemap for cells of type $sdffe.
Using extmapper simplemap for cells of type $sdffce.
Using extmapper simplemap for cells of type $mux.
Using template $paramod$c2e415ef15bc3ccd2723772353a6b450d3d76206\_90_pmux for cells of type $pmux.
Using template $paramod$dc04b7d98e503a7bab16fce2df70e6e2c5ca34d6\_80_ecp5_alu for cells of type $alu.
Using extmapper simplemap for cells of type $logic_not.
Using template $paramod$f85408ed1aa3d09e465edae8a7bf590332ae9f7b\_90_alu for cells of type $alu.
Using extmapper simplemap for cells of type $reduce_bool.
Using template $paramod$6a42b6fefed750f8a1c58eab59479d960557103c\_80_ecp5_alu for cells of type $alu.
Using template $paramod$080e6a70eb8bfa1ccf22d9718e795074645029a4\_80_ecp5_alu for cells of type $alu.
Using extmapper simplemap for cells of type $xor.
Using template $paramod$448756c9a9dfaa49080ce4b90c6cc182883e181f\_80_ecp5_alu for cells of type $alu.
Using template $paramod$e82d3fc1811c5751348a3964470632b35a435fc7\_80_ecp5_alu for cells of type $alu.
Using template $paramod$a04dd9d4d8b430140c4ff94b50470fb380fda2a0\_80_ecp5_alu for cells of type $alu.
Using template $paramod$constmap:1b6115d36d46c0296d0024e3e3623593810ba834$paramod$3b3a66a7766bf28794ddcd35314b025da1fe57c8\_90_shift_ops_shr_shl_sshl_sshr for cells of type $shl.
Using extmapper simplemap for cells of type $lut.
Using extmapper simplemap for cells of type $adffe.
Using template $paramod$824a2ca00d29d886599434cf8ea60471635f2955\_90_demux for cells of type $demux.
Using extmapper simplemap for cells of type $dff.
Using template $paramod$103b4016182df467cceab67bcf3e18e6361ec0fd\_80_ecp5_alu for cells of type $alu.
Using template $paramod$32a7b7b86c07519b7537abc18e96f0331f97914d\_90_alu for cells of type $alu.
Using template $paramod$a1665ef28c749ebcdbe9aecd466e644647b56463\_80_ecp5_alu for cells of type $alu.
Using extmapper simplemap for cells of type $logic_and.
Using extmapper simplemap for cells of type $ne.
Using template $paramod$521ce43182eecb9f60c72393a788160d2c356bf5\_90_pmux for cells of type $pmux.
Using template $paramod$5fa769bd6f6ca230a24c9bbc0e120f15bcfea838\_90_pmux for cells of type $pmux.
Using extmapper simplemap for cells of type $adff.
Using template $paramod$32efbfac1c4dc57230cf86180788fdfd12e3b511\_80_ecp5_alu for cells of type $alu.
Using template $paramod$dbcdc7e8aa1a4080cea2deda6fdc8772064f4d90\_80_ecp5_alu for cells of type $alu.
Using template $paramod$789c344356a154d2afc7b832b41d1067dbc946ba\_80_ecp5_alu for cells of type $alu.
Using template $paramod$b735bdad5a8e8dd9adb14d54cbed4bab29af9467\_80_ecp5_alu for cells of type $alu.
Using template $paramod$b8c0a997bce700f23568a5ada79cc6781d1f5ca0\_90_alu for cells of type $alu.
Using template $paramod$32e7c4d6f92ff4337599ece53082d2e88a82a9f2\_90_pmux for cells of type $pmux.
Using template $paramod$85df5dc01c7df96a7d8e5f1fdf76ce9ac452af63\_90_pmux for cells of type $pmux.
Using template $paramod$d31bf4d7d72e59528d18fbd4f322e9d608532043\_90_pmux for cells of type $pmux.
Using template $paramod$c5c783b17ab1d780abfad8cfe6563a0a7b47a3b0\_90_pmux for cells of type $pmux.
Using template $paramod$70d30c21ff772b34d0d1da2801fbd781dc3c70e4\_90_pmux for cells of type $pmux.
Using template $paramod$956e79e8f8c5e64be7438155ae50a966e615cb04\_80_ecp5_alu for cells of type $alu.
Using template $paramod$5ccf584370207a3ccc3032757a8e590623d4de56\_90_alu for cells of type $alu.
Using template $paramod$20d3ee62d72123142eb855d7ddafd835e31ba009\_90_pmux for cells of type $pmux.
Using template $paramod$1939b71cedae293b296545a5a19e00d620a1abd7\_90_pmux for cells of type $pmux.
Using template $paramod$672a140277c71df8314410f22acc08d55222c3c7\_80_ecp5_alu for cells of type $alu.
Using template $paramod$56f7ce6d87f8add68ca646dc02d7695a3189f8e5\_90_pmux for cells of type $pmux.
Using template $paramod$f02bbbf710bba6238f4bdfa41b3051acfe2064a8\_80_ecp5_alu for cells of type $alu.
Using template $paramod$77db613179eb70c5e4e5c5aca72d602a7c6017b6\_90_pmux for cells of type $pmux.
Using template $paramod$97565c3687be688407d1272a293bd9d0ae6852dc\_90_pmux for cells of type $pmux.
Using template $paramod$fbc7873bff55778c0b3173955b7e4bce1d9d6834\_80_ecp5_alu for cells of type $alu.
Using template $paramod$d843018565ef722782d28339c99ecf00b278e074\_90_pmux for cells of type $pmux.
Using template $paramod$c555f921704f4a0970c45571cfda1a59468c235d\_90_pmux for cells of type $pmux.
Using template $paramod$ee3d784672cdb1cb32d9a801a3af776716f16b74\_80_ecp5_alu for cells of type $alu.
Using template $paramod$d432a0e4c9d3dc39a080b8856b238e9f4635c899\_80_ecp5_alu for cells of type $alu.
Using template $paramod$99a0a7918c240fc3d886da64d12ad56c6a80d49f\_90_pmux for cells of type $pmux.
Using template $paramod$8fabc56b80a569262acfc42757a02ca0b8e91278\_90_pmux for cells of type $pmux.
Using extmapper simplemap for cells of type $logic_or.
Using template $paramod$713617589782cfade849bb573b5c36106c4b708f\_80_ecp5_alu for cells of type $alu.
Using template $paramod$b4f77559cc9a241738bc2a5f6c0923147e9a0644\_80_ecp5_alu for cells of type $alu.
Using template $paramod$740b056ede97228d3eae64ea2fdc81f0a33e0fe7\_90_alu for cells of type $alu.
Using template $paramod$b15d28721ac58edd44c77fb51c9f8c001a741924\_80_ecp5_alu for cells of type $alu.
Using template $paramod$8f780356cb6cdb52f6a744190131b65634639c4e\_80_ecp5_alu for cells of type $alu.
Using template $paramod$2af30114e9bd4ccb04dad757b3f0a8f6bf0615b0\_80_ecp5_alu for cells of type $alu.
Using template $paramod$a9f023b7f9387cc24984a8fa4722169e6d5f74aa\_90_pmux for cells of type $pmux.
Using template $paramod$0d149ffe75563ef6fcc1a3dddc59d00af28651a7\_90_pmux for cells of type $pmux.
Using extmapper simplemap for cells of type $pos.
Using template $paramod\_90_lcu\WIDTH=32'00000000000000000000000000000100 for cells of type $lcu.
Using template $paramod\_90_lcu\WIDTH=32'00000000000000000000000000000011 for cells of type $lcu.
No more expansions possible.

33.33. Executing OPT pass (performing simple optimizations).

33.33.1. Executing OPT_EXPR pass (perform const folding).
Optimizing module SOC.

33.33.2. Executing OPT_MERGE pass (detect identical cells).
Finding identical cells in module `\SOC'.
Removed a total of 500 cells.

33.33.3. Executing OPT_DFF pass (perform DFF optimizations).
Adding EN signal on $auto$ff.cc:266:slice$10386 ($_DFF_P_) from module SOC (D = \CPU.rs2 [2], Q = \per_uart.uart_ctrl [2]).

33.33.4. Executing OPT_CLEAN pass (remove unused cells and wires).
Finding unused cells or wires in module \SOC..
Removed 1163 unused cells and 4536 unused wires.

33.33.5. Rerunning OPT passes. (Removed registers in this run.)

33.33.6. Executing OPT_EXPR pass (perform const folding).
Optimizing module SOC.

33.33.7. Executing OPT_MERGE pass (detect identical cells).
Finding identical cells in module `\SOC'.
Removed a total of 0 cells.

33.33.8. Executing OPT_DFF pass (perform DFF optimizations).
Adding SRST signal on $auto$ff.cc:266:slice$9214 ($_DFF_P_) from module SOC (D = $flatten\div1.$procmux$2457.Y_B [26], Q = \div1.d_out [26], rval = 1'0).
Adding SRST signal on $auto$ff.cc:266:slice$9213 ($_DFF_P_) from module SOC (D = $flatten\div1.$procmux$2457.Y_B [25], Q = \div1.d_out [25], rval = 1'0).
Adding SRST signal on $auto$ff.cc:266:slice$9212 ($_DFF_P_) from module SOC (D = $flatten\div1.$procmux$2457.Y_B [24], Q = \div1.d_out [24], rval = 1'0).
Adding SRST signal on $auto$ff.cc:266:slice$9211 ($_DFF_P_) from module SOC (D = $flatten\div1.$procmux$2457.Y_B [23], Q = \div1.d_out [23], rval = 1'0).
Adding SRST signal on $auto$ff.cc:266:slice$9210 ($_DFF_P_) from module SOC (D = $flatten\div1.$procmux$2457.Y_B [22], Q = \div1.d_out [22], rval = 1'0).
Adding SRST signal on $auto$ff.cc:266:slice$9209 ($_DFF_P_) from module SOC (D = $flatten\div1.$procmux$2457.Y_B [21], Q = \div1.d_out [21], rval = 1'0).
Adding SRST signal on $auto$ff.cc:266:slice$9208 ($_DFF_P_) from module SOC (D = $flatten\div1.$procmux$2457.Y_B [20], Q = \div1.d_out [20], rval = 1'0).
Adding SRST signal on $auto$ff.cc:266:slice$9207 ($_DFF_P_) from module SOC (D = $flatten\div1.$procmux$2457.Y_B [19], Q = \div1.d_out [19], rval = 1'0).
Adding SRST signal on $auto$ff.cc:266:slice$9206 ($_DFF_P_) from module SOC (D = $flatten\div1.$procmux$2457.Y_B [18], Q = \div1.d_out [18], rval = 1'0).
Adding SRST signal on $auto$ff.cc:266:slice$9205 ($_DFF_P_) from module SOC (D = $flatten\div1.$procmux$2457.Y_B [17], Q = \div1.d_out [17], rval = 1'0).
Adding SRST signal on $auto$ff.cc:266:slice$9204 ($_DFF_P_) from module SOC (D = $flatten\div1.$procmux$2457.Y_B [16], Q = \div1.d_out [16], rval = 1'0).
Adding SRST signal on $auto$ff.cc:266:slice$9203 ($_DFF_P_) from module SOC (D = $flatten\div1.$procmux$2457.Y_B [15], Q = \div1.d_out [15], rval = 1'0).
Adding SRST signal on $auto$ff.cc:266:slice$9202 ($_DFF_P_) from module SOC (D = $flatten\div1.$procmux$2457.Y_B [14], Q = \div1.d_out [14], rval = 1'0).
Adding SRST signal on $auto$ff.cc:266:slice$9201 ($_DFF_P_) from module SOC (D = $flatten\div1.$procmux$2457.Y_B [13], Q = \div1.d_out [13], rval = 1'0).
Adding SRST signal on $auto$ff.cc:266:slice$9200 ($_DFF_P_) from module SOC (D = $flatten\div1.$procmux$2457.Y_B [12], Q = \div1.d_out [12], rval = 1'0).
Adding SRST signal on $auto$ff.cc:266:slice$9199 ($_DFF_P_) from module SOC (D = $flatten\div1.$procmux$2457.Y_B [11], Q = \div1.d_out [11], rval = 1'0).
Adding SRST signal on $auto$ff.cc:266:slice$9198 ($_DFF_P_) from module SOC (D = $flatten\div1.$procmux$2457.Y_B [10], Q = \div1.d_out [10], rval = 1'0).
Adding SRST signal on $auto$ff.cc:266:slice$9197 ($_DFF_P_) from module SOC (D = $flatten\div1.$procmux$2457.Y_B [9], Q = \div1.d_out [9], rval = 1'0).
Adding SRST signal on $auto$ff.cc:266:slice$9196 ($_DFF_P_) from module SOC (D = $flatten\div1.$procmux$2457.Y_B [8], Q = \div1.d_out [8], rval = 1'0).
Adding SRST signal on $auto$ff.cc:266:slice$9195 ($_DFF_P_) from module SOC (D = $flatten\div1.$procmux$2457.Y_B [7], Q = \div1.d_out [7], rval = 1'0).
Adding SRST signal on $auto$ff.cc:266:slice$9194 ($_DFF_P_) from module SOC (D = $flatten\div1.$procmux$2457.Y_B [6], Q = \div1.d_out [6], rval = 1'0).
Adding SRST signal on $auto$ff.cc:266:slice$9193 ($_DFF_P_) from module SOC (D = $flatten\div1.$procmux$2457.Y_B [5], Q = \div1.d_out [5], rval = 1'0).
Adding SRST signal on $auto$ff.cc:266:slice$9192 ($_DFF_P_) from module SOC (D = $flatten\div1.$procmux$2457.Y_B [4], Q = \div1.d_out [4], rval = 1'0).
Adding SRST signal on $auto$ff.cc:266:slice$9191 ($_DFF_P_) from module SOC (D = $flatten\div1.$procmux$2457.Y_B [3], Q = \div1.d_out [3], rval = 1'0).
Adding SRST signal on $auto$ff.cc:266:slice$9190 ($_DFF_P_) from module SOC (D = $flatten\div1.$procmux$2457.Y_B [2], Q = \div1.d_out [2], rval = 1'0).
Adding SRST signal on $auto$ff.cc:266:slice$9189 ($_DFF_P_) from module SOC (D = $flatten\div1.$procmux$2457.Y_B [1], Q = \div1.d_out [1], rval = 1'0).
Adding SRST signal on $auto$ff.cc:266:slice$9188 ($_DFF_P_) from module SOC (D = $flatten\div1.$procmux$2457.Y_B [0], Q = \div1.d_out [0], rval = 1'0).
Adding SRST signal on $auto$ff.cc:266:slice$8615 ($_SDFF_PN0_) from module SOC (D = \CPU.state [1], Q = \CPU.state [2], rval = 1'0).
Adding SRST signal on $auto$ff.cc:266:slice$8538 ($_DFF_P_) from module SOC (D = $flatten\tcl1.$procmux$2375.B_AND_S [8], Q = \tcl1.d_out [4], rval = 1'0).
Adding SRST signal on $auto$ff.cc:266:slice$8537 ($_DFF_P_) from module SOC (D = $flatten\tcl1.$procmux$2375.B_AND_S [7], Q = \tcl1.d_out [2], rval = 1'0).
Adding SRST signal on $auto$ff.cc:266:slice$8536 ($_DFF_P_) from module SOC (D = $flatten\tcl1.$procmux$2375.B_AND_S [9], Q = \tcl1.d_out [1], rval = 1'0).
Adding SRST signal on $auto$ff.cc:266:slice$8535 ($_DFF_P_) from module SOC (D = $flatten\tcl1.$procmux$2375.Y_B [0], Q = \tcl1.d_out [0], rval = 1'0).
Adding SRST signal on $auto$ff.cc:266:slice$8229 ($_DFF_P_) from module SOC (D = $flatten\root1.$procmux$2470.B_AND_S [55], Q = \root1.d_out [27], rval = 1'0).
Adding SRST signal on $auto$ff.cc:266:slice$8228 ($_DFF_P_) from module SOC (D = $flatten\root1.$procmux$2470.B_AND_S [54], Q = \root1.d_out [26], rval = 1'0).
Adding SRST signal on $auto$ff.cc:266:slice$8227 ($_DFF_P_) from module SOC (D = $flatten\root1.$procmux$2470.B_AND_S [53], Q = \root1.d_out [25], rval = 1'0).
Adding SRST signal on $auto$ff.cc:266:slice$8226 ($_DFF_P_) from module SOC (D = $flatten\root1.$procmux$2470.B_AND_S [52], Q = \root1.d_out [24], rval = 1'0).
Adding SRST signal on $auto$ff.cc:266:slice$8225 ($_DFF_P_) from module SOC (D = $flatten\root1.$procmux$2470.B_AND_S [51], Q = \root1.d_out [23], rval = 1'0).
Adding SRST signal on $auto$ff.cc:266:slice$8224 ($_DFF_P_) from module SOC (D = $flatten\root1.$procmux$2470.B_AND_S [50], Q = \root1.d_out [22], rval = 1'0).
Adding SRST signal on $auto$ff.cc:266:slice$8223 ($_DFF_P_) from module SOC (D = $flatten\root1.$procmux$2470.B_AND_S [49], Q = \root1.d_out [21], rval = 1'0).
Adding SRST signal on $auto$ff.cc:266:slice$8222 ($_DFF_P_) from module SOC (D = $flatten\root1.$procmux$2470.B_AND_S [48], Q = \root1.d_out [20], rval = 1'0).
Adding SRST signal on $auto$ff.cc:266:slice$8221 ($_DFF_P_) from module SOC (D = $flatten\root1.$procmux$2470.B_AND_S [47], Q = \root1.d_out [19], rval = 1'0).
Adding SRST signal on $auto$ff.cc:266:slice$8220 ($_DFF_P_) from module SOC (D = $flatten\root1.$procmux$2470.B_AND_S [46], Q = \root1.d_out [18], rval = 1'0).
Adding SRST signal on $auto$ff.cc:266:slice$8219 ($_DFF_P_) from module SOC (D = $flatten\root1.$procmux$2470.B_AND_S [45], Q = \root1.d_out [17], rval = 1'0).
Adding SRST signal on $auto$ff.cc:266:slice$8218 ($_DFF_P_) from module SOC (D = $flatten\root1.$procmux$2470.B_AND_S [44], Q = \root1.d_out [16], rval = 1'0).
Adding SRST signal on $auto$ff.cc:266:slice$8217 ($_DFF_P_) from module SOC (D = $flatten\root1.$procmux$2470.B_AND_S [43], Q = \root1.d_out [15], rval = 1'0).
Adding SRST signal on $auto$ff.cc:266:slice$8216 ($_DFF_P_) from module SOC (D = $flatten\root1.$procmux$2470.B_AND_S [42], Q = \root1.d_out [14], rval = 1'0).
Adding SRST signal on $auto$ff.cc:266:slice$8215 ($_DFF_P_) from module SOC (D = $flatten\root1.$procmux$2470.Y_B [13], Q = \root1.d_out [13], rval = 1'0).
Adding SRST signal on $auto$ff.cc:266:slice$8214 ($_DFF_P_) from module SOC (D = $flatten\root1.$procmux$2470.Y_B [12], Q = \root1.d_out [12], rval = 1'0).
Adding SRST signal on $auto$ff.cc:266:slice$8213 ($_DFF_P_) from module SOC (D = $flatten\root1.$procmux$2470.Y_B [11], Q = \root1.d_out [11], rval = 1'0).
Adding SRST signal on $auto$ff.cc:266:slice$8212 ($_DFF_P_) from module SOC (D = $flatten\root1.$procmux$2470.Y_B [10], Q = \root1.d_out [10], rval = 1'0).
Adding SRST signal on $auto$ff.cc:266:slice$8211 ($_DFF_P_) from module SOC (D = $flatten\root1.$procmux$2470.Y_B [9], Q = \root1.d_out [9], rval = 1'0).
Adding SRST signal on $auto$ff.cc:266:slice$8210 ($_DFF_P_) from module SOC (D = $flatten\root1.$procmux$2470.Y_B [8], Q = \root1.d_out [8], rval = 1'0).
Adding SRST signal on $auto$ff.cc:266:slice$8209 ($_DFF_P_) from module SOC (D = $flatten\root1.$procmux$2470.Y_B [7], Q = \root1.d_out [7], rval = 1'0).
Adding SRST signal on $auto$ff.cc:266:slice$8208 ($_DFF_P_) from module SOC (D = $flatten\root1.$procmux$2470.Y_B [6], Q = \root1.d_out [6], rval = 1'0).
Adding SRST signal on $auto$ff.cc:266:slice$8207 ($_DFF_P_) from module SOC (D = $flatten\root1.$procmux$2470.Y_B [5], Q = \root1.d_out [5], rval = 1'0).
Adding SRST signal on $auto$ff.cc:266:slice$8206 ($_DFF_P_) from module SOC (D = $flatten\root1.$procmux$2470.Y_B [4], Q = \root1.d_out [4], rval = 1'0).
Adding SRST signal on $auto$ff.cc:266:slice$8205 ($_DFF_P_) from module SOC (D = $flatten\root1.$procmux$2470.Y_B [3], Q = \root1.d_out [3], rval = 1'0).
Adding SRST signal on $auto$ff.cc:266:slice$8204 ($_DFF_P_) from module SOC (D = $flatten\root1.$procmux$2470.Y_B [2], Q = \root1.d_out [2], rval = 1'0).
Adding SRST signal on $auto$ff.cc:266:slice$8203 ($_DFF_P_) from module SOC (D = $flatten\root1.$procmux$2470.Y_B [1], Q = \root1.d_out [1], rval = 1'0).
Adding SRST signal on $auto$ff.cc:266:slice$8202 ($_DFF_P_) from module SOC (D = $flatten\root1.$procmux$2470.Y_B [0], Q = \root1.d_out [0], rval = 1'0).
Adding SRST signal on $auto$ff.cc:266:slice$13649 ($_DFF_P_) from module SOC (D = $flatten\peripheral_Display0.$procmux$2492.B_AND_S [31], Q = \peripheral_Display0.d_out [15], rval = 1'0).
Adding SRST signal on $auto$ff.cc:266:slice$13648 ($_DFF_P_) from module SOC (D = $flatten\peripheral_Display0.$procmux$2492.B_AND_S [30], Q = \peripheral_Display0.d_out [14], rval = 1'0).
Adding SRST signal on $auto$ff.cc:266:slice$13647 ($_DFF_P_) from module SOC (D = $flatten\peripheral_Display0.$procmux$2492.B_AND_S [29], Q = \peripheral_Display0.d_out [13], rval = 1'0).
Adding SRST signal on $auto$ff.cc:266:slice$13646 ($_DFF_P_) from module SOC (D = $flatten\peripheral_Display0.$procmux$2492.B_AND_S [28], Q = \peripheral_Display0.d_out [12], rval = 1'0).
Adding SRST signal on $auto$ff.cc:266:slice$13645 ($_DFF_P_) from module SOC (D = $flatten\peripheral_Display0.$procmux$2492.B_AND_S [27], Q = \peripheral_Display0.d_out [11], rval = 1'0).
Adding SRST signal on $auto$ff.cc:266:slice$13644 ($_DFF_P_) from module SOC (D = $flatten\peripheral_Display0.$procmux$2492.B_AND_S [26], Q = \peripheral_Display0.d_out [10], rval = 1'0).
Adding SRST signal on $auto$ff.cc:266:slice$13643 ($_DFF_P_) from module SOC (D = $flatten\peripheral_Display0.$procmux$2492.B_AND_S [25], Q = \peripheral_Display0.d_out [9], rval = 1'0).
Adding SRST signal on $auto$ff.cc:266:slice$13642 ($_DFF_P_) from module SOC (D = $flatten\peripheral_Display0.$procmux$2492.B_AND_S [24], Q = \peripheral_Display0.d_out [8], rval = 1'0).
Adding SRST signal on $auto$ff.cc:266:slice$13641 ($_DFF_P_) from module SOC (D = $flatten\peripheral_Display0.$procmux$2492.B_AND_S [23], Q = \peripheral_Display0.d_out [7], rval = 1'0).
Adding SRST signal on $auto$ff.cc:266:slice$13640 ($_DFF_P_) from module SOC (D = $flatten\peripheral_Display0.$procmux$2492.B_AND_S [22], Q = \peripheral_Display0.d_out [6], rval = 1'0).
Adding SRST signal on $auto$ff.cc:266:slice$13639 ($_DFF_P_) from module SOC (D = $flatten\peripheral_Display0.$procmux$2492.B_AND_S [21], Q = \peripheral_Display0.d_out [5], rval = 1'0).
Adding SRST signal on $auto$ff.cc:266:slice$13638 ($_DFF_P_) from module SOC (D = $flatten\peripheral_Display0.$procmux$2492.B_AND_S [20], Q = \peripheral_Display0.d_out [4], rval = 1'0).
Adding SRST signal on $auto$ff.cc:266:slice$13637 ($_DFF_P_) from module SOC (D = $flatten\peripheral_Display0.$procmux$2492.B_AND_S [19], Q = \peripheral_Display0.d_out [3], rval = 1'0).
Adding SRST signal on $auto$ff.cc:266:slice$13636 ($_DFF_P_) from module SOC (D = $flatten\peripheral_Display0.$procmux$2492.B_AND_S [18], Q = \peripheral_Display0.d_out [2], rval = 1'0).
Adding SRST signal on $auto$ff.cc:266:slice$13635 ($_DFF_P_) from module SOC (D = $flatten\peripheral_Display0.$procmux$2492.B_AND_S [17], Q = \peripheral_Display0.d_out [1], rval = 1'0).
Adding SRST signal on $auto$ff.cc:266:slice$13634 ($_DFF_P_) from module SOC (D = $flatten\peripheral_Display0.$procmux$2492.Y_B [0], Q = \peripheral_Display0.d_out [0], rval = 1'0).
Adding SRST signal on $auto$ff.cc:266:slice$12552 ($_DFF_P_) from module SOC (D = $flatten\DD1.$procmux$2482.B_AND_S [63], Q = \DD1.d_out [31], rval = 1'0).
Adding SRST signal on $auto$ff.cc:266:slice$12551 ($_DFF_P_) from module SOC (D = $flatten\DD1.$procmux$2482.B_AND_S [62], Q = \DD1.d_out [30], rval = 1'0).
Adding SRST signal on $auto$ff.cc:266:slice$12550 ($_DFF_P_) from module SOC (D = $flatten\DD1.$procmux$2482.B_AND_S [61], Q = \DD1.d_out [29], rval = 1'0).
Adding SRST signal on $auto$ff.cc:266:slice$12549 ($_DFF_P_) from module SOC (D = $flatten\DD1.$procmux$2482.B_AND_S [60], Q = \DD1.d_out [28], rval = 1'0).
Adding SRST signal on $auto$ff.cc:266:slice$12548 ($_DFF_P_) from module SOC (D = $flatten\DD1.$procmux$2482.B_AND_S [59], Q = \DD1.d_out [27], rval = 1'0).
Adding SRST signal on $auto$ff.cc:266:slice$12547 ($_DFF_P_) from module SOC (D = $flatten\DD1.$procmux$2482.B_AND_S [58], Q = \DD1.d_out [26], rval = 1'0).
Adding SRST signal on $auto$ff.cc:266:slice$12546 ($_DFF_P_) from module SOC (D = $flatten\DD1.$procmux$2482.B_AND_S [57], Q = \DD1.d_out [25], rval = 1'0).
Adding SRST signal on $auto$ff.cc:266:slice$12545 ($_DFF_P_) from module SOC (D = $flatten\DD1.$procmux$2482.B_AND_S [56], Q = \DD1.d_out [24], rval = 1'0).
Adding SRST signal on $auto$ff.cc:266:slice$12544 ($_DFF_P_) from module SOC (D = $flatten\DD1.$procmux$2482.B_AND_S [55], Q = \DD1.d_out [23], rval = 1'0).
Adding SRST signal on $auto$ff.cc:266:slice$12543 ($_DFF_P_) from module SOC (D = $flatten\DD1.$procmux$2482.B_AND_S [54], Q = \DD1.d_out [22], rval = 1'0).
Adding SRST signal on $auto$ff.cc:266:slice$12542 ($_DFF_P_) from module SOC (D = $flatten\DD1.$procmux$2482.B_AND_S [53], Q = \DD1.d_out [21], rval = 1'0).
Adding SRST signal on $auto$ff.cc:266:slice$12541 ($_DFF_P_) from module SOC (D = $flatten\DD1.$procmux$2482.B_AND_S [52], Q = \DD1.d_out [20], rval = 1'0).
Adding SRST signal on $auto$ff.cc:266:slice$12540 ($_DFF_P_) from module SOC (D = $flatten\DD1.$procmux$2482.B_AND_S [51], Q = \DD1.d_out [19], rval = 1'0).
Adding SRST signal on $auto$ff.cc:266:slice$12539 ($_DFF_P_) from module SOC (D = $flatten\DD1.$procmux$2482.B_AND_S [50], Q = \DD1.d_out [18], rval = 1'0).
Adding SRST signal on $auto$ff.cc:266:slice$12538 ($_DFF_P_) from module SOC (D = $flatten\DD1.$procmux$2482.B_AND_S [49], Q = \DD1.d_out [17], rval = 1'0).
Adding SRST signal on $auto$ff.cc:266:slice$12537 ($_DFF_P_) from module SOC (D = $flatten\DD1.$procmux$2482.B_AND_S [48], Q = \DD1.d_out [16], rval = 1'0).
Adding SRST signal on $auto$ff.cc:266:slice$12536 ($_DFF_P_) from module SOC (D = $flatten\DD1.$procmux$2482.B_AND_S [47], Q = \DD1.d_out [15], rval = 1'0).
Adding SRST signal on $auto$ff.cc:266:slice$12535 ($_DFF_P_) from module SOC (D = $flatten\DD1.$procmux$2482.B_AND_S [46], Q = \DD1.d_out [14], rval = 1'0).
Adding SRST signal on $auto$ff.cc:266:slice$12534 ($_DFF_P_) from module SOC (D = $flatten\DD1.$procmux$2482.B_AND_S [45], Q = \DD1.d_out [13], rval = 1'0).
Adding SRST signal on $auto$ff.cc:266:slice$12533 ($_DFF_P_) from module SOC (D = $flatten\DD1.$procmux$2482.B_AND_S [44], Q = \DD1.d_out [12], rval = 1'0).
Adding SRST signal on $auto$ff.cc:266:slice$12532 ($_DFF_P_) from module SOC (D = $flatten\DD1.$procmux$2482.B_AND_S [43], Q = \DD1.d_out [11], rval = 1'0).
Adding SRST signal on $auto$ff.cc:266:slice$12531 ($_DFF_P_) from module SOC (D = $flatten\DD1.$procmux$2482.B_AND_S [42], Q = \DD1.d_out [10], rval = 1'0).
Adding SRST signal on $auto$ff.cc:266:slice$12530 ($_DFF_P_) from module SOC (D = $flatten\DD1.$procmux$2482.B_AND_S [41], Q = \DD1.d_out [9], rval = 1'0).
Adding SRST signal on $auto$ff.cc:266:slice$12529 ($_DFF_P_) from module SOC (D = $flatten\DD1.$procmux$2482.B_AND_S [40], Q = \DD1.d_out [8], rval = 1'0).
Adding SRST signal on $auto$ff.cc:266:slice$12528 ($_DFF_P_) from module SOC (D = $flatten\DD1.$procmux$2482.B_AND_S [39], Q = \DD1.d_out [7], rval = 1'0).
Adding SRST signal on $auto$ff.cc:266:slice$12527 ($_DFF_P_) from module SOC (D = $flatten\DD1.$procmux$2482.B_AND_S [38], Q = \DD1.d_out [6], rval = 1'0).
Adding SRST signal on $auto$ff.cc:266:slice$12526 ($_DFF_P_) from module SOC (D = $flatten\DD1.$procmux$2482.B_AND_S [37], Q = \DD1.d_out [5], rval = 1'0).
Adding SRST signal on $auto$ff.cc:266:slice$12525 ($_DFF_P_) from module SOC (D = $flatten\DD1.$procmux$2482.B_AND_S [36], Q = \DD1.d_out [4], rval = 1'0).
Adding SRST signal on $auto$ff.cc:266:slice$12524 ($_DFF_P_) from module SOC (D = $flatten\DD1.$procmux$2482.B_AND_S [35], Q = \DD1.d_out [3], rval = 1'0).
Adding SRST signal on $auto$ff.cc:266:slice$12523 ($_DFF_P_) from module SOC (D = $flatten\DD1.$procmux$2482.B_AND_S [34], Q = \DD1.d_out [2], rval = 1'0).
Adding SRST signal on $auto$ff.cc:266:slice$12522 ($_DFF_P_) from module SOC (D = $flatten\DD1.$procmux$2482.B_AND_S [33], Q = \DD1.d_out [1], rval = 1'0).
Adding SRST signal on $auto$ff.cc:266:slice$12521 ($_DFF_P_) from module SOC (D = $flatten\DD1.$procmux$2482.Y_B [0], Q = \DD1.d_out [0], rval = 1'0).
Adding SRST signal on $auto$ff.cc:266:slice$11232 ($_DFF_P_) from module SOC (D = $flatten\RDD1.$procmux$2388.B_AND_S [53], Q = \RDD1.d_out [26], rval = 1'0).
Adding SRST signal on $auto$ff.cc:266:slice$11231 ($_DFF_P_) from module SOC (D = $flatten\RDD1.$procmux$2388.B_AND_S [52], Q = \RDD1.d_out [25], rval = 1'0).
Adding SRST signal on $auto$ff.cc:266:slice$11230 ($_DFF_P_) from module SOC (D = $flatten\RDD1.$procmux$2388.B_AND_S [51], Q = \RDD1.d_out [24], rval = 1'0).
Adding SRST signal on $auto$ff.cc:266:slice$11229 ($_DFF_P_) from module SOC (D = $flatten\RDD1.$procmux$2388.B_AND_S [50], Q = \RDD1.d_out [23], rval = 1'0).
Adding SRST signal on $auto$ff.cc:266:slice$11228 ($_DFF_P_) from module SOC (D = $flatten\RDD1.$procmux$2388.B_AND_S [49], Q = \RDD1.d_out [22], rval = 1'0).
Adding SRST signal on $auto$ff.cc:266:slice$11227 ($_DFF_P_) from module SOC (D = $flatten\RDD1.$procmux$2388.B_AND_S [48], Q = \RDD1.d_out [21], rval = 1'0).
Adding SRST signal on $auto$ff.cc:266:slice$11226 ($_DFF_P_) from module SOC (D = $flatten\RDD1.$procmux$2388.B_AND_S [47], Q = \RDD1.d_out [20], rval = 1'0).
Adding SRST signal on $auto$ff.cc:266:slice$11225 ($_DFF_P_) from module SOC (D = $flatten\RDD1.$procmux$2388.B_AND_S [46], Q = \RDD1.d_out [19], rval = 1'0).
Adding SRST signal on $auto$ff.cc:266:slice$11224 ($_DFF_P_) from module SOC (D = $flatten\RDD1.$procmux$2388.B_AND_S [45], Q = \RDD1.d_out [18], rval = 1'0).
Adding SRST signal on $auto$ff.cc:266:slice$11223 ($_DFF_P_) from module SOC (D = $flatten\RDD1.$procmux$2388.B_AND_S [44], Q = \RDD1.d_out [17], rval = 1'0).
Adding SRST signal on $auto$ff.cc:266:slice$11222 ($_DFF_P_) from module SOC (D = $flatten\RDD1.$procmux$2388.B_AND_S [43], Q = \RDD1.d_out [16], rval = 1'0).
Adding SRST signal on $auto$ff.cc:266:slice$11221 ($_DFF_P_) from module SOC (D = $flatten\RDD1.$procmux$2388.B_AND_S [42], Q = \RDD1.d_out [15], rval = 1'0).
Adding SRST signal on $auto$ff.cc:266:slice$11220 ($_DFF_P_) from module SOC (D = $flatten\RDD1.$procmux$2388.B_AND_S [41], Q = \RDD1.d_out [14], rval = 1'0).
Adding SRST signal on $auto$ff.cc:266:slice$11219 ($_DFF_P_) from module SOC (D = $flatten\RDD1.$procmux$2388.B_AND_S [40], Q = \RDD1.d_out [13], rval = 1'0).
Adding SRST signal on $auto$ff.cc:266:slice$11218 ($_DFF_P_) from module SOC (D = $flatten\RDD1.$procmux$2388.B_AND_S [39], Q = \RDD1.d_out [12], rval = 1'0).
Adding SRST signal on $auto$ff.cc:266:slice$11217 ($_DFF_P_) from module SOC (D = $flatten\RDD1.$procmux$2388.B_AND_S [38], Q = \RDD1.d_out [11], rval = 1'0).
Adding SRST signal on $auto$ff.cc:266:slice$11216 ($_DFF_P_) from module SOC (D = $flatten\RDD1.$procmux$2388.B_AND_S [37], Q = \RDD1.d_out [10], rval = 1'0).
Adding SRST signal on $auto$ff.cc:266:slice$11215 ($_DFF_P_) from module SOC (D = $flatten\RDD1.$procmux$2388.B_AND_S [36], Q = \RDD1.d_out [9], rval = 1'0).
Adding SRST signal on $auto$ff.cc:266:slice$11214 ($_DFF_P_) from module SOC (D = $flatten\RDD1.$procmux$2388.B_AND_S [35], Q = \RDD1.d_out [8], rval = 1'0).
Adding SRST signal on $auto$ff.cc:266:slice$11213 ($_DFF_P_) from module SOC (D = $flatten\RDD1.$procmux$2388.B_AND_S [34], Q = \RDD1.d_out [7], rval = 1'0).
Adding SRST signal on $auto$ff.cc:266:slice$11212 ($_DFF_P_) from module SOC (D = $flatten\RDD1.$procmux$2388.B_AND_S [33], Q = \RDD1.d_out [6], rval = 1'0).
Adding SRST signal on $auto$ff.cc:266:slice$11211 ($_DFF_P_) from module SOC (D = $flatten\RDD1.$procmux$2388.B_AND_S [32], Q = \RDD1.d_out [5], rval = 1'0).
Adding SRST signal on $auto$ff.cc:266:slice$11210 ($_DFF_P_) from module SOC (D = $flatten\RDD1.$procmux$2388.B_AND_S [31], Q = \RDD1.d_out [4], rval = 1'0).
Adding SRST signal on $auto$ff.cc:266:slice$11209 ($_DFF_P_) from module SOC (D = $flatten\RDD1.$procmux$2388.B_AND_S [30], Q = \RDD1.d_out [3], rval = 1'0).
Adding SRST signal on $auto$ff.cc:266:slice$11208 ($_DFF_P_) from module SOC (D = $flatten\RDD1.$procmux$2388.B_AND_S [29], Q = \RDD1.d_out [2], rval = 1'0).
Adding SRST signal on $auto$ff.cc:266:slice$11207 ($_DFF_P_) from module SOC (D = $flatten\RDD1.$procmux$2388.B_AND_S [28], Q = \RDD1.d_out [1], rval = 1'0).
Adding SRST signal on $auto$ff.cc:266:slice$11206 ($_DFF_P_) from module SOC (D = $flatten\RDD1.$procmux$2388.Y_B [0], Q = \RDD1.d_out [0], rval = 1'0).
Adding SRST signal on $auto$ff.cc:266:slice$11049 ($_DFF_P_) from module SOC (D = $flatten\per_uart.$procmux$2367.B_AND_S [9], Q = \per_uart.d_out [9], rval = 1'0).
Adding SRST signal on $auto$ff.cc:266:slice$11048 ($_DFF_P_) from module SOC (D = $flatten\per_uart.$procmux$2367.B_AND_S [8], Q = \per_uart.d_out [8], rval = 1'0).
Adding SRST signal on $auto$ff.cc:266:slice$11047 ($_DFF_P_) from module SOC (D = $flatten\per_uart.$procmux$2367.Y_B [7], Q = \per_uart.d_out [7], rval = 1'0).
Adding SRST signal on $auto$ff.cc:266:slice$11046 ($_DFF_P_) from module SOC (D = $flatten\per_uart.$procmux$2367.B_AND_S [16], Q = \per_uart.d_out [6], rval = 1'0).
Adding SRST signal on $auto$ff.cc:266:slice$11045 ($_DFF_P_) from module SOC (D = $flatten\per_uart.$procmux$2367.B_AND_S [15], Q = \per_uart.d_out [5], rval = 1'0).
Adding SRST signal on $auto$ff.cc:266:slice$11044 ($_DFF_P_) from module SOC (D = $flatten\per_uart.$procmux$2367.B_AND_S [14], Q = \per_uart.d_out [4], rval = 1'0).
Adding SRST signal on $auto$ff.cc:266:slice$11043 ($_DFF_P_) from module SOC (D = $flatten\per_uart.$procmux$2367.B_AND_S [13], Q = \per_uart.d_out [3], rval = 1'0).
Adding SRST signal on $auto$ff.cc:266:slice$11042 ($_DFF_P_) from module SOC (D = $flatten\per_uart.$procmux$2367.B_AND_S [12], Q = \per_uart.d_out [2], rval = 1'0).
Adding SRST signal on $auto$ff.cc:266:slice$11041 ($_DFF_P_) from module SOC (D = $flatten\per_uart.$procmux$2367.B_AND_S [11], Q = \per_uart.d_out [1], rval = 1'0).
Adding SRST signal on $auto$ff.cc:266:slice$11040 ($_DFF_P_) from module SOC (D = $flatten\per_uart.$procmux$2367.B_AND_S [10], Q = \per_uart.d_out [0], rval = 1'0).
Adding SRST signal on $auto$ff.cc:266:slice$10049 ($_SDFF_PN0_) from module SOC (D = $flatten\mult1.\mult1.\control0.$procmux$1604.Y_B [2], Q = \mult1.mult1.control0.state [2], rval = 1'0).
Adding SRST signal on $auto$ff.cc:266:slice$10048 ($_SDFF_PN0_) from module SOC (D = $flatten\mult1.\mult1.\control0.$procmux$1604.Y_B [1], Q = \mult1.mult1.control0.state [1], rval = 1'0).
Adding SRST signal on $auto$ff.cc:266:slice$10047 ($_SDFF_PN0_) from module SOC (D = $flatten\mult1.\mult1.\control0.$procmux$1604.Y_B [0], Q = \mult1.mult1.control0.state [0], rval = 1'0).

33.33.9. Executing OPT_CLEAN pass (remove unused cells and wires).
Finding unused cells or wires in module \SOC..
Removed 148 unused cells and 12 unused wires.

33.33.10. Rerunning OPT passes. (Removed registers in this run.)

33.33.11. Executing OPT_EXPR pass (perform const folding).
Optimizing module SOC.

33.33.12. Executing OPT_MERGE pass (detect identical cells).
Finding identical cells in module `\SOC'.
Removed a total of 3 cells.

33.33.13. Executing OPT_DFF pass (perform DFF optimizations).

33.33.14. Executing OPT_CLEAN pass (remove unused cells and wires).
Finding unused cells or wires in module \SOC..
Removed 0 unused cells and 3 unused wires.

33.33.15. Finished fast OPT passes.

33.34. Executing OPT_CLEAN pass (remove unused cells and wires).
Finding unused cells or wires in module \SOC..

33.35. Executing DFFLEGALIZE pass (convert FFs to types supported by the target).

33.36. Executing TECHMAP pass (map to technology primitives).

33.36.1. Executing Verilog-2005 frontend: /home/leonardo/miniconda3/envs/digital/bin/../share/yosys/ecp5/cells_map.v
Parsing Verilog input from `/home/leonardo/miniconda3/envs/digital/bin/../share/yosys/ecp5/cells_map.v' to AST representation.
Generating RTLIL representation for module `\$_DFF_N_'.
Generating RTLIL representation for module `\$_DFF_P_'.
Generating RTLIL representation for module `\$_DFFE_NN_'.
Generating RTLIL representation for module `\$_DFFE_PN_'.
Generating RTLIL representation for module `\$_DFFE_NP_'.
Generating RTLIL representation for module `\$_DFFE_PP_'.
Generating RTLIL representation for module `\$_DFF_NP0_'.
Generating RTLIL representation for module `\$_DFF_NP1_'.
Generating RTLIL representation for module `\$_DFF_PP0_'.
Generating RTLIL representation for module `\$_DFF_PP1_'.
Generating RTLIL representation for module `\$_SDFF_NP0_'.
Generating RTLIL representation for module `\$_SDFF_NP1_'.
Generating RTLIL representation for module `\$_SDFF_PP0_'.
Generating RTLIL representation for module `\$_SDFF_PP1_'.
Generating RTLIL representation for module `\$_DFFE_NP0P_'.
Generating RTLIL representation for module `\$_DFFE_NP1P_'.
Generating RTLIL representation for module `\$_DFFE_PP0P_'.
Generating RTLIL representation for module `\$_DFFE_PP1P_'.
Generating RTLIL representation for module `\$_DFFE_NP0N_'.
Generating RTLIL representation for module `\$_DFFE_NP1N_'.
Generating RTLIL representation for module `\$_DFFE_PP0N_'.
Generating RTLIL representation for module `\$_DFFE_PP1N_'.
Generating RTLIL representation for module `\$_SDFFE_NP0P_'.
Generating RTLIL representation for module `\$_SDFFE_NP1P_'.
Generating RTLIL representation for module `\$_SDFFE_PP0P_'.
Generating RTLIL representation for module `\$_SDFFE_PP1P_'.
Generating RTLIL representation for module `\$_SDFFE_NP0N_'.
Generating RTLIL representation for module `\$_SDFFE_NP1N_'.
Generating RTLIL representation for module `\$_SDFFE_PP0N_'.
Generating RTLIL representation for module `\$_SDFFE_PP1N_'.
Generating RTLIL representation for module `\$_ALDFF_NP_'.
Generating RTLIL representation for module `\$_ALDFF_PP_'.
Generating RTLIL representation for module `\$_ALDFFE_NPN_'.
Generating RTLIL representation for module `\$_ALDFFE_NPP_'.
Generating RTLIL representation for module `\$_ALDFFE_PPN_'.
Generating RTLIL representation for module `\$_ALDFFE_PPP_'.
Generating RTLIL representation for module `\FD1P3AX'.
Generating RTLIL representation for module `\FD1P3AY'.
Generating RTLIL representation for module `\FD1P3BX'.
Generating RTLIL representation for module `\FD1P3DX'.
Generating RTLIL representation for module `\FD1P3IX'.
Generating RTLIL representation for module `\FD1P3JX'.
Generating RTLIL representation for module `\FD1S3AX'.
Generating RTLIL representation for module `\FD1S3AY'.
Generating RTLIL representation for module `\FD1S3BX'.
Generating RTLIL representation for module `\FD1S3DX'.
Generating RTLIL representation for module `\FD1S3IX'.
Generating RTLIL representation for module `\FD1S3JX'.
Generating RTLIL representation for module `\IFS1P3BX'.
Generating RTLIL representation for module `\IFS1P3DX'.
Generating RTLIL representation for module `\IFS1P3IX'.
Generating RTLIL representation for module `\IFS1P3JX'.
Generating RTLIL representation for module `\OFS1P3BX'.
Generating RTLIL representation for module `\OFS1P3DX'.
Generating RTLIL representation for module `\OFS1P3IX'.
Generating RTLIL representation for module `\OFS1P3JX'.
Generating RTLIL representation for module `\IB'.
Generating RTLIL representation for module `\IBPU'.
Generating RTLIL representation for module `\IBPD'.
Generating RTLIL representation for module `\OB'.
Generating RTLIL representation for module `\OBZ'.
Generating RTLIL representation for module `\OBZPU'.
Generating RTLIL representation for module `\OBZPD'.
Generating RTLIL representation for module `\OBCO'.
Generating RTLIL representation for module `\BB'.
Generating RTLIL representation for module `\BBPU'.
Generating RTLIL representation for module `\BBPD'.
Generating RTLIL representation for module `\ILVDS'.
Generating RTLIL representation for module `\OLVDS'.
Successfully finished Verilog frontend.

33.36.2. Continuing TECHMAP pass.
Using template \$_SDFF_NP0_ for cells of type $_SDFF_NP0_.
Using template \$_SDFFE_NP0P_ for cells of type $_SDFFE_NP0P_.
Using template \$_SDFF_PP0_ for cells of type $_SDFF_PP0_.
Using template \$_SDFFE_PP0P_ for cells of type $_SDFFE_PP0P_.
Using template $paramod\$_DFFE_PP_\_TECHMAP_WIREINIT_Q_=1'x for cells of type $_DFFE_PP_.
Using template $paramod\$_DFFE_PP_\_TECHMAP_WIREINIT_Q_=1'0 for cells of type $_DFFE_PP_.
Using template \$_DFF_PP0_ for cells of type $_DFF_PP0_.
Using template $paramod\$_DFFE_NP_\_TECHMAP_WIREINIT_Q_=1'x for cells of type $_DFFE_NP_.
Using template $paramod\$_DFF_P_\_TECHMAP_WIREINIT_Q_=1'x for cells of type $_DFF_P_.
Using template \$_DFFE_PP0P_ for cells of type $_DFFE_PP0P_.
Using template \$_DFFE_PP0N_ for cells of type $_DFFE_PP0N_.
Using template \$_DFF_NP0_ for cells of type $_DFF_NP0_.
Using template \$_SDFF_PP1_ for cells of type $_SDFF_PP1_.
Using template \$_DFFE_NP0P_ for cells of type $_DFFE_NP0P_.
Using template \$_DFF_PP1_ for cells of type $_DFF_PP1_.
Using template \$_DFFE_PP1P_ for cells of type $_DFFE_PP1P_.
Using template \$_SDFFE_PP1P_ for cells of type $_SDFFE_PP1P_.
Using template \$_SDFFE_PP0N_ for cells of type $_SDFFE_PP0N_.
Using template \$_DFFE_NP1P_ for cells of type $_DFFE_NP1P_.
Using template \$_SDFFE_NP0N_ for cells of type $_SDFFE_NP0N_.
No more expansions possible.

33.37. Executing OPT_EXPR pass (perform const folding).
Optimizing module SOC.

33.38. Executing SIMPLEMAP pass (map simple cells to gate primitives).

33.39. Executing LATTICE_GSR pass (implement FF init values).
Handling GSR in SOC.

33.40. Executing ATTRMVCP pass (move or copy attributes).

33.41. Executing OPT_CLEAN pass (remove unused cells and wires).
Finding unused cells or wires in module \SOC..
Removed 40 unused cells and 7001 unused wires.

33.42. Executing TECHMAP pass (map to technology primitives).

33.42.1. Executing Verilog-2005 frontend: /home/leonardo/miniconda3/envs/digital/bin/../share/yosys/ecp5/latches_map.v
Parsing Verilog input from `/home/leonardo/miniconda3/envs/digital/bin/../share/yosys/ecp5/latches_map.v' to AST representation.
Generating RTLIL representation for module `\$_DLATCH_N_'.
Generating RTLIL representation for module `\$_DLATCH_P_'.
Successfully finished Verilog frontend.

33.42.2. Continuing TECHMAP pass.

33.42.3. Executing SIMPLEMAP pass (map simple cells to gate primitives).
Mapping \$_DLATCH_N_.$ternary$/home/leonardo/miniconda3/envs/digital/bin/../share/yosys/ecp5/latches_map.v:4$23715 ($mux).
Mapping \$_DLATCH_N_.$logic_not$/home/leonardo/miniconda3/envs/digital/bin/../share/yosys/ecp5/latches_map.v:4$23714 ($logic_not).

33.42.4. Executing OPT pass (performing simple optimizations).

33.42.4.1. Executing OPT_EXPR pass (perform const folding).
Optimizing module \$_DLATCH_N_.

33.42.4.2. Executing OPT_MERGE pass (detect identical cells).
Finding identical cells in module `\$_DLATCH_N_'.
Removed a total of 0 cells.

33.42.4.3. Executing OPT_MUXTREE pass (detect dead branches in mux trees).
Running muxtree optimizer on module \$_DLATCH_N_..
  Creating internal representation of mux trees.
  No muxes found in this module.
Removed 0 multiplexer ports.

33.42.4.4. Executing OPT_REDUCE pass (consolidate $*mux and $reduce_* inputs).
  Optimizing cells in module \$_DLATCH_N_.
Performed a total of 0 changes.

33.42.4.5. Executing OPT_MERGE pass (detect identical cells).
Finding identical cells in module `\$_DLATCH_N_'.
Removed a total of 0 cells.

33.42.4.6. Executing OPT_DFF pass (perform DFF optimizations).

33.42.4.7. Executing OPT_CLEAN pass (remove unused cells and wires).
Finding unused cells or wires in module \$_DLATCH_N_..
Removed 1 unused cells and 2 unused wires.

33.42.4.8. Executing OPT_EXPR pass (perform const folding).
Optimizing module \$_DLATCH_N_.

33.42.4.9. Rerunning OPT passes. (Maybe there is more to do..)

33.42.4.10. Executing OPT_MUXTREE pass (detect dead branches in mux trees).
Running muxtree optimizer on module \$_DLATCH_N_..
  Creating internal representation of mux trees.
  No muxes found in this module.
Removed 0 multiplexer ports.

33.42.4.11. Executing OPT_REDUCE pass (consolidate $*mux and $reduce_* inputs).
  Optimizing cells in module \$_DLATCH_N_.
Performed a total of 0 changes.

33.42.4.12. Executing OPT_MERGE pass (detect identical cells).
Finding identical cells in module `\$_DLATCH_N_'.
Removed a total of 0 cells.

33.42.4.13. Executing OPT_DFF pass (perform DFF optimizations).

33.42.4.14. Executing OPT_CLEAN pass (remove unused cells and wires).
Finding unused cells or wires in module \$_DLATCH_N_..

33.42.4.15. Executing OPT_EXPR pass (perform const folding).
Optimizing module \$_DLATCH_N_.

33.42.4.16. Finished OPT passes. (There is nothing left to do.)
Using template \$_DLATCH_N_ for cells of type $_DLATCH_N_.
No more expansions possible.

33.43. Executing ABC pass (technology mapping using ABC).

33.43.1. Extracting gate netlist of module `\SOC' to `<abc-temp-dir>/input.blif'..
Breaking loop using new signal $abcloop$23720: \CPU.LOAD_sign -> $flatten\CPU.$ternary$cores/cpu/femtorv32_quark_V2.v:141$401_Y [31]
                                               \CPU.LOAD_sign -> $flatten\CPU.$ternary$cores/cpu/femtorv32_quark_V2.v:141$401_Y [30]
                                               \CPU.LOAD_sign -> $flatten\CPU.$ternary$cores/cpu/femtorv32_quark_V2.v:141$401_Y [29]
                                               \CPU.LOAD_sign -> $flatten\CPU.$ternary$cores/cpu/femtorv32_quark_V2.v:141$401_Y [28]
                                               \CPU.LOAD_sign -> $flatten\CPU.$ternary$cores/cpu/femtorv32_quark_V2.v:141$401_Y [27]
                                               \CPU.LOAD_sign -> $flatten\CPU.$ternary$cores/cpu/femtorv32_quark_V2.v:141$401_Y [26]
                                               \CPU.LOAD_sign -> $flatten\CPU.$ternary$cores/cpu/femtorv32_quark_V2.v:141$401_Y [25]
                                               \CPU.LOAD_sign -> $flatten\CPU.$ternary$cores/cpu/femtorv32_quark_V2.v:141$401_Y [24]
                                               \CPU.LOAD_sign -> $flatten\CPU.$ternary$cores/cpu/femtorv32_quark_V2.v:141$401_Y [23]
                                               \CPU.LOAD_sign -> $flatten\CPU.$ternary$cores/cpu/femtorv32_quark_V2.v:141$401_Y [22]
                                               \CPU.LOAD_sign -> $flatten\CPU.$ternary$cores/cpu/femtorv32_quark_V2.v:141$401_Y [21]
                                               \CPU.LOAD_sign -> $flatten\CPU.$ternary$cores/cpu/femtorv32_quark_V2.v:141$401_Y [20]
                                               \CPU.LOAD_sign -> $flatten\CPU.$ternary$cores/cpu/femtorv32_quark_V2.v:141$401_Y [19]
                                               \CPU.LOAD_sign -> $flatten\CPU.$ternary$cores/cpu/femtorv32_quark_V2.v:141$401_Y [18]
                                               \CPU.LOAD_sign -> $flatten\CPU.$ternary$cores/cpu/femtorv32_quark_V2.v:141$401_Y [17]
                                               \CPU.LOAD_sign -> $flatten\CPU.$ternary$cores/cpu/femtorv32_quark_V2.v:141$401_Y [16]
                                               \CPU.LOAD_sign -> \CPU.LOAD_data [31]
                                               \CPU.LOAD_sign -> \CPU.LOAD_data [30]
                                               \CPU.LOAD_sign -> \CPU.LOAD_data [29]
                                               \CPU.LOAD_sign -> \CPU.LOAD_data [28]
                                               \CPU.LOAD_sign -> \CPU.LOAD_data [27]
                                               \CPU.LOAD_sign -> \CPU.LOAD_data [26]
                                               \CPU.LOAD_sign -> \CPU.LOAD_data [25]
                                               \CPU.LOAD_sign -> \CPU.LOAD_data [24]
                                               \CPU.LOAD_sign -> \CPU.LOAD_data [23]
                                               \CPU.LOAD_sign -> \CPU.LOAD_data [22]
                                               \CPU.LOAD_sign -> \CPU.LOAD_data [21]
                                               \CPU.LOAD_sign -> \CPU.LOAD_data [20]
                                               \CPU.LOAD_sign -> \CPU.LOAD_data [19]
                                               \CPU.LOAD_sign -> \CPU.LOAD_data [18]
                                               \CPU.LOAD_sign -> \CPU.LOAD_data [17]
                                               \CPU.LOAD_sign -> \CPU.LOAD_data [16]
                                               \CPU.LOAD_sign -> \CPU.LOAD_data [15]
                                               \CPU.LOAD_sign -> \CPU.LOAD_data [14]
                                               \CPU.LOAD_sign -> \CPU.LOAD_data [13]
                                               \CPU.LOAD_sign -> \CPU.LOAD_data [12]
                                               \CPU.LOAD_sign -> \CPU.LOAD_data [11]
                                               \CPU.LOAD_sign -> \CPU.LOAD_data [10]
                                               \CPU.LOAD_sign -> \CPU.LOAD_data [9]
                                               \CPU.LOAD_sign -> \CPU.LOAD_data [8]
Breaking loop using new signal $abcloop$23721: \mem_rdata [24] -> $\CPU.registerFile$rdreg[0]$d [31]
                                               \mem_rdata [24] -> $\CPU.registerFile$rdreg[0]$d [30]
                                               \mem_rdata [24] -> $\CPU.registerFile$rdreg[0]$d [29]
                                               \mem_rdata [24] -> $\CPU.registerFile$rdreg[0]$d [28]
                                               \mem_rdata [24] -> $\CPU.registerFile$rdreg[0]$d [27]
                                               \mem_rdata [24] -> $\CPU.registerFile$rdreg[0]$d [26]
                                               \mem_rdata [24] -> $\CPU.registerFile$rdreg[0]$d [25]
                                               \mem_rdata [24] -> $\CPU.registerFile$rdreg[0]$d [24]
                                               \mem_rdata [24] -> $\CPU.registerFile$rdreg[0]$d [23]
                                               \mem_rdata [24] -> $\CPU.registerFile$rdreg[0]$d [22]
                                               \mem_rdata [24] -> $\CPU.registerFile$rdreg[0]$d [21]
                                               \mem_rdata [24] -> $\CPU.registerFile$rdreg[0]$d [20]
                                               \mem_rdata [24] -> $\CPU.registerFile$rdreg[0]$d [19]
                                               \mem_rdata [24] -> $\CPU.registerFile$rdreg[0]$d [18]
                                               \mem_rdata [24] -> $\CPU.registerFile$rdreg[0]$d [17]
                                               \mem_rdata [24] -> $\CPU.registerFile$rdreg[0]$d [16]
                                               \mem_rdata [24] -> $\CPU.registerFile$rdreg[0]$d [15]
                                               \mem_rdata [24] -> $\CPU.registerFile$rdreg[0]$d [14]
                                               \mem_rdata [24] -> $\CPU.registerFile$rdreg[0]$d [13]
                                               \mem_rdata [24] -> $\CPU.registerFile$rdreg[0]$d [12]
                                               \mem_rdata [24] -> $\CPU.registerFile$rdreg[0]$d [11]
                                               \mem_rdata [24] -> $\CPU.registerFile$rdreg[0]$d [10]
                                               \mem_rdata [24] -> $\CPU.registerFile$rdreg[0]$d [9]
                                               \mem_rdata [24] -> $\CPU.registerFile$rdreg[0]$d [8]
                                               \mem_rdata [24] -> $\CPU.registerFile$rdreg[0]$d [7]
                                               \mem_rdata [24] -> $\CPU.registerFile$rdreg[0]$d [6]
                                               \mem_rdata [24] -> $\CPU.registerFile$rdreg[0]$d [5]
                                               \mem_rdata [24] -> $\CPU.registerFile$rdreg[0]$d [4]
                                               \mem_rdata [24] -> $\CPU.registerFile$rdreg[0]$d [3]
                                               \mem_rdata [24] -> $\CPU.registerFile$rdreg[0]$d [2]
                                               \mem_rdata [24] -> $\CPU.registerFile$rdreg[0]$d [1]
                                               \mem_rdata [24] -> $\CPU.registerFile$rdreg[0]$d [0]
                                               \mem_rdata [24] -> \CPU.LOAD_halfword [8]
                                               \mem_rdata [24] -> $flatten\CPU.$ternary$cores/cpu/femtorv32_quark_V2.v:141$401_Y [24]
                                               \mem_rdata [24] -> \mem_rdata [24]
Breaking loop using new signal $abcloop$23722: \mem_rdata [19] -> $\CPU.registerFile$rdreg[1]$d [31]
                                               \mem_rdata [19] -> $\CPU.registerFile$rdreg[1]$d [30]
                                               \mem_rdata [19] -> $\CPU.registerFile$rdreg[1]$d [29]
                                               \mem_rdata [19] -> $\CPU.registerFile$rdreg[1]$d [28]
                                               \mem_rdata [19] -> $\CPU.registerFile$rdreg[1]$d [27]
                                               \mem_rdata [19] -> $\CPU.registerFile$rdreg[1]$d [26]
                                               \mem_rdata [19] -> $\CPU.registerFile$rdreg[1]$d [25]
                                               \mem_rdata [19] -> $\CPU.registerFile$rdreg[1]$d [24]
                                               \mem_rdata [19] -> $\CPU.registerFile$rdreg[1]$d [23]
                                               \mem_rdata [19] -> $\CPU.registerFile$rdreg[1]$d [22]
                                               \mem_rdata [19] -> $\CPU.registerFile$rdreg[1]$d [21]
                                               \mem_rdata [19] -> $\CPU.registerFile$rdreg[1]$d [20]
                                               \mem_rdata [19] -> $\CPU.registerFile$rdreg[1]$d [19]
                                               \mem_rdata [19] -> $\CPU.registerFile$rdreg[1]$d [18]
                                               \mem_rdata [19] -> $\CPU.registerFile$rdreg[1]$d [17]
                                               \mem_rdata [19] -> $\CPU.registerFile$rdreg[1]$d [16]
                                               \mem_rdata [19] -> $\CPU.registerFile$rdreg[1]$d [15]
                                               \mem_rdata [19] -> $\CPU.registerFile$rdreg[1]$d [14]
                                               \mem_rdata [19] -> $\CPU.registerFile$rdreg[1]$d [13]
                                               \mem_rdata [19] -> $\CPU.registerFile$rdreg[1]$d [12]
                                               \mem_rdata [19] -> $\CPU.registerFile$rdreg[1]$d [11]
                                               \mem_rdata [19] -> $\CPU.registerFile$rdreg[1]$d [10]
                                               \mem_rdata [19] -> $\CPU.registerFile$rdreg[1]$d [9]
                                               \mem_rdata [19] -> $\CPU.registerFile$rdreg[1]$d [8]
                                               \mem_rdata [19] -> $\CPU.registerFile$rdreg[1]$d [7]
                                               \mem_rdata [19] -> $\CPU.registerFile$rdreg[1]$d [6]
                                               \mem_rdata [19] -> $\CPU.registerFile$rdreg[1]$d [5]
                                               \mem_rdata [19] -> $\CPU.registerFile$rdreg[1]$d [4]
                                               \mem_rdata [19] -> $\CPU.registerFile$rdreg[1]$d [3]
                                               \mem_rdata [19] -> $\CPU.registerFile$rdreg[1]$d [2]
                                               \mem_rdata [19] -> $\CPU.registerFile$rdreg[1]$d [1]
                                               \mem_rdata [19] -> $\CPU.registerFile$rdreg[1]$d [0]
                                               \mem_rdata [19] -> \CPU.LOAD_halfword [3]
                                               \mem_rdata [19] -> $flatten\CPU.$ternary$cores/cpu/femtorv32_quark_V2.v:141$401_Y [19]
                                               \mem_rdata [19] -> \mem_rdata [19]
Breaking loop using new signal $abcloop$23723: \CPU.LOAD_halfword [15] -> $flatten\CPU.$ternary$cores/cpu/femtorv32_quark_V2.v:137$399_Y
                                               \CPU.LOAD_halfword [15] -> $flatten\CPU.$ternary$cores/cpu/femtorv32_quark_V2.v:141$401_Y [15]
                                               \CPU.LOAD_halfword [15] -> \CPU.LOAD_byte [7]
Breaking loop using new signal $abcloop$23724: \mem_rdata [31] -> \CPU.LOAD_halfword [15]
                                               \mem_rdata [31] -> $flatten\CPU.$ternary$cores/cpu/femtorv32_quark_V2.v:141$401_Y [31]
                                               \mem_rdata [31] -> \mem_rdata [31]
Breaking loop using new signal $abcloop$23725: \mem_rdata [30] -> \CPU.LOAD_halfword [14]
                                               \mem_rdata [30] -> $flatten\CPU.$ternary$cores/cpu/femtorv32_quark_V2.v:141$401_Y [30]
                                               \mem_rdata [30] -> \mem_rdata [30]
Breaking loop using new signal $abcloop$23726: \mem_rdata [29] -> \CPU.LOAD_halfword [13]
                                               \mem_rdata [29] -> $flatten\CPU.$ternary$cores/cpu/femtorv32_quark_V2.v:141$401_Y [29]
                                               \mem_rdata [29] -> \mem_rdata [29]
Breaking loop using new signal $abcloop$23727: \mem_rdata [28] -> \CPU.LOAD_halfword [12]
                                               \mem_rdata [28] -> $flatten\CPU.$ternary$cores/cpu/femtorv32_quark_V2.v:141$401_Y [28]
                                               \mem_rdata [28] -> \mem_rdata [28]
Breaking loop using new signal $abcloop$23728: \mem_rdata [27] -> \CPU.LOAD_halfword [11]
                                               \mem_rdata [27] -> $flatten\CPU.$ternary$cores/cpu/femtorv32_quark_V2.v:141$401_Y [27]
                                               \mem_rdata [27] -> \mem_rdata [27]
Breaking loop using new signal $abcloop$23729: \mem_rdata [26] -> \CPU.LOAD_halfword [10]
                                               \mem_rdata [26] -> $flatten\CPU.$ternary$cores/cpu/femtorv32_quark_V2.v:141$401_Y [26]
                                               \mem_rdata [26] -> \mem_rdata [26]
Breaking loop using new signal $abcloop$23730: \mem_rdata [25] -> \CPU.LOAD_halfword [9]
                                               \mem_rdata [25] -> $flatten\CPU.$ternary$cores/cpu/femtorv32_quark_V2.v:141$401_Y [25]
                                               \mem_rdata [25] -> \mem_rdata [25]
Breaking loop using new signal $abcloop$23731: \mem_rdata [23] -> \CPU.LOAD_halfword [7]
                                               \mem_rdata [23] -> $flatten\CPU.$ternary$cores/cpu/femtorv32_quark_V2.v:141$401_Y [23]
                                               \mem_rdata [23] -> \mem_rdata [23]
Breaking loop using new signal $abcloop$23732: \mem_rdata [22] -> \CPU.LOAD_halfword [6]
                                               \mem_rdata [22] -> $flatten\CPU.$ternary$cores/cpu/femtorv32_quark_V2.v:141$401_Y [22]
                                               \mem_rdata [22] -> \mem_rdata [22]
Breaking loop using new signal $abcloop$23733: \mem_rdata [21] -> \CPU.LOAD_halfword [5]
                                               \mem_rdata [21] -> $flatten\CPU.$ternary$cores/cpu/femtorv32_quark_V2.v:141$401_Y [21]
                                               \mem_rdata [21] -> \mem_rdata [21]
Breaking loop using new signal $abcloop$23734: \mem_rdata [20] -> \CPU.LOAD_halfword [4]
                                               \mem_rdata [20] -> $flatten\CPU.$ternary$cores/cpu/femtorv32_quark_V2.v:141$401_Y [20]
                                               \mem_rdata [20] -> \mem_rdata [20]
Breaking loop using new signal $abcloop$23735: \mem_rdata [18] -> \CPU.LOAD_halfword [2]
                                               \mem_rdata [18] -> $flatten\CPU.$ternary$cores/cpu/femtorv32_quark_V2.v:141$401_Y [18]
                                               \mem_rdata [18] -> \mem_rdata [18]
Breaking loop using new signal $abcloop$23736: \mem_rdata [17] -> \CPU.LOAD_halfword [1]
                                               \mem_rdata [17] -> $flatten\CPU.$ternary$cores/cpu/femtorv32_quark_V2.v:141$401_Y [17]
                                               \mem_rdata [17] -> \mem_rdata [17]
Breaking loop using new signal $abcloop$23737: \mem_rdata [16] -> \CPU.LOAD_halfword [0]
                                               \mem_rdata [16] -> $flatten\CPU.$ternary$cores/cpu/femtorv32_quark_V2.v:141$401_Y [16]
                                               \mem_rdata [16] -> \mem_rdata [16]
Breaking loop using new signal $abcloop$23738: \mem_rdata [15] -> \CPU.LOAD_halfword [15]
                                               \mem_rdata [15] -> $flatten\CPU.$ternary$cores/cpu/femtorv32_quark_V2.v:141$401_Y [15]
                                               \mem_rdata [15] -> \mem_rdata [15]
Breaking loop using new signal $abcloop$23739: \mem_rdata [13] -> \CPU.LOAD_halfword [13]
                                               \mem_rdata [13] -> $flatten\CPU.$ternary$cores/cpu/femtorv32_quark_V2.v:141$401_Y [13]
                                               \mem_rdata [13] -> \mem_rdata [13]
Breaking loop using new signal $abcloop$23740: \mem_rdata [12] -> \CPU.LOAD_halfword [12]
                                               \mem_rdata [12] -> $flatten\CPU.$ternary$cores/cpu/femtorv32_quark_V2.v:141$401_Y [12]
                                               \mem_rdata [12] -> \mem_rdata [12]
Breaking loop using new signal $abcloop$23741: \mem_rdata [10] -> \CPU.LOAD_halfword [10]
                                               \mem_rdata [10] -> $flatten\CPU.$ternary$cores/cpu/femtorv32_quark_V2.v:141$401_Y [10]
                                               \mem_rdata [10] -> \mem_rdata [10]
Breaking loop using new signal $abcloop$23742: \mem_rdata [9] -> \CPU.LOAD_halfword [9]
                                               \mem_rdata [9] -> $flatten\CPU.$ternary$cores/cpu/femtorv32_quark_V2.v:141$401_Y [9]
                                               \mem_rdata [9] -> \mem_rdata [9]
Breaking loop using new signal $abcloop$23743: \mem_rdata [7] -> \CPU.LOAD_halfword [7]
                                               \mem_rdata [7] -> $flatten\CPU.$ternary$cores/cpu/femtorv32_quark_V2.v:141$401_Y [7]
                                               \mem_rdata [7] -> \mem_rdata [7]
Breaking loop using new signal $abcloop$23744: \mem_rdata [5] -> \CPU.LOAD_halfword [5]
                                               \mem_rdata [5] -> $flatten\CPU.$ternary$cores/cpu/femtorv32_quark_V2.v:141$401_Y [5]
                                               \mem_rdata [5] -> \mem_rdata [5]
Breaking loop using new signal $abcloop$23745: \mem_rdata [3] -> \CPU.LOAD_halfword [3]
                                               \mem_rdata [3] -> $flatten\CPU.$ternary$cores/cpu/femtorv32_quark_V2.v:141$401_Y [3]
                                               \mem_rdata [3] -> \mem_rdata [3]
Breaking loop using new signal $abcloop$23746: \mem_rdata [2] -> \CPU.LOAD_halfword [2]
                                               \mem_rdata [2] -> $flatten\CPU.$ternary$cores/cpu/femtorv32_quark_V2.v:141$401_Y [2]
                                               \mem_rdata [2] -> \mem_rdata [2]
Breaking loop using new signal $abcloop$23747: \mem_rdata [1] -> \CPU.LOAD_halfword [1]
                                               \mem_rdata [1] -> $flatten\CPU.$ternary$cores/cpu/femtorv32_quark_V2.v:141$401_Y [1]
                                               \mem_rdata [1] -> \mem_rdata [1]
Breaking loop using new signal $abcloop$23748: \mem_rdata [0] -> \CPU.LOAD_halfword [0]
                                               \mem_rdata [0] -> $flatten\CPU.$ternary$cores/cpu/femtorv32_quark_V2.v:141$401_Y [0]
                                               \mem_rdata [0] -> \mem_rdata [0]
Breaking loop using new signal $abcloop$23749: \mem_rdata [14] -> \CPU.LOAD_halfword [14]
                                               \mem_rdata [14] -> $flatten\CPU.$ternary$cores/cpu/femtorv32_quark_V2.v:141$401_Y [14]
                                               \mem_rdata [14] -> \mem_rdata [14]
Breaking loop using new signal $abcloop$23750: \mem_rdata [11] -> \CPU.LOAD_halfword [11]
                                               \mem_rdata [11] -> $flatten\CPU.$ternary$cores/cpu/femtorv32_quark_V2.v:141$401_Y [11]
                                               \mem_rdata [11] -> \mem_rdata [11]
Breaking loop using new signal $abcloop$23751: \mem_rdata [6] -> \CPU.LOAD_halfword [6]
                                               \mem_rdata [6] -> $flatten\CPU.$ternary$cores/cpu/femtorv32_quark_V2.v:141$401_Y [6]
                                               \mem_rdata [6] -> \mem_rdata [6]
Breaking loop using new signal $abcloop$23752: \mem_rdata [8] -> \CPU.LOAD_halfword [8]
                                               \mem_rdata [8] -> $flatten\CPU.$ternary$cores/cpu/femtorv32_quark_V2.v:141$401_Y [8]
                                               \mem_rdata [8] -> \mem_rdata [8]
Breaking loop using new signal $abcloop$23753: \mem_rdata [4] -> \CPU.LOAD_halfword [4]
                                               \mem_rdata [4] -> $flatten\CPU.$ternary$cores/cpu/femtorv32_quark_V2.v:141$401_Y [4]
                                               \mem_rdata [4] -> \mem_rdata [4]
Extracted 5324 gates and 7112 wires to a netlist network with 1786 inputs and 1949 outputs.

33.43.1.1. Executing ABC.
Running ABC command: "<yosys-exe-dir>/yosys-abc" -s -f <abc-temp-dir>/abc.script 2>&1
ABC: ABC command line: "source <abc-temp-dir>/abc.script".
ABC: 
ABC: + read_blif <abc-temp-dir>/input.blif 
ABC: + read_lut <abc-temp-dir>/lutdefs.txt 
ABC: + strash 
ABC: + &get -n 
ABC: + &fraig -x 
ABC: + &put 
ABC: + scorr 
ABC: Warning: The network is combinational (run "fraig" or "fraig_sweep").
ABC: + dc2 
ABC: + dretime 
ABC: + strash 
ABC: + dch -f 
ABC: + if 
ABC: + mfs2 
ABC: + dress <abc-temp-dir>/input.blif 
ABC: Total number of equiv classes                =    1690.
ABC: Participating nodes from both networks       =    5262.
ABC: Participating nodes from the first network   =    2494. (  89.17 % of nodes)
ABC: Participating nodes from the second network  =    2768. (  98.96 % of nodes)
ABC: Node pairs (any polarity)                    =    2494. (  89.17 % of names can be moved)
ABC: Node pairs (same polarity)                   =    2178. (  77.87 % of names can be moved)
ABC: Total runtime =     0.07 sec
ABC: + write_blif <abc-temp-dir>/output.blif 

33.43.1.2. Re-integrating ABC results.
ABC RESULTS:              $lut cells:     2796
ABC RESULTS:        internal signals:     3377
ABC RESULTS:           input signals:     1786
ABC RESULTS:          output signals:     1949
Removing temp directory.
Removed 0 unused cells and 4419 unused wires.

33.44. Executing TECHMAP pass (map to technology primitives).

33.44.1. Executing Verilog-2005 frontend: /home/leonardo/miniconda3/envs/digital/bin/../share/yosys/ecp5/cells_map.v
Parsing Verilog input from `/home/leonardo/miniconda3/envs/digital/bin/../share/yosys/ecp5/cells_map.v' to AST representation.
Generating RTLIL representation for module `\$_DFF_N_'.
Generating RTLIL representation for module `\$_DFF_P_'.
Generating RTLIL representation for module `\$_DFFE_NN_'.
Generating RTLIL representation for module `\$_DFFE_PN_'.
Generating RTLIL representation for module `\$_DFFE_NP_'.
Generating RTLIL representation for module `\$_DFFE_PP_'.
Generating RTLIL representation for module `\$_DFF_NP0_'.
Generating RTLIL representation for module `\$_DFF_NP1_'.
Generating RTLIL representation for module `\$_DFF_PP0_'.
Generating RTLIL representation for module `\$_DFF_PP1_'.
Generating RTLIL representation for module `\$_SDFF_NP0_'.
Generating RTLIL representation for module `\$_SDFF_NP1_'.
Generating RTLIL representation for module `\$_SDFF_PP0_'.
Generating RTLIL representation for module `\$_SDFF_PP1_'.
Generating RTLIL representation for module `\$_DFFE_NP0P_'.
Generating RTLIL representation for module `\$_DFFE_NP1P_'.
Generating RTLIL representation for module `\$_DFFE_PP0P_'.
Generating RTLIL representation for module `\$_DFFE_PP1P_'.
Generating RTLIL representation for module `\$_DFFE_NP0N_'.
Generating RTLIL representation for module `\$_DFFE_NP1N_'.
Generating RTLIL representation for module `\$_DFFE_PP0N_'.
Generating RTLIL representation for module `\$_DFFE_PP1N_'.
Generating RTLIL representation for module `\$_SDFFE_NP0P_'.
Generating RTLIL representation for module `\$_SDFFE_NP1P_'.
Generating RTLIL representation for module `\$_SDFFE_PP0P_'.
Generating RTLIL representation for module `\$_SDFFE_PP1P_'.
Generating RTLIL representation for module `\$_SDFFE_NP0N_'.
Generating RTLIL representation for module `\$_SDFFE_NP1N_'.
Generating RTLIL representation for module `\$_SDFFE_PP0N_'.
Generating RTLIL representation for module `\$_SDFFE_PP1N_'.
Generating RTLIL representation for module `\$_ALDFF_NP_'.
Generating RTLIL representation for module `\$_ALDFF_PP_'.
Generating RTLIL representation for module `\$_ALDFFE_NPN_'.
Generating RTLIL representation for module `\$_ALDFFE_NPP_'.
Generating RTLIL representation for module `\$_ALDFFE_PPN_'.
Generating RTLIL representation for module `\$_ALDFFE_PPP_'.
Generating RTLIL representation for module `\FD1P3AX'.
Generating RTLIL representation for module `\FD1P3AY'.
Generating RTLIL representation for module `\FD1P3BX'.
Generating RTLIL representation for module `\FD1P3DX'.
Generating RTLIL representation for module `\FD1P3IX'.
Generating RTLIL representation for module `\FD1P3JX'.
Generating RTLIL representation for module `\FD1S3AX'.
Generating RTLIL representation for module `\FD1S3AY'.
Generating RTLIL representation for module `\FD1S3BX'.
Generating RTLIL representation for module `\FD1S3DX'.
Generating RTLIL representation for module `\FD1S3IX'.
Generating RTLIL representation for module `\FD1S3JX'.
Generating RTLIL representation for module `\IFS1P3BX'.
Generating RTLIL representation for module `\IFS1P3DX'.
Generating RTLIL representation for module `\IFS1P3IX'.
Generating RTLIL representation for module `\IFS1P3JX'.
Generating RTLIL representation for module `\OFS1P3BX'.
Generating RTLIL representation for module `\OFS1P3DX'.
Generating RTLIL representation for module `\OFS1P3IX'.
Generating RTLIL representation for module `\OFS1P3JX'.
Generating RTLIL representation for module `\IB'.
Generating RTLIL representation for module `\IBPU'.
Generating RTLIL representation for module `\IBPD'.
Generating RTLIL representation for module `\OB'.
Generating RTLIL representation for module `\OBZ'.
Generating RTLIL representation for module `\OBZPU'.
Generating RTLIL representation for module `\OBZPD'.
Generating RTLIL representation for module `\OBCO'.
Generating RTLIL representation for module `\BB'.
Generating RTLIL representation for module `\BBPU'.
Generating RTLIL representation for module `\BBPD'.
Generating RTLIL representation for module `\ILVDS'.
Generating RTLIL representation for module `\OLVDS'.
Generating RTLIL representation for module `\$lut'.
Successfully finished Verilog frontend.

33.44.2. Continuing TECHMAP pass.
Using template $paramod\$lut\WIDTH=32'00000000000000000000000000000010\LUT=4'1000 for cells of type $lut.
Using template $paramod\$lut\WIDTH=32'00000000000000000000000000000011\LUT=8'00000001 for cells of type $lut.
Using template $paramod$c1a19a87ccbbb03d43a72335db63f692ddf82cc1\$lut for cells of type $lut.
Using template $paramod$272652f6c6fbe9a75eff76e45cc7e2788835518b\$lut for cells of type $lut.
Using template $paramod$243c00f5eb9faa1d5ce3478fdc389a56070781f8\$lut for cells of type $lut.
Using template $paramod\$lut\WIDTH=32'00000000000000000000000000000010\LUT=4'0001 for cells of type $lut.
Using template $paramod\$lut\WIDTH=32'00000000000000000000000000000011\LUT=8'01010011 for cells of type $lut.
Using template $paramod$6e238df02989b317f10820a22773676e71120644\$lut for cells of type $lut.
Using template $paramod$56c6fc98268f6966dd23dcb4af9b8f5298fa7ead\$lut for cells of type $lut.
Using template $paramod$00eb793abaebf11a8659a8b47ff5c129e7d4e160\$lut for cells of type $lut.
Using template $paramod$83742432610aaf62d589083aaaa3768096793be8\$lut for cells of type $lut.
Using template $paramod$b233ccc674ac6535f4d5b3a2192489ded5ad0a5f\$lut for cells of type $lut.
Using template $paramod$53116dd00de48a756800052c09bf2f4d346349cf\$lut for cells of type $lut.
Using template $paramod$2754a21a217ccdc1a0cbf27b2e8b19266cadc23f\$lut for cells of type $lut.
Using template $paramod$608f40069c27841a5b3bdf03643a34bdc8974072\$lut for cells of type $lut.
Using template $paramod\$lut\WIDTH=32'00000000000000000000000000000011\LUT=8'10101100 for cells of type $lut.
Using template $paramod$0b6cfa886f56736955bb42706a9f574742189c51\$lut for cells of type $lut.
Using template $paramod$ac6fd02ae68c8a0de57536eaec5ffb74f1ae8570\$lut for cells of type $lut.
Using template $paramod$5c32c59025c0b98f20e63f249d83e7ebb4b085e3\$lut for cells of type $lut.
Using template $paramod$9982a995908da8c9326bab3f4301aac45b3f8390\$lut for cells of type $lut.
Using template $paramod\$lut\WIDTH=32'00000000000000000000000000000011\LUT=8'10001111 for cells of type $lut.
Using template $paramod$929c423ec3a91c0a8d61ccde91ce3fda786dddbb\$lut for cells of type $lut.
Using template $paramod$066660658d75da2837e66a13223464ed2293238b\$lut for cells of type $lut.
Using template $paramod\$lut\WIDTH=32'00000000000000000000000000000010\LUT=4'1011 for cells of type $lut.
Using template $paramod$7bb6a37e65823eeb4b38c370fec30ab082759a14\$lut for cells of type $lut.
Using template $paramod$4b2297966ddb718657b80566604f97685ffc0120\$lut for cells of type $lut.
Using template $paramod\$lut\WIDTH=32'00000000000000000000000000000010\LUT=4'0100 for cells of type $lut.
Using template $paramod$4426ba12ccc3d0cb9276205fadeed96da596c448\$lut for cells of type $lut.
Using template $paramod\$lut\WIDTH=32'00000000000000000000000000000011\LUT=8'10000000 for cells of type $lut.
Using template $paramod$0623e17b239149821fdbe2294e3bbba8e938900a\$lut for cells of type $lut.
Using template $paramod\$lut\WIDTH=32'00000000000000000000000000000001\LUT=2'01 for cells of type $lut.
Using template $paramod$c35ad3063d5038410210ddc72c1fd5fed46413b4\$lut for cells of type $lut.
Using template $paramod\$lut\WIDTH=32'00000000000000000000000000000011\LUT=8'00011111 for cells of type $lut.
Using template $paramod\$lut\WIDTH=32'00000000000000000000000000000011\LUT=8'01110000 for cells of type $lut.
Using template $paramod$e89ac58f360f774aaa6ec82384df6d4f7265bb69\$lut for cells of type $lut.
Using template $paramod\$lut\WIDTH=32'00000000000000000000000000000011\LUT=8'01000000 for cells of type $lut.
Using template $paramod\$lut\WIDTH=32'00000000000000000000000000000011\LUT=8'00010000 for cells of type $lut.
Using template $paramod$35d201d5d13b0689930fb454a340191997b0e867\$lut for cells of type $lut.
Using template $paramod$c5b694ec89d7629b942ccf6a9be1d39e24f8edec\$lut for cells of type $lut.
Using template $paramod$e9c77024ca501b890c641f9c0b10e27242db8730\$lut for cells of type $lut.
Using template $paramod$279a3e9c0ff9ba17cac3c2880dfb6b8936dd46fc\$lut for cells of type $lut.
Using template $paramod$acd25946f4e31734d5223a844c8b7845e9fb1104\$lut for cells of type $lut.
Using template $paramod\$lut\WIDTH=32'00000000000000000000000000000011\LUT=8'11110100 for cells of type $lut.
Using template $paramod$2ea69c779d6c1b79ac5a87b0d1523c67d5628dba\$lut for cells of type $lut.
Using template $paramod\$lut\WIDTH=32'00000000000000000000000000000011\LUT=8'10110000 for cells of type $lut.
Using template $paramod$6d6beead1425af15cf78b27fd9b11b41b5d4bce8\$lut for cells of type $lut.
Using template $paramod$94d86303a5ab6c2be14b18d403d3db684b8d85d1\$lut for cells of type $lut.
Using template $paramod$a1dc3be53de1ed4e4d8d03e87a473f6b8c699c08\$lut for cells of type $lut.
Using template $paramod\$lut\WIDTH=32'00000000000000000000000000000011\LUT=8'11100000 for cells of type $lut.
Using template $paramod\$lut\WIDTH=32'00000000000000000000000000000011\LUT=8'11111110 for cells of type $lut.
Using template $paramod\$lut\WIDTH=32'00000000000000000000000000000011\LUT=8'10111111 for cells of type $lut.
Using template $paramod\$lut\WIDTH=32'00000000000000000000000000000011\LUT=8'00111010 for cells of type $lut.
Using template $paramod\$lut\WIDTH=32'00000000000000000000000000000010\LUT=4'1110 for cells of type $lut.
Using template $paramod\$lut\WIDTH=32'00000000000000000000000000000011\LUT=8'11001010 for cells of type $lut.
Using template $paramod$59ad7643a6592a7af331878e9c90559a0d5892f1\$lut for cells of type $lut.
Using template $paramod$74039f550c80815491e583c36febc108d15f81d6\$lut for cells of type $lut.
Using template $paramod$43779580bfffd5d5a9f321249a174febf1dac288\$lut for cells of type $lut.
Using template $paramod\$lut\WIDTH=32'00000000000000000000000000000011\LUT=8'01111000 for cells of type $lut.
Using template $paramod$fedcddf7a4357754b8c2c1b3c873f3560b924a39\$lut for cells of type $lut.
Using template $paramod$703a13a751e631ef123f38f7d2125aeabec0f94c\$lut for cells of type $lut.
Using template $paramod$f63fe32f78d5f3c5de711945c592c8c5ec2303ae\$lut for cells of type $lut.
Using template $paramod$e5759512db67494ff77fbdfc66dff4006376568f\$lut for cells of type $lut.
Using template $paramod$60b758fd5679f6508bff32bea2afedb4f329e5f9\$lut for cells of type $lut.
Using template $paramod\$lut\WIDTH=32'00000000000000000000000000000011\LUT=8'00110101 for cells of type $lut.
Using template $paramod$162eacaa56f6f80a5a27551a5f2071c174364807\$lut for cells of type $lut.
Using template $paramod$bc0c58c467d714257661a1d7ac1bb5f9ac39b898\$lut for cells of type $lut.
Using template $paramod\$lut\WIDTH=32'00000000000000000000000000000010\LUT=4'1001 for cells of type $lut.
Using template $paramod$9bdc414229f06e785dc8fd97a243faa9336e164a\$lut for cells of type $lut.
Using template $paramod$571404c0889eaf57f492cb5e37f8acb5df5852f9\$lut for cells of type $lut.
Using template $paramod$658b9ed803f0d3d335616d3858b53e0a2522f1e8\$lut for cells of type $lut.
Using template $paramod$b4410865e8124402796f9dfbf73ef8d279fdbd08\$lut for cells of type $lut.
Using template $paramod$ba05b8a1a425003df083aea0e69541f5cbdc68f2\$lut for cells of type $lut.
Using template $paramod$c362ad8dedc7d166ed978091aca319ab1e81a2d4\$lut for cells of type $lut.
Using template $paramod$fa4f9b366e9253c4a2a22fe16973aa8a9118e5d1\$lut for cells of type $lut.
Using template $paramod\$lut\WIDTH=32'00000000000000000000000000000011\LUT=8'10100011 for cells of type $lut.
Using template $paramod$f2217303fb8753669b7fb65aa79c7437aa506d7f\$lut for cells of type $lut.
Using template $paramod$f3e1547c4b47e64c590e75cf09078b2507c8cc75\$lut for cells of type $lut.
Using template $paramod$c6932d0419018208e5384761d78f0ead9bcc772f\$lut for cells of type $lut.
Using template $paramod$cf652acbfbf67d2248e3045cd0f09c58ca55886c\$lut for cells of type $lut.
Using template $paramod\$lut\WIDTH=32'00000000000000000000000000000011\LUT=8'11111000 for cells of type $lut.
Using template $paramod$16773ebb5e5d8dbce266b8a86bb4af4574d61ffd\$lut for cells of type $lut.
Using template $paramod$f9216b411af01450972d6791d3b5c71d00a32ff1\$lut for cells of type $lut.
Using template $paramod$eba7de026ff587370e320127e266317dae097a89\$lut for cells of type $lut.
Using template $paramod$d53578aacfd93124244778d88be0e90eb09c1b1b\$lut for cells of type $lut.
Using template $paramod$a15fd389a2f54cb7b94707b25934d226e68d9e2e\$lut for cells of type $lut.
Using template $paramod$52becf8b23a9850170995bc07eb2e31f44cb70e7\$lut for cells of type $lut.
Using template $paramod$30234ddca80ec18fbcf4d45d8bd1821aad47e8fd\$lut for cells of type $lut.
Using template $paramod$6e3b22478ca21c5590744f2e30b92938c4d90996\$lut for cells of type $lut.
Using template $paramod$04192c7b6691b943e836fa399a60c8683f8f5a28\$lut for cells of type $lut.
Using template $paramod$a670b08a47dd8a34f954c50cd06e9996d77e8467\$lut for cells of type $lut.
Using template $paramod$cd6c4b4da6d8737b72fd2dc8f5d83d8967445809\$lut for cells of type $lut.
Using template $paramod$048d4aa2263b685fba6c6b0d38f6224df0dc3042\$lut for cells of type $lut.
Using template $paramod$70584433677bebb1f97d6827c9ba85513c8c682b\$lut for cells of type $lut.
Using template $paramod$5cdc22d0bd3ca14398fe93d6a434826313da339f\$lut for cells of type $lut.
Using template $paramod$052ca015f1400ebf950f85d5f181f7a5865c336c\$lut for cells of type $lut.
Using template $paramod$39e44241a2793fdb25420ab127f6ae386c28ac58\$lut for cells of type $lut.
Using template $paramod$2382b0dd4cb27fd4312681c40a6dd179c2a7a26a\$lut for cells of type $lut.
Using template $paramod$2d07c1a6c53c7b878509360922c4fa5ebedc3011\$lut for cells of type $lut.
Using template $paramod\$lut\WIDTH=32'00000000000000000000000000000010\LUT=4'0110 for cells of type $lut.
Using template $paramod$d9b36ce2fdd8ce897e45d62a5761501fd1d217bc\$lut for cells of type $lut.
Using template $paramod$41326ad8644342a66dfb051d050f2b6fbf15015b\$lut for cells of type $lut.
Using template $paramod\$lut\WIDTH=32'00000000000000000000000000000011\LUT=8'00101011 for cells of type $lut.
Using template $paramod$68036a40c5a685bb357be70d1f585fbcff135b53\$lut for cells of type $lut.
Using template $paramod$3e3e9669b610c86b1893c947a0f0670e86191e40\$lut for cells of type $lut.
Using template $paramod$09bee261497aad6711de4b0a0172e816f83d31c9\$lut for cells of type $lut.
Using template $paramod\$lut\WIDTH=32'00000000000000000000000000000011\LUT=8'10010000 for cells of type $lut.
Using template $paramod$33e58adf67c6b686a154c9ce8ebbc4b04b8cabc5\$lut for cells of type $lut.
Using template $paramod$8387f3b01e8e66e82cdd4125a78c105a1e55c53d\$lut for cells of type $lut.
Using template $paramod\$lut\WIDTH=32'00000000000000000000000000000011\LUT=8'11100001 for cells of type $lut.
Using template $paramod\$lut\WIDTH=32'00000000000000000000000000000011\LUT=8'11101000 for cells of type $lut.
Using template $paramod$aff3a645bb9f572421a4f0f49cf8987ceb4bcdc5\$lut for cells of type $lut.
Using template $paramod$a86299e9fbfd5faf85d540b9af0e759bc8421f9c\$lut for cells of type $lut.
Using template $paramod$bb59fc9d73f3ced261e3a74efef030fd29d37b76\$lut for cells of type $lut.
Using template $paramod$179512a187da069f3b79ef6612a41e494e7d54b6\$lut for cells of type $lut.
Using template $paramod$6b0849254d6c87461fb93e37cc18f089f61eb912\$lut for cells of type $lut.
Using template $paramod$d4fae2c0d9ad2966369cd4e39b81c71bcd1327c9\$lut for cells of type $lut.
Using template $paramod$5685833deb7a1113d516d214d6ae4bd4024ab19f\$lut for cells of type $lut.
Using template $paramod$df196ed0a1da5c4a58c5e08a1dac304fd3fccaab\$lut for cells of type $lut.
Using template $paramod$b4f85a6321a00b090afc4e21d68e7b99eb94d149\$lut for cells of type $lut.
Using template $paramod$85757733bcdbe5b9d118b207eb91ab8c52e482fc\$lut for cells of type $lut.
Using template $paramod$919913053442636797f134875849d3babaa148ac\$lut for cells of type $lut.
Using template $paramod$ae9b8abdb4f811ce37985dd5106af9cd21223954\$lut for cells of type $lut.
Using template $paramod$680fd8d179aaa2b94b3b7c0dab400ac18bb55c38\$lut for cells of type $lut.
Using template $paramod$798c407062c363131877015db48aaebac206e220\$lut for cells of type $lut.
Using template $paramod$4f69d4d033e11c2ad5507aac664c04ab2a1cdc76\$lut for cells of type $lut.
Using template $paramod$f15b2eabc36e7df23fd92f531a34aef1107a659f\$lut for cells of type $lut.
Using template $paramod$d1d3e5c429996c1776c029b181a703bafb0c2c7a\$lut for cells of type $lut.
Using template $paramod$ecf9cac817e9cbb222dc9e58a122faf05f34c860\$lut for cells of type $lut.
Using template $paramod$4af40b4970adb7c25fdaa0a8fee1537c64853520\$lut for cells of type $lut.
Using template $paramod$126c776b0f5e5eef0fff11eb6abcf95b4d1189d2\$lut for cells of type $lut.
Using template $paramod$9c62d266eb85e92c7733107bce79de98949de10d\$lut for cells of type $lut.
Using template $paramod$001d9634602f00137f774620efde4c651c7a59ca\$lut for cells of type $lut.
Using template $paramod$774861bf9b1885d60265e6ddea1c95a32f095489\$lut for cells of type $lut.
Using template $paramod$3d924f9ba83f5d6b6b2671645a3b6aeacb3fa069\$lut for cells of type $lut.
Using template $paramod\$lut\WIDTH=32'00000000000000000000000000000011\LUT=8'01011100 for cells of type $lut.
Using template $paramod$6d2af2c1c02cec00c036a8cb60294663f414357f\$lut for cells of type $lut.
Using template $paramod$d7f4570f04f68175b1fa25c1bac92938027a2c96\$lut for cells of type $lut.
Using template $paramod$94ac66a11090dca84889e55fcf03297912a5b7ec\$lut for cells of type $lut.
Using template $paramod$b23e1a9e6762a5f8e4a97db0089fb792bf9b8b02\$lut for cells of type $lut.
Using template $paramod\$lut\WIDTH=32'00000000000000000000000000000011\LUT=8'00001101 for cells of type $lut.
Using template $paramod\$lut\WIDTH=32'00000000000000000000000000000010\LUT=4'0111 for cells of type $lut.
Using template $paramod\$lut\WIDTH=32'00000000000000000000000000000011\LUT=8'00011100 for cells of type $lut.
Using template $paramod$fb5ee0bdef1c4e74aaf1fd8efae98b46a2f5e564\$lut for cells of type $lut.
Using template $paramod\$lut\WIDTH=32'00000000000000000000000000000011\LUT=8'11010000 for cells of type $lut.
Using template $paramod$2060872795bb24658c1e5f3f99ec4a632a2af181\$lut for cells of type $lut.
Using template $paramod$d35161d1d7976dcc02e7c7d51172431be85143b4\$lut for cells of type $lut.
Using template $paramod$27f29a55b8d5778159cd45908791b950082824c6\$lut for cells of type $lut.
Using template $paramod$fa33cf93a6ba48b12783034a73a7c11587e4aa7b\$lut for cells of type $lut.
Using template $paramod$4972722c284f07fee673f7cb99e6a36ce4a244f0\$lut for cells of type $lut.
Using template $paramod$5037893c2f0202cbda412b45a61ab57b51500aee\$lut for cells of type $lut.
Using template $paramod\$lut\WIDTH=32'00000000000000000000000000000011\LUT=8'00001011 for cells of type $lut.
Using template $paramod$e053a22d78e6bd5ea33183ea69976f0db741be0e\$lut for cells of type $lut.
Using template $paramod\$lut\WIDTH=32'00000000000000000000000000000011\LUT=8'11000001 for cells of type $lut.
Using template $paramod$71d951b20e73043168c1656217d126e617052faa\$lut for cells of type $lut.
Using template $paramod$eab1d779251e0a76321723835eec1547d8085abc\$lut for cells of type $lut.
Using template $paramod$ef8295b10a781b16be00577bb0b0751f78914e75\$lut for cells of type $lut.
Using template $paramod$30e1ac1183d91190b531bad571bf822d64fb1abf\$lut for cells of type $lut.
Using template $paramod$b431bfd938e35871dd0b7668e1503c7e8b9d491c\$lut for cells of type $lut.
Using template $paramod$ba3d1dbf231270665585129fb30d466549fd411d\$lut for cells of type $lut.
Using template $paramod$ab8bb87959c5d7cfa27886cee1355b38e054a61a\$lut for cells of type $lut.
Using template $paramod$0d2b2dc72844c2fa643e46abf26009fbfc70bbf4\$lut for cells of type $lut.
Using template $paramod$f45429e380905f064bb0bad3a8bdb941708e63a7\$lut for cells of type $lut.
Using template $paramod$61d1922b7a54e060f9315a163abe580ccdaebac5\$lut for cells of type $lut.
Using template $paramod$378c7829661a1ec10b49e451632d8fab36394f57\$lut for cells of type $lut.
Using template $paramod$a3cdc1eb771a2c6a16f64da161e11100ac409d2b\$lut for cells of type $lut.
Using template $paramod$4da2782c2e024b3eded45331a6607870b9d0254f\$lut for cells of type $lut.
Using template $paramod$af763bca85949884aefa417266a961f9c91132de\$lut for cells of type $lut.
Using template $paramod$ee19d45db61acb4c70d938b97483a4ed4b792645\$lut for cells of type $lut.
Using template $paramod$525425bfbe66d72ee88210d059d9a74f55ab8de8\$lut for cells of type $lut.
Using template $paramod$4a880da228ff1078e71af37d31b47aeaca6c3eed\$lut for cells of type $lut.
Using template $paramod$a39222cb03d9943aac8039253c12e4aeba88910c\$lut for cells of type $lut.
Using template $paramod$01f78dd418febd710b3038168e4339a0edc97a9e\$lut for cells of type $lut.
Using template $paramod$c0a4d9417755c1bd5ec9a311325000b8535d91ad\$lut for cells of type $lut.
Using template $paramod$1de87a0debf9dfc6ff1a3ffdf80a77a4c939cf5c\$lut for cells of type $lut.
Using template $paramod$11ec7271d8e6e5aeaace08c13e4c601f10e31038\$lut for cells of type $lut.
Using template $paramod$da2f95476331ffa2143f8212db8aff730de806a0\$lut for cells of type $lut.
Using template $paramod$e1d5a5f6f895315d03b6c73fac4ea2a1096801d9\$lut for cells of type $lut.
Using template $paramod$1bf62ab10e48d71d6497bccacf5c70420c470fe9\$lut for cells of type $lut.
Using template $paramod$30caa5615ac52efdf43dfbf1b1a633232eb131b1\$lut for cells of type $lut.
Using template $paramod$37a45aad6806e4bfe44bc7187611d5304cc46e15\$lut for cells of type $lut.
Using template $paramod$8c24dc0cdd336b7fb88bbf7eed45cec5cbae862b\$lut for cells of type $lut.
Using template $paramod$c28567469ea66f93bb992c5b70c6e74beb4a0a83\$lut for cells of type $lut.
Using template $paramod$a09c3b1f59bfdfcef88ea2365fdcf67a91ca7977\$lut for cells of type $lut.
Using template $paramod$12879138d1e376f344e47ea40be66b776233be75\$lut for cells of type $lut.
Using template $paramod$6d23198eb2b8f79a41c7626605a61009695893b1\$lut for cells of type $lut.
Using template $paramod$81d8a60fd95b1a9f9ef71c12a774ae6988cb9fd5\$lut for cells of type $lut.
Using template $paramod\$lut\WIDTH=32'00000000000000000000000000000011\LUT=8'01001111 for cells of type $lut.
Using template $paramod\$lut\WIDTH=32'00000000000000000000000000000011\LUT=8'11000101 for cells of type $lut.
Using template $paramod$04b674496422df8889c01c3744b94097628ccfbc\$lut for cells of type $lut.
Using template $paramod$3b23a10b001c818131dffe624a154d2b1f671dfe\$lut for cells of type $lut.
Using template $paramod$e8e5609695741cbc3de0a07fbcf5e3ace1c9afc6\$lut for cells of type $lut.
Using template $paramod$84cfaee8102c0a17027f46b67a21d66f1271cb6e\$lut for cells of type $lut.
Using template $paramod$1c396c42e783d9139777efc15205e24026d40f95\$lut for cells of type $lut.
Using template $paramod$32cbfc37aa9a4958efd3c4d75ed93360f9c339b4\$lut for cells of type $lut.
Using template $paramod$377b5e21b65224f44465108d03da42174ddd2ce2\$lut for cells of type $lut.
Using template $paramod$fccccf8bb2add7667329c686feec7546eb9a3ae3\$lut for cells of type $lut.
Using template $paramod\$lut\WIDTH=32'00000000000000000000000000000011\LUT=8'00001110 for cells of type $lut.
Using template $paramod\$lut\WIDTH=32'00000000000000000000000000000011\LUT=8'01111100 for cells of type $lut.
Using template $paramod$abba77b4358d72e7313325df27e7df1511b11a77\$lut for cells of type $lut.
Using template $paramod$ce3500c25da5392be033f9b6c2c6d3127327d026\$lut for cells of type $lut.
Using template $paramod$f7e6443e6f2b37d22e9e358e0dcb29e823f285c1\$lut for cells of type $lut.
Using template $paramod$7fcc2f13195f27c397064377984d87a90c06749d\$lut for cells of type $lut.
Using template $paramod\$lut\WIDTH=32'00000000000000000000000000000011\LUT=8'01100000 for cells of type $lut.
Using template $paramod$c7da182350c463dac9341b9202c767a484f2d529\$lut for cells of type $lut.
Using template $paramod$575b200168b9e109c2ed99df4359056f2c6696ac\$lut for cells of type $lut.
Using template $paramod$7d3cbfc289ec00e0691f33de08826f2254fca668\$lut for cells of type $lut.
Using template $paramod\$lut\WIDTH=32'00000000000000000000000000000011\LUT=8'01101111 for cells of type $lut.
Using template $paramod$d388caf9331d1c67a4a7fa86d33eb3b732255d14\$lut for cells of type $lut.
Using template $paramod$9ea79b9121f7f152b4b46a51d50fec1613d4a67b\$lut for cells of type $lut.
Using template $paramod$dcbc3898d47e3be92d713cff35bf3513123f76ff\$lut for cells of type $lut.
Using template $paramod$8adf7fbd410d2cc654c288d5be5f7508ee8809b0\$lut for cells of type $lut.
Using template $paramod$a75fe641fc9e92a88e7f40223b21a5fdc0b6278c\$lut for cells of type $lut.
Using template $paramod\$lut\WIDTH=32'00000000000000000000000000000011\LUT=8'00010100 for cells of type $lut.
Using template $paramod$fc0929bc98b8ce28dd9c675e341d6dc884f63b57\$lut for cells of type $lut.
Using template $paramod$5a621b016c894274d07edef48c49b401a15fd796\$lut for cells of type $lut.
Using template $paramod$d2845ee2da121e591069744d16cf238f53bde61d\$lut for cells of type $lut.
Using template $paramod$a3d9d50a26c80b5c42d9b864ac52f329113a426e\$lut for cells of type $lut.
No more expansions possible.

33.45. Executing OPT_LUT_INS pass (discard unused LUT inputs).
Optimizing LUTs in SOC.
  Optimizing lut $abc$23719$auto$blifparse.cc:525:parse_blif$25282.genblk1.genblk1.genblk1.genblk1.genblk1.genblk1.lut3 (4 -> 1)
  Optimizing lut $abc$23719$auto$blifparse.cc:525:parse_blif$26206.genblk1.genblk1.genblk1.genblk1.genblk1.lut1 (4 -> 1)
  Optimizing lut $abc$23719$auto$blifparse.cc:525:parse_blif$25274.genblk1.genblk1.genblk1.genblk1.genblk1.genblk1.lut3 (4 -> 1)
  Optimizing lut $abc$23719$auto$blifparse.cc:525:parse_blif$26208.genblk1.genblk1.genblk1.genblk1.genblk1.lut1 (4 -> 1)
  Optimizing lut $abc$23719$auto$blifparse.cc:525:parse_blif$25486.genblk1.genblk1.genblk1.genblk1.genblk1.lut1 (4 -> 1)
  Optimizing lut $abc$23719$auto$blifparse.cc:525:parse_blif$25500.genblk1.genblk1.genblk1.genblk1.genblk1.lut1 (4 -> 1)
  Optimizing lut $abc$23719$auto$blifparse.cc:525:parse_blif$25495.genblk1.genblk1.genblk1.genblk1.genblk1.lut1 (4 -> 1)
  Optimizing lut $abc$23719$auto$blifparse.cc:525:parse_blif$25474.genblk1.genblk1.genblk1.genblk1.genblk1.lut1 (4 -> 1)
  Optimizing lut $abc$23719$auto$blifparse.cc:525:parse_blif$25479.genblk1.genblk1.genblk1.genblk1.genblk1.lut1 (4 -> 1)
  Optimizing lut $abc$23719$auto$blifparse.cc:525:parse_blif$25409.genblk1.genblk1.genblk1.genblk1.genblk1.lut1 (4 -> 3)
  Optimizing lut $abc$23719$auto$blifparse.cc:525:parse_blif$25375.genblk1.genblk1.genblk1.genblk1.genblk1.lut1 (4 -> 0)
  Optimizing lut $abc$23719$auto$blifparse.cc:525:parse_blif$26200.genblk1.genblk1.genblk1.genblk1.genblk1.lut1 (4 -> 1)
  Optimizing lut $abc$23719$auto$blifparse.cc:525:parse_blif$25306.genblk1.genblk1.genblk1.genblk1.genblk1.genblk1.lut3 (4 -> 1)
  Optimizing lut $abc$23719$auto$blifparse.cc:525:parse_blif$25308.genblk1.genblk1.genblk1.genblk1.genblk1.lut1 (4 -> 0)
  Optimizing lut $abc$23719$auto$blifparse.cc:525:parse_blif$25314.genblk1.genblk1.genblk1.genblk1.genblk1.genblk1.lut3 (4 -> 1)
  Optimizing lut $abc$23719$auto$blifparse.cc:525:parse_blif$25230.genblk1.genblk1.genblk1.genblk1.genblk1.genblk1.lut1 (4 -> 1)
  Optimizing lut $abc$23719$auto$blifparse.cc:525:parse_blif$25230.genblk1.genblk1.genblk1.genblk1.genblk1.genblk1.lut3 (4 -> 1)
  Optimizing lut $abc$23719$auto$blifparse.cc:525:parse_blif$26202.genblk1.genblk1.genblk1.genblk1.genblk1.lut1 (4 -> 1)
  Optimizing lut $abc$23719$auto$blifparse.cc:525:parse_blif$25290.genblk1.genblk1.genblk1.genblk1.genblk1.genblk1.lut3 (4 -> 1)
  Optimizing lut $abc$23719$auto$blifparse.cc:525:parse_blif$25292.genblk1.genblk1.genblk1.genblk1.genblk1.lut1 (4 -> 0)
  Optimizing lut $abc$23719$auto$blifparse.cc:525:parse_blif$25298.genblk1.genblk1.genblk1.genblk1.genblk1.genblk1.lut3 (4 -> 1)
  Optimizing lut $abc$23719$auto$blifparse.cc:525:parse_blif$25130.genblk1.genblk1.genblk1.genblk1.genblk1.genblk1.lut3 (4 -> 1)
  Optimizing lut $abc$23719$auto$blifparse.cc:525:parse_blif$25164.genblk1.genblk1.genblk1.genblk1.genblk1.genblk1.lut3 (4 -> 1)
  Optimizing lut $abc$23719$auto$blifparse.cc:525:parse_blif$25166.genblk1.genblk1.genblk1.genblk1.genblk1.lut1 (4 -> 0)
  Optimizing lut $abc$23719$auto$blifparse.cc:525:parse_blif$25173.genblk1.genblk1.genblk1.genblk1.genblk1.lut1 (4 -> 0)
  Optimizing lut $abc$23719$auto$blifparse.cc:525:parse_blif$25118.genblk1.genblk1.genblk1.genblk1.genblk1.genblk1.lut1 (4 -> 1)
  Optimizing lut $abc$23719$auto$blifparse.cc:525:parse_blif$25118.genblk1.genblk1.genblk1.genblk1.genblk1.genblk1.lut3 (4 -> 1)
  Optimizing lut $abc$23719$auto$blifparse.cc:525:parse_blif$24966.genblk1.genblk1.genblk1.genblk1.genblk1.lut1 (4 -> 1)
  Optimizing lut $abc$23719$auto$blifparse.cc:525:parse_blif$24952.genblk1.genblk1.genblk1.genblk1.genblk1.lut1 (4 -> 1)
  Optimizing lut $abc$23719$auto$blifparse.cc:525:parse_blif$25001.genblk1.genblk1.genblk1.genblk1.genblk1.lut1 (4 -> 1)
  Optimizing lut $abc$23719$auto$blifparse.cc:525:parse_blif$24995.genblk1.genblk1.genblk1.genblk1.genblk1.lut1 (4 -> 1)
  Optimizing lut $abc$23719$auto$blifparse.cc:525:parse_blif$24996.genblk1.genblk1.genblk1.genblk1.genblk1.lut1 (4 -> 1)
  Optimizing lut $abc$23719$auto$blifparse.cc:525:parse_blif$24948.genblk1.genblk1.genblk1.genblk1.genblk1.lut1 (4 -> 1)
  Optimizing lut $abc$23719$auto$blifparse.cc:525:parse_blif$24968.genblk1.genblk1.genblk1.genblk1.genblk1.lut1 (4 -> 1)
  Optimizing lut $abc$23719$auto$blifparse.cc:525:parse_blif$24962.genblk1.genblk1.genblk1.genblk1.genblk1.lut1 (4 -> 1)
  Optimizing lut $abc$23719$auto$blifparse.cc:525:parse_blif$24963.genblk1.genblk1.genblk1.genblk1.genblk1.lut1 (4 -> 1)
  Optimizing lut $abc$23719$auto$blifparse.cc:525:parse_blif$24975.genblk1.genblk1.genblk1.genblk1.genblk1.lut1 (4 -> 1)
  Optimizing lut $abc$23719$auto$blifparse.cc:525:parse_blif$24991.genblk1.genblk1.genblk1.genblk1.genblk1.lut1 (4 -> 1)
  Optimizing lut $abc$23719$auto$blifparse.cc:525:parse_blif$24947.genblk1.genblk1.genblk1.genblk1.genblk1.lut1 (4 -> 1)
  Optimizing lut $abc$23719$auto$blifparse.cc:525:parse_blif$25005.genblk1.genblk1.genblk1.genblk1.genblk1.lut1 (4 -> 1)
  Optimizing lut $abc$23719$auto$blifparse.cc:525:parse_blif$25212.genblk1.genblk1.genblk1.genblk1.genblk1.genblk1.lut3 (4 -> 1)
  Optimizing lut $abc$23719$auto$blifparse.cc:525:parse_blif$25217.genblk1.genblk1.genblk1.genblk1.genblk1.lut1 (4 -> 0)
  Optimizing lut $abc$23719$auto$blifparse.cc:525:parse_blif$24965.genblk1.genblk1.genblk1.genblk1.genblk1.lut1 (4 -> 1)
  Optimizing lut $abc$23719$auto$blifparse.cc:525:parse_blif$24093.genblk1.genblk1.genblk1.genblk1.genblk1.genblk1.genblk1.lut2 (4 -> 0)
  Optimizing lut $abc$23719$auto$blifparse.cc:525:parse_blif$24093.genblk1.genblk1.genblk1.genblk1.genblk1.genblk1.genblk1.lut3 (4 -> 0)
  Optimizing lut $abc$23719$auto$blifparse.cc:525:parse_blif$24093.genblk1.genblk1.genblk1.genblk1.genblk1.genblk1.genblk1.lut7 (4 -> 0)
  Optimizing lut $abc$23719$auto$blifparse.cc:525:parse_blif$25258.genblk1.genblk1.genblk1.genblk1.genblk1.lut1 (4 -> 0)
  Optimizing lut $abc$23719$auto$blifparse.cc:525:parse_blif$25261.genblk1.genblk1.genblk1.genblk1.genblk1.genblk1.lut3 (4 -> 0)
  Optimizing lut $abc$23719$auto$blifparse.cc:525:parse_blif$25265.genblk1.genblk1.genblk1.genblk1.genblk1.genblk1.lut2 (4 -> 3)
  Optimizing lut $abc$23719$auto$blifparse.cc:525:parse_blif$24989.genblk1.genblk1.genblk1.genblk1.genblk1.lut1 (4 -> 1)
  Optimizing lut $abc$23719$auto$blifparse.cc:525:parse_blif$25504.genblk1.genblk1.genblk1.genblk1.genblk1.lut1 (4 -> 1)
  Optimizing lut $abc$23719$auto$blifparse.cc:525:parse_blif$24950.genblk1.genblk1.genblk1.genblk1.genblk1.lut1 (4 -> 1)
  Optimizing lut $abc$23719$auto$blifparse.cc:525:parse_blif$24998.genblk1.genblk1.genblk1.genblk1.genblk1.lut1 (4 -> 1)
  Optimizing lut $abc$23719$auto$blifparse.cc:525:parse_blif$24455.genblk1.genblk1.genblk1.genblk1.genblk1.genblk1.lut1 (4 -> 1)
  Optimizing lut $abc$23719$auto$blifparse.cc:525:parse_blif$24455.genblk1.genblk1.genblk1.genblk1.genblk1.genblk1.lut3 (4 -> 1)
  Optimizing lut $abc$23719$auto$blifparse.cc:525:parse_blif$24441.genblk1.genblk1.genblk1.genblk1.genblk1.genblk1.lut3 (4 -> 1)
  Optimizing lut $abc$23719$auto$blifparse.cc:525:parse_blif$24437.genblk1.genblk1.genblk1.genblk1.genblk1.genblk1.lut1 (4 -> 1)
  Optimizing lut $abc$23719$auto$blifparse.cc:525:parse_blif$24437.genblk1.genblk1.genblk1.genblk1.genblk1.genblk1.lut3 (4 -> 1)
  Optimizing lut $abc$23719$auto$blifparse.cc:525:parse_blif$24423.genblk1.genblk1.genblk1.genblk1.genblk1.genblk1.lut3 (4 -> 1)
  Optimizing lut $abc$23719$auto$blifparse.cc:525:parse_blif$24439.genblk1.genblk1.genblk1.genblk1.genblk1.genblk1.lut1 (4 -> 1)
  Optimizing lut $abc$23719$auto$blifparse.cc:525:parse_blif$24439.genblk1.genblk1.genblk1.genblk1.genblk1.genblk1.lut3 (4 -> 1)
  Optimizing lut $abc$23719$auto$blifparse.cc:525:parse_blif$24453.genblk1.genblk1.genblk1.genblk1.genblk1.genblk1.lut3 (4 -> 1)
  Optimizing lut $abc$23719$auto$blifparse.cc:525:parse_blif$24447.genblk1.genblk1.genblk1.genblk1.genblk1.genblk1.lut3 (4 -> 1)
  Optimizing lut $abc$23719$auto$blifparse.cc:525:parse_blif$24435.genblk1.genblk1.genblk1.genblk1.genblk1.genblk1.lut1 (4 -> 1)
  Optimizing lut $abc$23719$auto$blifparse.cc:525:parse_blif$24435.genblk1.genblk1.genblk1.genblk1.genblk1.genblk1.lut3 (4 -> 1)
  Optimizing lut $abc$23719$auto$blifparse.cc:525:parse_blif$24429.genblk1.genblk1.genblk1.genblk1.genblk1.genblk1.lut3 (4 -> 1)
  Optimizing lut $abc$23719$auto$blifparse.cc:525:parse_blif$24451.genblk1.genblk1.genblk1.genblk1.genblk1.genblk1.lut3 (4 -> 1)
  Optimizing lut $abc$23719$auto$blifparse.cc:525:parse_blif$24445.genblk1.genblk1.genblk1.genblk1.genblk1.genblk1.lut3 (4 -> 1)
  Optimizing lut $abc$23719$auto$blifparse.cc:525:parse_blif$24433.genblk1.genblk1.genblk1.genblk1.genblk1.genblk1.lut3 (4 -> 1)
  Optimizing lut $abc$23719$auto$blifparse.cc:525:parse_blif$24427.genblk1.genblk1.genblk1.genblk1.genblk1.genblk1.lut3 (4 -> 1)
  Optimizing lut $abc$23719$auto$blifparse.cc:525:parse_blif$24449.genblk1.genblk1.genblk1.genblk1.genblk1.genblk1.lut3 (4 -> 1)
  Optimizing lut $abc$23719$auto$blifparse.cc:525:parse_blif$24443.genblk1.genblk1.genblk1.genblk1.genblk1.genblk1.lut3 (4 -> 1)
  Optimizing lut $abc$23719$auto$blifparse.cc:525:parse_blif$24431.genblk1.genblk1.genblk1.genblk1.genblk1.genblk1.lut3 (4 -> 1)
  Optimizing lut $abc$23719$auto$blifparse.cc:525:parse_blif$24425.genblk1.genblk1.genblk1.genblk1.genblk1.genblk1.lut3 (4 -> 1)
  Optimizing lut $abc$23719$auto$blifparse.cc:525:parse_blif$25140.genblk1.genblk1.genblk1.genblk1.genblk1.lut1 (4 -> 0)
  Optimizing lut $abc$23719$auto$blifparse.cc:525:parse_blif$25142.genblk1.genblk1.genblk1.genblk1.genblk1.genblk1.lut1 (4 -> 1)
  Optimizing lut $abc$23719$auto$blifparse.cc:525:parse_blif$25142.genblk1.genblk1.genblk1.genblk1.genblk1.genblk1.lut3 (4 -> 1)
  Optimizing lut $abc$23719$auto$blifparse.cc:525:parse_blif$25153.genblk1.genblk1.genblk1.genblk1.genblk1.genblk1.lut3 (4 -> 1)
  Optimizing lut $abc$23719$auto$blifparse.cc:525:parse_blif$24971.genblk1.genblk1.genblk1.genblk1.genblk1.lut1 (4 -> 1)
  Optimizing lut $abc$23719$auto$blifparse.cc:525:parse_blif$25203.genblk1.genblk1.genblk1.genblk1.genblk1.genblk1.lut1 (4 -> 1)
  Optimizing lut $abc$23719$auto$blifparse.cc:525:parse_blif$25203.genblk1.genblk1.genblk1.genblk1.genblk1.genblk1.lut3 (4 -> 1)
  Optimizing lut $abc$23719$auto$blifparse.cc:525:parse_blif$25208.genblk1.genblk1.genblk1.genblk1.genblk1.lut1 (4 -> 0)
  Optimizing lut $abc$23719$auto$blifparse.cc:525:parse_blif$24994.genblk1.genblk1.genblk1.genblk1.genblk1.lut1 (4 -> 1)
  Optimizing lut $abc$23719$auto$blifparse.cc:525:parse_blif$24972.genblk1.genblk1.genblk1.genblk1.genblk1.lut1 (4 -> 1)
  Optimizing lut $abc$23719$auto$blifparse.cc:525:parse_blif$25266.genblk1.genblk1.genblk1.genblk1.genblk1.genblk1.lut1 (4 -> 1)
  Optimizing lut $abc$23719$auto$blifparse.cc:525:parse_blif$25266.genblk1.genblk1.genblk1.genblk1.genblk1.genblk1.lut3 (4 -> 1)
  Optimizing lut $abc$23719$auto$blifparse.cc:525:parse_blif$24970.genblk1.genblk1.genblk1.genblk1.genblk1.lut1 (4 -> 1)
  Optimizing lut $abc$23719$auto$blifparse.cc:525:parse_blif$24988.genblk1.genblk1.genblk1.genblk1.genblk1.lut1 (4 -> 1)
  Optimizing lut $abc$23719$auto$blifparse.cc:525:parse_blif$24949.genblk1.genblk1.genblk1.genblk1.genblk1.lut1 (4 -> 1)
  Optimizing lut $abc$23719$auto$blifparse.cc:525:parse_blif$24365.genblk1.genblk1.genblk1.genblk1.genblk1.genblk1.lut3 (4 -> 1)
  Optimizing lut $abc$23719$auto$blifparse.cc:525:parse_blif$24964.genblk1.genblk1.genblk1.genblk1.genblk1.lut1 (4 -> 1)
  Optimizing lut $abc$23719$auto$blifparse.cc:525:parse_blif$24361.genblk1.genblk1.genblk1.genblk1.genblk1.genblk1.lut3 (4 -> 1)
  Optimizing lut $abc$23719$auto$blifparse.cc:525:parse_blif$24363.genblk1.genblk1.genblk1.genblk1.genblk1.genblk1.lut3 (4 -> 1)
  Optimizing lut $abc$23719$auto$blifparse.cc:525:parse_blif$25221.genblk1.genblk1.genblk1.genblk1.genblk1.genblk1.lut3 (4 -> 1)
  Optimizing lut $abc$23719$auto$blifparse.cc:525:parse_blif$25227.genblk1.genblk1.genblk1.genblk1.genblk1.genblk1.lut1 (4 -> 3)
  Optimizing lut $abc$23719$auto$blifparse.cc:525:parse_blif$25227.genblk1.genblk1.genblk1.genblk1.genblk1.genblk1.lut2 (4 -> 3)
  Optimizing lut $abc$23719$auto$blifparse.cc:525:parse_blif$25223.genblk1.genblk1.genblk1.genblk1.genblk1.lut1 (4 -> 0)
  Optimizing lut $abc$23719$auto$blifparse.cc:525:parse_blif$25088.genblk1.genblk1.genblk1.genblk1.genblk1.genblk1.genblk1.lut2 (4 -> 0)
  Optimizing lut $abc$23719$auto$blifparse.cc:525:parse_blif$25088.genblk1.genblk1.genblk1.genblk1.genblk1.genblk1.genblk1.lut3 (4 -> 0)
  Optimizing lut $abc$23719$auto$blifparse.cc:525:parse_blif$25088.genblk1.genblk1.genblk1.genblk1.genblk1.genblk1.genblk1.lut4 (4 -> 0)
  Optimizing lut $abc$23719$auto$blifparse.cc:525:parse_blif$25088.genblk1.genblk1.genblk1.genblk1.genblk1.genblk1.genblk1.lut5 (4 -> 0)
  Optimizing lut $abc$23719$auto$blifparse.cc:525:parse_blif$25088.genblk1.genblk1.genblk1.genblk1.genblk1.genblk1.genblk1.lut6 (4 -> 0)
  Optimizing lut $abc$23719$auto$blifparse.cc:525:parse_blif$25101.genblk1.genblk1.genblk1.genblk1.genblk1.genblk1.genblk1.lut2 (4 -> 0)
  Optimizing lut $abc$23719$auto$blifparse.cc:525:parse_blif$25101.genblk1.genblk1.genblk1.genblk1.genblk1.genblk1.genblk1.lut3 (4 -> 2)
  Optimizing lut $abc$23719$auto$blifparse.cc:525:parse_blif$25101.genblk1.genblk1.genblk1.genblk1.genblk1.genblk1.genblk1.lut4 (4 -> 0)
  Optimizing lut $abc$23719$auto$blifparse.cc:525:parse_blif$25101.genblk1.genblk1.genblk1.genblk1.genblk1.genblk1.genblk1.lut5 (4 -> 3)
  Optimizing lut $abc$23719$auto$blifparse.cc:525:parse_blif$25101.genblk1.genblk1.genblk1.genblk1.genblk1.genblk1.genblk1.lut6 (4 -> 3)
  Optimizing lut $abc$23719$auto$blifparse.cc:525:parse_blif$25101.genblk1.genblk1.genblk1.genblk1.genblk1.genblk1.genblk1.lut7 (4 -> 0)
  Optimizing lut $abc$23719$auto$blifparse.cc:525:parse_blif$25180.genblk1.genblk1.genblk1.genblk1.genblk1.lut1 (4 -> 0)
  Optimizing lut $abc$23719$auto$blifparse.cc:525:parse_blif$25181.genblk1.genblk1.genblk1.genblk1.genblk1.genblk1.lut2 (4 -> 1)
  Optimizing lut $abc$23719$auto$blifparse.cc:525:parse_blif$25181.genblk1.genblk1.genblk1.genblk1.genblk1.genblk1.lut3 (4 -> 1)
  Optimizing lut $abc$23719$auto$blifparse.cc:525:parse_blif$24065.genblk1.genblk1.genblk1.genblk1.genblk1.genblk1.genblk1.lut1 (4 -> 1)
  Optimizing lut $abc$23719$auto$blifparse.cc:525:parse_blif$24065.genblk1.genblk1.genblk1.genblk1.genblk1.genblk1.genblk1.lut2 (4 -> 1)
  Optimizing lut $abc$23719$auto$blifparse.cc:525:parse_blif$24065.genblk1.genblk1.genblk1.genblk1.genblk1.genblk1.genblk1.lut4 (4 -> 0)
  Optimizing lut $abc$23719$auto$blifparse.cc:525:parse_blif$24065.genblk1.genblk1.genblk1.genblk1.genblk1.genblk1.genblk1.lut5 (4 -> 0)
  Optimizing lut $abc$23719$auto$blifparse.cc:525:parse_blif$24065.genblk1.genblk1.genblk1.genblk1.genblk1.genblk1.genblk1.lut6 (4 -> 0)
  Optimizing lut $abc$23719$auto$blifparse.cc:525:parse_blif$24065.genblk1.genblk1.genblk1.genblk1.genblk1.genblk1.genblk1.lut7 (4 -> 0)
  Optimizing lut $abc$23719$auto$blifparse.cc:525:parse_blif$24070.genblk1.genblk1.genblk1.genblk1.genblk1.genblk1.genblk1.lut2 (4 -> 0)
  Optimizing lut $abc$23719$auto$blifparse.cc:525:parse_blif$24070.genblk1.genblk1.genblk1.genblk1.genblk1.genblk1.genblk1.lut3 (4 -> 0)
  Optimizing lut $abc$23719$auto$blifparse.cc:525:parse_blif$24070.genblk1.genblk1.genblk1.genblk1.genblk1.genblk1.genblk1.lut4 (4 -> 0)
  Optimizing lut $abc$23719$auto$blifparse.cc:525:parse_blif$24070.genblk1.genblk1.genblk1.genblk1.genblk1.genblk1.genblk1.lut5 (4 -> 0)
  Optimizing lut $abc$23719$auto$blifparse.cc:525:parse_blif$24070.genblk1.genblk1.genblk1.genblk1.genblk1.genblk1.genblk1.lut6 (4 -> 0)
  Optimizing lut $abc$23719$auto$blifparse.cc:525:parse_blif$24073.genblk1.genblk1.genblk1.genblk1.genblk1.genblk1.lut2 (4 -> 0)
  Optimizing lut $abc$23719$auto$blifparse.cc:525:parse_blif$24073.genblk1.genblk1.genblk1.genblk1.genblk1.genblk1.lut3 (4 -> 0)
  Optimizing lut $abc$23719$auto$blifparse.cc:525:parse_blif$24076.genblk1.genblk1.genblk1.genblk1.genblk1.genblk1.lut2 (4 -> 0)
  Optimizing lut $abc$23719$auto$blifparse.cc:525:parse_blif$24076.genblk1.genblk1.genblk1.genblk1.genblk1.genblk1.lut3 (4 -> 0)
  Optimizing lut $abc$23719$auto$blifparse.cc:525:parse_blif$24077.genblk1.genblk1.genblk1.genblk1.genblk1.genblk1.lut1 (4 -> 0)
  Optimizing lut $abc$23719$auto$blifparse.cc:525:parse_blif$24077.genblk1.genblk1.genblk1.genblk1.genblk1.genblk1.lut2 (4 -> 0)
  Optimizing lut $abc$23719$auto$blifparse.cc:525:parse_blif$24077.genblk1.genblk1.genblk1.genblk1.genblk1.genblk1.lut3 (4 -> 0)
  Optimizing lut $abc$23719$auto$blifparse.cc:525:parse_blif$24074.genblk1.genblk1.genblk1.genblk1.genblk1.genblk1.lut1 (4 -> 0)
  Optimizing lut $abc$23719$auto$blifparse.cc:525:parse_blif$24074.genblk1.genblk1.genblk1.genblk1.genblk1.genblk1.lut2 (4 -> 0)
  Optimizing lut $abc$23719$auto$blifparse.cc:525:parse_blif$24074.genblk1.genblk1.genblk1.genblk1.genblk1.genblk1.lut3 (4 -> 0)
  Optimizing lut $abc$23719$auto$blifparse.cc:525:parse_blif$25248.genblk1.genblk1.genblk1.genblk1.genblk1.genblk1.lut3 (4 -> 1)
  Optimizing lut $abc$23719$auto$blifparse.cc:525:parse_blif$26194.genblk1.genblk1.genblk1.genblk1.genblk1.lut1 (4 -> 1)
  Optimizing lut $abc$23719$auto$blifparse.cc:525:parse_blif$24289.genblk1.genblk1.genblk1.genblk1.genblk1.genblk1.lut3 (4 -> 1)
  Optimizing lut $abc$23719$auto$blifparse.cc:525:parse_blif$25518.genblk1.genblk1.genblk1.genblk1.genblk1.lut1 (4 -> 1)
  Optimizing lut $abc$23719$auto$blifparse.cc:525:parse_blif$25194.genblk1.genblk1.genblk1.genblk1.genblk1.genblk1.lut1 (4 -> 1)
  Optimizing lut $abc$23719$auto$blifparse.cc:525:parse_blif$25194.genblk1.genblk1.genblk1.genblk1.genblk1.genblk1.lut3 (4 -> 1)
  Optimizing lut $abc$23719$auto$blifparse.cc:525:parse_blif$25196.genblk1.genblk1.genblk1.genblk1.genblk1.lut1 (4 -> 0)
  Optimizing lut $abc$23719$auto$blifparse.cc:525:parse_blif$25359.genblk1.genblk1.genblk1.genblk1.genblk1.lut1 (4 -> 0)
  Optimizing lut $abc$23719$auto$blifparse.cc:525:parse_blif$26190.genblk1.genblk1.genblk1.genblk1.genblk1.lut1 (4 -> 1)
  Optimizing lut $abc$23719$auto$blifparse.cc:525:parse_blif$26189.genblk1.genblk1.genblk1.genblk1.genblk1.lut1 (4 -> 1)
  Optimizing lut $abc$23719$auto$blifparse.cc:525:parse_blif$26187.genblk1.genblk1.genblk1.genblk1.genblk1.lut1 (4 -> 1)
  Optimizing lut $abc$23719$auto$blifparse.cc:525:parse_blif$26186.genblk1.genblk1.genblk1.genblk1.genblk1.lut1 (4 -> 1)
  Optimizing lut $abc$23719$auto$blifparse.cc:525:parse_blif$26191.genblk1.genblk1.genblk1.genblk1.genblk1.lut1 (4 -> 1)
  Optimizing lut $abc$23719$auto$blifparse.cc:525:parse_blif$26188.genblk1.genblk1.genblk1.genblk1.genblk1.lut1 (4 -> 1)
  Optimizing lut $abc$23719$auto$blifparse.cc:525:parse_blif$26192.genblk1.genblk1.genblk1.genblk1.genblk1.lut1 (4 -> 1)
  Optimizing lut $abc$23719$auto$blifparse.cc:525:parse_blif$26184.genblk1.genblk1.genblk1.genblk1.genblk1.lut1 (4 -> 1)
  Optimizing lut $abc$23719$auto$blifparse.cc:525:parse_blif$24367.genblk1.genblk1.genblk1.genblk1.genblk1.genblk1.lut3 (4 -> 1)
  Optimizing lut $abc$23719$auto$blifparse.cc:525:parse_blif$24347.genblk1.genblk1.genblk1.genblk1.genblk1.genblk1.lut1 (4 -> 1)
  Optimizing lut $abc$23719$auto$blifparse.cc:525:parse_blif$24347.genblk1.genblk1.genblk1.genblk1.genblk1.genblk1.lut3 (4 -> 1)
  Optimizing lut $abc$23719$auto$blifparse.cc:525:parse_blif$24379.genblk1.genblk1.genblk1.genblk1.genblk1.genblk1.lut3 (4 -> 1)
  Optimizing lut $abc$23719$auto$blifparse.cc:525:parse_blif$24359.genblk1.genblk1.genblk1.genblk1.genblk1.genblk1.lut1 (4 -> 1)
  Optimizing lut $abc$23719$auto$blifparse.cc:525:parse_blif$24359.genblk1.genblk1.genblk1.genblk1.genblk1.genblk1.lut3 (4 -> 1)
  Optimizing lut $abc$23719$auto$blifparse.cc:525:parse_blif$24377.genblk1.genblk1.genblk1.genblk1.genblk1.genblk1.lut3 (4 -> 1)
  Optimizing lut $abc$23719$auto$blifparse.cc:525:parse_blif$24357.genblk1.genblk1.genblk1.genblk1.genblk1.genblk1.lut3 (4 -> 1)
  Optimizing lut $abc$23719$auto$blifparse.cc:525:parse_blif$24375.genblk1.genblk1.genblk1.genblk1.genblk1.genblk1.lut3 (4 -> 1)
  Optimizing lut $abc$23719$auto$blifparse.cc:525:parse_blif$24355.genblk1.genblk1.genblk1.genblk1.genblk1.genblk1.lut3 (4 -> 1)
  Optimizing lut $abc$23719$auto$blifparse.cc:525:parse_blif$24373.genblk1.genblk1.genblk1.genblk1.genblk1.genblk1.lut1 (4 -> 1)
  Optimizing lut $abc$23719$auto$blifparse.cc:525:parse_blif$24373.genblk1.genblk1.genblk1.genblk1.genblk1.genblk1.lut3 (4 -> 1)
  Optimizing lut $abc$23719$auto$blifparse.cc:525:parse_blif$24353.genblk1.genblk1.genblk1.genblk1.genblk1.genblk1.lut3 (4 -> 1)
  Optimizing lut $abc$23719$auto$blifparse.cc:525:parse_blif$24371.genblk1.genblk1.genblk1.genblk1.genblk1.genblk1.lut3 (4 -> 1)
  Optimizing lut $abc$23719$auto$blifparse.cc:525:parse_blif$24351.genblk1.genblk1.genblk1.genblk1.genblk1.genblk1.lut3 (4 -> 1)
  Optimizing lut $abc$23719$auto$blifparse.cc:525:parse_blif$24369.genblk1.genblk1.genblk1.genblk1.genblk1.genblk1.lut3 (4 -> 1)
  Optimizing lut $abc$23719$auto$blifparse.cc:525:parse_blif$24349.genblk1.genblk1.genblk1.genblk1.genblk1.genblk1.lut3 (4 -> 1)
  Optimizing lut $abc$23719$auto$blifparse.cc:525:parse_blif$24153.genblk1.genblk1.genblk1.genblk1.genblk1.genblk1.lut3 (4 -> 0)
  Optimizing lut $abc$23719$auto$blifparse.cc:525:parse_blif$24125.genblk1.genblk1.genblk1.genblk1.genblk1.genblk1.lut3 (4 -> 0)
  Optimizing lut $abc$23719$auto$blifparse.cc:525:parse_blif$24905.genblk1.genblk1.genblk1.genblk1.genblk1.lut1 (4 -> 3)
  Optimizing lut $abc$23719$auto$blifparse.cc:525:parse_blif$24834.genblk1.genblk1.genblk1.genblk1.genblk1.lut1 (4 -> 3)
  Optimizing lut $abc$23719$auto$blifparse.cc:525:parse_blif$24901.genblk1.genblk1.genblk1.genblk1.genblk1.lut1 (4 -> 3)
  Optimizing lut $abc$23719$auto$blifparse.cc:525:parse_blif$24897.genblk1.genblk1.genblk1.genblk1.genblk1.lut1 (4 -> 3)
  Optimizing lut $abc$23719$auto$blifparse.cc:525:parse_blif$24909.genblk1.genblk1.genblk1.genblk1.genblk1.lut1 (4 -> 3)
  Optimizing lut $abc$23719$auto$blifparse.cc:525:parse_blif$23844.genblk1.genblk1.genblk1.genblk1.genblk1.genblk1.lut2 (4 -> 0)
  Optimizing lut $abc$23719$auto$blifparse.cc:525:parse_blif$24421.genblk1.genblk1.genblk1.genblk1.genblk1.genblk1.lut3 (4 -> 1)
  Optimizing lut $abc$23719$auto$blifparse.cc:525:parse_blif$24403.genblk1.genblk1.genblk1.genblk1.genblk1.genblk1.lut3 (4 -> 1)
  Optimizing lut $abc$23719$auto$blifparse.cc:525:parse_blif$24381.genblk1.genblk1.genblk1.genblk1.genblk1.genblk1.lut3 (4 -> 1)
  Optimizing lut $abc$23719$auto$blifparse.cc:525:parse_blif$24419.genblk1.genblk1.genblk1.genblk1.genblk1.genblk1.lut3 (4 -> 1)
  Optimizing lut $abc$23719$auto$blifparse.cc:525:parse_blif$24411.genblk1.genblk1.genblk1.genblk1.genblk1.genblk1.lut3 (4 -> 1)
  Optimizing lut $abc$23719$auto$blifparse.cc:525:parse_blif$24417.genblk1.genblk1.genblk1.genblk1.genblk1.genblk1.lut3 (4 -> 1)
  Optimizing lut $abc$23719$auto$blifparse.cc:525:parse_blif$24409.genblk1.genblk1.genblk1.genblk1.genblk1.genblk1.lut3 (4 -> 1)
  Optimizing lut $abc$23719$auto$blifparse.cc:525:parse_blif$24387.genblk1.genblk1.genblk1.genblk1.genblk1.genblk1.lut3 (4 -> 1)
  Optimizing lut $abc$23719$auto$blifparse.cc:525:parse_blif$24415.genblk1.genblk1.genblk1.genblk1.genblk1.genblk1.lut3 (4 -> 1)
  Optimizing lut $abc$23719$auto$blifparse.cc:525:parse_blif$24407.genblk1.genblk1.genblk1.genblk1.genblk1.genblk1.lut3 (4 -> 1)
  Optimizing lut $abc$23719$auto$blifparse.cc:525:parse_blif$24385.genblk1.genblk1.genblk1.genblk1.genblk1.genblk1.lut3 (4 -> 1)
  Optimizing lut $abc$23719$auto$blifparse.cc:525:parse_blif$24413.genblk1.genblk1.genblk1.genblk1.genblk1.genblk1.lut3 (4 -> 1)
  Optimizing lut $abc$23719$auto$blifparse.cc:525:parse_blif$24405.genblk1.genblk1.genblk1.genblk1.genblk1.genblk1.lut3 (4 -> 1)
  Optimizing lut $abc$23719$auto$blifparse.cc:525:parse_blif$24383.genblk1.genblk1.genblk1.genblk1.genblk1.genblk1.lut3 (4 -> 1)
  Optimizing lut $abc$23719$auto$blifparse.cc:525:parse_blif$25407.genblk1.genblk1.genblk1.genblk1.genblk1.lut1 (4 -> 3)
  Optimizing lut $abc$23719$auto$blifparse.cc:525:parse_blif$25144.genblk1.genblk1.genblk1.genblk1.genblk1.lut1 (4 -> 0)
  Optimizing lut $abc$23719$auto$blifparse.cc:525:parse_blif$23838.genblk1.genblk1.genblk1.genblk1.genblk1.genblk1.lut2 (4 -> 0)
  Optimizing lut $abc$23719$auto$blifparse.cc:525:parse_blif$24345.genblk1.genblk1.genblk1.genblk1.genblk1.genblk1.lut3 (4 -> 1)
  Optimizing lut $abc$23719$auto$blifparse.cc:525:parse_blif$24343.genblk1.genblk1.genblk1.genblk1.genblk1.genblk1.lut3 (4 -> 1)
  Optimizing lut $abc$23719$auto$blifparse.cc:525:parse_blif$24341.genblk1.genblk1.genblk1.genblk1.genblk1.genblk1.lut3 (4 -> 1)
  Optimizing lut $abc$23719$auto$blifparse.cc:525:parse_blif$24339.genblk1.genblk1.genblk1.genblk1.genblk1.genblk1.lut3 (4 -> 1)
  Optimizing lut $abc$23719$auto$blifparse.cc:525:parse_blif$24337.genblk1.genblk1.genblk1.genblk1.genblk1.genblk1.lut3 (4 -> 1)
  Optimizing lut $abc$23719$auto$blifparse.cc:525:parse_blif$24307.genblk1.genblk1.genblk1.genblk1.genblk1.genblk1.lut2 (4 -> 0)
  Optimizing lut $abc$23719$auto$blifparse.cc:525:parse_blif$24315.genblk1.genblk1.genblk1.genblk1.genblk1.genblk1.lut2 (4 -> 3)
  Optimizing lut $abc$23719$auto$blifparse.cc:525:parse_blif$24308.genblk1.genblk1.genblk1.genblk1.genblk1.genblk1.lut1 (4 -> 0)
  Optimizing lut $abc$23719$auto$blifparse.cc:525:parse_blif$24308.genblk1.genblk1.genblk1.genblk1.genblk1.genblk1.lut2 (4 -> 0)
  Optimizing lut $abc$23719$auto$blifparse.cc:525:parse_blif$24312.genblk1.genblk1.genblk1.genblk1.genblk1.genblk1.lut2 (4 -> 3)
  Optimizing lut $abc$23719$auto$blifparse.cc:525:parse_blif$24235.genblk1.genblk1.genblk1.genblk1.genblk1.lut1 (4 -> 3)
  Optimizing lut $abc$23719$auto$blifparse.cc:525:parse_blif$26195.genblk1.genblk1.genblk1.genblk1.genblk1.lut1 (4 -> 1)
  Optimizing lut $abc$23719$auto$blifparse.cc:525:parse_blif$25239.genblk1.genblk1.genblk1.genblk1.genblk1.genblk1.lut3 (4 -> 1)
  Optimizing lut $abc$23719$auto$blifparse.cc:525:parse_blif$25245.genblk1.genblk1.genblk1.genblk1.genblk1.genblk1.lut1 (4 -> 3)
  Optimizing lut $abc$23719$auto$blifparse.cc:525:parse_blif$25245.genblk1.genblk1.genblk1.genblk1.genblk1.genblk1.lut2 (4 -> 3)
  Optimizing lut $abc$23719$auto$blifparse.cc:525:parse_blif$23832.genblk1.genblk1.genblk1.genblk1.genblk1.genblk1.lut2 (4 -> 0)
  Optimizing lut $abc$23719$auto$blifparse.cc:525:parse_blif$23820.genblk1.genblk1.genblk1.genblk1.genblk1.genblk1.lut2 (4 -> 0)
  Optimizing lut $abc$23719$auto$blifparse.cc:525:parse_blif$23801.genblk1.genblk1.genblk1.genblk1.genblk1.genblk1.lut2 (4 -> 0)
  Optimizing lut $abc$23719$auto$blifparse.cc:525:parse_blif$23826.genblk1.genblk1.genblk1.genblk1.genblk1.genblk1.lut2 (4 -> 0)
  Optimizing lut $abc$23719$auto$blifparse.cc:525:parse_blif$25332.genblk1.genblk1.genblk1.genblk1.genblk1.lut1 (4 -> 0)
  Optimizing lut $abc$23719$auto$blifparse.cc:525:parse_blif$25422.genblk1.genblk1.genblk1.genblk1.genblk1.lut1 (4 -> 3)
  Optimizing lut $abc$23719$auto$blifparse.cc:525:parse_blif$24084.genblk1.genblk1.genblk1.genblk1.genblk1.genblk1.genblk1.lut3 (4 -> 0)
  Optimizing lut $abc$23719$auto$blifparse.cc:525:parse_blif$24084.genblk1.genblk1.genblk1.genblk1.genblk1.genblk1.genblk1.lut4 (4 -> 0)
  Optimizing lut $abc$23719$auto$blifparse.cc:525:parse_blif$24084.genblk1.genblk1.genblk1.genblk1.genblk1.genblk1.genblk1.lut7 (4 -> 0)
  Optimizing lut $abc$23719$auto$blifparse.cc:525:parse_blif$25232.genblk1.genblk1.genblk1.genblk1.genblk1.lut1 (4 -> 0)
  Optimizing lut $abc$23719$auto$blifparse.cc:525:parse_blif$25075.genblk1.genblk1.genblk1.genblk1.genblk1.lut1 (4 -> 3)
  Optimizing lut $abc$23719$auto$blifparse.cc:525:parse_blif$24547.genblk1.genblk1.genblk1.genblk1.genblk1.genblk1.genblk1.lut2 (4 -> 0)
  Optimizing lut $abc$23719$auto$blifparse.cc:525:parse_blif$24547.genblk1.genblk1.genblk1.genblk1.genblk1.genblk1.genblk1.lut3 (4 -> 0)
  Optimizing lut $abc$23719$auto$blifparse.cc:525:parse_blif$24547.genblk1.genblk1.genblk1.genblk1.genblk1.genblk1.genblk1.lut4 (4 -> 0)
  Optimizing lut $abc$23719$auto$blifparse.cc:525:parse_blif$24547.genblk1.genblk1.genblk1.genblk1.genblk1.genblk1.genblk1.lut5 (4 -> 0)
  Optimizing lut $abc$23719$auto$blifparse.cc:525:parse_blif$24547.genblk1.genblk1.genblk1.genblk1.genblk1.genblk1.genblk1.lut6 (4 -> 0)
  Optimizing lut $abc$23719$auto$blifparse.cc:525:parse_blif$24551.genblk1.genblk1.genblk1.genblk1.genblk1.genblk1.lut1 (4 -> 0)
  Optimizing lut $abc$23719$auto$blifparse.cc:525:parse_blif$24551.genblk1.genblk1.genblk1.genblk1.genblk1.genblk1.lut2 (4 -> 0)
  Optimizing lut $abc$23719$auto$blifparse.cc:525:parse_blif$25185.genblk1.genblk1.genblk1.genblk1.genblk1.genblk1.lut3 (4 -> 1)
  Optimizing lut $abc$23719$auto$blifparse.cc:525:parse_blif$25187.genblk1.genblk1.genblk1.genblk1.genblk1.lut1 (4 -> 0)
  Optimizing lut $abc$23719$auto$blifparse.cc:525:parse_blif$25190.genblk1.genblk1.genblk1.genblk1.genblk1.lut1 (4 -> 0)
  Optimizing lut $abc$23719$auto$blifparse.cc:525:parse_blif$23856.genblk1.genblk1.genblk1.genblk1.genblk1.genblk1.lut2 (4 -> 0)
  Optimizing lut $abc$23719$auto$blifparse.cc:525:parse_blif$25104.genblk1.genblk1.genblk1.genblk1.genblk1.genblk1.lut3 (4 -> 1)
  Optimizing lut $abc$23719$auto$blifparse.cc:525:parse_blif$25113.genblk1.genblk1.genblk1.genblk1.genblk1.lut1 (4 -> 0)
  Optimizing lut $abc$23719$auto$blifparse.cc:525:parse_blif$23862.genblk1.genblk1.genblk1.genblk1.genblk1.genblk1.lut2 (4 -> 0)
  Optimizing lut $abc$23719$auto$blifparse.cc:525:parse_blif$23814.genblk1.genblk1.genblk1.genblk1.genblk1.genblk1.lut2 (4 -> 0)
  Optimizing lut $abc$23719$auto$blifparse.cc:525:parse_blif$24980.genblk1.genblk1.genblk1.genblk1.genblk1.lut1 (4 -> 3)
  Optimizing lut $abc$23719$auto$blifparse.cc:525:parse_blif$25343.genblk1.genblk1.genblk1.genblk1.genblk1.lut1 (4 -> 0)
  Optimizing lut $abc$23719$auto$blifparse.cc:525:parse_blif$23850.genblk1.genblk1.genblk1.genblk1.genblk1.genblk1.lut2 (4 -> 0)
  Optimizing lut $abc$23719$auto$blifparse.cc:525:parse_blif$23788.genblk1.genblk1.genblk1.genblk1.genblk1.genblk1.lut1 (4 -> 2)
  Optimizing lut $abc$23719$auto$blifparse.cc:525:parse_blif$23788.genblk1.genblk1.genblk1.genblk1.genblk1.genblk1.lut2 (4 -> 2)
  Optimizing lut $abc$23719$auto$blifparse.cc:525:parse_blif$23788.genblk1.genblk1.genblk1.genblk1.genblk1.genblk1.lut3 (4 -> 2)
  Optimizing lut $abc$23719$auto$blifparse.cc:525:parse_blif$23768.genblk1.genblk1.genblk1.genblk1.genblk1.genblk1.lut1 (4 -> 2)
  Optimizing lut $abc$23719$auto$blifparse.cc:525:parse_blif$23768.genblk1.genblk1.genblk1.genblk1.genblk1.genblk1.lut2 (4 -> 2)
  Optimizing lut $abc$23719$auto$blifparse.cc:525:parse_blif$23768.genblk1.genblk1.genblk1.genblk1.genblk1.genblk1.lut3 (4 -> 2)
  Optimizing lut $abc$23719$auto$blifparse.cc:525:parse_blif$23778.genblk1.genblk1.genblk1.genblk1.genblk1.genblk1.lut1 (4 -> 2)
  Optimizing lut $abc$23719$auto$blifparse.cc:525:parse_blif$23778.genblk1.genblk1.genblk1.genblk1.genblk1.genblk1.lut2 (4 -> 2)
  Optimizing lut $abc$23719$auto$blifparse.cc:525:parse_blif$23778.genblk1.genblk1.genblk1.genblk1.genblk1.genblk1.lut3 (4 -> 2)
  Optimizing lut $abc$23719$auto$blifparse.cc:525:parse_blif$23791.genblk1.genblk1.genblk1.genblk1.genblk1.genblk1.lut1 (4 -> 2)
  Optimizing lut $abc$23719$auto$blifparse.cc:525:parse_blif$23791.genblk1.genblk1.genblk1.genblk1.genblk1.genblk1.lut2 (4 -> 2)
  Optimizing lut $abc$23719$auto$blifparse.cc:525:parse_blif$23791.genblk1.genblk1.genblk1.genblk1.genblk1.genblk1.lut3 (4 -> 2)
  Optimizing lut $abc$23719$auto$blifparse.cc:525:parse_blif$23765.genblk1.genblk1.genblk1.genblk1.genblk1.genblk1.lut1 (4 -> 2)
  Optimizing lut $abc$23719$auto$blifparse.cc:525:parse_blif$23765.genblk1.genblk1.genblk1.genblk1.genblk1.genblk1.lut2 (4 -> 2)
  Optimizing lut $abc$23719$auto$blifparse.cc:525:parse_blif$23765.genblk1.genblk1.genblk1.genblk1.genblk1.genblk1.lut3 (4 -> 2)
  Optimizing lut $abc$23719$auto$blifparse.cc:525:parse_blif$23810.genblk1.genblk1.genblk1.genblk1.genblk1.genblk1.lut1 (4 -> 0)
  Optimizing lut $abc$23719$auto$blifparse.cc:525:parse_blif$23810.genblk1.genblk1.genblk1.genblk1.genblk1.genblk1.lut2 (4 -> 3)
  Optimizing lut $abc$23719$auto$blifparse.cc:525:parse_blif$23810.genblk1.genblk1.genblk1.genblk1.genblk1.genblk1.lut3 (4 -> 3)
  Optimizing lut $abc$23719$auto$blifparse.cc:525:parse_blif$23779.genblk1.genblk1.genblk1.genblk1.genblk1.genblk1.lut1 (4 -> 2)
  Optimizing lut $abc$23719$auto$blifparse.cc:525:parse_blif$23779.genblk1.genblk1.genblk1.genblk1.genblk1.genblk1.lut2 (4 -> 2)
  Optimizing lut $abc$23719$auto$blifparse.cc:525:parse_blif$23779.genblk1.genblk1.genblk1.genblk1.genblk1.genblk1.lut3 (4 -> 2)
  Optimizing lut $abc$23719$auto$blifparse.cc:525:parse_blif$23802.genblk1.genblk1.genblk1.genblk1.genblk1.lut1 (4 -> 0)
  Optimizing lut $abc$23719$auto$blifparse.cc:525:parse_blif$23764.genblk1.genblk1.genblk1.genblk1.genblk1.lut0 (4 -> 0)
  Optimizing lut $abc$23719$auto$blifparse.cc:525:parse_blif$23765.genblk1.genblk1.genblk1.genblk1.genblk1.genblk1.lut0 (4 -> 2)
  Optimizing lut $abc$23719$auto$blifparse.cc:525:parse_blif$23768.genblk1.genblk1.genblk1.genblk1.genblk1.genblk1.lut0 (4 -> 2)
  Optimizing lut $abc$23719$auto$blifparse.cc:525:parse_blif$23769.genblk1.genblk1.genblk1.genblk1.genblk1.lut0 (4 -> 0)
  Optimizing lut $abc$23719$auto$blifparse.cc:525:parse_blif$23770.genblk1.genblk1.genblk1.genblk1.genblk1.lut0 (4 -> 0)
  Optimizing lut $abc$23719$auto$blifparse.cc:525:parse_blif$23776.genblk1.genblk1.genblk1.genblk1.genblk1.lut0 (4 -> 0)
  Optimizing lut $abc$23719$auto$blifparse.cc:525:parse_blif$23777.genblk1.genblk1.genblk1.genblk1.genblk1.lut0 (4 -> 0)
  Optimizing lut $abc$23719$auto$blifparse.cc:525:parse_blif$23778.genblk1.genblk1.genblk1.genblk1.genblk1.genblk1.lut0 (4 -> 2)
  Optimizing lut $abc$23719$auto$blifparse.cc:525:parse_blif$23779.genblk1.genblk1.genblk1.genblk1.genblk1.genblk1.lut0 (4 -> 2)
  Optimizing lut $abc$23719$auto$blifparse.cc:525:parse_blif$23782.genblk1.genblk1.genblk1.genblk1.genblk1.lut0 (4 -> 0)
  Optimizing lut $abc$23719$auto$blifparse.cc:525:parse_blif$23787.genblk1.genblk1.genblk1.genblk1.genblk1.lut0 (4 -> 0)
  Optimizing lut $abc$23719$auto$blifparse.cc:525:parse_blif$23788.genblk1.genblk1.genblk1.genblk1.genblk1.genblk1.lut0 (4 -> 2)
  Optimizing lut $abc$23719$auto$blifparse.cc:525:parse_blif$23790.genblk1.genblk1.genblk1.genblk1.genblk1.lut0 (4 -> 0)
  Optimizing lut $abc$23719$auto$blifparse.cc:525:parse_blif$23791.genblk1.genblk1.genblk1.genblk1.genblk1.genblk1.lut0 (4 -> 2)
  Optimizing lut $abc$23719$auto$blifparse.cc:525:parse_blif$23793.genblk1.genblk1.genblk1.genblk1.genblk1.lut0 (4 -> 0)
  Optimizing lut $abc$23719$auto$blifparse.cc:525:parse_blif$23795.genblk1.genblk1.genblk1.genblk1.genblk1.lut0 (4 -> 0)
  Optimizing lut $abc$23719$auto$blifparse.cc:525:parse_blif$23801.genblk1.genblk1.genblk1.genblk1.genblk1.genblk1.lut0 (4 -> 0)
  Optimizing lut $abc$23719$auto$blifparse.cc:525:parse_blif$23810.genblk1.genblk1.genblk1.genblk1.genblk1.genblk1.lut0 (4 -> 0)
  Optimizing lut $abc$23719$auto$blifparse.cc:525:parse_blif$23814.genblk1.genblk1.genblk1.genblk1.genblk1.genblk1.lut0 (4 -> 0)
  Optimizing lut $abc$23719$auto$blifparse.cc:525:parse_blif$23820.genblk1.genblk1.genblk1.genblk1.genblk1.genblk1.lut0 (4 -> 0)
  Optimizing lut $abc$23719$auto$blifparse.cc:525:parse_blif$23826.genblk1.genblk1.genblk1.genblk1.genblk1.genblk1.lut0 (4 -> 0)
  Optimizing lut $abc$23719$auto$blifparse.cc:525:parse_blif$23832.genblk1.genblk1.genblk1.genblk1.genblk1.genblk1.lut0 (4 -> 0)
  Optimizing lut $abc$23719$auto$blifparse.cc:525:parse_blif$23838.genblk1.genblk1.genblk1.genblk1.genblk1.genblk1.lut0 (4 -> 0)
  Optimizing lut $abc$23719$auto$blifparse.cc:525:parse_blif$23844.genblk1.genblk1.genblk1.genblk1.genblk1.genblk1.lut0 (4 -> 0)
  Optimizing lut $abc$23719$auto$blifparse.cc:525:parse_blif$23850.genblk1.genblk1.genblk1.genblk1.genblk1.genblk1.lut0 (4 -> 0)
  Optimizing lut $abc$23719$auto$blifparse.cc:525:parse_blif$23856.genblk1.genblk1.genblk1.genblk1.genblk1.genblk1.lut0 (4 -> 0)
  Optimizing lut $abc$23719$auto$blifparse.cc:525:parse_blif$23862.genblk1.genblk1.genblk1.genblk1.genblk1.genblk1.lut0 (4 -> 0)
  Optimizing lut $abc$23719$auto$blifparse.cc:525:parse_blif$23814.genblk1.genblk1.genblk1.genblk1.genblk1.genblk1.lut1 (4 -> 0)
  Optimizing lut $abc$23719$auto$blifparse.cc:525:parse_blif$23868.genblk1.genblk1.genblk1.genblk1.genblk1.lut0 (4 -> 0)
  Optimizing lut $abc$23719$auto$blifparse.cc:525:parse_blif$23873.genblk1.genblk1.genblk1.genblk1.genblk1.lut0 (4 -> 0)
  Optimizing lut $abc$23719$auto$blifparse.cc:525:parse_blif$23844.genblk1.genblk1.genblk1.genblk1.genblk1.genblk1.lut1 (4 -> 0)
  Optimizing lut $abc$23719$auto$blifparse.cc:525:parse_blif$23878.genblk1.genblk1.genblk1.genblk1.genblk1.lut0 (4 -> 0)
  Optimizing lut $abc$23719$auto$blifparse.cc:525:parse_blif$23883.genblk1.genblk1.genblk1.genblk1.genblk1.lut0 (4 -> 0)
  Optimizing lut $abc$23719$auto$blifparse.cc:525:parse_blif$23888.genblk1.genblk1.genblk1.genblk1.genblk1.lut0 (4 -> 0)
  Optimizing lut $abc$23719$auto$blifparse.cc:525:parse_blif$23893.genblk1.genblk1.genblk1.genblk1.genblk1.lut0 (4 -> 0)
  Optimizing lut $abc$23719$auto$blifparse.cc:525:parse_blif$23898.genblk1.genblk1.genblk1.genblk1.genblk1.lut0 (4 -> 0)
  Optimizing lut $abc$23719$auto$blifparse.cc:525:parse_blif$23903.genblk1.genblk1.genblk1.genblk1.genblk1.lut0 (4 -> 0)
  Optimizing lut $abc$23719$auto$blifparse.cc:525:parse_blif$23908.genblk1.genblk1.genblk1.genblk1.genblk1.lut0 (4 -> 0)
  Optimizing lut $abc$23719$auto$blifparse.cc:525:parse_blif$23913.genblk1.genblk1.genblk1.genblk1.genblk1.lut0 (4 -> 0)
  Optimizing lut $abc$23719$auto$blifparse.cc:525:parse_blif$23918.genblk1.genblk1.genblk1.genblk1.genblk1.lut0 (4 -> 0)
  Optimizing lut $abc$23719$auto$blifparse.cc:525:parse_blif$23923.genblk1.genblk1.genblk1.genblk1.genblk1.lut0 (4 -> 0)
  Optimizing lut $abc$23719$auto$blifparse.cc:525:parse_blif$23928.genblk1.genblk1.genblk1.genblk1.genblk1.lut0 (4 -> 0)
  Optimizing lut $abc$23719$auto$blifparse.cc:525:parse_blif$23933.genblk1.genblk1.genblk1.genblk1.genblk1.lut0 (4 -> 0)
  Optimizing lut $abc$23719$auto$blifparse.cc:525:parse_blif$23938.genblk1.genblk1.genblk1.genblk1.genblk1.lut0 (4 -> 0)
  Optimizing lut $abc$23719$auto$blifparse.cc:525:parse_blif$23943.genblk1.genblk1.genblk1.genblk1.genblk1.lut0 (4 -> 0)
  Optimizing lut $abc$23719$auto$blifparse.cc:525:parse_blif$23948.genblk1.genblk1.genblk1.genblk1.genblk1.lut0 (4 -> 0)
  Optimizing lut $abc$23719$auto$blifparse.cc:525:parse_blif$25335.genblk1.genblk1.genblk1.genblk1.genblk1.lut1 (4 -> 0)
  Optimizing lut $abc$23719$auto$blifparse.cc:525:parse_blif$23953.genblk1.genblk1.genblk1.genblk1.genblk1.lut0 (4 -> 0)
  Optimizing lut $abc$23719$auto$blifparse.cc:525:parse_blif$23987.genblk1.genblk1.genblk1.genblk1.genblk1.lut0 (4 -> 0)
  Optimizing lut $abc$23719$auto$blifparse.cc:525:parse_blif$23993.genblk1.genblk1.genblk1.genblk1.genblk1.lut0 (4 -> 0)
  Optimizing lut $abc$23719$auto$blifparse.cc:525:parse_blif$23994.genblk1.genblk1.genblk1.genblk1.genblk1.lut0 (4 -> 0)
  Optimizing lut $abc$23719$auto$blifparse.cc:525:parse_blif$24009.genblk1.genblk1.genblk1.genblk1.genblk1.lut0 (4 -> 0)
  Optimizing lut $abc$23719$auto$blifparse.cc:525:parse_blif$24011.genblk1.genblk1.genblk1.genblk1.genblk1.lut0 (4 -> 0)
  Optimizing lut $abc$23719$auto$blifparse.cc:525:parse_blif$24017.genblk1.genblk1.genblk1.genblk1.genblk1.lut0 (4 -> 0)
  Optimizing lut $abc$23719$auto$blifparse.cc:525:parse_blif$24022.genblk1.genblk1.genblk1.genblk1.genblk1.lut0 (4 -> 0)
  Optimizing lut $abc$23719$auto$blifparse.cc:525:parse_blif$24026.genblk1.genblk1.genblk1.genblk1.genblk1.lut1 (4 -> 0)
  Optimizing lut $abc$23719$auto$blifparse.cc:525:parse_blif$25221.genblk1.genblk1.genblk1.genblk1.genblk1.genblk1.lut1 (4 -> 1)
  Optimizing lut $abc$23719$auto$blifparse.cc:525:parse_blif$24051.genblk1.genblk1.genblk1.genblk1.genblk1.lut0 (4 -> 0)
  Optimizing lut $abc$23719$auto$blifparse.cc:525:parse_blif$24960.genblk1.genblk1.genblk1.genblk1.genblk1.lut1 (4 -> 1)
  Optimizing lut $abc$23719$auto$blifparse.cc:525:parse_blif$24065.genblk1.genblk1.genblk1.genblk1.genblk1.genblk1.genblk1.lut0 (4 -> 1)
  Optimizing lut $abc$23719$auto$blifparse.cc:525:parse_blif$24070.genblk1.genblk1.genblk1.genblk1.genblk1.genblk1.genblk1.lut0 (4 -> 0)
  Optimizing lut $abc$23719$auto$blifparse.cc:525:parse_blif$24073.genblk1.genblk1.genblk1.genblk1.genblk1.genblk1.lut1 (4 -> 0)
  Optimizing lut $abc$23719$auto$blifparse.cc:525:parse_blif$24076.genblk1.genblk1.genblk1.genblk1.genblk1.genblk1.lut1 (4 -> 0)
  Optimizing lut $abc$23719$auto$blifparse.cc:525:parse_blif$24224.genblk1.genblk1.genblk1.genblk1.genblk1.lut1 (4 -> 3)
  Optimizing lut $abc$23719$auto$blifparse.cc:525:parse_blif$25340.genblk1.genblk1.genblk1.genblk1.genblk1.lut1 (4 -> 0)
  Optimizing lut $abc$23719$auto$blifparse.cc:525:parse_blif$24084.genblk1.genblk1.genblk1.genblk1.genblk1.genblk1.genblk1.lut0 (4 -> 0)
  Optimizing lut $abc$23719$auto$blifparse.cc:525:parse_blif$24070.genblk1.genblk1.genblk1.genblk1.genblk1.genblk1.genblk1.lut1 (4 -> 0)
  Optimizing lut $abc$23719$auto$blifparse.cc:525:parse_blif$24088.genblk1.genblk1.genblk1.genblk1.genblk1.lut0 (4 -> 0)
  Optimizing lut $abc$23719$auto$blifparse.cc:525:parse_blif$24093.genblk1.genblk1.genblk1.genblk1.genblk1.genblk1.genblk1.lut0 (4 -> 0)
  Optimizing lut $abc$23719$auto$blifparse.cc:525:parse_blif$24093.genblk1.genblk1.genblk1.genblk1.genblk1.genblk1.genblk1.lut1 (4 -> 0)
  Optimizing lut $abc$23719$auto$blifparse.cc:525:parse_blif$24096.genblk1.genblk1.genblk1.genblk1.genblk1.lut0 (4 -> 0)
  Optimizing lut $abc$23719$auto$blifparse.cc:525:parse_blif$24097.genblk1.genblk1.genblk1.genblk1.genblk1.lut0 (4 -> 0)
  Optimizing lut $abc$23719$auto$blifparse.cc:525:parse_blif$24099.genblk1.genblk1.genblk1.genblk1.genblk1.lut0 (4 -> 0)
  Optimizing lut $abc$23719$auto$blifparse.cc:525:parse_blif$24101.genblk1.genblk1.genblk1.genblk1.genblk1.lut0 (4 -> 3)
  Optimizing lut $abc$23719$auto$blifparse.cc:525:parse_blif$24153.genblk1.genblk1.genblk1.genblk1.genblk1.genblk1.lut1 (4 -> 0)
  Optimizing lut $abc$23719$auto$blifparse.cc:525:parse_blif$24110.genblk1.genblk1.genblk1.genblk1.genblk1.lut1 (4 -> 3)
  Optimizing lut $abc$23719$auto$blifparse.cc:525:parse_blif$24110.genblk1.genblk1.genblk1.genblk1.genblk1.lut0 (4 -> 3)
  Optimizing lut $abc$23719$auto$blifparse.cc:525:parse_blif$24111.genblk1.genblk1.genblk1.genblk1.genblk1.lut0 (4 -> 0)
  Optimizing lut $abc$23719$auto$blifparse.cc:525:parse_blif$24112.genblk1.genblk1.genblk1.genblk1.genblk1.lut0 (4 -> 0)
  Optimizing lut $abc$23719$auto$blifparse.cc:525:parse_blif$24113.genblk1.genblk1.genblk1.genblk1.genblk1.lut0 (4 -> 0)
  Optimizing lut $abc$23719$auto$blifparse.cc:525:parse_blif$24114.genblk1.genblk1.genblk1.genblk1.genblk1.lut0 (4 -> 0)
  Optimizing lut $abc$23719$auto$blifparse.cc:525:parse_blif$24115.genblk1.genblk1.genblk1.genblk1.genblk1.lut0 (4 -> 0)
  Optimizing lut $abc$23719$auto$blifparse.cc:525:parse_blif$24116.genblk1.genblk1.genblk1.genblk1.genblk1.lut0 (4 -> 0)
  Optimizing lut $abc$23719$auto$blifparse.cc:525:parse_blif$24117.genblk1.genblk1.genblk1.genblk1.genblk1.lut0 (4 -> 0)
  Optimizing lut $abc$23719$auto$blifparse.cc:525:parse_blif$24118.genblk1.genblk1.genblk1.genblk1.genblk1.lut0 (4 -> 0)
  Optimizing lut $abc$23719$auto$blifparse.cc:525:parse_blif$24119.genblk1.genblk1.genblk1.genblk1.genblk1.lut0 (4 -> 0)
  Optimizing lut $abc$23719$auto$blifparse.cc:525:parse_blif$24120.genblk1.genblk1.genblk1.genblk1.genblk1.lut0 (4 -> 0)
  Optimizing lut $abc$23719$auto$blifparse.cc:525:parse_blif$24121.genblk1.genblk1.genblk1.genblk1.genblk1.lut0 (4 -> 0)
  Optimizing lut $abc$23719$auto$blifparse.cc:525:parse_blif$24122.genblk1.genblk1.genblk1.genblk1.genblk1.lut0 (4 -> 0)
  Optimizing lut $abc$23719$auto$blifparse.cc:525:parse_blif$24123.genblk1.genblk1.genblk1.genblk1.genblk1.lut0 (4 -> 0)
  Optimizing lut $abc$23719$auto$blifparse.cc:525:parse_blif$24124.genblk1.genblk1.genblk1.genblk1.genblk1.lut0 (4 -> 0)
  Optimizing lut $abc$23719$auto$blifparse.cc:525:parse_blif$24125.genblk1.genblk1.genblk1.genblk1.genblk1.genblk1.lut0 (4 -> 0)
  Optimizing lut $abc$23719$auto$blifparse.cc:525:parse_blif$24126.genblk1.genblk1.genblk1.genblk1.genblk1.lut0 (4 -> 0)
  Optimizing lut $abc$23719$auto$blifparse.cc:525:parse_blif$24127.genblk1.genblk1.genblk1.genblk1.genblk1.lut0 (4 -> 0)
  Optimizing lut $abc$23719$auto$blifparse.cc:525:parse_blif$24128.genblk1.genblk1.genblk1.genblk1.genblk1.lut0 (4 -> 0)
  Optimizing lut $abc$23719$auto$blifparse.cc:525:parse_blif$24129.genblk1.genblk1.genblk1.genblk1.genblk1.lut0 (4 -> 0)
  Optimizing lut $abc$23719$auto$blifparse.cc:525:parse_blif$24130.genblk1.genblk1.genblk1.genblk1.genblk1.lut0 (4 -> 0)
  Optimizing lut $abc$23719$auto$blifparse.cc:525:parse_blif$24131.genblk1.genblk1.genblk1.genblk1.genblk1.lut0 (4 -> 0)
  Optimizing lut $abc$23719$auto$blifparse.cc:525:parse_blif$24132.genblk1.genblk1.genblk1.genblk1.genblk1.lut0 (4 -> 0)
  Optimizing lut $abc$23719$auto$blifparse.cc:525:parse_blif$24133.genblk1.genblk1.genblk1.genblk1.genblk1.lut0 (4 -> 0)
  Optimizing lut $abc$23719$auto$blifparse.cc:525:parse_blif$24134.genblk1.genblk1.genblk1.genblk1.genblk1.lut0 (4 -> 0)
  Optimizing lut $abc$23719$auto$blifparse.cc:525:parse_blif$24135.genblk1.genblk1.genblk1.genblk1.genblk1.lut0 (4 -> 0)
  Optimizing lut $abc$23719$auto$blifparse.cc:525:parse_blif$24136.genblk1.genblk1.genblk1.genblk1.genblk1.lut0 (4 -> 0)
  Optimizing lut $abc$23719$auto$blifparse.cc:525:parse_blif$24137.genblk1.genblk1.genblk1.genblk1.genblk1.lut0 (4 -> 0)
  Optimizing lut $abc$23719$auto$blifparse.cc:525:parse_blif$24138.genblk1.genblk1.genblk1.genblk1.genblk1.lut0 (4 -> 0)
  Optimizing lut $abc$23719$auto$blifparse.cc:525:parse_blif$24139.genblk1.genblk1.genblk1.genblk1.genblk1.lut0 (4 -> 0)
  Optimizing lut $abc$23719$auto$blifparse.cc:525:parse_blif$24140.genblk1.genblk1.genblk1.genblk1.genblk1.lut0 (4 -> 0)
  Optimizing lut $abc$23719$auto$blifparse.cc:525:parse_blif$24141.genblk1.genblk1.genblk1.genblk1.genblk1.lut0 (4 -> 0)
  Optimizing lut $abc$23719$auto$blifparse.cc:525:parse_blif$24142.genblk1.genblk1.genblk1.genblk1.genblk1.lut0 (4 -> 0)
  Optimizing lut $abc$23719$auto$blifparse.cc:525:parse_blif$24143.genblk1.genblk1.genblk1.genblk1.genblk1.lut0 (4 -> 0)
  Optimizing lut $abc$23719$auto$blifparse.cc:525:parse_blif$24144.genblk1.genblk1.genblk1.genblk1.genblk1.lut0 (4 -> 0)
  Optimizing lut $abc$23719$auto$blifparse.cc:525:parse_blif$24145.genblk1.genblk1.genblk1.genblk1.genblk1.lut0 (4 -> 0)
  Optimizing lut $abc$23719$auto$blifparse.cc:525:parse_blif$24146.genblk1.genblk1.genblk1.genblk1.genblk1.lut0 (4 -> 0)
  Optimizing lut $abc$23719$auto$blifparse.cc:525:parse_blif$24147.genblk1.genblk1.genblk1.genblk1.genblk1.lut0 (4 -> 0)
  Optimizing lut $abc$23719$auto$blifparse.cc:525:parse_blif$24148.genblk1.genblk1.genblk1.genblk1.genblk1.lut0 (4 -> 0)
  Optimizing lut $abc$23719$auto$blifparse.cc:525:parse_blif$24149.genblk1.genblk1.genblk1.genblk1.genblk1.lut0 (4 -> 0)
  Optimizing lut $abc$23719$auto$blifparse.cc:525:parse_blif$24150.genblk1.genblk1.genblk1.genblk1.genblk1.lut0 (4 -> 0)
  Optimizing lut $abc$23719$auto$blifparse.cc:525:parse_blif$24151.genblk1.genblk1.genblk1.genblk1.genblk1.lut0 (4 -> 0)
  Optimizing lut $abc$23719$auto$blifparse.cc:525:parse_blif$24152.genblk1.genblk1.genblk1.genblk1.genblk1.lut0 (4 -> 0)
  Optimizing lut $abc$23719$auto$blifparse.cc:525:parse_blif$24153.genblk1.genblk1.genblk1.genblk1.genblk1.genblk1.lut0 (4 -> 0)
  Optimizing lut $abc$23719$auto$blifparse.cc:525:parse_blif$24101.genblk1.genblk1.genblk1.genblk1.genblk1.lut1 (4 -> 3)
  Optimizing lut $abc$23719$auto$blifparse.cc:525:parse_blif$24898.genblk1.genblk1.genblk1.genblk1.genblk1.lut1 (4 -> 3)
  Optimizing lut $abc$23719$auto$blifparse.cc:525:parse_blif$24902.genblk1.genblk1.genblk1.genblk1.genblk1.lut1 (4 -> 3)
  Optimizing lut $abc$23719$auto$blifparse.cc:525:parse_blif$24906.genblk1.genblk1.genblk1.genblk1.genblk1.lut1 (4 -> 3)
  Optimizing lut $abc$23719$auto$blifparse.cc:525:parse_blif$24177.genblk1.genblk1.genblk1.genblk1.genblk1.lut1 (4 -> 0)
  Optimizing lut $abc$23719$auto$blifparse.cc:525:parse_blif$24125.genblk1.genblk1.genblk1.genblk1.genblk1.genblk1.lut1 (4 -> 0)
  Optimizing lut $abc$23719$auto$blifparse.cc:525:parse_blif$24186.genblk1.genblk1.genblk1.genblk1.genblk1.lut0 (4 -> 0)
  Optimizing lut $abc$23719$auto$blifparse.cc:525:parse_blif$26193.genblk1.genblk1.genblk1.genblk1.genblk1.lut1 (4 -> 1)
  Optimizing lut $abc$23719$auto$blifparse.cc:525:parse_blif$24227.genblk1.genblk1.genblk1.genblk1.genblk1.lut1 (4 -> 3)
  Optimizing lut $abc$23719$auto$blifparse.cc:525:parse_blif$24226.genblk1.genblk1.genblk1.genblk1.genblk1.lut1 (4 -> 3)
  Optimizing lut $abc$23719$auto$blifparse.cc:525:parse_blif$24224.genblk1.genblk1.genblk1.genblk1.genblk1.lut0 (4 -> 3)
  Optimizing lut $abc$23719$auto$blifparse.cc:525:parse_blif$24226.genblk1.genblk1.genblk1.genblk1.genblk1.lut0 (4 -> 3)
  Optimizing lut $abc$23719$auto$blifparse.cc:525:parse_blif$24227.genblk1.genblk1.genblk1.genblk1.genblk1.lut0 (4 -> 3)
  Optimizing lut $abc$23719$auto$blifparse.cc:525:parse_blif$24228.genblk1.genblk1.genblk1.genblk1.genblk1.lut0 (4 -> 3)
  Optimizing lut $abc$23719$auto$blifparse.cc:525:parse_blif$24229.genblk1.genblk1.genblk1.genblk1.genblk1.lut0 (4 -> 3)
  Optimizing lut $abc$23719$auto$blifparse.cc:525:parse_blif$24230.genblk1.genblk1.genblk1.genblk1.genblk1.lut0 (4 -> 3)
  Optimizing lut $abc$23719$auto$blifparse.cc:525:parse_blif$24231.genblk1.genblk1.genblk1.genblk1.genblk1.lut0 (4 -> 3)
  Optimizing lut $abc$23719$auto$blifparse.cc:525:parse_blif$24232.genblk1.genblk1.genblk1.genblk1.genblk1.lut0 (4 -> 3)
  Optimizing lut $abc$23719$auto$blifparse.cc:525:parse_blif$24233.genblk1.genblk1.genblk1.genblk1.genblk1.lut0 (4 -> 3)
  Optimizing lut $abc$23719$auto$blifparse.cc:525:parse_blif$24234.genblk1.genblk1.genblk1.genblk1.genblk1.lut0 (4 -> 3)
  Optimizing lut $abc$23719$auto$blifparse.cc:525:parse_blif$24235.genblk1.genblk1.genblk1.genblk1.genblk1.lut0 (4 -> 3)
  Optimizing lut $abc$23719$auto$blifparse.cc:525:parse_blif$24236.genblk1.genblk1.genblk1.genblk1.genblk1.lut0 (4 -> 3)
  Optimizing lut $abc$23719$auto$blifparse.cc:525:parse_blif$24237.genblk1.genblk1.genblk1.genblk1.genblk1.lut0 (4 -> 3)
  Optimizing lut $abc$23719$auto$blifparse.cc:525:parse_blif$24238.genblk1.genblk1.genblk1.genblk1.genblk1.lut0 (4 -> 3)
  Optimizing lut $abc$23719$auto$blifparse.cc:525:parse_blif$24239.genblk1.genblk1.genblk1.genblk1.genblk1.lut0 (4 -> 3)
  Optimizing lut $abc$23719$auto$blifparse.cc:525:parse_blif$24240.genblk1.genblk1.genblk1.genblk1.genblk1.lut0 (4 -> 3)
  Optimizing lut $abc$23719$auto$blifparse.cc:525:parse_blif$24307.genblk1.genblk1.genblk1.genblk1.genblk1.genblk1.lut1 (4 -> 0)
  Optimizing lut $abc$23719$auto$blifparse.cc:525:parse_blif$24234.genblk1.genblk1.genblk1.genblk1.genblk1.lut1 (4 -> 3)
  Optimizing lut $abc$23719$auto$blifparse.cc:525:parse_blif$24237.genblk1.genblk1.genblk1.genblk1.genblk1.lut1 (4 -> 3)
  Optimizing lut $abc$23719$auto$blifparse.cc:525:parse_blif$24240.genblk1.genblk1.genblk1.genblk1.genblk1.lut1 (4 -> 3)
  Optimizing lut $abc$23719$auto$blifparse.cc:525:parse_blif$24337.genblk1.genblk1.genblk1.genblk1.genblk1.genblk1.lut1 (4 -> 1)
  Optimizing lut $abc$23719$auto$blifparse.cc:525:parse_blif$24339.genblk1.genblk1.genblk1.genblk1.genblk1.genblk1.lut1 (4 -> 1)
  Optimizing lut $abc$23719$auto$blifparse.cc:525:parse_blif$24341.genblk1.genblk1.genblk1.genblk1.genblk1.genblk1.lut1 (4 -> 1)
  Optimizing lut $abc$23719$auto$blifparse.cc:525:parse_blif$24343.genblk1.genblk1.genblk1.genblk1.genblk1.genblk1.lut1 (4 -> 1)
  Optimizing lut $abc$23719$auto$blifparse.cc:525:parse_blif$24345.genblk1.genblk1.genblk1.genblk1.genblk1.genblk1.lut1 (4 -> 1)
  Optimizing lut $abc$23719$auto$blifparse.cc:525:parse_blif$24289.genblk1.genblk1.genblk1.genblk1.genblk1.genblk1.lut1 (4 -> 1)
  Optimizing lut $abc$23719$auto$blifparse.cc:525:parse_blif$24289.genblk1.genblk1.genblk1.genblk1.genblk1.genblk1.lut0 (4 -> 1)
  Optimizing lut $abc$23719$auto$blifparse.cc:525:parse_blif$24290.genblk1.genblk1.genblk1.genblk1.genblk1.lut0 (4 -> 0)
  Optimizing lut $abc$23719$auto$blifparse.cc:525:parse_blif$24307.genblk1.genblk1.genblk1.genblk1.genblk1.genblk1.lut0 (4 -> 0)
  Optimizing lut $abc$23719$auto$blifparse.cc:525:parse_blif$24308.genblk1.genblk1.genblk1.genblk1.genblk1.genblk1.lut0 (4 -> 0)
  Optimizing lut $abc$23719$auto$blifparse.cc:525:parse_blif$24312.genblk1.genblk1.genblk1.genblk1.genblk1.genblk1.lut0 (4 -> 2)
  Optimizing lut $abc$23719$auto$blifparse.cc:525:parse_blif$24312.genblk1.genblk1.genblk1.genblk1.genblk1.genblk1.lut1 (4 -> 3)
  Optimizing lut $abc$23719$auto$blifparse.cc:525:parse_blif$24315.genblk1.genblk1.genblk1.genblk1.genblk1.genblk1.lut0 (4 -> 2)
  Optimizing lut $abc$23719$auto$blifparse.cc:525:parse_blif$24315.genblk1.genblk1.genblk1.genblk1.genblk1.genblk1.lut1 (4 -> 3)
  Optimizing lut $abc$23719$auto$blifparse.cc:525:parse_blif$24232.genblk1.genblk1.genblk1.genblk1.genblk1.lut1 (4 -> 3)
  Optimizing lut $abc$23719$auto$blifparse.cc:525:parse_blif$24322.genblk1.genblk1.genblk1.genblk1.genblk1.lut0 (4 -> 0)
  Optimizing lut $abc$23719$auto$blifparse.cc:525:parse_blif$24326.genblk1.genblk1.genblk1.genblk1.genblk1.lut0 (4 -> 0)
  Optimizing lut $abc$23719$auto$blifparse.cc:525:parse_blif$24239.genblk1.genblk1.genblk1.genblk1.genblk1.lut1 (4 -> 3)
  Optimizing lut $abc$23719$auto$blifparse.cc:525:parse_blif$24337.genblk1.genblk1.genblk1.genblk1.genblk1.genblk1.lut0 (4 -> 1)
  Optimizing lut $abc$23719$auto$blifparse.cc:525:parse_blif$24339.genblk1.genblk1.genblk1.genblk1.genblk1.genblk1.lut0 (4 -> 1)
  Optimizing lut $abc$23719$auto$blifparse.cc:525:parse_blif$24341.genblk1.genblk1.genblk1.genblk1.genblk1.genblk1.lut0 (4 -> 1)
  Optimizing lut $abc$23719$auto$blifparse.cc:525:parse_blif$24343.genblk1.genblk1.genblk1.genblk1.genblk1.genblk1.lut0 (4 -> 1)
  Optimizing lut $abc$23719$auto$blifparse.cc:525:parse_blif$24345.genblk1.genblk1.genblk1.genblk1.genblk1.genblk1.lut0 (4 -> 1)
  Optimizing lut $abc$23719$auto$blifparse.cc:525:parse_blif$24347.genblk1.genblk1.genblk1.genblk1.genblk1.genblk1.lut0 (4 -> 1)
  Optimizing lut $abc$23719$auto$blifparse.cc:525:parse_blif$24349.genblk1.genblk1.genblk1.genblk1.genblk1.genblk1.lut0 (4 -> 1)
  Optimizing lut $abc$23719$auto$blifparse.cc:525:parse_blif$24351.genblk1.genblk1.genblk1.genblk1.genblk1.genblk1.lut0 (4 -> 1)
  Optimizing lut $abc$23719$auto$blifparse.cc:525:parse_blif$24369.genblk1.genblk1.genblk1.genblk1.genblk1.genblk1.lut1 (4 -> 1)
  Optimizing lut $abc$23719$auto$blifparse.cc:525:parse_blif$24353.genblk1.genblk1.genblk1.genblk1.genblk1.genblk1.lut0 (4 -> 1)
  Optimizing lut $abc$23719$auto$blifparse.cc:525:parse_blif$24371.genblk1.genblk1.genblk1.genblk1.genblk1.genblk1.lut1 (4 -> 1)
  Optimizing lut $abc$23719$auto$blifparse.cc:525:parse_blif$24355.genblk1.genblk1.genblk1.genblk1.genblk1.genblk1.lut0 (4 -> 1)
  Optimizing lut $abc$23719$auto$blifparse.cc:525:parse_blif$24357.genblk1.genblk1.genblk1.genblk1.genblk1.genblk1.lut0 (4 -> 1)
  Optimizing lut $abc$23719$auto$blifparse.cc:525:parse_blif$24375.genblk1.genblk1.genblk1.genblk1.genblk1.genblk1.lut1 (4 -> 1)
  Optimizing lut $abc$23719$auto$blifparse.cc:525:parse_blif$24359.genblk1.genblk1.genblk1.genblk1.genblk1.genblk1.lut0 (4 -> 1)
  Optimizing lut $abc$23719$auto$blifparse.cc:525:parse_blif$24377.genblk1.genblk1.genblk1.genblk1.genblk1.genblk1.lut1 (4 -> 1)
  Optimizing lut $abc$23719$auto$blifparse.cc:525:parse_blif$24361.genblk1.genblk1.genblk1.genblk1.genblk1.genblk1.lut0 (4 -> 1)
  Optimizing lut $abc$23719$auto$blifparse.cc:525:parse_blif$24363.genblk1.genblk1.genblk1.genblk1.genblk1.genblk1.lut1 (4 -> 1)
  Optimizing lut $abc$23719$auto$blifparse.cc:525:parse_blif$24363.genblk1.genblk1.genblk1.genblk1.genblk1.genblk1.lut0 (4 -> 1)
  Optimizing lut $abc$23719$auto$blifparse.cc:525:parse_blif$25162.genblk1.genblk1.genblk1.genblk1.genblk1.lut1 (4 -> 0)
  Optimizing lut $abc$23719$auto$blifparse.cc:525:parse_blif$24365.genblk1.genblk1.genblk1.genblk1.genblk1.genblk1.lut0 (4 -> 1)
  Optimizing lut $abc$23719$auto$blifparse.cc:525:parse_blif$24379.genblk1.genblk1.genblk1.genblk1.genblk1.genblk1.lut1 (4 -> 1)
  Optimizing lut $abc$23719$auto$blifparse.cc:525:parse_blif$24367.genblk1.genblk1.genblk1.genblk1.genblk1.genblk1.lut0 (4 -> 1)
  Optimizing lut $abc$23719$auto$blifparse.cc:525:parse_blif$24369.genblk1.genblk1.genblk1.genblk1.genblk1.genblk1.lut0 (4 -> 1)
  Optimizing lut $abc$23719$auto$blifparse.cc:525:parse_blif$24349.genblk1.genblk1.genblk1.genblk1.genblk1.genblk1.lut1 (4 -> 1)
  Optimizing lut $abc$23719$auto$blifparse.cc:525:parse_blif$24371.genblk1.genblk1.genblk1.genblk1.genblk1.genblk1.lut0 (4 -> 1)
  Optimizing lut $abc$23719$auto$blifparse.cc:525:parse_blif$24351.genblk1.genblk1.genblk1.genblk1.genblk1.genblk1.lut1 (4 -> 1)
  Optimizing lut $abc$23719$auto$blifparse.cc:525:parse_blif$24373.genblk1.genblk1.genblk1.genblk1.genblk1.genblk1.lut0 (4 -> 1)
  Optimizing lut $abc$23719$auto$blifparse.cc:525:parse_blif$24353.genblk1.genblk1.genblk1.genblk1.genblk1.genblk1.lut1 (4 -> 1)
  Optimizing lut $abc$23719$auto$blifparse.cc:525:parse_blif$24375.genblk1.genblk1.genblk1.genblk1.genblk1.genblk1.lut0 (4 -> 1)
  Optimizing lut $abc$23719$auto$blifparse.cc:525:parse_blif$24355.genblk1.genblk1.genblk1.genblk1.genblk1.genblk1.lut1 (4 -> 1)
  Optimizing lut $abc$23719$auto$blifparse.cc:525:parse_blif$24377.genblk1.genblk1.genblk1.genblk1.genblk1.genblk1.lut0 (4 -> 1)
  Optimizing lut $abc$23719$auto$blifparse.cc:525:parse_blif$24357.genblk1.genblk1.genblk1.genblk1.genblk1.genblk1.lut1 (4 -> 1)
  Optimizing lut $abc$23719$auto$blifparse.cc:525:parse_blif$24379.genblk1.genblk1.genblk1.genblk1.genblk1.genblk1.lut0 (4 -> 1)
  Optimizing lut $abc$23719$auto$blifparse.cc:525:parse_blif$24381.genblk1.genblk1.genblk1.genblk1.genblk1.genblk1.lut0 (4 -> 1)
  Optimizing lut $abc$23719$auto$blifparse.cc:525:parse_blif$24383.genblk1.genblk1.genblk1.genblk1.genblk1.genblk1.lut0 (4 -> 1)
  Optimizing lut $abc$23719$auto$blifparse.cc:525:parse_blif$24385.genblk1.genblk1.genblk1.genblk1.genblk1.genblk1.lut0 (4 -> 1)
  Optimizing lut $abc$23719$auto$blifparse.cc:525:parse_blif$24387.genblk1.genblk1.genblk1.genblk1.genblk1.genblk1.lut0 (4 -> 1)
  Optimizing lut $abc$23719$auto$blifparse.cc:525:parse_blif$24411.genblk1.genblk1.genblk1.genblk1.genblk1.genblk1.lut1 (4 -> 1)
  Optimizing lut $abc$23719$auto$blifparse.cc:525:parse_blif$24413.genblk1.genblk1.genblk1.genblk1.genblk1.genblk1.lut1 (4 -> 1)
  Optimizing lut $abc$23719$auto$blifparse.cc:525:parse_blif$24385.genblk1.genblk1.genblk1.genblk1.genblk1.genblk1.lut1 (4 -> 1)
  Optimizing lut $abc$23719$auto$blifparse.cc:525:parse_blif$24415.genblk1.genblk1.genblk1.genblk1.genblk1.genblk1.lut1 (4 -> 1)
  Optimizing lut $abc$23719$auto$blifparse.cc:525:parse_blif$24387.genblk1.genblk1.genblk1.genblk1.genblk1.genblk1.lut1 (4 -> 1)
  Optimizing lut $abc$23719$auto$blifparse.cc:525:parse_blif$24417.genblk1.genblk1.genblk1.genblk1.genblk1.genblk1.lut1 (4 -> 1)
  Optimizing lut $abc$23719$auto$blifparse.cc:525:parse_blif$24419.genblk1.genblk1.genblk1.genblk1.genblk1.genblk1.lut1 (4 -> 1)
  Optimizing lut $abc$23719$auto$blifparse.cc:525:parse_blif$24381.genblk1.genblk1.genblk1.genblk1.genblk1.genblk1.lut1 (4 -> 1)
  Optimizing lut $abc$23719$auto$blifparse.cc:525:parse_blif$24403.genblk1.genblk1.genblk1.genblk1.genblk1.genblk1.lut0 (4 -> 1)
  Optimizing lut $abc$23719$auto$blifparse.cc:525:parse_blif$24405.genblk1.genblk1.genblk1.genblk1.genblk1.genblk1.lut0 (4 -> 1)
  Optimizing lut $abc$23719$auto$blifparse.cc:525:parse_blif$24407.genblk1.genblk1.genblk1.genblk1.genblk1.genblk1.lut0 (4 -> 1)
  Optimizing lut $abc$23719$auto$blifparse.cc:525:parse_blif$24409.genblk1.genblk1.genblk1.genblk1.genblk1.genblk1.lut0 (4 -> 1)
  Optimizing lut $abc$23719$auto$blifparse.cc:525:parse_blif$24411.genblk1.genblk1.genblk1.genblk1.genblk1.genblk1.lut0 (4 -> 1)
  Optimizing lut $abc$23719$auto$blifparse.cc:525:parse_blif$24383.genblk1.genblk1.genblk1.genblk1.genblk1.genblk1.lut1 (4 -> 1)
  Optimizing lut $abc$23719$auto$blifparse.cc:525:parse_blif$24413.genblk1.genblk1.genblk1.genblk1.genblk1.genblk1.lut0 (4 -> 1)
  Optimizing lut $abc$23719$auto$blifparse.cc:525:parse_blif$24405.genblk1.genblk1.genblk1.genblk1.genblk1.genblk1.lut1 (4 -> 1)
  Optimizing lut $abc$23719$auto$blifparse.cc:525:parse_blif$24415.genblk1.genblk1.genblk1.genblk1.genblk1.genblk1.lut0 (4 -> 1)
  Optimizing lut $abc$23719$auto$blifparse.cc:525:parse_blif$24407.genblk1.genblk1.genblk1.genblk1.genblk1.genblk1.lut1 (4 -> 1)
  Optimizing lut $abc$23719$auto$blifparse.cc:525:parse_blif$24417.genblk1.genblk1.genblk1.genblk1.genblk1.genblk1.lut0 (4 -> 1)
  Optimizing lut $abc$23719$auto$blifparse.cc:525:parse_blif$24409.genblk1.genblk1.genblk1.genblk1.genblk1.genblk1.lut1 (4 -> 1)
  Optimizing lut $abc$23719$auto$blifparse.cc:525:parse_blif$24419.genblk1.genblk1.genblk1.genblk1.genblk1.genblk1.lut0 (4 -> 1)
  Optimizing lut $abc$23719$auto$blifparse.cc:525:parse_blif$24421.genblk1.genblk1.genblk1.genblk1.genblk1.genblk1.lut0 (4 -> 1)
  Optimizing lut $abc$23719$auto$blifparse.cc:525:parse_blif$24403.genblk1.genblk1.genblk1.genblk1.genblk1.genblk1.lut1 (4 -> 1)
  Optimizing lut $abc$23719$auto$blifparse.cc:525:parse_blif$24423.genblk1.genblk1.genblk1.genblk1.genblk1.genblk1.lut0 (4 -> 1)
  Optimizing lut $abc$23719$auto$blifparse.cc:525:parse_blif$24425.genblk1.genblk1.genblk1.genblk1.genblk1.genblk1.lut0 (4 -> 1)
  Optimizing lut $abc$23719$auto$blifparse.cc:525:parse_blif$24427.genblk1.genblk1.genblk1.genblk1.genblk1.genblk1.lut0 (4 -> 1)
  Optimizing lut $abc$23719$auto$blifparse.cc:525:parse_blif$24429.genblk1.genblk1.genblk1.genblk1.genblk1.genblk1.lut0 (4 -> 1)
  Optimizing lut $abc$23719$auto$blifparse.cc:525:parse_blif$24431.genblk1.genblk1.genblk1.genblk1.genblk1.genblk1.lut0 (4 -> 1)
  Optimizing lut $abc$23719$auto$blifparse.cc:525:parse_blif$24433.genblk1.genblk1.genblk1.genblk1.genblk1.genblk1.lut0 (4 -> 1)
  Optimizing lut $abc$23719$auto$blifparse.cc:525:parse_blif$24427.genblk1.genblk1.genblk1.genblk1.genblk1.genblk1.lut1 (4 -> 1)
  Optimizing lut $abc$23719$auto$blifparse.cc:525:parse_blif$24435.genblk1.genblk1.genblk1.genblk1.genblk1.genblk1.lut0 (4 -> 1)
  Optimizing lut $abc$23719$auto$blifparse.cc:525:parse_blif$24429.genblk1.genblk1.genblk1.genblk1.genblk1.genblk1.lut1 (4 -> 1)
  Optimizing lut $abc$23719$auto$blifparse.cc:525:parse_blif$24437.genblk1.genblk1.genblk1.genblk1.genblk1.genblk1.lut0 (4 -> 1)
  Optimizing lut $abc$23719$auto$blifparse.cc:525:parse_blif$24423.genblk1.genblk1.genblk1.genblk1.genblk1.genblk1.lut1 (4 -> 1)
  Optimizing lut $abc$23719$auto$blifparse.cc:525:parse_blif$24439.genblk1.genblk1.genblk1.genblk1.genblk1.genblk1.lut0 (4 -> 1)
  Optimizing lut $abc$23719$auto$blifparse.cc:525:parse_blif$24453.genblk1.genblk1.genblk1.genblk1.genblk1.genblk1.lut1 (4 -> 1)
  Optimizing lut $abc$23719$auto$blifparse.cc:525:parse_blif$24441.genblk1.genblk1.genblk1.genblk1.genblk1.genblk1.lut0 (4 -> 1)
  Optimizing lut $abc$23719$auto$blifparse.cc:525:parse_blif$24443.genblk1.genblk1.genblk1.genblk1.genblk1.genblk1.lut0 (4 -> 1)
  Optimizing lut $abc$23719$auto$blifparse.cc:525:parse_blif$24431.genblk1.genblk1.genblk1.genblk1.genblk1.genblk1.lut1 (4 -> 1)
  Optimizing lut $abc$23719$auto$blifparse.cc:525:parse_blif$24445.genblk1.genblk1.genblk1.genblk1.genblk1.genblk1.lut0 (4 -> 1)
  Optimizing lut $abc$23719$auto$blifparse.cc:525:parse_blif$24433.genblk1.genblk1.genblk1.genblk1.genblk1.genblk1.lut1 (4 -> 1)
  Optimizing lut $abc$23719$auto$blifparse.cc:525:parse_blif$24447.genblk1.genblk1.genblk1.genblk1.genblk1.genblk1.lut0 (4 -> 1)
  Optimizing lut $abc$23719$auto$blifparse.cc:525:parse_blif$24425.genblk1.genblk1.genblk1.genblk1.genblk1.genblk1.lut1 (4 -> 1)
  Optimizing lut $abc$23719$auto$blifparse.cc:525:parse_blif$24449.genblk1.genblk1.genblk1.genblk1.genblk1.genblk1.lut0 (4 -> 1)
  Optimizing lut $abc$23719$auto$blifparse.cc:525:parse_blif$24443.genblk1.genblk1.genblk1.genblk1.genblk1.genblk1.lut1 (4 -> 1)
  Optimizing lut $abc$23719$auto$blifparse.cc:525:parse_blif$24451.genblk1.genblk1.genblk1.genblk1.genblk1.genblk1.lut0 (4 -> 1)
  Optimizing lut $abc$23719$auto$blifparse.cc:525:parse_blif$24445.genblk1.genblk1.genblk1.genblk1.genblk1.genblk1.lut1 (4 -> 1)
  Optimizing lut $abc$23719$auto$blifparse.cc:525:parse_blif$24453.genblk1.genblk1.genblk1.genblk1.genblk1.genblk1.lut0 (4 -> 1)
  Optimizing lut $abc$23719$auto$blifparse.cc:525:parse_blif$24447.genblk1.genblk1.genblk1.genblk1.genblk1.genblk1.lut1 (4 -> 1)
  Optimizing lut $abc$23719$auto$blifparse.cc:525:parse_blif$24455.genblk1.genblk1.genblk1.genblk1.genblk1.genblk1.lut0 (4 -> 1)
  Optimizing lut $abc$23719$auto$blifparse.cc:525:parse_blif$24546.genblk1.genblk1.genblk1.genblk1.genblk1.lut1 (4 -> 1)
  Optimizing lut $abc$23719$auto$blifparse.cc:525:parse_blif$25514.genblk1.genblk1.genblk1.genblk1.genblk1.lut1 (4 -> 1)
  Optimizing lut $abc$23719$auto$blifparse.cc:525:parse_blif$24546.genblk1.genblk1.genblk1.genblk1.genblk1.lut0 (4 -> 3)
  Optimizing lut $abc$23719$auto$blifparse.cc:525:parse_blif$24547.genblk1.genblk1.genblk1.genblk1.genblk1.genblk1.genblk1.lut0 (4 -> 0)
  Optimizing lut $abc$23719$auto$blifparse.cc:525:parse_blif$24551.genblk1.genblk1.genblk1.genblk1.genblk1.genblk1.lut0 (4 -> 0)
  Optimizing lut $abc$23719$auto$blifparse.cc:525:parse_blif$24562.genblk1.genblk1.genblk1.genblk1.genblk1.lut0 (4 -> 0)
  Optimizing lut $abc$23719$auto$blifparse.cc:525:parse_blif$24547.genblk1.genblk1.genblk1.genblk1.genblk1.genblk1.genblk1.lut1 (4 -> 0)
  Optimizing lut $abc$23719$auto$blifparse.cc:525:parse_blif$26207.genblk1.genblk1.genblk1.genblk1.genblk1.lut1 (4 -> 1)
  Optimizing lut $abc$23719$auto$blifparse.cc:525:parse_blif$24449.genblk1.genblk1.genblk1.genblk1.genblk1.genblk1.lut1 (4 -> 1)
  Optimizing lut $abc$23719$auto$blifparse.cc:525:parse_blif$24053.genblk1.genblk1.genblk1.genblk1.genblk1.lut1 (4 -> 0)
  Optimizing lut $abc$23719$auto$blifparse.cc:525:parse_blif$24451.genblk1.genblk1.genblk1.genblk1.genblk1.genblk1.lut1 (4 -> 1)
  Optimizing lut $abc$23719$auto$blifparse.cc:525:parse_blif$24367.genblk1.genblk1.genblk1.genblk1.genblk1.genblk1.lut1 (4 -> 1)
  Optimizing lut $abc$23719$auto$blifparse.cc:525:parse_blif$24907.genblk1.genblk1.genblk1.genblk1.genblk1.lut1 (4 -> 3)
  Optimizing lut $abc$23719$auto$blifparse.cc:525:parse_blif$24818.genblk1.genblk1.genblk1.genblk1.genblk1.lut0 (4 -> 2)
  Optimizing lut $abc$23719$auto$blifparse.cc:525:parse_blif$24819.genblk1.genblk1.genblk1.genblk1.genblk1.lut0 (4 -> 2)
  Optimizing lut $abc$23719$auto$blifparse.cc:525:parse_blif$24822.genblk1.genblk1.genblk1.genblk1.genblk1.lut0 (4 -> 2)
  Optimizing lut $abc$23719$auto$blifparse.cc:525:parse_blif$24823.genblk1.genblk1.genblk1.genblk1.genblk1.lut0 (4 -> 2)
  Optimizing lut $abc$23719$auto$blifparse.cc:525:parse_blif$24826.genblk1.genblk1.genblk1.genblk1.genblk1.lut0 (4 -> 2)
  Optimizing lut $abc$23719$auto$blifparse.cc:525:parse_blif$24827.genblk1.genblk1.genblk1.genblk1.genblk1.lut0 (4 -> 2)
  Optimizing lut $abc$23719$auto$blifparse.cc:525:parse_blif$24896.genblk1.genblk1.genblk1.genblk1.genblk1.lut1 (4 -> 3)
  Optimizing lut $abc$23719$auto$blifparse.cc:525:parse_blif$24830.genblk1.genblk1.genblk1.genblk1.genblk1.lut0 (4 -> 2)
  Optimizing lut $abc$23719$auto$blifparse.cc:525:parse_blif$24831.genblk1.genblk1.genblk1.genblk1.genblk1.lut0 (4 -> 2)
  Optimizing lut $abc$23719$auto$blifparse.cc:525:parse_blif$24899.genblk1.genblk1.genblk1.genblk1.genblk1.lut1 (4 -> 3)
  Optimizing lut $abc$23719$auto$blifparse.cc:525:parse_blif$24900.genblk1.genblk1.genblk1.genblk1.genblk1.lut1 (4 -> 3)
  Optimizing lut $abc$23719$auto$blifparse.cc:525:parse_blif$24834.genblk1.genblk1.genblk1.genblk1.genblk1.lut0 (4 -> 2)
  Optimizing lut $abc$23719$auto$blifparse.cc:525:parse_blif$24835.genblk1.genblk1.genblk1.genblk1.genblk1.lut0 (4 -> 2)
  Optimizing lut $abc$23719$auto$blifparse.cc:525:parse_blif$24903.genblk1.genblk1.genblk1.genblk1.genblk1.lut1 (4 -> 3)
  Optimizing lut $abc$23719$auto$blifparse.cc:525:parse_blif$24904.genblk1.genblk1.genblk1.genblk1.genblk1.lut1 (4 -> 3)
  Optimizing lut $abc$23719$auto$blifparse.cc:525:parse_blif$24838.genblk1.genblk1.genblk1.genblk1.genblk1.lut0 (4 -> 2)
  Optimizing lut $abc$23719$auto$blifparse.cc:525:parse_blif$24839.genblk1.genblk1.genblk1.genblk1.genblk1.lut0 (4 -> 2)
  Optimizing lut $abc$23719$auto$blifparse.cc:525:parse_blif$24842.genblk1.genblk1.genblk1.genblk1.genblk1.lut0 (4 -> 2)
  Optimizing lut $abc$23719$auto$blifparse.cc:525:parse_blif$24843.genblk1.genblk1.genblk1.genblk1.genblk1.lut0 (4 -> 2)
  Optimizing lut $abc$23719$auto$blifparse.cc:525:parse_blif$24846.genblk1.genblk1.genblk1.genblk1.genblk1.lut0 (4 -> 2)
  Optimizing lut $abc$23719$auto$blifparse.cc:525:parse_blif$24847.genblk1.genblk1.genblk1.genblk1.genblk1.lut0 (4 -> 2)
  Optimizing lut $abc$23719$auto$blifparse.cc:525:parse_blif$24826.genblk1.genblk1.genblk1.genblk1.genblk1.lut1 (4 -> 3)
  Optimizing lut $abc$23719$auto$blifparse.cc:525:parse_blif$24851.genblk1.genblk1.genblk1.genblk1.genblk1.lut0 (4 -> 0)
  Optimizing lut $abc$23719$auto$blifparse.cc:525:parse_blif$24853.genblk1.genblk1.genblk1.genblk1.genblk1.lut0 (4 -> 0)
  Optimizing lut $abc$23719$auto$blifparse.cc:525:parse_blif$24822.genblk1.genblk1.genblk1.genblk1.genblk1.lut1 (4 -> 3)
  Optimizing lut $abc$23719$auto$blifparse.cc:525:parse_blif$24823.genblk1.genblk1.genblk1.genblk1.genblk1.lut1 (4 -> 2)
  Optimizing lut $abc$23719$auto$blifparse.cc:525:parse_blif$24827.genblk1.genblk1.genblk1.genblk1.genblk1.lut1 (4 -> 2)
  Optimizing lut $abc$23719$auto$blifparse.cc:525:parse_blif$24830.genblk1.genblk1.genblk1.genblk1.genblk1.lut1 (4 -> 3)
  Optimizing lut $abc$23719$auto$blifparse.cc:525:parse_blif$24831.genblk1.genblk1.genblk1.genblk1.genblk1.lut1 (4 -> 2)
  Optimizing lut $abc$23719$auto$blifparse.cc:525:parse_blif$24835.genblk1.genblk1.genblk1.genblk1.genblk1.lut1 (4 -> 2)
  Optimizing lut $abc$23719$auto$blifparse.cc:525:parse_blif$24838.genblk1.genblk1.genblk1.genblk1.genblk1.lut1 (4 -> 3)
  Optimizing lut $abc$23719$auto$blifparse.cc:525:parse_blif$24839.genblk1.genblk1.genblk1.genblk1.genblk1.lut1 (4 -> 2)
  Optimizing lut $abc$23719$auto$blifparse.cc:525:parse_blif$24908.genblk1.genblk1.genblk1.genblk1.genblk1.lut1 (4 -> 3)
  Optimizing lut $abc$23719$auto$blifparse.cc:525:parse_blif$24842.genblk1.genblk1.genblk1.genblk1.genblk1.lut1 (4 -> 3)
  Optimizing lut $abc$23719$auto$blifparse.cc:525:parse_blif$24843.genblk1.genblk1.genblk1.genblk1.genblk1.lut1 (4 -> 2)
  Optimizing lut $abc$23719$auto$blifparse.cc:525:parse_blif$24846.genblk1.genblk1.genblk1.genblk1.genblk1.lut1 (4 -> 3)
  Optimizing lut $abc$23719$auto$blifparse.cc:525:parse_blif$24819.genblk1.genblk1.genblk1.genblk1.genblk1.lut1 (4 -> 2)
  Optimizing lut $abc$23719$auto$blifparse.cc:525:parse_blif$24818.genblk1.genblk1.genblk1.genblk1.genblk1.lut1 (4 -> 3)
  Optimizing lut $abc$23719$auto$blifparse.cc:525:parse_blif$24896.genblk1.genblk1.genblk1.genblk1.genblk1.lut0 (4 -> 1)
  Optimizing lut $abc$23719$auto$blifparse.cc:525:parse_blif$24897.genblk1.genblk1.genblk1.genblk1.genblk1.lut0 (4 -> 1)
  Optimizing lut $abc$23719$auto$blifparse.cc:525:parse_blif$24898.genblk1.genblk1.genblk1.genblk1.genblk1.lut0 (4 -> 1)
  Optimizing lut $abc$23719$auto$blifparse.cc:525:parse_blif$24899.genblk1.genblk1.genblk1.genblk1.genblk1.lut0 (4 -> 1)
  Optimizing lut $abc$23719$auto$blifparse.cc:525:parse_blif$24900.genblk1.genblk1.genblk1.genblk1.genblk1.lut0 (4 -> 1)
  Optimizing lut $abc$23719$auto$blifparse.cc:525:parse_blif$24901.genblk1.genblk1.genblk1.genblk1.genblk1.lut0 (4 -> 1)
  Optimizing lut $abc$23719$auto$blifparse.cc:525:parse_blif$24902.genblk1.genblk1.genblk1.genblk1.genblk1.lut0 (4 -> 1)
  Optimizing lut $abc$23719$auto$blifparse.cc:525:parse_blif$24903.genblk1.genblk1.genblk1.genblk1.genblk1.lut0 (4 -> 1)
  Optimizing lut $abc$23719$auto$blifparse.cc:525:parse_blif$24904.genblk1.genblk1.genblk1.genblk1.genblk1.lut0 (4 -> 1)
  Optimizing lut $abc$23719$auto$blifparse.cc:525:parse_blif$24905.genblk1.genblk1.genblk1.genblk1.genblk1.lut0 (4 -> 1)
  Optimizing lut $abc$23719$auto$blifparse.cc:525:parse_blif$24906.genblk1.genblk1.genblk1.genblk1.genblk1.lut0 (4 -> 1)
  Optimizing lut $abc$23719$auto$blifparse.cc:525:parse_blif$24907.genblk1.genblk1.genblk1.genblk1.genblk1.lut0 (4 -> 1)
  Optimizing lut $abc$23719$auto$blifparse.cc:525:parse_blif$24908.genblk1.genblk1.genblk1.genblk1.genblk1.lut0 (4 -> 1)
  Optimizing lut $abc$23719$auto$blifparse.cc:525:parse_blif$24909.genblk1.genblk1.genblk1.genblk1.genblk1.lut0 (4 -> 1)
  Optimizing lut $abc$23719$auto$blifparse.cc:525:parse_blif$24915.genblk1.genblk1.genblk1.genblk1.genblk1.lut1 (4 -> 0)
  Optimizing lut $abc$23719$auto$blifparse.cc:525:parse_blif$24918.genblk1.genblk1.genblk1.genblk1.genblk1.lut1 (4 -> 0)
  Optimizing lut $abc$23719$auto$blifparse.cc:525:parse_blif$24925.genblk1.genblk1.genblk1.genblk1.genblk1.lut0 (4 -> 0)
  Optimizing lut $abc$23719$auto$blifparse.cc:525:parse_blif$24929.genblk1.genblk1.genblk1.genblk1.genblk1.lut0 (4 -> 1)
  Optimizing lut $abc$23719$auto$blifparse.cc:525:parse_blif$24939.genblk1.genblk1.genblk1.genblk1.genblk1.lut0 (4 -> 1)
  Optimizing lut $abc$23719$auto$blifparse.cc:525:parse_blif$24932.genblk1.genblk1.genblk1.genblk1.genblk1.lut1 (4 -> 0)
  Optimizing lut $abc$23719$auto$blifparse.cc:525:parse_blif$24946.genblk1.genblk1.genblk1.genblk1.genblk1.lut1 (4 -> 1)
  Optimizing lut $abc$23719$auto$blifparse.cc:525:parse_blif$24986.genblk1.genblk1.genblk1.genblk1.genblk1.lut1 (4 -> 1)
  Optimizing lut $abc$23719$auto$blifparse.cc:525:parse_blif$24946.genblk1.genblk1.genblk1.genblk1.genblk1.lut0 (4 -> 3)
  Optimizing lut $abc$23719$auto$blifparse.cc:525:parse_blif$24947.genblk1.genblk1.genblk1.genblk1.genblk1.lut0 (4 -> 3)
  Optimizing lut $abc$23719$auto$blifparse.cc:525:parse_blif$24948.genblk1.genblk1.genblk1.genblk1.genblk1.lut0 (4 -> 3)
  Optimizing lut $abc$23719$auto$blifparse.cc:525:parse_blif$24949.genblk1.genblk1.genblk1.genblk1.genblk1.lut0 (4 -> 3)
  Optimizing lut $abc$23719$auto$blifparse.cc:525:parse_blif$24950.genblk1.genblk1.genblk1.genblk1.genblk1.lut0 (4 -> 3)
  Optimizing lut $abc$23719$auto$blifparse.cc:525:parse_blif$24951.genblk1.genblk1.genblk1.genblk1.genblk1.lut0 (4 -> 3)
  Optimizing lut $abc$23719$auto$blifparse.cc:525:parse_blif$24952.genblk1.genblk1.genblk1.genblk1.genblk1.lut0 (4 -> 3)
  Optimizing lut $abc$23719$auto$blifparse.cc:525:parse_blif$24953.genblk1.genblk1.genblk1.genblk1.genblk1.lut0 (4 -> 3)
  Optimizing lut $abc$23719$auto$blifparse.cc:525:parse_blif$24954.genblk1.genblk1.genblk1.genblk1.genblk1.lut0 (4 -> 3)
  Optimizing lut $abc$23719$auto$blifparse.cc:525:parse_blif$24955.genblk1.genblk1.genblk1.genblk1.genblk1.lut0 (4 -> 3)
  Optimizing lut $abc$23719$auto$blifparse.cc:525:parse_blif$24956.genblk1.genblk1.genblk1.genblk1.genblk1.lut0 (4 -> 3)
  Optimizing lut $abc$23719$auto$blifparse.cc:525:parse_blif$24957.genblk1.genblk1.genblk1.genblk1.genblk1.lut0 (4 -> 3)
  Optimizing lut $abc$23719$auto$blifparse.cc:525:parse_blif$24958.genblk1.genblk1.genblk1.genblk1.genblk1.lut0 (4 -> 3)
  Optimizing lut $abc$23719$auto$blifparse.cc:525:parse_blif$24959.genblk1.genblk1.genblk1.genblk1.genblk1.lut0 (4 -> 3)
  Optimizing lut $abc$23719$auto$blifparse.cc:525:parse_blif$24960.genblk1.genblk1.genblk1.genblk1.genblk1.lut0 (4 -> 3)
  Optimizing lut $abc$23719$auto$blifparse.cc:525:parse_blif$24961.genblk1.genblk1.genblk1.genblk1.genblk1.lut0 (4 -> 3)
  Optimizing lut $abc$23719$auto$blifparse.cc:525:parse_blif$24962.genblk1.genblk1.genblk1.genblk1.genblk1.lut0 (4 -> 3)
  Optimizing lut $abc$23719$auto$blifparse.cc:525:parse_blif$24963.genblk1.genblk1.genblk1.genblk1.genblk1.lut0 (4 -> 3)
  Optimizing lut $abc$23719$auto$blifparse.cc:525:parse_blif$24964.genblk1.genblk1.genblk1.genblk1.genblk1.lut0 (4 -> 3)
  Optimizing lut $abc$23719$auto$blifparse.cc:525:parse_blif$24965.genblk1.genblk1.genblk1.genblk1.genblk1.lut0 (4 -> 3)
  Optimizing lut $abc$23719$auto$blifparse.cc:525:parse_blif$24966.genblk1.genblk1.genblk1.genblk1.genblk1.lut0 (4 -> 3)
  Optimizing lut $abc$23719$auto$blifparse.cc:525:parse_blif$24967.genblk1.genblk1.genblk1.genblk1.genblk1.lut0 (4 -> 3)
  Optimizing lut $abc$23719$auto$blifparse.cc:525:parse_blif$24968.genblk1.genblk1.genblk1.genblk1.genblk1.lut0 (4 -> 3)
  Optimizing lut $abc$23719$auto$blifparse.cc:525:parse_blif$24969.genblk1.genblk1.genblk1.genblk1.genblk1.lut0 (4 -> 3)
  Optimizing lut $abc$23719$auto$blifparse.cc:525:parse_blif$24970.genblk1.genblk1.genblk1.genblk1.genblk1.lut0 (4 -> 3)
  Optimizing lut $abc$23719$auto$blifparse.cc:525:parse_blif$24971.genblk1.genblk1.genblk1.genblk1.genblk1.lut0 (4 -> 3)
  Optimizing lut $abc$23719$auto$blifparse.cc:525:parse_blif$24972.genblk1.genblk1.genblk1.genblk1.genblk1.lut0 (4 -> 3)
  Optimizing lut $abc$23719$auto$blifparse.cc:525:parse_blif$24973.genblk1.genblk1.genblk1.genblk1.genblk1.lut0 (4 -> 3)
  Optimizing lut $abc$23719$auto$blifparse.cc:525:parse_blif$24974.genblk1.genblk1.genblk1.genblk1.genblk1.lut0 (4 -> 3)
  Optimizing lut $abc$23719$auto$blifparse.cc:525:parse_blif$24975.genblk1.genblk1.genblk1.genblk1.genblk1.lut0 (4 -> 3)
  Optimizing lut $abc$23719$auto$blifparse.cc:525:parse_blif$24957.genblk1.genblk1.genblk1.genblk1.genblk1.lut1 (4 -> 1)
  Optimizing lut $abc$23719$auto$blifparse.cc:525:parse_blif$24956.genblk1.genblk1.genblk1.genblk1.genblk1.lut1 (4 -> 1)
  Optimizing lut $abc$23719$auto$blifparse.cc:525:parse_blif$24974.genblk1.genblk1.genblk1.genblk1.genblk1.lut1 (4 -> 1)
  Optimizing lut $abc$23719$auto$blifparse.cc:525:parse_blif$24980.genblk1.genblk1.genblk1.genblk1.genblk1.lut0 (4 -> 3)
  Optimizing lut $abc$23719$auto$blifparse.cc:525:parse_blif$24967.genblk1.genblk1.genblk1.genblk1.genblk1.lut1 (4 -> 1)
  Optimizing lut $abc$23719$auto$blifparse.cc:525:parse_blif$24983.genblk1.genblk1.genblk1.genblk1.genblk1.lut0 (4 -> 3)
  Optimizing lut $abc$23719$auto$blifparse.cc:525:parse_blif$24986.genblk1.genblk1.genblk1.genblk1.genblk1.lut0 (4 -> 3)
  Optimizing lut $abc$23719$auto$blifparse.cc:525:parse_blif$24987.genblk1.genblk1.genblk1.genblk1.genblk1.lut0 (4 -> 3)
  Optimizing lut $abc$23719$auto$blifparse.cc:525:parse_blif$24988.genblk1.genblk1.genblk1.genblk1.genblk1.lut0 (4 -> 3)
  Optimizing lut $abc$23719$auto$blifparse.cc:525:parse_blif$24989.genblk1.genblk1.genblk1.genblk1.genblk1.lut0 (4 -> 3)
  Optimizing lut $abc$23719$auto$blifparse.cc:525:parse_blif$24990.genblk1.genblk1.genblk1.genblk1.genblk1.lut0 (4 -> 3)
  Optimizing lut $abc$23719$auto$blifparse.cc:525:parse_blif$24991.genblk1.genblk1.genblk1.genblk1.genblk1.lut0 (4 -> 3)
  Optimizing lut $abc$23719$auto$blifparse.cc:525:parse_blif$24992.genblk1.genblk1.genblk1.genblk1.genblk1.lut0 (4 -> 3)
  Optimizing lut $abc$23719$auto$blifparse.cc:525:parse_blif$24993.genblk1.genblk1.genblk1.genblk1.genblk1.lut0 (4 -> 3)
  Optimizing lut $abc$23719$auto$blifparse.cc:525:parse_blif$24994.genblk1.genblk1.genblk1.genblk1.genblk1.lut0 (4 -> 3)
  Optimizing lut $abc$23719$auto$blifparse.cc:525:parse_blif$24995.genblk1.genblk1.genblk1.genblk1.genblk1.lut0 (4 -> 3)
  Optimizing lut $abc$23719$auto$blifparse.cc:525:parse_blif$24996.genblk1.genblk1.genblk1.genblk1.genblk1.lut0 (4 -> 3)
  Optimizing lut $abc$23719$auto$blifparse.cc:525:parse_blif$24997.genblk1.genblk1.genblk1.genblk1.genblk1.lut0 (4 -> 3)
  Optimizing lut $abc$23719$auto$blifparse.cc:525:parse_blif$24998.genblk1.genblk1.genblk1.genblk1.genblk1.lut0 (4 -> 3)
  Optimizing lut $abc$23719$auto$blifparse.cc:525:parse_blif$24999.genblk1.genblk1.genblk1.genblk1.genblk1.lut0 (4 -> 3)
  Optimizing lut $abc$23719$auto$blifparse.cc:525:parse_blif$25000.genblk1.genblk1.genblk1.genblk1.genblk1.lut0 (4 -> 3)
  Optimizing lut $abc$23719$auto$blifparse.cc:525:parse_blif$25001.genblk1.genblk1.genblk1.genblk1.genblk1.lut0 (4 -> 3)
  Optimizing lut $abc$23719$auto$blifparse.cc:525:parse_blif$25002.genblk1.genblk1.genblk1.genblk1.genblk1.lut0 (4 -> 3)
  Optimizing lut $abc$23719$auto$blifparse.cc:525:parse_blif$25003.genblk1.genblk1.genblk1.genblk1.genblk1.lut0 (4 -> 3)
  Optimizing lut $abc$23719$auto$blifparse.cc:525:parse_blif$25004.genblk1.genblk1.genblk1.genblk1.genblk1.lut0 (4 -> 3)
  Optimizing lut $abc$23719$auto$blifparse.cc:525:parse_blif$25005.genblk1.genblk1.genblk1.genblk1.genblk1.lut0 (4 -> 3)
  Optimizing lut $abc$23719$auto$blifparse.cc:525:parse_blif$25006.genblk1.genblk1.genblk1.genblk1.genblk1.lut0 (4 -> 3)
  Optimizing lut $abc$23719$auto$blifparse.cc:525:parse_blif$25007.genblk1.genblk1.genblk1.genblk1.genblk1.lut0 (4 -> 3)
  Optimizing lut $abc$23719$auto$blifparse.cc:525:parse_blif$25004.genblk1.genblk1.genblk1.genblk1.genblk1.lut1 (4 -> 1)
  Optimizing lut $abc$23719$auto$blifparse.cc:525:parse_blif$25212.genblk1.genblk1.genblk1.genblk1.genblk1.genblk1.lut1 (4 -> 1)
  Optimizing lut $abc$23719$auto$blifparse.cc:525:parse_blif$25003.genblk1.genblk1.genblk1.genblk1.genblk1.lut1 (4 -> 1)
  Optimizing lut $abc$23719$auto$blifparse.cc:525:parse_blif$24953.genblk1.genblk1.genblk1.genblk1.genblk1.lut1 (4 -> 1)
  Optimizing lut $abc$23719$auto$blifparse.cc:525:parse_blif$24990.genblk1.genblk1.genblk1.genblk1.genblk1.lut1 (4 -> 1)
  Optimizing lut $abc$23719$auto$blifparse.cc:525:parse_blif$25006.genblk1.genblk1.genblk1.genblk1.genblk1.lut1 (4 -> 1)
  Optimizing lut $abc$23719$auto$blifparse.cc:525:parse_blif$24954.genblk1.genblk1.genblk1.genblk1.genblk1.lut1 (4 -> 1)
  Optimizing lut $abc$23719$auto$blifparse.cc:525:parse_blif$25007.genblk1.genblk1.genblk1.genblk1.genblk1.lut1 (4 -> 1)
  Optimizing lut $abc$23719$auto$blifparse.cc:525:parse_blif$24999.genblk1.genblk1.genblk1.genblk1.genblk1.lut1 (4 -> 1)
  Optimizing lut $abc$23719$auto$blifparse.cc:525:parse_blif$25002.genblk1.genblk1.genblk1.genblk1.genblk1.lut1 (4 -> 1)
  Optimizing lut $abc$23719$auto$blifparse.cc:525:parse_blif$24365.genblk1.genblk1.genblk1.genblk1.genblk1.genblk1.lut1 (4 -> 1)
  Optimizing lut $abc$23719$auto$blifparse.cc:525:parse_blif$25079.genblk1.genblk1.genblk1.genblk1.genblk1.lut1 (4 -> 3)
  Optimizing lut $abc$23719$auto$blifparse.cc:525:parse_blif$25164.genblk1.genblk1.genblk1.genblk1.genblk1.genblk1.lut1 (4 -> 1)
  Optimizing lut $abc$23719$auto$blifparse.cc:525:parse_blif$24987.genblk1.genblk1.genblk1.genblk1.genblk1.lut1 (4 -> 1)
  Optimizing lut $abc$23719$auto$blifparse.cc:525:parse_blif$25155.genblk1.genblk1.genblk1.genblk1.genblk1.lut1 (4 -> 0)
  Optimizing lut $abc$23719$auto$blifparse.cc:525:parse_blif$25348.genblk1.genblk1.genblk1.genblk1.genblk1.lut1 (4 -> 0)
  Optimizing lut $abc$23719$auto$blifparse.cc:525:parse_blif$23850.genblk1.genblk1.genblk1.genblk1.genblk1.genblk1.lut1 (4 -> 0)
  Optimizing lut $abc$23719$auto$blifparse.cc:525:parse_blif$25078.genblk1.genblk1.genblk1.genblk1.genblk1.lut1 (4 -> 3)
  Optimizing lut $abc$23719$auto$blifparse.cc:525:parse_blif$25000.genblk1.genblk1.genblk1.genblk1.genblk1.lut1 (4 -> 1)
  Optimizing lut $abc$23719$auto$blifparse.cc:525:parse_blif$24847.genblk1.genblk1.genblk1.genblk1.genblk1.lut1 (4 -> 2)
  Optimizing lut $abc$23719$auto$blifparse.cc:525:parse_blif$25071.genblk1.genblk1.genblk1.genblk1.genblk1.lut0 (4 -> 3)
  Optimizing lut $abc$23719$auto$blifparse.cc:525:parse_blif$25072.genblk1.genblk1.genblk1.genblk1.genblk1.lut0 (4 -> 3)
  Optimizing lut $abc$23719$auto$blifparse.cc:525:parse_blif$25073.genblk1.genblk1.genblk1.genblk1.genblk1.lut0 (4 -> 3)
  Optimizing lut $abc$23719$auto$blifparse.cc:525:parse_blif$25074.genblk1.genblk1.genblk1.genblk1.genblk1.lut0 (4 -> 3)
  Optimizing lut $abc$23719$auto$blifparse.cc:525:parse_blif$25075.genblk1.genblk1.genblk1.genblk1.genblk1.lut0 (4 -> 3)
  Optimizing lut $abc$23719$auto$blifparse.cc:525:parse_blif$25076.genblk1.genblk1.genblk1.genblk1.genblk1.lut0 (4 -> 3)
  Optimizing lut $abc$23719$auto$blifparse.cc:525:parse_blif$25077.genblk1.genblk1.genblk1.genblk1.genblk1.lut0 (4 -> 3)
  Optimizing lut $abc$23719$auto$blifparse.cc:525:parse_blif$25078.genblk1.genblk1.genblk1.genblk1.genblk1.lut0 (4 -> 3)
  Optimizing lut $abc$23719$auto$blifparse.cc:525:parse_blif$25079.genblk1.genblk1.genblk1.genblk1.genblk1.lut0 (4 -> 3)
  Optimizing lut $abc$23719$auto$blifparse.cc:525:parse_blif$25080.genblk1.genblk1.genblk1.genblk1.genblk1.lut0 (4 -> 3)
  Optimizing lut $abc$23719$auto$blifparse.cc:525:parse_blif$25081.genblk1.genblk1.genblk1.genblk1.genblk1.lut0 (4 -> 3)
  Optimizing lut $abc$23719$auto$blifparse.cc:525:parse_blif$25082.genblk1.genblk1.genblk1.genblk1.genblk1.lut0 (4 -> 3)
  Optimizing lut $abc$23719$auto$blifparse.cc:525:parse_blif$25083.genblk1.genblk1.genblk1.genblk1.genblk1.lut0 (4 -> 3)
  Optimizing lut $abc$23719$auto$blifparse.cc:525:parse_blif$25088.genblk1.genblk1.genblk1.genblk1.genblk1.genblk1.genblk1.lut0 (4 -> 0)
  Optimizing lut $abc$23719$auto$blifparse.cc:525:parse_blif$25101.genblk1.genblk1.genblk1.genblk1.genblk1.genblk1.genblk1.lut1 (4 -> 0)
  Optimizing lut $abc$23719$auto$blifparse.cc:525:parse_blif$25101.genblk1.genblk1.genblk1.genblk1.genblk1.genblk1.genblk1.lut0 (4 -> 0)
  Optimizing lut $abc$23719$auto$blifparse.cc:525:parse_blif$25104.genblk1.genblk1.genblk1.genblk1.genblk1.genblk1.lut0 (4 -> 1)
  Optimizing lut $abc$23719$auto$blifparse.cc:525:parse_blif$25106.genblk1.genblk1.genblk1.genblk1.genblk1.lut1 (4 -> 0)
  Optimizing lut $abc$23719$auto$blifparse.cc:525:parse_blif$23862.genblk1.genblk1.genblk1.genblk1.genblk1.genblk1.lut1 (4 -> 0)
  Optimizing lut $abc$23719$auto$blifparse.cc:525:parse_blif$25118.genblk1.genblk1.genblk1.genblk1.genblk1.genblk1.lut0 (4 -> 1)
  Optimizing lut $abc$23719$auto$blifparse.cc:525:parse_blif$24958.genblk1.genblk1.genblk1.genblk1.genblk1.lut1 (4 -> 1)
  Optimizing lut $abc$23719$auto$blifparse.cc:525:parse_blif$24969.genblk1.genblk1.genblk1.genblk1.genblk1.lut1 (4 -> 1)
  Optimizing lut $abc$23719$auto$blifparse.cc:525:parse_blif$24997.genblk1.genblk1.genblk1.genblk1.genblk1.lut1 (4 -> 1)
  Optimizing lut $abc$23719$auto$blifparse.cc:525:parse_blif$24951.genblk1.genblk1.genblk1.genblk1.genblk1.lut1 (4 -> 1)
  Optimizing lut $abc$23719$auto$blifparse.cc:525:parse_blif$25351.genblk1.genblk1.genblk1.genblk1.genblk1.lut1 (4 -> 0)
  Optimizing lut $abc$23719$auto$blifparse.cc:525:parse_blif$25130.genblk1.genblk1.genblk1.genblk1.genblk1.genblk1.lut0 (4 -> 1)
  Optimizing lut $abc$23719$auto$blifparse.cc:525:parse_blif$25128.genblk1.genblk1.genblk1.genblk1.genblk1.lut1 (4 -> 0)
  Optimizing lut $abc$23719$auto$blifparse.cc:525:parse_blif$24983.genblk1.genblk1.genblk1.genblk1.genblk1.lut1 (4 -> 3)
  Optimizing lut $abc$23719$auto$blifparse.cc:525:parse_blif$25248.genblk1.genblk1.genblk1.genblk1.genblk1.genblk1.lut1 (4 -> 1)
  Optimizing lut $abc$23719$auto$blifparse.cc:525:parse_blif$25142.genblk1.genblk1.genblk1.genblk1.genblk1.genblk1.lut0 (4 -> 1)
  Optimizing lut $abc$23719$auto$blifparse.cc:525:parse_blif$24228.genblk1.genblk1.genblk1.genblk1.genblk1.lut1 (4 -> 3)
  Optimizing lut $abc$23719$auto$blifparse.cc:525:parse_blif$25153.genblk1.genblk1.genblk1.genblk1.genblk1.genblk1.lut0 (4 -> 1)
  Optimizing lut $abc$23719$auto$blifparse.cc:525:parse_blif$24959.genblk1.genblk1.genblk1.genblk1.genblk1.lut1 (4 -> 1)
  Optimizing lut $abc$23719$auto$blifparse.cc:525:parse_blif$25164.genblk1.genblk1.genblk1.genblk1.genblk1.genblk1.lut0 (4 -> 1)
  Optimizing lut $abc$23719$auto$blifparse.cc:525:parse_blif$24229.genblk1.genblk1.genblk1.genblk1.genblk1.lut1 (4 -> 3)
  Optimizing lut $abc$23719$auto$blifparse.cc:525:parse_blif$24973.genblk1.genblk1.genblk1.genblk1.genblk1.lut1 (4 -> 1)
  Optimizing lut $abc$23719$auto$blifparse.cc:525:parse_blif$24361.genblk1.genblk1.genblk1.genblk1.genblk1.genblk1.lut1 (4 -> 1)
  Optimizing lut $abc$23719$auto$blifparse.cc:525:parse_blif$25175.genblk1.genblk1.genblk1.genblk1.genblk1.lut0 (4 -> 0)
  Optimizing lut $abc$23719$auto$blifparse.cc:525:parse_blif$25181.genblk1.genblk1.genblk1.genblk1.genblk1.genblk1.lut0 (4 -> 1)
  Optimizing lut $abc$23719$auto$blifparse.cc:525:parse_blif$24961.genblk1.genblk1.genblk1.genblk1.genblk1.lut1 (4 -> 1)
  Optimizing lut $abc$23719$auto$blifparse.cc:525:parse_blif$25181.genblk1.genblk1.genblk1.genblk1.genblk1.genblk1.lut1 (4 -> 3)
  Optimizing lut $abc$23719$auto$blifparse.cc:525:parse_blif$25177.genblk1.genblk1.genblk1.genblk1.genblk1.lut1 (4 -> 0)
  Optimizing lut $abc$23719$auto$blifparse.cc:525:parse_blif$25185.genblk1.genblk1.genblk1.genblk1.genblk1.genblk1.lut0 (4 -> 1)
  Optimizing lut $abc$23719$auto$blifparse.cc:525:parse_blif$24230.genblk1.genblk1.genblk1.genblk1.genblk1.lut1 (4 -> 3)
  Optimizing lut $abc$23719$auto$blifparse.cc:525:parse_blif$23856.genblk1.genblk1.genblk1.genblk1.genblk1.genblk1.lut1 (4 -> 0)
  Optimizing lut $abc$23719$auto$blifparse.cc:525:parse_blif$25194.genblk1.genblk1.genblk1.genblk1.genblk1.genblk1.lut0 (4 -> 1)
  Optimizing lut $abc$23719$auto$blifparse.cc:525:parse_blif$25199.genblk1.genblk1.genblk1.genblk1.genblk1.lut1 (4 -> 0)
  Optimizing lut $abc$23719$auto$blifparse.cc:525:parse_blif$25203.genblk1.genblk1.genblk1.genblk1.genblk1.genblk1.lut0 (4 -> 1)
  Optimizing lut $abc$23719$auto$blifparse.cc:525:parse_blif$25120.genblk1.genblk1.genblk1.genblk1.genblk1.lut1 (4 -> 0)
  Optimizing lut $abc$23719$auto$blifparse.cc:525:parse_blif$25205.genblk1.genblk1.genblk1.genblk1.genblk1.lut1 (4 -> 0)
  Optimizing lut $abc$23719$auto$blifparse.cc:525:parse_blif$25212.genblk1.genblk1.genblk1.genblk1.genblk1.genblk1.lut0 (4 -> 1)
  Optimizing lut $abc$23719$auto$blifparse.cc:525:parse_blif$25214.genblk1.genblk1.genblk1.genblk1.genblk1.lut1 (4 -> 0)
  Optimizing lut $abc$23719$auto$blifparse.cc:525:parse_blif$25074.genblk1.genblk1.genblk1.genblk1.genblk1.lut1 (4 -> 3)
  Optimizing lut $abc$23719$auto$blifparse.cc:525:parse_blif$25221.genblk1.genblk1.genblk1.genblk1.genblk1.genblk1.lut0 (4 -> 1)
  Optimizing lut $abc$23719$auto$blifparse.cc:525:parse_blif$25088.genblk1.genblk1.genblk1.genblk1.genblk1.genblk1.genblk1.lut1 (4 -> 0)
  Optimizing lut $abc$23719$auto$blifparse.cc:525:parse_blif$25226.genblk1.genblk1.genblk1.genblk1.genblk1.lut0 (4 -> 0)
  Optimizing lut $abc$23719$auto$blifparse.cc:525:parse_blif$25227.genblk1.genblk1.genblk1.genblk1.genblk1.genblk1.lut0 (4 -> 3)
  Optimizing lut $abc$23719$auto$blifparse.cc:525:parse_blif$25230.genblk1.genblk1.genblk1.genblk1.genblk1.genblk1.lut0 (4 -> 1)
  Optimizing lut $abc$23719$auto$blifparse.cc:525:parse_blif$25239.genblk1.genblk1.genblk1.genblk1.genblk1.genblk1.lut1 (4 -> 1)
  Optimizing lut $abc$23719$auto$blifparse.cc:525:parse_blif$25237.genblk1.genblk1.genblk1.genblk1.genblk1.lut0 (4 -> 0)
  Optimizing lut $abc$23719$auto$blifparse.cc:525:parse_blif$25241.genblk1.genblk1.genblk1.genblk1.genblk1.lut1 (4 -> 0)
  Optimizing lut $abc$23719$auto$blifparse.cc:525:parse_blif$25239.genblk1.genblk1.genblk1.genblk1.genblk1.genblk1.lut0 (4 -> 1)
  Optimizing lut $abc$23719$auto$blifparse.cc:525:parse_blif$25244.genblk1.genblk1.genblk1.genblk1.genblk1.lut0 (4 -> 0)
  Optimizing lut $abc$23719$auto$blifparse.cc:525:parse_blif$25245.genblk1.genblk1.genblk1.genblk1.genblk1.genblk1.lut0 (4 -> 3)
  Optimizing lut $abc$23719$auto$blifparse.cc:525:parse_blif$25248.genblk1.genblk1.genblk1.genblk1.genblk1.genblk1.lut0 (4 -> 1)
  Optimizing lut $abc$23719$auto$blifparse.cc:525:parse_blif$25076.genblk1.genblk1.genblk1.genblk1.genblk1.lut1 (4 -> 3)
  Optimizing lut $abc$23719$auto$blifparse.cc:525:parse_blif$25251.genblk1.genblk1.genblk1.genblk1.genblk1.lut1 (4 -> 0)
  Optimizing lut $abc$23719$auto$blifparse.cc:525:parse_blif$25256.genblk1.genblk1.genblk1.genblk1.genblk1.lut0 (4 -> 0)
  Optimizing lut $abc$23719$auto$blifparse.cc:525:parse_blif$25261.genblk1.genblk1.genblk1.genblk1.genblk1.genblk1.lut1 (4 -> 0)
  Optimizing lut $abc$23719$auto$blifparse.cc:525:parse_blif$25261.genblk1.genblk1.genblk1.genblk1.genblk1.genblk1.lut0 (4 -> 0)
  Optimizing lut $abc$23719$auto$blifparse.cc:525:parse_blif$25265.genblk1.genblk1.genblk1.genblk1.genblk1.genblk1.lut1 (4 -> 3)
  Optimizing lut $abc$23719$auto$blifparse.cc:525:parse_blif$25055.genblk1.genblk1.genblk1.genblk1.genblk1.lut1 (4 -> 0)
  Optimizing lut $abc$23719$auto$blifparse.cc:525:parse_blif$25265.genblk1.genblk1.genblk1.genblk1.genblk1.genblk1.lut0 (4 -> 3)
  Optimizing lut $abc$23719$auto$blifparse.cc:525:parse_blif$25266.genblk1.genblk1.genblk1.genblk1.genblk1.genblk1.lut0 (4 -> 1)
  Optimizing lut $abc$23719$auto$blifparse.cc:525:parse_blif$25271.genblk1.genblk1.genblk1.genblk1.genblk1.lut0 (4 -> 0)
  Optimizing lut $abc$23719$auto$blifparse.cc:525:parse_blif$25268.genblk1.genblk1.genblk1.genblk1.genblk1.lut1 (4 -> 0)
  Optimizing lut $abc$23719$auto$blifparse.cc:525:parse_blif$25274.genblk1.genblk1.genblk1.genblk1.genblk1.genblk1.lut0 (4 -> 1)
  Optimizing lut $abc$23719$auto$blifparse.cc:525:parse_blif$25279.genblk1.genblk1.genblk1.genblk1.genblk1.lut0 (4 -> 0)
  Optimizing lut $abc$23719$auto$blifparse.cc:525:parse_blif$25276.genblk1.genblk1.genblk1.genblk1.genblk1.lut1 (4 -> 0)
  Optimizing lut $abc$23719$auto$blifparse.cc:525:parse_blif$25282.genblk1.genblk1.genblk1.genblk1.genblk1.genblk1.lut0 (4 -> 1)
  Optimizing lut $abc$23719$auto$blifparse.cc:525:parse_blif$25287.genblk1.genblk1.genblk1.genblk1.genblk1.lut0 (4 -> 0)
  Optimizing lut $abc$23719$auto$blifparse.cc:525:parse_blif$25290.genblk1.genblk1.genblk1.genblk1.genblk1.genblk1.lut0 (4 -> 1)
  Optimizing lut $abc$23719$auto$blifparse.cc:525:parse_blif$25295.genblk1.genblk1.genblk1.genblk1.genblk1.lut0 (4 -> 0)
  Optimizing lut $abc$23719$auto$blifparse.cc:525:parse_blif$25298.genblk1.genblk1.genblk1.genblk1.genblk1.genblk1.lut0 (4 -> 1)
  Optimizing lut $abc$23719$auto$blifparse.cc:525:parse_blif$25300.genblk1.genblk1.genblk1.genblk1.genblk1.lut1 (4 -> 0)
  Optimizing lut $abc$23719$auto$blifparse.cc:525:parse_blif$25303.genblk1.genblk1.genblk1.genblk1.genblk1.lut0 (4 -> 0)
  Optimizing lut $abc$23719$auto$blifparse.cc:525:parse_blif$26197.genblk1.genblk1.genblk1.genblk1.genblk1.lut1 (4 -> 1)
  Optimizing lut $abc$23719$auto$blifparse.cc:525:parse_blif$25306.genblk1.genblk1.genblk1.genblk1.genblk1.genblk1.lut0 (4 -> 1)
  Optimizing lut $abc$23719$auto$blifparse.cc:525:parse_blif$25314.genblk1.genblk1.genblk1.genblk1.genblk1.genblk1.lut1 (4 -> 1)
  Optimizing lut $abc$23719$auto$blifparse.cc:525:parse_blif$25311.genblk1.genblk1.genblk1.genblk1.genblk1.lut0 (4 -> 0)
  Optimizing lut $abc$23719$auto$blifparse.cc:525:parse_blif$26203.genblk1.genblk1.genblk1.genblk1.genblk1.lut1 (4 -> 1)
  Optimizing lut $abc$23719$auto$blifparse.cc:525:parse_blif$25314.genblk1.genblk1.genblk1.genblk1.genblk1.genblk1.lut0 (4 -> 1)
  Optimizing lut $abc$23719$auto$blifparse.cc:525:parse_blif$25319.genblk1.genblk1.genblk1.genblk1.genblk1.lut0 (4 -> 0)
  Optimizing lut $abc$23719$auto$blifparse.cc:525:parse_blif$24943.genblk1.genblk1.genblk1.genblk1.genblk1.lut1 (4 -> 0)
  Optimizing lut $abc$23719$auto$blifparse.cc:525:parse_blif$25322.genblk1.genblk1.genblk1.genblk1.genblk1.lut0 (4 -> 0)
  Optimizing lut $abc$23719$auto$blifparse.cc:525:parse_blif$25330.genblk1.genblk1.genblk1.genblk1.genblk1.lut0 (4 -> 0)
  Optimizing lut $abc$23719$auto$blifparse.cc:525:parse_blif$25338.genblk1.genblk1.genblk1.genblk1.genblk1.lut0 (4 -> 0)
  Optimizing lut $abc$23719$auto$blifparse.cc:525:parse_blif$24238.genblk1.genblk1.genblk1.genblk1.genblk1.lut1 (4 -> 3)
  Optimizing lut $abc$23719$auto$blifparse.cc:525:parse_blif$25346.genblk1.genblk1.genblk1.genblk1.genblk1.lut0 (4 -> 0)
  Optimizing lut $abc$23719$auto$blifparse.cc:525:parse_blif$25082.genblk1.genblk1.genblk1.genblk1.genblk1.lut1 (4 -> 3)
  Optimizing lut $abc$23719$auto$blifparse.cc:525:parse_blif$25153.genblk1.genblk1.genblk1.genblk1.genblk1.genblk1.lut1 (4 -> 1)
  Optimizing lut $abc$23719$auto$blifparse.cc:525:parse_blif$25354.genblk1.genblk1.genblk1.genblk1.genblk1.lut0 (4 -> 0)
  Optimizing lut $abc$23719$auto$blifparse.cc:525:parse_blif$25362.genblk1.genblk1.genblk1.genblk1.genblk1.lut0 (4 -> 0)
  Optimizing lut $abc$23719$auto$blifparse.cc:525:parse_blif$25083.genblk1.genblk1.genblk1.genblk1.genblk1.lut1 (4 -> 3)
  Optimizing lut $abc$23719$auto$blifparse.cc:525:parse_blif$25364.genblk1.genblk1.genblk1.genblk1.genblk1.lut1 (4 -> 0)
  Optimizing lut $abc$23719$auto$blifparse.cc:525:parse_blif$25370.genblk1.genblk1.genblk1.genblk1.genblk1.lut0 (4 -> 0)
  Optimizing lut $abc$23719$auto$blifparse.cc:525:parse_blif$25372.genblk1.genblk1.genblk1.genblk1.genblk1.lut1 (4 -> 0)
  Optimizing lut $abc$23719$auto$blifparse.cc:525:parse_blif$25382.genblk1.genblk1.genblk1.genblk1.genblk1.lut1 (4 -> 0)
  Optimizing lut $abc$23719$auto$blifparse.cc:525:parse_blif$25380.genblk1.genblk1.genblk1.genblk1.genblk1.lut0 (4 -> 0)
  Optimizing lut $abc$23719$auto$blifparse.cc:525:parse_blif$25282.genblk1.genblk1.genblk1.genblk1.genblk1.genblk1.lut1 (4 -> 1)
  Optimizing lut $abc$23719$auto$blifparse.cc:525:parse_blif$25400.genblk1.genblk1.genblk1.genblk1.genblk1.lut0 (4 -> 3)
  Optimizing lut $abc$23719$auto$blifparse.cc:525:parse_blif$25400.genblk1.genblk1.genblk1.genblk1.genblk1.lut1 (4 -> 3)
  Optimizing lut $abc$23719$auto$blifparse.cc:525:parse_blif$25408.genblk1.genblk1.genblk1.genblk1.genblk1.lut1 (4 -> 3)
  Optimizing lut $abc$23719$auto$blifparse.cc:525:parse_blif$25407.genblk1.genblk1.genblk1.genblk1.genblk1.lut0 (4 -> 2)
  Optimizing lut $abc$23719$auto$blifparse.cc:525:parse_blif$25408.genblk1.genblk1.genblk1.genblk1.genblk1.lut0 (4 -> 2)
  Optimizing lut $abc$23719$auto$blifparse.cc:525:parse_blif$25409.genblk1.genblk1.genblk1.genblk1.genblk1.lut0 (4 -> 2)
  Optimizing lut $abc$23719$auto$blifparse.cc:525:parse_blif$25416.genblk1.genblk1.genblk1.genblk1.genblk1.lut0 (4 -> 0)
  Optimizing lut $abc$23719$auto$blifparse.cc:525:parse_blif$25420.genblk1.genblk1.genblk1.genblk1.genblk1.lut0 (4 -> 0)
  Optimizing lut $abc$23719$auto$blifparse.cc:525:parse_blif$25424.genblk1.genblk1.genblk1.genblk1.genblk1.lut0 (4 -> 3)
  Optimizing lut $abc$23719$auto$blifparse.cc:525:parse_blif$25298.genblk1.genblk1.genblk1.genblk1.genblk1.genblk1.lut1 (4 -> 1)
  Optimizing lut $abc$23719$auto$blifparse.cc:525:parse_blif$25290.genblk1.genblk1.genblk1.genblk1.genblk1.genblk1.lut1 (4 -> 1)
  Optimizing lut $abc$23719$auto$blifparse.cc:525:parse_blif$25356.genblk1.genblk1.genblk1.genblk1.genblk1.lut1 (4 -> 0)
  Optimizing lut $abc$23719$auto$blifparse.cc:525:parse_blif$25367.genblk1.genblk1.genblk1.genblk1.genblk1.lut1 (4 -> 0)
  Optimizing lut $abc$23719$auto$blifparse.cc:525:parse_blif$25469.genblk1.genblk1.genblk1.genblk1.genblk1.lut0 (4 -> 3)
  Optimizing lut $abc$23719$auto$blifparse.cc:525:parse_blif$25472.genblk1.genblk1.genblk1.genblk1.genblk1.lut0 (4 -> 3)
  Optimizing lut $abc$23719$auto$blifparse.cc:525:parse_blif$25493.genblk1.genblk1.genblk1.genblk1.genblk1.lut1 (4 -> 1)
  Optimizing lut $abc$23719$auto$blifparse.cc:525:parse_blif$25474.genblk1.genblk1.genblk1.genblk1.genblk1.lut0 (4 -> 3)
  Optimizing lut $abc$23719$auto$blifparse.cc:525:parse_blif$25469.genblk1.genblk1.genblk1.genblk1.genblk1.lut1 (4 -> 1)
  Optimizing lut $abc$23719$auto$blifparse.cc:525:parse_blif$25476.genblk1.genblk1.genblk1.genblk1.genblk1.lut0 (4 -> 3)
  Optimizing lut $abc$23719$auto$blifparse.cc:525:parse_blif$25476.genblk1.genblk1.genblk1.genblk1.genblk1.lut1 (4 -> 1)
  Optimizing lut $abc$23719$auto$blifparse.cc:525:parse_blif$25479.genblk1.genblk1.genblk1.genblk1.genblk1.lut0 (4 -> 3)
  Optimizing lut $abc$23719$auto$blifparse.cc:525:parse_blif$25481.genblk1.genblk1.genblk1.genblk1.genblk1.lut0 (4 -> 3)
  Optimizing lut $abc$23719$auto$blifparse.cc:525:parse_blif$25483.genblk1.genblk1.genblk1.genblk1.genblk1.lut1 (4 -> 1)
  Optimizing lut $abc$23719$auto$blifparse.cc:525:parse_blif$25483.genblk1.genblk1.genblk1.genblk1.genblk1.lut0 (4 -> 3)
  Optimizing lut $abc$23719$auto$blifparse.cc:525:parse_blif$25481.genblk1.genblk1.genblk1.genblk1.genblk1.lut1 (4 -> 1)
  Optimizing lut $abc$23719$auto$blifparse.cc:525:parse_blif$25486.genblk1.genblk1.genblk1.genblk1.genblk1.lut0 (4 -> 3)
  Optimizing lut $abc$23719$auto$blifparse.cc:525:parse_blif$25502.genblk1.genblk1.genblk1.genblk1.genblk1.lut1 (4 -> 1)
  Optimizing lut $abc$23719$auto$blifparse.cc:525:parse_blif$25488.genblk1.genblk1.genblk1.genblk1.genblk1.lut0 (4 -> 3)
  Optimizing lut $abc$23719$auto$blifparse.cc:525:parse_blif$25490.genblk1.genblk1.genblk1.genblk1.genblk1.lut0 (4 -> 3)
  Optimizing lut $abc$23719$auto$blifparse.cc:525:parse_blif$25488.genblk1.genblk1.genblk1.genblk1.genblk1.lut1 (4 -> 1)
  Optimizing lut $abc$23719$auto$blifparse.cc:525:parse_blif$25493.genblk1.genblk1.genblk1.genblk1.genblk1.lut0 (4 -> 3)
  Optimizing lut $abc$23719$auto$blifparse.cc:525:parse_blif$25495.genblk1.genblk1.genblk1.genblk1.genblk1.lut0 (4 -> 3)
  Optimizing lut $abc$23719$auto$blifparse.cc:525:parse_blif$25497.genblk1.genblk1.genblk1.genblk1.genblk1.lut0 (4 -> 3)
  Optimizing lut $abc$23719$auto$blifparse.cc:525:parse_blif$25472.genblk1.genblk1.genblk1.genblk1.genblk1.lut1 (4 -> 1)
  Optimizing lut $abc$23719$auto$blifparse.cc:525:parse_blif$25500.genblk1.genblk1.genblk1.genblk1.genblk1.lut0 (4 -> 3)
  Optimizing lut $abc$23719$auto$blifparse.cc:525:parse_blif$25497.genblk1.genblk1.genblk1.genblk1.genblk1.lut1 (4 -> 1)
  Optimizing lut $abc$23719$auto$blifparse.cc:525:parse_blif$25502.genblk1.genblk1.genblk1.genblk1.genblk1.lut0 (4 -> 3)
  Optimizing lut $abc$23719$auto$blifparse.cc:525:parse_blif$25504.genblk1.genblk1.genblk1.genblk1.genblk1.lut0 (4 -> 3)
  Optimizing lut $abc$23719$auto$blifparse.cc:525:parse_blif$25507.genblk1.genblk1.genblk1.genblk1.genblk1.lut0 (4 -> 3)
  Optimizing lut $abc$23719$auto$blifparse.cc:525:parse_blif$25511.genblk1.genblk1.genblk1.genblk1.genblk1.lut1 (4 -> 1)
  Optimizing lut $abc$23719$auto$blifparse.cc:525:parse_blif$25509.genblk1.genblk1.genblk1.genblk1.genblk1.lut0 (4 -> 3)
  Optimizing lut $abc$23719$auto$blifparse.cc:525:parse_blif$25507.genblk1.genblk1.genblk1.genblk1.genblk1.lut1 (4 -> 1)
  Optimizing lut $abc$23719$auto$blifparse.cc:525:parse_blif$25511.genblk1.genblk1.genblk1.genblk1.genblk1.lut0 (4 -> 3)
  Optimizing lut $abc$23719$auto$blifparse.cc:525:parse_blif$25509.genblk1.genblk1.genblk1.genblk1.genblk1.lut1 (4 -> 1)
  Optimizing lut $abc$23719$auto$blifparse.cc:525:parse_blif$25514.genblk1.genblk1.genblk1.genblk1.genblk1.lut0 (4 -> 3)
  Optimizing lut $abc$23719$auto$blifparse.cc:525:parse_blif$25516.genblk1.genblk1.genblk1.genblk1.genblk1.lut0 (4 -> 3)
  Optimizing lut $abc$23719$auto$blifparse.cc:525:parse_blif$25518.genblk1.genblk1.genblk1.genblk1.genblk1.lut0 (4 -> 3)
  Optimizing lut $abc$23719$auto$blifparse.cc:525:parse_blif$25521.genblk1.genblk1.genblk1.genblk1.genblk1.lut0 (4 -> 3)
  Optimizing lut $abc$23719$auto$blifparse.cc:525:parse_blif$25524.genblk1.genblk1.genblk1.genblk1.genblk1.lut0 (4 -> 0)
  Optimizing lut $abc$23719$auto$blifparse.cc:525:parse_blif$25521.genblk1.genblk1.genblk1.genblk1.genblk1.lut1 (4 -> 1)
  Optimizing lut $abc$23719$auto$blifparse.cc:525:parse_blif$25581.genblk1.genblk1.genblk1.genblk1.genblk1.lut0 (4 -> 0)
  Optimizing lut $abc$23719$auto$blifparse.cc:525:parse_blif$25585.genblk1.genblk1.genblk1.genblk1.genblk1.lut0 (4 -> 0)
  Optimizing lut $abc$23719$auto$blifparse.cc:525:parse_blif$25597.genblk1.genblk1.genblk1.genblk1.genblk1.lut0 (4 -> 0)
  Optimizing lut $abc$23719$auto$blifparse.cc:525:parse_blif$25605.genblk1.genblk1.genblk1.genblk1.genblk1.lut0 (4 -> 0)
  Optimizing lut $abc$23719$auto$blifparse.cc:525:parse_blif$25610.genblk1.genblk1.genblk1.genblk1.genblk1.lut0 (4 -> 0)
  Optimizing lut $abc$23719$auto$blifparse.cc:525:parse_blif$25185.genblk1.genblk1.genblk1.genblk1.genblk1.genblk1.lut1 (4 -> 1)
  Optimizing lut $abc$23719$auto$blifparse.cc:525:parse_blif$25729.genblk1.genblk1.genblk1.genblk1.genblk1.lut0 (4 -> 0)
  Optimizing lut $abc$23719$auto$blifparse.cc:525:parse_blif$24231.genblk1.genblk1.genblk1.genblk1.genblk1.lut1 (4 -> 3)
  Optimizing lut $abc$23719$auto$blifparse.cc:525:parse_blif$24233.genblk1.genblk1.genblk1.genblk1.genblk1.lut1 (4 -> 3)
  Optimizing lut $abc$23719$auto$blifparse.cc:525:parse_blif$24236.genblk1.genblk1.genblk1.genblk1.genblk1.lut1 (4 -> 3)
  Optimizing lut $abc$23719$auto$blifparse.cc:525:parse_blif$25071.genblk1.genblk1.genblk1.genblk1.genblk1.lut1 (4 -> 3)
  Optimizing lut $abc$23719$auto$blifparse.cc:525:parse_blif$25072.genblk1.genblk1.genblk1.genblk1.genblk1.lut1 (4 -> 3)
  Optimizing lut $abc$23719$auto$blifparse.cc:525:parse_blif$25073.genblk1.genblk1.genblk1.genblk1.genblk1.lut1 (4 -> 3)
  Optimizing lut $abc$23719$auto$blifparse.cc:525:parse_blif$25077.genblk1.genblk1.genblk1.genblk1.genblk1.lut1 (4 -> 3)
  Optimizing lut $abc$23719$auto$blifparse.cc:525:parse_blif$25080.genblk1.genblk1.genblk1.genblk1.genblk1.lut1 (4 -> 3)
  Optimizing lut $abc$23719$auto$blifparse.cc:525:parse_blif$25081.genblk1.genblk1.genblk1.genblk1.genblk1.lut1 (4 -> 3)
  Optimizing lut $abc$23719$auto$blifparse.cc:525:parse_blif$25490.genblk1.genblk1.genblk1.genblk1.genblk1.lut1 (4 -> 1)
  Optimizing lut $abc$23719$auto$blifparse.cc:525:parse_blif$23838.genblk1.genblk1.genblk1.genblk1.genblk1.genblk1.lut1 (4 -> 0)
  Optimizing lut $abc$23719$auto$blifparse.cc:525:parse_blif$26201.genblk1.genblk1.genblk1.genblk1.genblk1.lut1 (4 -> 1)
  Optimizing lut $abc$23719$auto$blifparse.cc:525:parse_blif$26199.genblk1.genblk1.genblk1.genblk1.genblk1.lut1 (4 -> 1)
  Optimizing lut $abc$23719$auto$blifparse.cc:525:parse_blif$26204.genblk1.genblk1.genblk1.genblk1.genblk1.lut1 (4 -> 1)
  Optimizing lut $abc$23719$auto$blifparse.cc:525:parse_blif$26198.genblk1.genblk1.genblk1.genblk1.genblk1.lut1 (4 -> 1)
  Optimizing lut $abc$23719$auto$blifparse.cc:525:parse_blif$25306.genblk1.genblk1.genblk1.genblk1.genblk1.genblk1.lut1 (4 -> 1)
  Optimizing lut $abc$23719$auto$blifparse.cc:525:parse_blif$26196.genblk1.genblk1.genblk1.genblk1.genblk1.lut1 (4 -> 1)
  Optimizing lut $abc$23719$auto$blifparse.cc:525:parse_blif$25274.genblk1.genblk1.genblk1.genblk1.genblk1.genblk1.lut1 (4 -> 1)
  Optimizing lut $abc$23719$auto$blifparse.cc:525:parse_blif$25284.genblk1.genblk1.genblk1.genblk1.genblk1.lut1 (4 -> 0)
  Optimizing lut $abc$23719$auto$blifparse.cc:525:parse_blif$25316.genblk1.genblk1.genblk1.genblk1.genblk1.lut1 (4 -> 0)
  Optimizing lut $abc$23719$auto$blifparse.cc:525:parse_blif$23755.genblk1.genblk1.genblk1.genblk1.genblk1.lut1 (4 -> 1)
  Optimizing lut $abc$23719$auto$blifparse.cc:525:parse_blif$23826.genblk1.genblk1.genblk1.genblk1.genblk1.genblk1.lut1 (4 -> 0)
  Optimizing lut $abc$23719$auto$blifparse.cc:525:parse_blif$23801.genblk1.genblk1.genblk1.genblk1.genblk1.genblk1.lut1 (4 -> 0)
  Optimizing lut $abc$23719$auto$blifparse.cc:525:parse_blif$23820.genblk1.genblk1.genblk1.genblk1.genblk1.genblk1.lut1 (4 -> 0)
  Optimizing lut $abc$23719$auto$blifparse.cc:525:parse_blif$23832.genblk1.genblk1.genblk1.genblk1.genblk1.genblk1.lut1 (4 -> 0)
  Optimizing lut $abc$23719$auto$blifparse.cc:525:parse_blif$26209.genblk1.genblk1.genblk1.genblk1.genblk1.lut1 (4 -> 1)
  Optimizing lut $abc$23719$auto$blifparse.cc:525:parse_blif$26205.genblk1.genblk1.genblk1.genblk1.genblk1.lut1 (4 -> 1)
  Optimizing lut $abc$23719$auto$blifparse.cc:525:parse_blif$25151.genblk1.genblk1.genblk1.genblk1.genblk1.lut1 (4 -> 0)
  Optimizing lut $abc$23719$auto$blifparse.cc:525:parse_blif$24441.genblk1.genblk1.genblk1.genblk1.genblk1.genblk1.lut1 (4 -> 1)
  Optimizing lut $abc$23719$auto$blifparse.cc:525:parse_blif$24421.genblk1.genblk1.genblk1.genblk1.genblk1.genblk1.lut1 (4 -> 1)
  Optimizing lut $abc$23719$auto$blifparse.cc:525:parse_blif$24955.genblk1.genblk1.genblk1.genblk1.genblk1.lut1 (4 -> 1)
  Optimizing lut $abc$23719$auto$blifparse.cc:525:parse_blif$25130.genblk1.genblk1.genblk1.genblk1.genblk1.genblk1.lut1 (4 -> 1)
  Optimizing lut $abc$23719$auto$blifparse.cc:525:parse_blif$25132.genblk1.genblk1.genblk1.genblk1.genblk1.lut1 (4 -> 0)
  Optimizing lut $abc$23719$auto$blifparse.cc:525:parse_blif$24992.genblk1.genblk1.genblk1.genblk1.genblk1.lut1 (4 -> 1)
  Optimizing lut $abc$23719$auto$blifparse.cc:525:parse_blif$25324.genblk1.genblk1.genblk1.genblk1.genblk1.lut1 (4 -> 0)
  Optimizing lut $abc$23719$auto$blifparse.cc:525:parse_blif$25327.genblk1.genblk1.genblk1.genblk1.genblk1.lut1 (4 -> 0)
  Optimizing lut $abc$23719$auto$blifparse.cc:525:parse_blif$24993.genblk1.genblk1.genblk1.genblk1.genblk1.lut1 (4 -> 1)
  Optimizing lut $abc$23719$auto$blifparse.cc:525:parse_blif$26185.genblk1.genblk1.genblk1.genblk1.genblk1.lut1 (4 -> 1)
  Optimizing lut $abc$23719$auto$blifparse.cc:525:parse_blif$25104.genblk1.genblk1.genblk1.genblk1.genblk1.genblk1.lut1 (4 -> 1)
  Optimizing lut $abc$23719$auto$blifparse.cc:525:parse_blif$25516.genblk1.genblk1.genblk1.genblk1.genblk1.lut1 (4 -> 1)
Removed 0 unused cells and 6075 unused wires.

33.46. Executing AUTONAME pass.
Renamed 153284 objects in module SOC (160 iterations).

33.47. Executing HIERARCHY pass (managing design hierarchy).

33.47.1. Analyzing design hierarchy..
Top module:  \SOC

33.47.2. Analyzing design hierarchy..
Top module:  \SOC
Removed 0 unused modules.

33.48. Printing statistics.

=== SOC ===

   Number of wires:               4198
   Number of wire bits:          12287
   Number of public wires:        4198
   Number of public wire bits:   12287
   Number of memories:               0
   Number of memory bits:            0
   Number of processes:              0
   Number of cells:               5893
     CCU2C                         264
     DP16KD                         16
     L6MUX21                       133
     LUT4                         3523
     PFUMX                         604
     TRELLIS_DPR16X4                32
     TRELLIS_FF                   1321

33.49. Executing CHECK pass (checking for obvious problems).
Checking module SOC...
Found and reported 0 problems.

33.50. Executing JSON backend.

34. Executing Verilog backend.

34.1. Executing BMUXMAP pass.

34.2. Executing DEMUXMAP pass.
Dumping module `\SOC'.

Warnings: 26 unique messages, 26 total
End of script. Logfile hash: 1f10386791, CPU: user 7.70s system 0.09s, MEM: 146.75 MB peak
Yosys 0.33+6 (git sha1 41b34a193, x86_64-conda-linux-gnu-cc 11.2.0 -fvisibility-inlines-hidden -fmessage-length=0 -march=nocona -mtune=haswell -ftree-vectorize -fPIC -fstack-protector-strong -fno-plt -O2 -ffunction-sections -fdebug-prefix-map=/root/conda-eda/conda-eda/workdir/conda-env/conda-bld/yosys_1694128612374/work=/usr/local/src/conda/yosys-0.33_7_g41b34a193 -fdebug-prefix-map=/home/leonardo/miniconda3/envs/digital=/usr/local/src/conda-prefix -fPIC -Os -fno-merge-constants)
Time spent: 20% 7x techmap (1 sec), 16% 46x opt_clean (1 sec), ...
